#
# A fatal error has been detected by the Java Runtime Environment:
#
#  SIGSEGV (0xb) at pc=0x0000000101f84134, pid=27821, tid=9479
#
# JRE version: Java(TM) SE Runtime Environment (25.0.2+10) (build 25.0.2+10-LTS-69)
# Java VM: Java HotSpot(TM) 64-Bit Server VM (25.0.2+10-LTS-69, mixed mode, sharing, tiered, compressed oops, compressed class ptrs, g1 gc, bsd-aarch64)
# Problematic frame:
# C  [Python+0xf8134]  PyObject_RichCompare+0x34
#
# No core dump will be written. Core dumps have been disabled. To enable core dumping, try "ulimit -c unlimited" before starting Java again
#
# If you would like to submit a bug report, please visit:
#   https://bugreport.java.com/bugreport/crash.jsp
# The crash happened outside the Java Virtual Machine in native code.
# See problematic frame for where to report the bug.
#

---------------  S U M M A R Y ------------

Command Line: -Djava.awt.headless=true -Dfile.encoding=UTF8 

Host: "Mac14,7" arm64, 8 cores, 8G, Darwin 24.5.0, macOS 15.5 (24F74)
Time: Tue Jul 28 11:40:05 2026 PST elapsed time: 4748.539506 seconds (0d 1h 19m 8s)

---------------  T H R E A D  ---------------

Current thread (0x000000011b9bde00):  JavaThread "SIGTERM handler" daemon [_thread_in_native, id=9479, stack(0x000000017a58c000,0x000000017a78f000) (2060K)]

Stack: [0x000000017a58c000,0x000000017a78f000],  sp=0x000000017a78e650,  free space=2057k
Native frames: (J=compiled Java code, j=interpreted, Vv=VM code, C=native code)
C  [Python+0xf8134]  PyObject_RichCompare+0x34
C  [Python+0x266804]  PyErr_SetInterruptEx+0x84
j  org.jpype.JPypeSignal.interruptPy(I)V+0
j  org.jpype.JPypeSignal.lambda$getSignalHandler$0(ILjava/lang/Object;Ljava/lang/reflect/Method;[Ljava/lang/Object;)Ljava/lang/Object;+7
j  org.jpype.JPypeSignal$$Lambda+0x0000780001047d40.invoke(Ljava/lang/Object;Ljava/lang/reflect/Method;[Ljava/lang/Object;)Ljava/lang/Object;+7
j  jdk.proxy2.$Proxy2.handle(Lsun/misc/Signal;)V+16 jdk.proxy2
j  sun.misc.Signal$InternalMiscHandler.handle(Ljdk/internal/misc/Signal;)V+8 jdk.unsupported@25.0.2
j  jdk.internal.misc.Signal$1.run()V+8 java.base@25.0.2
j  java.lang.Thread.runWith(Ljava/lang/Object;Ljava/lang/Runnable;)V+5 java.base@25.0.2
j  java.lang.Thread.run()V+19 java.base@25.0.2
v  ~StubRoutines::call_stub 0x000000015fc5c154
V  [libjvm.dylib+0x4d26f4]  JavaCalls::call_helper(JavaValue*, methodHandle const&, JavaCallArguments*, JavaThread*)+0x3dc
V  [libjvm.dylib+0x4d1618]  JavaCalls::call_virtual(JavaValue*, Klass*, Symbol*, Symbol*, JavaCallArguments*, JavaThread*)+0x164
V  [libjvm.dylib+0x4d16e4]  JavaCalls::call_virtual(JavaValue*, Handle, Klass*, Symbol*, Symbol*, JavaThread*)+0x64
V  [libjvm.dylib+0x5abb50]  thread_entry(JavaThread*, JavaThread*)+0x9c
V  [libjvm.dylib+0x4e6a58]  JavaThread::thread_main_inner()+0xa8
V  [libjvm.dylib+0xa008e8]  Thread::call_run()+0xc8
V  [libjvm.dylib+0x8753d0]  thread_native_entry(Thread*)+0x118
C  [libsystem_pthread.dylib+0x6c0c]  _pthread_start+0x88
Java frames: (J=compiled Java code, j=interpreted, Vv=VM code)
j  org.jpype.JPypeSignal.interruptPy(I)V+0
j  org.jpype.JPypeSignal.lambda$getSignalHandler$0(ILjava/lang/Object;Ljava/lang/reflect/Method;[Ljava/lang/Object;)Ljava/lang/Object;+7
j  org.jpype.JPypeSignal$$Lambda+0x0000780001047d40.invoke(Ljava/lang/Object;Ljava/lang/reflect/Method;[Ljava/lang/Object;)Ljava/lang/Object;+7
j  jdk.proxy2.$Proxy2.handle(Lsun/misc/Signal;)V+16 jdk.proxy2
j  sun.misc.Signal$InternalMiscHandler.handle(Ljdk/internal/misc/Signal;)V+8 jdk.unsupported@25.0.2
j  jdk.internal.misc.Signal$1.run()V+8 java.base@25.0.2
j  java.lang.Thread.runWith(Ljava/lang/Object;Ljava/lang/Runnable;)V+5 java.base@25.0.2
j  java.lang.Thread.run()V+19 java.base@25.0.2
v  ~StubRoutines::call_stub 0x000000015fc5c154

siginfo: si_signo: 11 (SIGSEGV), si_code: 2 (SEGV_ACCERR), si_addr: 0x0000000000000020

Registers:
 x0=0x00000001023725d8  x1=0x00000001023725f8  x2=0x0000000000000002  x3=0x0000000000000000
 x4=0x0000000000000001  x5=0x000000016841feb0  x6=0x0000000000000000  x7=0x000000011b9bde00
 x8=0x0000000102372000  x9=0x000000010adbe000 x10=0x000000010ad6fe50 x11=0x000000016841f6d8
x12=0x000000016841fee8 x13=0x0000000000000000 x14=0x0000000000040000 x15=0x0000000000040000
x16=0x00000001020f2780 x17=0x000000078011e1f0 x18=0x0000000000000000 x19=0x0000000000000000
x20=0x00000001023725f8 x21=0x00000001023725d8 x22=0x0000000000000002 x23=0x000000000000000a
x24=0x000000017a78e778 x25=0x000000017a78ee30 x26=0x000000016841b268 x27=0x0000000000000000
x28=0x000000011b9bde00  fp=0x000000017a78e6a0  lr=0x00000001020f2804  sp=0x000000017a78e650
pc=0x0000000101f84134 cpsr=0x0000000020001000

Register to memory mapping:

x0 =0x00000001023725d8: _PyRuntime+0x380 in /Library/Frameworks/Python.framework/Versions/3.11/Python at 0x0000000101e8c000
x1 =0x00000001023725f8: _PyRuntime+0x3a0 in /Library/Frameworks/Python.framework/Versions/3.11/Python at 0x0000000101e8c000
x2 =0x0000000000000002 is an unknown value
x3 =0x0 is null
x4 =0x0000000000000001 is an unknown value
x5 =0x000000016841feb0 is pointing into metadata
x6 =0x0 is null
x7 =0x000000011b9bde00 is a thread
x8 =0x0000000102372000: frozen_only_toplevel_filename+0x18 in /Library/Frameworks/Python.framework/Versions/3.11/Python at 0x0000000101e8c000
x9 =0x000000010adbe000: PyJPProxySpec+0x60 in /Library/Frameworks/Python.framework/Versions/3.11/lib/python3.11/site-packages/_jpype.so at 0x000000010ad5c000
x10=0x000000010ad6fe50: Java_org_jpype_JPypeSignal_interruptPy+0 in /Library/Frameworks/Python.framework/Versions/3.11/lib/python3.11/site-packages/_jpype.so at 0x000000010ad5c000
x11=0x000000016841f6d8 is pointing into metadata
x12={method} {0x000000016841fee8} 'interruptPy' '(I)V' in 'org/jpype/JPypeSignal'
x13=0x0 is null
x14=0x0000000000040000 is an unknown value
x15=0x0000000000040000 is an unknown value
x16=0x00000001020f2780: PyErr_SetInterruptEx+0 in /Library/Frameworks/Python.framework/Versions/3.11/Python at 0x0000000101e8c000
x17=0x000000078011e1f0 is an oop: java.lang.Class 
{0x000000078011e1f0} - klass: 'java/lang/Class' - flags: 

 - ---- fields (total size 16 words):
 - private volatile transient 'classRedefinedCount' 'I' @12  0 (0x00000000)
 - injected 'klass' 'J' @16  131941412404016 (0x0000780001047b30)
 - injected 'array_klass' 'J' @24  0 (0x0000000000000000)
 - injected 'oop_size' 'I' @32  16 (0x00000010)
 - injected 'static_oop_field_count' 'I' @36  1 (0x00000001)
 - private final transient 'modifiers' 'C' @40    1 (0x0001)
 - private final transient 'primitive' 'Z' @42  false (0x00)
 - private volatile transient 'cachedConstructor' 'Ljava/lang/reflect/Constructor;' @44  null (0x00000000)
 - private transient 'name' 'Ljava/lang/String;' @48  "org.jpype.JPypeSignal"{0x000000078011e270} (0xf0023c4e)
 - private transient 'module' 'Ljava/lang/Module;' @52  a 'java/lang/Module'{0x00000007ffe1f0d0} (0xfffc3e1a)
 - private final 'classLoader' 'Ljava/lang/ClassLoader;' @56  a 'jdk/internal/loader/ClassLoaders$AppClassLoader'{0x00000007ffe1f050} (0xfffc3e0a)
 - private transient 'classData' 'Ljava/lang/Object;' @60  null (0x00000000)
 - private transient 'signers' '[Ljava/lang/Object;' @64  null (0x00000000)
 - private transient 'packageName' 'Ljava/lang/String;' @68  "org.jpype"{0x0000000780184a90} (0xf0030952)
 - private final transient 'componentType' 'Ljava/lang/Class;' @72  null (0x00000000)
 - private final transient 'protectionDomain' 'Ljava/security/ProtectionDomain;' @76  a 'java/security/ProtectionDomain'{0x0000000780185038} (0xf0030a07)
 - private volatile transient 'reflectionData' 'Ljava/lang/ref/SoftReference;' @80  null (0x00000000)
 - private volatile transient 'genericInfo' 'Lsun/reflect/generics/repository/ClassRepository;' @84  null (0x00000000)
 - private volatile transient 'enumConstants' '[Ljava/lang/Object;' @88  null (0x00000000)
 - private volatile transient 'enumConstantDirectory' 'Ljava/util/Map;' @92  null (0x00000000)
 - private volatile transient 'annotationData' 'Ljava/lang/Class$AnnotationData;' @96  null (0x00000000)
 - private volatile transient 'annotationType' 'Lsun/reflect/annotation/AnnotationType;' @100  null (0x00000000)
 - transient 'classValueMap' 'Ljava/lang/ClassValue$ClassValueMap;' @104  null (0x00000000)
 - injected 'source_file' 'Ljava/lang/Object;' @108  null (0x00000000)
 - injected '<init_lock>' 'Ljava/lang/Object;' @112  null (0x00000000)
 - signature: Lorg/jpype/JPypeSignal;
 - ---- static fields (1):
 - static 'main' 'Ljava/lang/Thread;' @120  a 'java/lang/Thread'{0x000000078012f578} (0xf0025eaf)
x18=0x0 is null
x19=0x0 is null
x20=0x00000001023725f8: _PyRuntime+0x3a0 in /Library/Frameworks/Python.framework/Versions/3.11/Python at 0x0000000101e8c000
x21=0x00000001023725d8: _PyRuntime+0x380 in /Library/Frameworks/Python.framework/Versions/3.11/Python at 0x0000000101e8c000
x22=0x0000000000000002 is an unknown value
x23=0x000000000000000a is an unknown value
x24=0x000000017a78e778 is pointing into the stack for thread: 0x000000011b9bde00
x25=0x000000017a78ee30 is pointing into the stack for thread: 0x000000011b9bde00
x26=0x000000016841b268 is pointing into metadata
x27=0x0 is null
x28=0x000000011b9bde00 is a thread
 fp=0x000000017a78e6a0 is pointing into the stack for thread: 0x000000011b9bde00
 lr=0x00000001020f2804: PyErr_SetInterruptEx+0x84 in /Library/Frameworks/Python.framework/Versions/3.11/Python at 0x0000000101e8c000
 sp=0x000000017a78e650 is pointing into the stack for thread: 0x000000011b9bde00

Top of Stack: (sp=0x000000017a78e650)
0x000000017a78e650:   000000017a78e678 2010002030100000   x.xz.......0 .. 
0x000000017a78e660:   0000000000000000 0000000000000000   ................
0x000000017a78e670:   000000017a78e778 000000000000000a   x.xz............
0x000000017a78e680:   000000010228d100 000000010227cd88   ..(.......'.....
0x000000017a78e690:   00000001023725d8 000000000000000f   .%7.............
0x000000017a78e6a0:   000000017a78e6e0 00000001020f2804   ..xz.....(......
0x000000017a78e6b0:   0000000000000000 0000780000491738   ........8.I..x..
0x000000017a78e6c0:   0000000000000000 000000011f76ccc0   ..........v.....
0x000000017a78e6d0:   000000017a78e6f8 000000015fc62470   ..xz....p$._....
0x000000017a78e6e0:   000000017a78e750 000000015fc646b8   P.xz.....F._....
0x000000017a78e6f0:   000000078012f618 0000000000000000   ................
0x000000017a78e700:   fffffffffffffff6 0000000000000000   ................
0x000000017a78e710:   0000000000000005 000000016841b268   ........h.Ah....
0x000000017a78e720:   000000078011e1f0 fffffffffffffff4   ................
0x000000017a78e730:   0000000000000000 000000016841fee8   ..........Ah....
0x000000017a78e740:   0000000000000000 000000017a78e760   ........`.xz....
0x000000017a78e750:   000000017a78e7d0 000000015fc60a90   ..xz......._....
0x000000017a78e760:   000000078011e1f0 000000015fc62470   ........p$._....
0x000000017a78e770:   0000000000000000 000000000000000f   ................
0x000000017a78e780:   fffffffffffffff6 000000016841b03f   ........?.Ah....
0x000000017a78e790:   0000000000000005 000000016841b268   ........h.Ah....
0x000000017a78e7a0:   000000078011e1f0 fffffffffffffff2   ................
0x000000017a78e7b0:   0000000000000000 000000016841b048   ........H.Ah....
0x000000017a78e7c0:   fffffffffffffff5 000000017a78e7c0   ..........xz....
0x000000017a78e7d0:   000000017a78e850 000000015fc60820   P.xz.... .._....
0x000000017a78e7e0:   000000079cd00000 0000000780120d38   ........8.......
0x000000017a78e7f0:   0000000780121fe8 000000000000000f   ................
0x000000017a78e800:   fffffffffffffff6 000000016841b5af   ..........Ah....
0x000000017a78e810:   0000000000000005 000000016841b680   ..........Ah....
0x000000017a78e820:   000000078011f650 ffffffffffffffee   P...............
0x000000017a78e830:   0000000000000000 000000016841b5b8   ..........Ah....
0x000000017a78e840:   fffffffffffffff2 000000017a78e830   ........0.xz....

Instructions: (pc=0x0000000101f84134)
  0x0000000101f84034:   08 00 40 f9 08 05 00 f1 08 00 00 f9 21 ff ff 54
  0x0000000101f84044:   08 04 40 f9 08 19 40 f9 00 01 3f d6 f5 ff ff 17
  0x0000000101f84054:   88 02 40 f9 08 05 00 f1 88 02 00 f9 41 fe ff 54
  0x0000000101f84064:   88 06 40 f9 08 19 40 f9 e0 03 14 aa 00 01 3f d6
  0x0000000101f84074:   ed ff ff 17 68 02 40 f9 08 05 00 f1 68 02 00 f9
  0x0000000101f84084:   41 fd ff 54 68 06 40 f9 08 19 40 f9 e0 03 13 aa
  0x0000000101f84094:   00 01 3f d6 e5 ff ff 17 e9 17 00 b0 20 85 47 f9
  0x0000000101f840a4:   08 0d 40 f9 e8 03 00 f9 21 15 00 b0 21 98 1c 91
  0x0000000101f840b4:   7b 97 03 94 7f 02 00 f9 14 00 80 12 c1 ff ff 17
  0x0000000101f840c4:   e0 07 00 f9 28 21 40 f9 48 01 00 b4 f4 03 09 aa
  0x0000000101f840d4:   e0 03 01 aa 01 00 80 d2 25 c4 00 94 c0 fe ff b4
  0x0000000101f840e4:   e1 03 00 aa 88 22 40 f9 e0 07 40 f9 bb ff ff 17
  0x0000000101f840f4:   14 00 80 52 7f 02 00 f9 b2 ff ff 17 ff 83 01 d1
  0x0000000101f84104:   f8 5f 02 a9 f6 57 03 a9 f4 4f 04 a9 fd 7b 05 a9
  0x0000000101f84114:   fd 43 01 91 68 1f 00 d0 13 65 42 f9 80 12 00 b4
  0x0000000101f84124:   f4 03 01 aa 41 12 00 b4 f6 03 02 aa f5 03 00 aa
=>0x0000000101f84134:   68 22 40 b9 09 05 00 51 69 22 00 b9 1f 01 00 71
  0x0000000101f84144:   2d 13 00 54 88 06 40 f9 a9 06 40 f9 77 18 00 b0
  0x0000000101f84154:   f7 02 20 91 3f 01 08 eb c1 06 00 54 38 00 80 52
  0x0000000101f84164:   a8 06 40 f9 08 65 40 f9 a8 02 00 b4 e0 03 15 aa
  0x0000000101f84174:   e1 03 14 aa e2 03 16 aa 00 01 3f d6 1f 00 17 eb
  0x0000000101f84184:   40 01 00 54 68 22 40 b9 08 05 00 11 68 22 00 b9
  0x0000000101f84194:   fd 7b 45 a9 f4 4f 44 a9 f6 57 43 a9 f8 5f 42 a9
  0x0000000101f841a4:   ff 83 01 91 c0 03 5f d6 68 18 00 b0 09 01 44 f9
  0x0000000101f841b4:   29 05 00 f1 09 01 04 f9 80 08 00 54 38 02 00 34
  0x0000000101f841c4:   88 06 40 f9 08 65 40 f9 c8 01 00 b4 69 18 00 b0
  0x0000000101f841d4:   29 c1 13 91 22 d9 76 b8 e0 03 14 aa e1 03 15 aa
  0x0000000101f841e4:   00 01 3f d6 1f 00 17 eb e1 fc ff 54 68 18 00 b0
  0x0000000101f841f4:   09 01 44 f9 29 05 00 f1 09 01 04 f9 00 07 00 54
  0x0000000101f84204:   df 0a 00 71 21 03 00 54 c8 17 00 b0 08 01 01 91
  0x0000000101f84214:   c9 17 00 90 29 a1 35 91 bf 02 14 eb 20 01 88 9a
  0x0000000101f84224:   08 00 40 f9 08 05 00 91 08 00 00 f9 d6 ff ff 17


Stack slot to memory mapping:

stack at sp + 0 slots: 0x000000017a78e678 is pointing into the stack for thread: 0x000000011b9bde00
stack at sp + 1 slots: 0x2010002030100000 is an unknown value
stack at sp + 2 slots: 0x0 is null
stack at sp + 3 slots: 0x0 is null
stack at sp + 4 slots: 0x000000017a78e778 is pointing into the stack for thread: 0x000000011b9bde00
stack at sp + 5 slots: 0x000000000000000a is an unknown value
stack at sp + 6 slots: 0x000000010228d100: PyLong_Type+0 in /Library/Frameworks/Python.framework/Versions/3.11/Python at 0x0000000101e8c000
stack at sp + 7 slots: 0x000000010227cd88: PyBool_Type+0 in /Library/Frameworks/Python.framework/Versions/3.11/Python at 0x0000000101e8c000

Lock stack of current Java thread (top to bottom):


---------------  P R O C E S S  ---------------

Threads class SMR info:
_java_thread_list=0x000000011a71e380, length=12, elements={
0x000000012b312400, 0x000000011b351400, 0x000000012bf97600, 0x000000012bf97e00,
0x000000012bf98600, 0x000000012bf98e00, 0x000000012bf9c600, 0x000000012bfa5000,
0x000000012b36a000, 0x000000011b35de00, 0x000000012b36c400, 0x000000011b9bde00
}

Java Threads: ( => current thread )
  0x000000012b312400 JavaThread "main"                              [_thread_in_native, id=259, stack(0x000000016def0000,0x000000016eef0000) (16384K)]
  0x000000011b351400 JavaThread "Reference Handler"          daemon [_thread_blocked, id=29955, stack(0x00000001780b4000,0x00000001782b7000) (2060K)]
  0x000000012bf97600 JavaThread "Finalizer"                  daemon [_thread_blocked, id=29699, stack(0x00000001782c0000,0x00000001784c3000) (2060K)]
  0x000000012bf97e00 JavaThread "Signal Dispatcher"          daemon [_thread_blocked, id=26627, stack(0x00000001784cc000,0x00000001786cf000) (2060K)]
  0x000000012bf98600 JavaThread "Service Thread"             daemon [_thread_blocked, id=29443, stack(0x00000001786d8000,0x00000001788db000) (2060K)]
  0x000000012bf98e00 JavaThread "Monitor Deflation Thread"   daemon [_thread_blocked, id=28931, stack(0x00000001788e4000,0x0000000178ae7000) (2060K)]
  0x000000012bf9c600 JavaThread "C2 CompilerThread0"         daemon [_thread_blocked, id=28675, stack(0x0000000178af0000,0x0000000178cf3000) (2060K)]
  0x000000012bfa5000 JavaThread "C1 CompilerThread0"         daemon [_thread_blocked, id=28163, stack(0x0000000178cfc000,0x0000000178eff000) (2060K)]
  0x000000012b36a000 JavaThread "Notification Thread"        daemon [_thread_blocked, id=27651, stack(0x0000000178f08000,0x000000017910b000) (2060K)]
  0x000000011b35de00 JavaThread "Common-Cleaner"             daemon [_thread_blocked, id=32771, stack(0x0000000179114000,0x0000000179317000) (2060K)]
  0x000000012b36c400 JavaThread "Python Reference Queue"     daemon [_thread_blocked, id=33283, stack(0x0000000179320000,0x0000000179523000) (2060K)]
=>0x000000011b9bde00 JavaThread "SIGTERM handler"            daemon [_thread_in_native, id=9479, stack(0x000000017a58c000,0x000000017a78f000) (2060K)]
Total: 12

Other Threads:
  0x000000012bf19a00 VMThread "VM Thread"                           [id=31235, stack(0x0000000175e40000,0x0000000176043000) (2060K)]
  0x0000000118894e30 WatcherThread "VM Periodic Task Thread"        [id=22279, stack(0x0000000175c34000,0x0000000175e37000) (2060K)]
  0x000000012b310800 WorkerThread "GC Thread#0"                     [id=21251, stack(0x00000001751f8000,0x00000001753fb000) (2060K)]
  0x000000011b330000 WorkerThread "GC Thread#1"                     [id=33539, stack(0x000000017952c000,0x000000017972f000) (2060K)]
  0x000000012e033400 WorkerThread "GC Thread#2"                     [id=34051, stack(0x0000000179738000,0x000000017993b000) (2060K)]
  0x000000012b499200 WorkerThread "GC Thread#3"                     [id=41991, stack(0x0000000179944000,0x0000000179b47000) (2060K)]
  0x000000012a119800 WorkerThread "GC Thread#4"                     [id=35079, stack(0x0000000179d5c000,0x0000000179f5f000) (2060K)]
  0x000000012a119e00 WorkerThread "GC Thread#5"                     [id=35331, stack(0x0000000179f68000,0x000000017a16b000) (2060K)]
  0x000000012a123c00 WorkerThread "GC Thread#6"                     [id=35843, stack(0x000000017a174000,0x000000017a377000) (2060K)]
  0x000000011b9bfa00 WorkerThread "GC Thread#7"                     [id=40963, stack(0x000000017a380000,0x000000017a583000) (2060K)]
  0x000000012bf25a00 ConcurrentGCThread "G1 Main Marker"            [id=20739, stack(0x0000000175404000,0x0000000175607000) (2060K)]
  0x000000012bf3e000 WorkerThread "G1 Conc#0"                       [id=18179, stack(0x0000000175610000,0x0000000175813000) (2060K)]
  0x000000012b4a3800 WorkerThread "G1 Conc#1"                       [id=42247, stack(0x0000000179b50000,0x0000000179d53000) (2060K)]
  0x000000012bf3e600 ConcurrentGCThread "G1 Refine#0"               [id=18435, stack(0x000000017581c000,0x0000000175a1f000) (2060K)]
  0x000000012e3baa00 ConcurrentGCThread "G1 Refine#1"               [id=36359, stack(0x000000031f69c000,0x000000031f89f000) (2060K)]
  0x000000012e5d7200 ConcurrentGCThread "G1 Refine#2"               [id=40195, stack(0x000000031f8a8000,0x000000031faab000) (2060K)]
  0x000000012bf3ec00 ConcurrentGCThread "G1 Service"                [id=18691, stack(0x0000000175a28000,0x0000000175c2b000) (2060K)]
Total: 17

Threads with active compile tasks:
Total: 0

VM state: not at safepoint (normal execution)

VM Mutex/Monitor currently owned by a thread: None

Heap address: 0x0000000780000000, size: 2048 MB, Compressed Oops mode: Zero based, Oop shift amount: 3

CDS archive(s) mapped at: [0x0000780000000000-0x0000780000d9c000-0x0000780000d9c000), size 14270464, SharedBaseAddress: 0x0000780000000000, ArchiveRelocationMode: 1.
Compressed class space mapped at: 0x0000780001000000-0x0000780041000000, reserved size: 1073741824
UseCompressedClassPointers 1, UseCompactObjectHeaders 0
Narrow klass pointer bits 32, Max shift 3
Narrow klass base: 0x0000780000000000, Narrow klass shift: 0
Encoding Range: [0x0000780000000000 - 0x0000780100000000), (4294967296 bytes)
Klass Range:    [0x0000780000004000 - 0x0000780041000000), (1090502656 bytes)
Klass ID Range:  [16384 - 1090519033) (1090502649)
Protection zone: [0x0000780000000000 - 0x0000780000004000), (16384 bytes)

GC Precious Log:
 CardTable entry size: 512
 Card Set container configuration: InlinePtr #cards 5 size 8 Array Of Cards #cards 10 size 36 Howl #buckets 4 coarsen threshold 1843 Howl Bitmap #cards 512 size 80 coarsen threshold 460 Card regions per heap region 1 cards per card region 2048
 CPUs: 8 total, 8 available
 Memory: 8192M
 Large Page Support: Disabled
 NUMA Support: Disabled
 Compressed Oops: Enabled (Zero based)
 Heap Region Size: 1M
 Heap Min Capacity: 8M
 Heap Initial Capacity: 128M
 Heap Max Capacity: 2G
 Pre-touch: Disabled
 Parallel Workers: 8
 Concurrent Workers: 2
 Concurrent Refinement Workers: 8
 Periodic GC: Disabled

Heap:
 garbage-first heap   total reserved 2097152K, committed 814080K, used 692469K [0x0000000780000000, 0x0000000800000000)
  region size 1024K, 341 young (349184K), 25 survivors (25600K)

Heap Regions: E=young(eden), S=young(survivor), O=old, HS=humongous(starts), HC=humongous(continues), CS=collection set, F=free, TAMS=top-at-mark-start, PB=parsable bottom
|   0|0x0000000780000000, 0x0000000780100000, 0x0000000780100000|100%|HS|  |TAMS 0x0000000780000000| PB 0x0000000780000000| Complete |  0
|   1|0x0000000780100000, 0x0000000780200000, 0x0000000780200000|100%| O|  |TAMS 0x0000000780100000| PB 0x0000000780100000| Untracked |  0
|   2|0x0000000780200000, 0x00000007802ffff8, 0x0000000780300000| 99%| O|  |TAMS 0x0000000780200000| PB 0x0000000780200000| Untracked |  0
|   3|0x0000000780300000, 0x00000007803ffff8, 0x0000000780400000| 99%| O|  |TAMS 0x0000000780300000| PB 0x0000000780300000| Untracked |  0
|   4|0x0000000780400000, 0x00000007804fce28, 0x0000000780500000| 98%| O|  |TAMS 0x0000000780400000| PB 0x0000000780400000| Untracked |  0
|   5|0x0000000780500000, 0x00000007805ff7e0, 0x0000000780600000| 99%| O|  |TAMS 0x0000000780500000| PB 0x0000000780500000| Untracked |  0
|   6|0x0000000780600000, 0x0000000780700000, 0x0000000780700000|100%|HS|  |TAMS 0x0000000780600000| PB 0x0000000780600000| Complete |  0
|   7|0x0000000780700000, 0x00000007807ffff0, 0x0000000780800000| 99%| O|  |TAMS 0x0000000780700000| PB 0x0000000780700000| Untracked |  0
|   8|0x0000000780800000, 0x0000000780900000, 0x0000000780900000|100%| O|  |TAMS 0x0000000780800000| PB 0x0000000780800000| Untracked |  0
|   9|0x0000000780900000, 0x00000007809fffe0, 0x0000000780a00000| 99%| O|  |TAMS 0x0000000780900000| PB 0x0000000780900000| Untracked |  0
|  10|0x0000000780a00000, 0x0000000780affff8, 0x0000000780b00000| 99%| O|  |TAMS 0x0000000780a00000| PB 0x0000000780a00000| Untracked |  0
|  11|0x0000000780b00000, 0x0000000780bffff8, 0x0000000780c00000| 99%| O|  |TAMS 0x0000000780b00000| PB 0x0000000780b00000| Untracked |  0
|  12|0x0000000780c00000, 0x0000000780cffff0, 0x0000000780d00000| 99%| O|  |TAMS 0x0000000780c00000| PB 0x0000000780c00000| Untracked |  0
|  13|0x0000000780d00000, 0x0000000780e00000, 0x0000000780e00000|100%| O|  |TAMS 0x0000000780d00000| PB 0x0000000780d00000| Untracked |  0
|  14|0x0000000780e00000, 0x0000000780efffd8, 0x0000000780f00000| 99%| O|  |TAMS 0x0000000780e00000| PB 0x0000000780e00000| Untracked |  0
|  15|0x0000000780f00000, 0x0000000781000000, 0x0000000781000000|100%| O|  |TAMS 0x0000000780f00000| PB 0x0000000780f00000| Untracked |  0
|  16|0x0000000781000000, 0x0000000781100000, 0x0000000781100000|100%| O|  |TAMS 0x0000000781000000| PB 0x0000000781000000| Untracked |  0
|  17|0x0000000781100000, 0x0000000781200000, 0x0000000781200000|100%| O|  |TAMS 0x0000000781100000| PB 0x0000000781100000| Untracked |  0
|  18|0x0000000781200000, 0x00000007812ffff8, 0x0000000781300000| 99%| O|  |TAMS 0x0000000781200000| PB 0x0000000781200000| Untracked |  0
|  19|0x0000000781300000, 0x00000007813fffe8, 0x0000000781400000| 99%| O|  |TAMS 0x0000000781300000| PB 0x0000000781300000| Untracked |  0
|  20|0x0000000781400000, 0x0000000781500000, 0x0000000781500000|100%| O|  |TAMS 0x0000000781400000| PB 0x0000000781400000| Untracked |  0
|  21|0x0000000781500000, 0x0000000781600000, 0x0000000781600000|100%| O|  |TAMS 0x0000000781500000| PB 0x0000000781500000| Untracked |  0
|  22|0x0000000781600000, 0x0000000781700000, 0x0000000781700000|100%| O|  |TAMS 0x0000000781600000| PB 0x0000000781600000| Untracked |  0
|  23|0x0000000781700000, 0x0000000781800000, 0x0000000781800000|100%| O|  |TAMS 0x0000000781700000| PB 0x0000000781700000| Untracked |  0
|  24|0x0000000781800000, 0x00000007818fffe8, 0x0000000781900000| 99%| O|  |TAMS 0x0000000781800000| PB 0x0000000781800000| Untracked |  0
|  25|0x0000000781900000, 0x0000000781a00000, 0x0000000781a00000|100%| O|  |TAMS 0x0000000781900000| PB 0x0000000781900000| Untracked |  0
|  26|0x0000000781a00000, 0x0000000781afffe8, 0x0000000781b00000| 99%| O|  |TAMS 0x0000000781a00000| PB 0x0000000781a00000| Untracked |  0
|  27|0x0000000781b00000, 0x0000000781bffff0, 0x0000000781c00000| 99%| O|  |TAMS 0x0000000781b00000| PB 0x0000000781b00000| Untracked |  0
|  28|0x0000000781c00000, 0x0000000781cfffe0, 0x0000000781d00000| 99%| O|  |TAMS 0x0000000781c00000| PB 0x0000000781c00000| Untracked |  0
|  29|0x0000000781d00000, 0x0000000781e00000, 0x0000000781e00000|100%| O|  |TAMS 0x0000000781d00000| PB 0x0000000781d00000| Untracked |  0
|  30|0x0000000781e00000, 0x0000000781f00000, 0x0000000781f00000|100%| O|  |TAMS 0x0000000781e00000| PB 0x0000000781e00000| Untracked |  0
|  31|0x0000000781f00000, 0x0000000782000000, 0x0000000782000000|100%| O|  |TAMS 0x0000000781f00000| PB 0x0000000781f00000| Untracked |  0
|  32|0x0000000782000000, 0x00000007820ffff8, 0x0000000782100000| 99%| O|  |TAMS 0x0000000782000000| PB 0x0000000782000000| Untracked |  0
|  33|0x0000000782100000, 0x0000000782200000, 0x0000000782200000|100%| O|  |TAMS 0x0000000782100000| PB 0x0000000782100000| Untracked |  0
|  34|0x0000000782200000, 0x0000000782300000, 0x0000000782300000|100%| O|  |TAMS 0x0000000782200000| PB 0x0000000782200000| Untracked |  0
|  35|0x0000000782300000, 0x00000007823ffff0, 0x0000000782400000| 99%| O|  |TAMS 0x0000000782300000| PB 0x0000000782300000| Untracked |  0
|  36|0x0000000782400000, 0x0000000782500000, 0x0000000782500000|100%| O|  |TAMS 0x0000000782400000| PB 0x0000000782400000| Untracked |  0
|  37|0x0000000782500000, 0x0000000782600000, 0x0000000782600000|100%| O|  |TAMS 0x0000000782500000| PB 0x0000000782500000| Untracked |  0
|  38|0x0000000782600000, 0x0000000782700000, 0x0000000782700000|100%| O|  |TAMS 0x0000000782600000| PB 0x0000000782600000| Untracked |  0
|  39|0x0000000782700000, 0x0000000782800000, 0x0000000782800000|100%| O|  |TAMS 0x0000000782700000| PB 0x0000000782700000| Untracked |  0
|  40|0x0000000782800000, 0x0000000782900000, 0x0000000782900000|100%| O|  |TAMS 0x0000000782800000| PB 0x0000000782800000| Untracked |  0
|  41|0x0000000782900000, 0x0000000782a00000, 0x0000000782a00000|100%| O|  |TAMS 0x0000000782900000| PB 0x0000000782900000| Untracked |  0
|  42|0x0000000782a00000, 0x0000000782b00000, 0x0000000782b00000|100%| O|  |TAMS 0x0000000782a00000| PB 0x0000000782a00000| Untracked |  0
|  43|0x0000000782b00000, 0x0000000782bfff78, 0x0000000782c00000| 99%| O|  |TAMS 0x0000000782b00000| PB 0x0000000782b00000| Untracked |  0
|  44|0x0000000782c00000, 0x0000000782d00000, 0x0000000782d00000|100%| O|  |TAMS 0x0000000782c00000| PB 0x0000000782c00000| Untracked |  0
|  45|0x0000000782d00000, 0x0000000782e00000, 0x0000000782e00000|100%| O|  |TAMS 0x0000000782d00000| PB 0x0000000782d00000| Untracked |  0
|  46|0x0000000782e00000, 0x0000000782f00000, 0x0000000782f00000|100%| O|  |TAMS 0x0000000782e00000| PB 0x0000000782e00000| Untracked |  0
|  47|0x0000000782f00000, 0x0000000782fffff0, 0x0000000783000000| 99%| O|  |TAMS 0x0000000782f00000| PB 0x0000000782f00000| Untracked |  0
|  48|0x0000000783000000, 0x0000000783100000, 0x0000000783100000|100%| O|  |TAMS 0x0000000783000000| PB 0x0000000783000000| Untracked |  0
|  49|0x0000000783100000, 0x0000000783200000, 0x0000000783200000|100%| O|  |TAMS 0x0000000783100000| PB 0x0000000783100000| Untracked |  0
|  50|0x0000000783200000, 0x0000000783300000, 0x0000000783300000|100%| O|  |TAMS 0x0000000783200000| PB 0x0000000783200000| Untracked |  0
|  51|0x0000000783300000, 0x0000000783400000, 0x0000000783400000|100%| O|  |TAMS 0x0000000783300000| PB 0x0000000783300000| Untracked |  0
|  52|0x0000000783400000, 0x0000000783500000, 0x0000000783500000|100%| O|  |TAMS 0x0000000783400000| PB 0x0000000783400000| Untracked |  0
|  53|0x0000000783500000, 0x0000000783600000, 0x0000000783600000|100%| O|  |TAMS 0x0000000783500000| PB 0x0000000783500000| Untracked |  0
|  54|0x0000000783600000, 0x0000000783700000, 0x0000000783700000|100%| O|  |TAMS 0x0000000783600000| PB 0x0000000783600000| Untracked |  0
|  55|0x0000000783700000, 0x0000000783800000, 0x0000000783800000|100%| O|  |TAMS 0x0000000783700000| PB 0x0000000783700000| Untracked |  0
|  56|0x0000000783800000, 0x0000000783900000, 0x0000000783900000|100%| O|  |TAMS 0x0000000783800000| PB 0x0000000783800000| Untracked |  0
|  57|0x0000000783900000, 0x0000000783a00000, 0x0000000783a00000|100%| O|  |TAMS 0x0000000783900000| PB 0x0000000783900000| Untracked |  0
|  58|0x0000000783a00000, 0x0000000783b00000, 0x0000000783b00000|100%| O|  |TAMS 0x0000000783a00000| PB 0x0000000783a00000| Untracked |  0
|  59|0x0000000783b00000, 0x0000000783c00000, 0x0000000783c00000|100%| O|  |TAMS 0x0000000783b00000| PB 0x0000000783b00000| Untracked |  0
|  60|0x0000000783c00000, 0x0000000783cffff8, 0x0000000783d00000| 99%| O|  |TAMS 0x0000000783c00000| PB 0x0000000783c00000| Untracked |  0
|  61|0x0000000783d00000, 0x0000000783e00000, 0x0000000783e00000|100%| O|  |TAMS 0x0000000783d00000| PB 0x0000000783d00000| Untracked |  0
|  62|0x0000000783e00000, 0x0000000783effff8, 0x0000000783f00000| 99%| O|  |TAMS 0x0000000783e00000| PB 0x0000000783e00000| Untracked |  0
|  63|0x0000000783f00000, 0x0000000784000000, 0x0000000784000000|100%| O|  |TAMS 0x0000000783f00000| PB 0x0000000783f00000| Untracked |  0
|  64|0x0000000784000000, 0x0000000784100000, 0x0000000784100000|100%| O|  |TAMS 0x0000000784000000| PB 0x0000000784000000| Untracked |  0
|  65|0x0000000784100000, 0x0000000784200000, 0x0000000784200000|100%| O|  |TAMS 0x0000000784100000| PB 0x0000000784100000| Untracked |  0
|  66|0x0000000784200000, 0x0000000784300000, 0x0000000784300000|100%| O|  |TAMS 0x0000000784200000| PB 0x0000000784200000| Untracked |  0
|  67|0x0000000784300000, 0x00000007843fffd0, 0x0000000784400000| 99%| O|  |TAMS 0x0000000784300000| PB 0x0000000784300000| Untracked |  0
|  68|0x0000000784400000, 0x0000000784500000, 0x0000000784500000|100%| O|  |TAMS 0x0000000784400000| PB 0x0000000784400000| Untracked |  0
|  69|0x0000000784500000, 0x0000000784600000, 0x0000000784600000|100%| O|  |TAMS 0x0000000784500000| PB 0x0000000784500000| Untracked |  0
|  70|0x0000000784600000, 0x00000007846fffe0, 0x0000000784700000| 99%| O|  |TAMS 0x0000000784600000| PB 0x0000000784600000| Untracked |  0
|  71|0x0000000784700000, 0x0000000784800000, 0x0000000784800000|100%| O|  |TAMS 0x0000000784700000| PB 0x0000000784700000| Untracked |  0
|  72|0x0000000784800000, 0x0000000784900000, 0x0000000784900000|100%| O|  |TAMS 0x0000000784800000| PB 0x0000000784800000| Untracked |  0
|  73|0x0000000784900000, 0x0000000784a00000, 0x0000000784a00000|100%| O|  |TAMS 0x0000000784900000| PB 0x0000000784900000| Untracked |  0
|  74|0x0000000784a00000, 0x0000000784affff0, 0x0000000784b00000| 99%| O|  |TAMS 0x0000000784a00000| PB 0x0000000784a00000| Untracked |  0
|  75|0x0000000784b00000, 0x0000000784c00000, 0x0000000784c00000|100%| O|  |TAMS 0x0000000784b00000| PB 0x0000000784b00000| Untracked |  0
|  76|0x0000000784c00000, 0x0000000784d00000, 0x0000000784d00000|100%| O|  |TAMS 0x0000000784c00000| PB 0x0000000784c00000| Untracked |  0
|  77|0x0000000784d00000, 0x0000000784e00000, 0x0000000784e00000|100%| O|  |TAMS 0x0000000784d00000| PB 0x0000000784d00000| Untracked |  0
|  78|0x0000000784e00000, 0x0000000784f00000, 0x0000000784f00000|100%| O|  |TAMS 0x0000000784e00000| PB 0x0000000784e00000| Untracked |  0
|  79|0x0000000784f00000, 0x0000000784ffffe0, 0x0000000785000000| 99%| O|  |TAMS 0x0000000784f00000| PB 0x0000000784f00000| Untracked |  0
|  80|0x0000000785000000, 0x00000007850ffff0, 0x0000000785100000| 99%| O|  |TAMS 0x0000000785000000| PB 0x0000000785000000| Untracked |  0
|  81|0x0000000785100000, 0x0000000785200000, 0x0000000785200000|100%| O|  |TAMS 0x0000000785100000| PB 0x0000000785100000| Untracked |  0
|  82|0x0000000785200000, 0x0000000785300000, 0x0000000785300000|100%| O|  |TAMS 0x0000000785200000| PB 0x0000000785200000| Untracked |  0
|  83|0x0000000785300000, 0x0000000785400000, 0x0000000785400000|100%| O|  |TAMS 0x0000000785300000| PB 0x0000000785300000| Untracked |  0
|  84|0x0000000785400000, 0x0000000785500000, 0x0000000785500000|100%| O|  |TAMS 0x0000000785400000| PB 0x0000000785400000| Untracked |  0
|  85|0x0000000785500000, 0x0000000785600000, 0x0000000785600000|100%| O|  |TAMS 0x0000000785500000| PB 0x0000000785500000| Untracked |  0
|  86|0x0000000785600000, 0x0000000785700000, 0x0000000785700000|100%| O|  |TAMS 0x0000000785600000| PB 0x0000000785600000| Untracked |  0
|  87|0x0000000785700000, 0x0000000785800000, 0x0000000785800000|100%| O|  |TAMS 0x0000000785700000| PB 0x0000000785700000| Untracked |  0
|  88|0x0000000785800000, 0x00000007858fffe8, 0x0000000785900000| 99%| O|  |TAMS 0x0000000785800000| PB 0x0000000785800000| Untracked |  0
|  89|0x0000000785900000, 0x0000000785a00000, 0x0000000785a00000|100%| O|  |TAMS 0x0000000785900000| PB 0x0000000785900000| Untracked |  0
|  90|0x0000000785a00000, 0x0000000785b00000, 0x0000000785b00000|100%| O|  |TAMS 0x0000000785a00000| PB 0x0000000785a00000| Untracked |  0
|  91|0x0000000785b00000, 0x0000000785c00000, 0x0000000785c00000|100%| O|  |TAMS 0x0000000785b00000| PB 0x0000000785b00000| Untracked |  0
|  92|0x0000000785c00000, 0x0000000785d00000, 0x0000000785d00000|100%| O|  |TAMS 0x0000000785c00000| PB 0x0000000785c00000| Untracked |  0
|  93|0x0000000785d00000, 0x0000000785e00000, 0x0000000785e00000|100%| O|  |TAMS 0x0000000785d00000| PB 0x0000000785d00000| Untracked |  0
|  94|0x0000000785e00000, 0x0000000785f00000, 0x0000000785f00000|100%| O|  |TAMS 0x0000000785e00000| PB 0x0000000785e00000| Untracked |  0
|  95|0x0000000785f00000, 0x0000000786000000, 0x0000000786000000|100%| O|  |TAMS 0x0000000785f00000| PB 0x0000000785f00000| Untracked |  0
|  96|0x0000000786000000, 0x0000000786100000, 0x0000000786100000|100%| O|  |TAMS 0x0000000786000000| PB 0x0000000786000000| Untracked |  0
|  97|0x0000000786100000, 0x0000000786200000, 0x0000000786200000|100%| O|  |TAMS 0x0000000786100000| PB 0x0000000786100000| Untracked |  0
|  98|0x0000000786200000, 0x0000000786300000, 0x0000000786300000|100%| O|  |TAMS 0x0000000786200000| PB 0x0000000786200000| Untracked |  0
|  99|0x0000000786300000, 0x0000000786400000, 0x0000000786400000|100%| O|  |TAMS 0x0000000786300000| PB 0x0000000786300000| Untracked |  0
| 100|0x0000000786400000, 0x0000000786500000, 0x0000000786500000|100%| O|  |TAMS 0x0000000786400000| PB 0x0000000786400000| Untracked |  0
| 101|0x0000000786500000, 0x0000000786600000, 0x0000000786600000|100%| O|  |TAMS 0x0000000786500000| PB 0x0000000786500000| Untracked |  0
| 102|0x0000000786600000, 0x0000000786700000, 0x0000000786700000|100%| O|  |TAMS 0x0000000786600000| PB 0x0000000786600000| Untracked |  0
| 103|0x0000000786700000, 0x0000000786800000, 0x0000000786800000|100%| O|  |TAMS 0x0000000786700000| PB 0x0000000786700000| Untracked |  0
| 104|0x0000000786800000, 0x0000000786900000, 0x0000000786900000|100%| O|  |TAMS 0x0000000786800000| PB 0x0000000786800000| Untracked |  0
| 105|0x0000000786900000, 0x0000000786a00000, 0x0000000786a00000|100%| O|  |TAMS 0x0000000786900000| PB 0x0000000786900000| Untracked |  0
| 106|0x0000000786a00000, 0x0000000786b00000, 0x0000000786b00000|100%| O|  |TAMS 0x0000000786a00000| PB 0x0000000786a00000| Untracked |  0
| 107|0x0000000786b00000, 0x0000000786c00000, 0x0000000786c00000|100%| O|  |TAMS 0x0000000786b00000| PB 0x0000000786b00000| Untracked |  0
| 108|0x0000000786c00000, 0x0000000786d00000, 0x0000000786d00000|100%| O|  |TAMS 0x0000000786c00000| PB 0x0000000786c00000| Untracked |  0
| 109|0x0000000786d00000, 0x0000000786e00000, 0x0000000786e00000|100%| O|  |TAMS 0x0000000786d00000| PB 0x0000000786d00000| Untracked |  0
| 110|0x0000000786e00000, 0x0000000786f00000, 0x0000000786f00000|100%| O|  |TAMS 0x0000000786e00000| PB 0x0000000786e00000| Untracked |  0
| 111|0x0000000786f00000, 0x0000000787000000, 0x0000000787000000|100%| O|  |TAMS 0x0000000786f00000| PB 0x0000000786f00000| Untracked |  0
| 112|0x0000000787000000, 0x0000000787100000, 0x0000000787100000|100%| O|  |TAMS 0x0000000787000000| PB 0x0000000787000000| Untracked |  0
| 113|0x0000000787100000, 0x00000007871ffff0, 0x0000000787200000| 99%| O|  |TAMS 0x0000000787100000| PB 0x0000000787100000| Untracked |  0
| 114|0x0000000787200000, 0x0000000787300000, 0x0000000787300000|100%| O|  |TAMS 0x0000000787200000| PB 0x0000000787200000| Untracked |  0
| 115|0x0000000787300000, 0x00000007873ffff8, 0x0000000787400000| 99%| O|  |TAMS 0x0000000787300000| PB 0x0000000787300000| Untracked |  0
| 116|0x0000000787400000, 0x0000000787500000, 0x0000000787500000|100%| O|  |TAMS 0x0000000787400000| PB 0x0000000787400000| Untracked |  0
| 117|0x0000000787500000, 0x0000000787600000, 0x0000000787600000|100%| O|  |TAMS 0x0000000787500000| PB 0x0000000787500000| Untracked |  0
| 118|0x0000000787600000, 0x0000000787700000, 0x0000000787700000|100%| O|  |TAMS 0x0000000787600000| PB 0x0000000787600000| Untracked |  0
| 119|0x0000000787700000, 0x0000000787800000, 0x0000000787800000|100%| O|  |TAMS 0x0000000787700000| PB 0x0000000787700000| Untracked |  0
| 120|0x0000000787800000, 0x0000000787900000, 0x0000000787900000|100%| O|  |TAMS 0x0000000787800000| PB 0x0000000787800000| Untracked |  0
| 121|0x0000000787900000, 0x00000007879ffff8, 0x0000000787a00000| 99%| O|  |TAMS 0x0000000787900000| PB 0x0000000787900000| Untracked |  0
| 122|0x0000000787a00000, 0x0000000787b00000, 0x0000000787b00000|100%| O|  |TAMS 0x0000000787a00000| PB 0x0000000787a00000| Untracked |  0
| 123|0x0000000787b00000, 0x0000000787c00000, 0x0000000787c00000|100%| O|  |TAMS 0x0000000787b00000| PB 0x0000000787b00000| Untracked |  0
| 124|0x0000000787c00000, 0x0000000787cffff0, 0x0000000787d00000| 99%| O|  |TAMS 0x0000000787c00000| PB 0x0000000787c00000| Untracked |  0
| 125|0x0000000787d00000, 0x0000000787e00000, 0x0000000787e00000|100%| O|  |TAMS 0x0000000787d00000| PB 0x0000000787d00000| Untracked |  0
| 126|0x0000000787e00000, 0x0000000787f00000, 0x0000000787f00000|100%| O|  |TAMS 0x0000000787e00000| PB 0x0000000787e00000| Untracked |  0
| 127|0x0000000787f00000, 0x0000000788000000, 0x0000000788000000|100%| O|  |TAMS 0x0000000787f00000| PB 0x0000000787f00000| Untracked |  0
| 128|0x0000000788000000, 0x00000007880fffd8, 0x0000000788100000| 99%| O|  |TAMS 0x0000000788000000| PB 0x0000000788000000| Untracked |  0
| 129|0x0000000788100000, 0x0000000788200000, 0x0000000788200000|100%| O|  |TAMS 0x0000000788100000| PB 0x0000000788100000| Untracked |  0
| 130|0x0000000788200000, 0x0000000788300000, 0x0000000788300000|100%| O|  |TAMS 0x0000000788200000| PB 0x0000000788200000| Untracked |  0
| 131|0x0000000788300000, 0x0000000788400000, 0x0000000788400000|100%| O|  |TAMS 0x0000000788300000| PB 0x0000000788300000| Untracked |  0
| 132|0x0000000788400000, 0x0000000788500000, 0x0000000788500000|100%| O|  |TAMS 0x0000000788400000| PB 0x0000000788400000| Untracked |  0
| 133|0x0000000788500000, 0x0000000788600000, 0x0000000788600000|100%| O|  |TAMS 0x0000000788500000| PB 0x0000000788500000| Untracked |  0
| 134|0x0000000788600000, 0x0000000788700000, 0x0000000788700000|100%| O|  |TAMS 0x0000000788600000| PB 0x0000000788600000| Untracked |  0
| 135|0x0000000788700000, 0x00000007887fffe8, 0x0000000788800000| 99%| O|  |TAMS 0x0000000788700000| PB 0x0000000788700000| Untracked |  0
| 136|0x0000000788800000, 0x0000000788900000, 0x0000000788900000|100%| O|  |TAMS 0x0000000788800000| PB 0x0000000788800000| Untracked |  0
| 137|0x0000000788900000, 0x0000000788a00000, 0x0000000788a00000|100%| O|  |TAMS 0x0000000788900000| PB 0x0000000788900000| Untracked |  0
| 138|0x0000000788a00000, 0x0000000788b00000, 0x0000000788b00000|100%| O|  |TAMS 0x0000000788a00000| PB 0x0000000788a00000| Untracked |  0
| 139|0x0000000788b00000, 0x0000000788c00000, 0x0000000788c00000|100%| O|  |TAMS 0x0000000788b00000| PB 0x0000000788b00000| Untracked |  0
| 140|0x0000000788c00000, 0x0000000788d00000, 0x0000000788d00000|100%| O|  |TAMS 0x0000000788c00000| PB 0x0000000788c00000| Untracked |  0
| 141|0x0000000788d00000, 0x0000000788dffff0, 0x0000000788e00000| 99%| O|  |TAMS 0x0000000788d00000| PB 0x0000000788d00000| Untracked |  0
| 142|0x0000000788e00000, 0x0000000788f00000, 0x0000000788f00000|100%| O|  |TAMS 0x0000000788e00000| PB 0x0000000788e00000| Untracked |  0
| 143|0x0000000788f00000, 0x0000000789000000, 0x0000000789000000|100%| O|  |TAMS 0x0000000788f00000| PB 0x0000000788f00000| Untracked |  0
| 144|0x0000000789000000, 0x0000000789100000, 0x0000000789100000|100%| O|  |TAMS 0x0000000789000000| PB 0x0000000789000000| Untracked |  0
| 145|0x0000000789100000, 0x0000000789200000, 0x0000000789200000|100%| O|  |TAMS 0x0000000789100000| PB 0x0000000789100000| Untracked |  0
| 146|0x0000000789200000, 0x0000000789300000, 0x0000000789300000|100%| O|  |TAMS 0x0000000789200000| PB 0x0000000789200000| Untracked |  0
| 147|0x0000000789300000, 0x0000000789400000, 0x0000000789400000|100%| O|  |TAMS 0x0000000789300000| PB 0x0000000789300000| Untracked |  0
| 148|0x0000000789400000, 0x0000000789500000, 0x0000000789500000|100%| O|  |TAMS 0x0000000789400000| PB 0x0000000789400000| Untracked |  0
| 149|0x0000000789500000, 0x00000007895fffe8, 0x0000000789600000| 99%| O|  |TAMS 0x0000000789500000| PB 0x0000000789500000| Untracked |  0
| 150|0x0000000789600000, 0x00000007896ffff0, 0x0000000789700000| 99%| O|  |TAMS 0x0000000789600000| PB 0x0000000789600000| Untracked |  0
| 151|0x0000000789700000, 0x00000007897ffff0, 0x0000000789800000| 99%| O|  |TAMS 0x0000000789700000| PB 0x0000000789700000| Untracked |  0
| 152|0x0000000789800000, 0x0000000789900000, 0x0000000789900000|100%| O|  |TAMS 0x0000000789800000| PB 0x0000000789800000| Untracked |  0
| 153|0x0000000789900000, 0x0000000789a00000, 0x0000000789a00000|100%| O|  |TAMS 0x0000000789900000| PB 0x0000000789900000| Untracked |  0
| 154|0x0000000789a00000, 0x0000000789b00000, 0x0000000789b00000|100%| O|  |TAMS 0x0000000789a00000| PB 0x0000000789a00000| Untracked |  0
| 155|0x0000000789b00000, 0x0000000789c00000, 0x0000000789c00000|100%| O|  |TAMS 0x0000000789b00000| PB 0x0000000789b00000| Untracked |  0
| 156|0x0000000789c00000, 0x0000000789d00000, 0x0000000789d00000|100%| O|  |TAMS 0x0000000789c00000| PB 0x0000000789c00000| Untracked |  0
| 157|0x0000000789d00000, 0x0000000789e00000, 0x0000000789e00000|100%| O|  |TAMS 0x0000000789d00000| PB 0x0000000789d00000| Untracked |  0
| 158|0x0000000789e00000, 0x0000000789f00000, 0x0000000789f00000|100%| O|  |TAMS 0x0000000789e00000| PB 0x0000000789e00000| Untracked |  0
| 159|0x0000000789f00000, 0x0000000789ffffe8, 0x000000078a000000| 99%| O|  |TAMS 0x0000000789f00000| PB 0x0000000789f00000| Untracked |  0
| 160|0x000000078a000000, 0x000000078a100000, 0x000000078a100000|100%| O|  |TAMS 0x000000078a000000| PB 0x000000078a000000| Untracked |  0
| 161|0x000000078a100000, 0x000000078a200000, 0x000000078a200000|100%| O|  |TAMS 0x000000078a100000| PB 0x000000078a100000| Untracked |  0
| 162|0x000000078a200000, 0x000000078a300000, 0x000000078a300000|100%| O|  |TAMS 0x000000078a200000| PB 0x000000078a200000| Untracked |  0
| 163|0x000000078a300000, 0x000000078a400000, 0x000000078a400000|100%| O|  |TAMS 0x000000078a300000| PB 0x000000078a300000| Untracked |  0
| 164|0x000000078a400000, 0x000000078a500000, 0x000000078a500000|100%| O|  |TAMS 0x000000078a400000| PB 0x000000078a400000| Untracked |  0
| 165|0x000000078a500000, 0x000000078a5ffff0, 0x000000078a600000| 99%| O|  |TAMS 0x000000078a500000| PB 0x000000078a500000| Untracked |  0
| 166|0x000000078a600000, 0x000000078a700000, 0x000000078a700000|100%| O|  |TAMS 0x000000078a600000| PB 0x000000078a600000| Untracked |  0
| 167|0x000000078a700000, 0x000000078a800000, 0x000000078a800000|100%| O|  |TAMS 0x000000078a700000| PB 0x000000078a700000| Untracked |  0
| 168|0x000000078a800000, 0x000000078a900000, 0x000000078a900000|100%| O|  |TAMS 0x000000078a800000| PB 0x000000078a800000| Untracked |  0
| 169|0x000000078a900000, 0x000000078aa00000, 0x000000078aa00000|100%| O|  |TAMS 0x000000078a900000| PB 0x000000078a900000| Untracked |  0
| 170|0x000000078aa00000, 0x000000078ab00000, 0x000000078ab00000|100%| O|  |TAMS 0x000000078aa00000| PB 0x000000078aa00000| Untracked |  0
| 171|0x000000078ab00000, 0x000000078abfffe8, 0x000000078ac00000| 99%| O|  |TAMS 0x000000078ab00000| PB 0x000000078ab00000| Untracked |  0
| 172|0x000000078ac00000, 0x000000078ad00000, 0x000000078ad00000|100%| O|  |TAMS 0x000000078ac00000| PB 0x000000078ac00000| Untracked |  0
| 173|0x000000078ad00000, 0x000000078ae00000, 0x000000078ae00000|100%| O|  |TAMS 0x000000078ad00000| PB 0x000000078ad00000| Untracked |  0
| 174|0x000000078ae00000, 0x000000078af00000, 0x000000078af00000|100%| O|  |TAMS 0x000000078ae00000| PB 0x000000078ae00000| Untracked |  0
| 175|0x000000078af00000, 0x000000078afffff8, 0x000000078b000000| 99%| O|  |TAMS 0x000000078af00000| PB 0x000000078af00000| Untracked |  0
| 176|0x000000078b000000, 0x000000078b100000, 0x000000078b100000|100%| O|  |TAMS 0x000000078b000000| PB 0x000000078b000000| Untracked |  0
| 177|0x000000078b100000, 0x000000078b200000, 0x000000078b200000|100%| O|  |TAMS 0x000000078b100000| PB 0x000000078b100000| Untracked |  0
| 178|0x000000078b200000, 0x000000078b300000, 0x000000078b300000|100%| O|  |TAMS 0x000000078b200000| PB 0x000000078b200000| Untracked |  0
| 179|0x000000078b300000, 0x000000078b400000, 0x000000078b400000|100%| O|  |TAMS 0x000000078b300000| PB 0x000000078b300000| Untracked |  0
| 180|0x000000078b400000, 0x000000078b500000, 0x000000078b500000|100%| O|  |TAMS 0x000000078b400000| PB 0x000000078b400000| Untracked |  0
| 181|0x000000078b500000, 0x000000078b600000, 0x000000078b600000|100%| O|  |TAMS 0x000000078b500000| PB 0x000000078b500000| Untracked |  0
| 182|0x000000078b600000, 0x000000078b700000, 0x000000078b700000|100%| O|  |TAMS 0x000000078b600000| PB 0x000000078b600000| Untracked |  0
| 183|0x000000078b700000, 0x000000078b800000, 0x000000078b800000|100%| O|  |TAMS 0x000000078b700000| PB 0x000000078b700000| Untracked |  0
| 184|0x000000078b800000, 0x000000078b900000, 0x000000078b900000|100%| O|  |TAMS 0x000000078b800000| PB 0x000000078b800000| Untracked |  0
| 185|0x000000078b900000, 0x000000078b9ffff0, 0x000000078ba00000| 99%| O|  |TAMS 0x000000078b900000| PB 0x000000078b900000| Untracked |  0
| 186|0x000000078ba00000, 0x000000078bb00000, 0x000000078bb00000|100%| O|  |TAMS 0x000000078ba00000| PB 0x000000078ba00000| Untracked |  0
| 187|0x000000078bb00000, 0x000000078bc00000, 0x000000078bc00000|100%| O|  |TAMS 0x000000078bb00000| PB 0x000000078bb00000| Untracked |  0
| 188|0x000000078bc00000, 0x000000078bcfffe8, 0x000000078bd00000| 99%| O|  |TAMS 0x000000078bc00000| PB 0x000000078bc00000| Untracked |  0
| 189|0x000000078bd00000, 0x000000078bdfffe8, 0x000000078be00000| 99%| O|  |TAMS 0x000000078bd00000| PB 0x000000078bd00000| Untracked |  0
| 190|0x000000078be00000, 0x000000078bf00000, 0x000000078bf00000|100%| O|  |TAMS 0x000000078be00000| PB 0x000000078be00000| Untracked |  0
| 191|0x000000078bf00000, 0x000000078c000000, 0x000000078c000000|100%| O|  |TAMS 0x000000078bf00000| PB 0x000000078bf00000| Untracked |  0
| 192|0x000000078c000000, 0x000000078c100000, 0x000000078c100000|100%| O|  |TAMS 0x000000078c000000| PB 0x000000078c000000| Untracked |  0
| 193|0x000000078c100000, 0x000000078c200000, 0x000000078c200000|100%| O|  |TAMS 0x000000078c100000| PB 0x000000078c100000| Untracked |  0
| 194|0x000000078c200000, 0x000000078c2fffc8, 0x000000078c300000| 99%| O|  |TAMS 0x000000078c200000| PB 0x000000078c200000| Untracked |  0
| 195|0x000000078c300000, 0x000000078c3ffff0, 0x000000078c400000| 99%| O|  |TAMS 0x000000078c300000| PB 0x000000078c300000| Untracked |  0
| 196|0x000000078c400000, 0x000000078c4fffe0, 0x000000078c500000| 99%| O|  |TAMS 0x000000078c400000| PB 0x000000078c400000| Untracked |  0
| 197|0x000000078c500000, 0x000000078c600000, 0x000000078c600000|100%| O|  |TAMS 0x000000078c500000| PB 0x000000078c500000| Untracked |  0
| 198|0x000000078c600000, 0x000000078c6fffd0, 0x000000078c700000| 99%| O|  |TAMS 0x000000078c600000| PB 0x000000078c600000| Untracked |  0
| 199|0x000000078c700000, 0x000000078c7ffff8, 0x000000078c800000| 99%| O|  |TAMS 0x000000078c700000| PB 0x000000078c700000| Untracked |  0
| 200|0x000000078c800000, 0x000000078c900000, 0x000000078c900000|100%| O|  |TAMS 0x000000078c800000| PB 0x000000078c800000| Untracked |  0
| 201|0x000000078c900000, 0x000000078ca00000, 0x000000078ca00000|100%| O|  |TAMS 0x000000078c900000| PB 0x000000078c900000| Untracked |  0
| 202|0x000000078ca00000, 0x000000078cb00000, 0x000000078cb00000|100%| O|  |TAMS 0x000000078ca00000| PB 0x000000078ca00000| Untracked |  0
| 203|0x000000078cb00000, 0x000000078cc00000, 0x000000078cc00000|100%| O|  |TAMS 0x000000078cb00000| PB 0x000000078cb00000| Untracked |  0
| 204|0x000000078cc00000, 0x000000078cd00000, 0x000000078cd00000|100%| O|  |TAMS 0x000000078cc00000| PB 0x000000078cc00000| Untracked |  0
| 205|0x000000078cd00000, 0x000000078cdffff8, 0x000000078ce00000| 99%| O|  |TAMS 0x000000078cd00000| PB 0x000000078cd00000| Untracked |  0
| 206|0x000000078ce00000, 0x000000078cf00000, 0x000000078cf00000|100%| O|  |TAMS 0x000000078ce00000| PB 0x000000078ce00000| Untracked |  0
| 207|0x000000078cf00000, 0x000000078cfffff0, 0x000000078d000000| 99%| O|  |TAMS 0x000000078cf00000| PB 0x000000078cf00000| Untracked |  0
| 208|0x000000078d000000, 0x000000078d0fffd0, 0x000000078d100000| 99%| O|  |TAMS 0x000000078d000000| PB 0x000000078d000000| Untracked |  0
| 209|0x000000078d100000, 0x000000078d200000, 0x000000078d200000|100%| O|  |TAMS 0x000000078d100000| PB 0x000000078d100000| Untracked |  0
| 210|0x000000078d200000, 0x000000078d300000, 0x000000078d300000|100%| O|  |TAMS 0x000000078d200000| PB 0x000000078d200000| Untracked |  0
| 211|0x000000078d300000, 0x000000078d400000, 0x000000078d400000|100%| O|  |TAMS 0x000000078d300000| PB 0x000000078d300000| Untracked |  0
| 212|0x000000078d400000, 0x000000078d500000, 0x000000078d500000|100%| O|  |TAMS 0x000000078d400000| PB 0x000000078d400000| Untracked |  0
| 213|0x000000078d500000, 0x000000078d600000, 0x000000078d600000|100%| O|  |TAMS 0x000000078d500000| PB 0x000000078d500000| Untracked |  0
| 214|0x000000078d600000, 0x000000078d6fffd8, 0x000000078d700000| 99%| O|  |TAMS 0x000000078d600000| PB 0x000000078d600000| Untracked |  0
| 215|0x000000078d700000, 0x000000078d800000, 0x000000078d800000|100%| O|  |TAMS 0x000000078d700000| PB 0x000000078d700000| Untracked |  0
| 216|0x000000078d800000, 0x000000078d900000, 0x000000078d900000|100%| O|  |TAMS 0x000000078d800000| PB 0x000000078d800000| Untracked |  0
| 217|0x000000078d900000, 0x000000078da00000, 0x000000078da00000|100%| O|  |TAMS 0x000000078d900000| PB 0x000000078d900000| Untracked |  0
| 218|0x000000078da00000, 0x000000078db00000, 0x000000078db00000|100%| O|  |TAMS 0x000000078da00000| PB 0x000000078da00000| Untracked |  0
| 219|0x000000078db00000, 0x000000078dbfffd8, 0x000000078dc00000| 99%| O|  |TAMS 0x000000078db00000| PB 0x000000078db00000| Untracked |  0
| 220|0x000000078dc00000, 0x000000078dcfffe8, 0x000000078dd00000| 99%| O|  |TAMS 0x000000078dc00000| PB 0x000000078dc00000| Untracked |  0
| 221|0x000000078dd00000, 0x000000078ddffff8, 0x000000078de00000| 99%| O|  |TAMS 0x000000078dd00000| PB 0x000000078dd00000| Untracked |  0
| 222|0x000000078de00000, 0x000000078df00000, 0x000000078df00000|100%| O|  |TAMS 0x000000078de00000| PB 0x000000078de00000| Untracked |  0
| 223|0x000000078df00000, 0x000000078e000000, 0x000000078e000000|100%| O|  |TAMS 0x000000078df00000| PB 0x000000078df00000| Untracked |  0
| 224|0x000000078e000000, 0x000000078e0fffe0, 0x000000078e100000| 99%| O|  |TAMS 0x000000078e000000| PB 0x000000078e000000| Untracked |  0
| 225|0x000000078e100000, 0x000000078e200000, 0x000000078e200000|100%| O|  |TAMS 0x000000078e100000| PB 0x000000078e100000| Untracked |  0
| 226|0x000000078e200000, 0x000000078e2ffff8, 0x000000078e300000| 99%| O|  |TAMS 0x000000078e200000| PB 0x000000078e200000| Untracked |  0
| 227|0x000000078e300000, 0x000000078e400000, 0x000000078e400000|100%| O|  |TAMS 0x000000078e300000| PB 0x000000078e300000| Untracked |  0
| 228|0x000000078e400000, 0x000000078e500000, 0x000000078e500000|100%| O|  |TAMS 0x000000078e400000| PB 0x000000078e400000| Untracked |  0
| 229|0x000000078e500000, 0x000000078e5ffff8, 0x000000078e600000| 99%| O|  |TAMS 0x000000078e500000| PB 0x000000078e500000| Untracked |  0
| 230|0x000000078e600000, 0x000000078e700000, 0x000000078e700000|100%| O|  |TAMS 0x000000078e600000| PB 0x000000078e600000| Untracked |  0
| 231|0x000000078e700000, 0x000000078e7fffe8, 0x000000078e800000| 99%| O|  |TAMS 0x000000078e700000| PB 0x000000078e700000| Untracked |  0
| 232|0x000000078e800000, 0x000000078e8ffff8, 0x000000078e900000| 99%| O|  |TAMS 0x000000078e800000| PB 0x000000078e800000| Untracked |  0
| 233|0x000000078e900000, 0x000000078ea00000, 0x000000078ea00000|100%| O|  |TAMS 0x000000078e900000| PB 0x000000078e900000| Untracked |  0
| 234|0x000000078ea00000, 0x000000078eb00000, 0x000000078eb00000|100%| O|  |TAMS 0x000000078ea00000| PB 0x000000078ea00000| Untracked |  0
| 235|0x000000078eb00000, 0x000000078ec00000, 0x000000078ec00000|100%| O|  |TAMS 0x000000078eb00000| PB 0x000000078eb00000| Untracked |  0
| 236|0x000000078ec00000, 0x000000078ecffff8, 0x000000078ed00000| 99%| O|  |TAMS 0x000000078ec00000| PB 0x000000078ec00000| Untracked |  0
| 237|0x000000078ed00000, 0x000000078edfffe8, 0x000000078ee00000| 99%| O|  |TAMS 0x000000078ed00000| PB 0x000000078ed00000| Untracked |  0
| 238|0x000000078ee00000, 0x000000078ef00000, 0x000000078ef00000|100%| O|  |TAMS 0x000000078ee00000| PB 0x000000078ee00000| Untracked |  0
| 239|0x000000078ef00000, 0x000000078f000000, 0x000000078f000000|100%| O|  |TAMS 0x000000078ef00000| PB 0x000000078ef00000| Untracked |  0
| 240|0x000000078f000000, 0x000000078f100000, 0x000000078f100000|100%| O|  |TAMS 0x000000078f000000| PB 0x000000078f000000| Untracked |  0
| 241|0x000000078f100000, 0x000000078f1ffff0, 0x000000078f200000| 99%| O|  |TAMS 0x000000078f100000| PB 0x000000078f100000| Untracked |  0
| 242|0x000000078f200000, 0x000000078f300000, 0x000000078f300000|100%| O|  |TAMS 0x000000078f200000| PB 0x000000078f200000| Untracked |  0
| 243|0x000000078f300000, 0x000000078f3fffe0, 0x000000078f400000| 99%| O|  |TAMS 0x000000078f300000| PB 0x000000078f300000| Untracked |  0
| 244|0x000000078f400000, 0x000000078f500000, 0x000000078f500000|100%| O|  |TAMS 0x000000078f400000| PB 0x000000078f400000| Untracked |  0
| 245|0x000000078f500000, 0x000000078f600000, 0x000000078f600000|100%| O|  |TAMS 0x000000078f500000| PB 0x000000078f500000| Untracked |  0
| 246|0x000000078f600000, 0x000000078f6ffff8, 0x000000078f700000| 99%| O|  |TAMS 0x000000078f600000| PB 0x000000078f600000| Untracked |  0
| 247|0x000000078f700000, 0x000000078f7fffd8, 0x000000078f800000| 99%| O|  |TAMS 0x000000078f700000| PB 0x000000078f700000| Untracked |  0
| 248|0x000000078f800000, 0x000000078f8ffff8, 0x000000078f900000| 99%| O|  |TAMS 0x000000078f800000| PB 0x000000078f800000| Untracked |  0
| 249|0x000000078f900000, 0x000000078fa00000, 0x000000078fa00000|100%| O|  |TAMS 0x000000078f900000| PB 0x000000078f900000| Untracked |  0
| 250|0x000000078fa00000, 0x000000078fb00000, 0x000000078fb00000|100%| O|  |TAMS 0x000000078fa00000| PB 0x000000078fa00000| Untracked |  0
| 251|0x000000078fb00000, 0x000000078fc00000, 0x000000078fc00000|100%| O|  |TAMS 0x000000078fb00000| PB 0x000000078fb00000| Untracked |  0
| 252|0x000000078fc00000, 0x000000078fd00000, 0x000000078fd00000|100%| O|  |TAMS 0x000000078fc00000| PB 0x000000078fc00000| Untracked |  0
| 253|0x000000078fd00000, 0x000000078fe00000, 0x000000078fe00000|100%| O|  |TAMS 0x000000078fd00000| PB 0x000000078fd00000| Untracked |  0
| 254|0x000000078fe00000, 0x000000078ff00000, 0x000000078ff00000|100%| O|  |TAMS 0x000000078fe00000| PB 0x000000078fe00000| Untracked |  0
| 255|0x000000078ff00000, 0x0000000790000000, 0x0000000790000000|100%| O|  |TAMS 0x000000078ff00000| PB 0x000000078ff00000| Untracked |  0
| 256|0x0000000790000000, 0x0000000790100000, 0x0000000790100000|100%| O|  |TAMS 0x0000000790000000| PB 0x0000000790000000| Untracked |  0
| 257|0x0000000790100000, 0x0000000790200000, 0x0000000790200000|100%| O|  |TAMS 0x0000000790100000| PB 0x0000000790100000| Untracked |  0
| 258|0x0000000790200000, 0x0000000790300000, 0x0000000790300000|100%| O|  |TAMS 0x0000000790200000| PB 0x0000000790200000| Untracked |  0
| 259|0x0000000790300000, 0x0000000790400000, 0x0000000790400000|100%| O|  |TAMS 0x0000000790300000| PB 0x0000000790300000| Untracked |  0
| 260|0x0000000790400000, 0x0000000790500000, 0x0000000790500000|100%| O|  |TAMS 0x0000000790400000| PB 0x0000000790400000| Untracked |  0
| 261|0x0000000790500000, 0x0000000790600000, 0x0000000790600000|100%| O|  |TAMS 0x0000000790500000| PB 0x0000000790500000| Untracked |  0
| 262|0x0000000790600000, 0x0000000790700000, 0x0000000790700000|100%| O|  |TAMS 0x0000000790600000| PB 0x0000000790600000| Untracked |  0
| 263|0x0000000790700000, 0x0000000790800000, 0x0000000790800000|100%| O|  |TAMS 0x0000000790700000| PB 0x0000000790700000| Untracked |  0
| 264|0x0000000790800000, 0x00000007908fffe8, 0x0000000790900000| 99%| O|  |TAMS 0x0000000790800000| PB 0x0000000790800000| Untracked |  0
| 265|0x0000000790900000, 0x00000007909fffe8, 0x0000000790a00000| 99%| O|  |TAMS 0x0000000790900000| PB 0x0000000790900000| Untracked |  0
| 266|0x0000000790a00000, 0x0000000790b00000, 0x0000000790b00000|100%| O|  |TAMS 0x0000000790a00000| PB 0x0000000790a00000| Untracked |  0
| 267|0x0000000790b00000, 0x0000000790c00000, 0x0000000790c00000|100%| O|  |TAMS 0x0000000790b00000| PB 0x0000000790b00000| Untracked |  0
| 268|0x0000000790c00000, 0x0000000790cc3700, 0x0000000790d00000| 76%| O|  |TAMS 0x0000000790c00000| PB 0x0000000790c00000| Untracked |  0
| 269|0x0000000790d00000, 0x0000000790dfffe0, 0x0000000790e00000| 99%| O|  |TAMS 0x0000000790d00000| PB 0x0000000790d00000| Untracked |  0
| 270|0x0000000790e00000, 0x0000000790f00000, 0x0000000790f00000|100%| O|  |TAMS 0x0000000790e00000| PB 0x0000000790e00000| Untracked |  0
| 271|0x0000000790f00000, 0x0000000790ffffd8, 0x0000000791000000| 99%| O|  |TAMS 0x0000000790f00000| PB 0x0000000790f00000| Untracked |  0
| 272|0x0000000791000000, 0x0000000791100000, 0x0000000791100000|100%| O|  |TAMS 0x0000000791000000| PB 0x0000000791000000| Untracked |  0
| 273|0x0000000791100000, 0x00000007911fffd8, 0x0000000791200000| 99%| O|  |TAMS 0x0000000791100000| PB 0x0000000791100000| Untracked |  0
| 274|0x0000000791200000, 0x00000007912fffd8, 0x0000000791300000| 99%| O|  |TAMS 0x0000000791200000| PB 0x0000000791200000| Untracked |  0
| 275|0x0000000791300000, 0x0000000791400000, 0x0000000791400000|100%| O|  |TAMS 0x0000000791300000| PB 0x0000000791300000| Untracked |  0
| 276|0x0000000791400000, 0x0000000791500000, 0x0000000791500000|100%| O|  |TAMS 0x0000000791400000| PB 0x0000000791400000| Untracked |  0
| 277|0x0000000791500000, 0x0000000791600000, 0x0000000791600000|100%| O|  |TAMS 0x0000000791500000| PB 0x0000000791500000| Untracked |  0
| 278|0x0000000791600000, 0x00000007916fffe0, 0x0000000791700000| 99%| O|  |TAMS 0x0000000791600000| PB 0x0000000791600000| Untracked |  0
| 279|0x0000000791700000, 0x0000000791800000, 0x0000000791800000|100%| O|  |TAMS 0x0000000791700000| PB 0x0000000791700000| Untracked |  0
| 280|0x0000000791800000, 0x0000000791900000, 0x0000000791900000|100%| O|  |TAMS 0x0000000791800000| PB 0x0000000791800000| Untracked |  0
| 281|0x0000000791900000, 0x00000007919ffff0, 0x0000000791a00000| 99%| O|  |TAMS 0x0000000791900000| PB 0x0000000791900000| Untracked |  0
| 282|0x0000000791a00000, 0x0000000791affff0, 0x0000000791b00000| 99%| O|  |TAMS 0x0000000791a00000| PB 0x0000000791a00000| Untracked |  0
| 283|0x0000000791b00000, 0x0000000791c00000, 0x0000000791c00000|100%| O|  |TAMS 0x0000000791b00000| PB 0x0000000791b00000| Untracked |  0
| 284|0x0000000791c00000, 0x0000000791d00000, 0x0000000791d00000|100%| O|  |TAMS 0x0000000791c00000| PB 0x0000000791c00000| Untracked |  0
| 285|0x0000000791d00000, 0x0000000791e00000, 0x0000000791e00000|100%| O|  |TAMS 0x0000000791d00000| PB 0x0000000791d00000| Untracked |  0
| 286|0x0000000791e00000, 0x0000000791f00000, 0x0000000791f00000|100%| O|  |TAMS 0x0000000791e00000| PB 0x0000000791e00000| Untracked |  0
| 287|0x0000000791f00000, 0x0000000792000000, 0x0000000792000000|100%| O|  |TAMS 0x0000000791f00000| PB 0x0000000791f00000| Untracked |  0
| 288|0x0000000792000000, 0x0000000792100000, 0x0000000792100000|100%| O|  |TAMS 0x0000000792000000| PB 0x0000000792000000| Untracked |  0
| 289|0x0000000792100000, 0x00000007921fffe0, 0x0000000792200000| 99%| O|  |TAMS 0x0000000792100000| PB 0x0000000792100000| Untracked |  0
| 290|0x0000000792200000, 0x00000007922dc330, 0x0000000792300000| 86%| O|  |TAMS 0x0000000792200000| PB 0x0000000792200000| Untracked |  0
| 291|0x0000000792300000, 0x0000000792352828, 0x0000000792400000| 32%| O|  |TAMS 0x0000000792300000| PB 0x0000000792300000| Untracked |  0
| 292|0x0000000792400000, 0x0000000792500000, 0x0000000792500000|100%| O|  |TAMS 0x0000000792400000| PB 0x0000000792400000| Untracked |  0
| 293|0x0000000792500000, 0x0000000792600000, 0x0000000792600000|100%| O|  |TAMS 0x0000000792500000| PB 0x0000000792500000| Untracked |  0
| 294|0x0000000792600000, 0x0000000792700000, 0x0000000792700000|100%| O|  |TAMS 0x0000000792600000| PB 0x0000000792600000| Untracked |  0
| 295|0x0000000792700000, 0x0000000792800000, 0x0000000792800000|100%| O|  |TAMS 0x0000000792700000| PB 0x0000000792700000| Untracked |  0
| 296|0x0000000792800000, 0x0000000792800000, 0x0000000792900000|  0%| F|  |TAMS 0x0000000792800000| PB 0x0000000792800000| Untracked |  0
| 297|0x0000000792900000, 0x0000000792985b20, 0x0000000792a00000| 52%| O|  |TAMS 0x0000000792900000| PB 0x0000000792900000| Untracked |  0
| 298|0x0000000792a00000, 0x0000000792affff0, 0x0000000792b00000| 99%| O|  |TAMS 0x0000000792a00000| PB 0x0000000792a00000| Untracked |  0
| 299|0x0000000792b00000, 0x0000000792c00000, 0x0000000792c00000|100%| O|  |TAMS 0x0000000792b00000| PB 0x0000000792b00000| Untracked |  0
| 300|0x0000000792c00000, 0x0000000792cffff0, 0x0000000792d00000| 99%| O|  |TAMS 0x0000000792c00000| PB 0x0000000792c00000| Untracked |  0
| 301|0x0000000792d00000, 0x0000000792d29520, 0x0000000792e00000| 16%| O|  |TAMS 0x0000000792d00000| PB 0x0000000792d00000| Untracked |  0
| 302|0x0000000792e00000, 0x0000000792ef9788, 0x0000000792f00000| 97%| O|  |TAMS 0x0000000792e00000| PB 0x0000000792e00000| Untracked |  0
| 303|0x0000000792f00000, 0x0000000792f854f0, 0x0000000793000000| 52%| O|  |TAMS 0x0000000792f00000| PB 0x0000000792f00000| Untracked |  0
| 304|0x0000000793000000, 0x0000000793000000, 0x0000000793100000|  0%| F|  |TAMS 0x0000000793000000| PB 0x0000000793000000| Untracked |  0
| 305|0x0000000793100000, 0x0000000793100000, 0x0000000793200000|  0%| F|  |TAMS 0x0000000793100000| PB 0x0000000793100000| Untracked |  0
| 306|0x0000000793200000, 0x0000000793200000, 0x0000000793300000|  0%| F|  |TAMS 0x0000000793200000| PB 0x0000000793200000| Untracked |  0
| 307|0x0000000793300000, 0x0000000793300000, 0x0000000793400000|  0%| F|  |TAMS 0x0000000793300000| PB 0x0000000793300000| Untracked |  0
| 308|0x0000000793400000, 0x00000007934a1920, 0x0000000793500000| 63%| O|  |TAMS 0x0000000793400000| PB 0x0000000793400000| Untracked |  0
| 309|0x0000000793500000, 0x0000000793500000, 0x0000000793600000|  0%| F|  |TAMS 0x0000000793500000| PB 0x0000000793500000| Untracked |  0
| 310|0x0000000793600000, 0x0000000793600000, 0x0000000793700000|  0%| F|  |TAMS 0x0000000793600000| PB 0x0000000793600000| Untracked |  0
| 311|0x0000000793700000, 0x0000000793700000, 0x0000000793800000|  0%| F|  |TAMS 0x0000000793700000| PB 0x0000000793700000| Untracked |  0
| 312|0x0000000793800000, 0x0000000793800000, 0x0000000793900000|  0%| F|  |TAMS 0x0000000793800000| PB 0x0000000793800000| Untracked |  0
| 313|0x0000000793900000, 0x0000000793a00000, 0x0000000793a00000|100%| O|  |TAMS 0x0000000793900000| PB 0x0000000793900000| Untracked |  0
| 314|0x0000000793a00000, 0x0000000793b00000, 0x0000000793b00000|100%| O|  |TAMS 0x0000000793a00000| PB 0x0000000793a00000| Untracked |  0
| 315|0x0000000793b00000, 0x0000000793c00000, 0x0000000793c00000|100%| O|  |TAMS 0x0000000793b00000| PB 0x0000000793b00000| Untracked |  0
| 316|0x0000000793c00000, 0x0000000793d00000, 0x0000000793d00000|100%| O|  |TAMS 0x0000000793c00000| PB 0x0000000793c00000| Untracked |  0
| 317|0x0000000793d00000, 0x0000000793d00000, 0x0000000793e00000|  0%| F|  |TAMS 0x0000000793d00000| PB 0x0000000793d00000| Untracked |  0
| 318|0x0000000793e00000, 0x0000000793e00000, 0x0000000793f00000|  0%| F|  |TAMS 0x0000000793e00000| PB 0x0000000793e00000| Untracked |  0
| 319|0x0000000793f00000, 0x0000000793f00000, 0x0000000794000000|  0%| F|  |TAMS 0x0000000793f00000| PB 0x0000000793f00000| Untracked |  0
| 320|0x0000000794000000, 0x0000000794000000, 0x0000000794100000|  0%| F|  |TAMS 0x0000000794000000| PB 0x0000000794000000| Untracked |  0
| 321|0x0000000794100000, 0x0000000794200000, 0x0000000794200000|100%| O|  |TAMS 0x0000000794100000| PB 0x0000000794100000| Untracked |  0
| 322|0x0000000794200000, 0x0000000794300000, 0x0000000794300000|100%| O|  |TAMS 0x0000000794200000| PB 0x0000000794200000| Untracked |  0
| 323|0x0000000794300000, 0x0000000794400000, 0x0000000794400000|100%| O|  |TAMS 0x0000000794300000| PB 0x0000000794300000| Untracked |  0
| 324|0x0000000794400000, 0x0000000794500000, 0x0000000794500000|100%| O|  |TAMS 0x0000000794400000| PB 0x0000000794400000| Untracked |  0
| 325|0x0000000794500000, 0x0000000794500000, 0x0000000794600000|  0%| F|  |TAMS 0x0000000794500000| PB 0x0000000794500000| Untracked |  0
| 326|0x0000000794600000, 0x0000000794600000, 0x0000000794700000|  0%| F|  |TAMS 0x0000000794600000| PB 0x0000000794600000| Untracked |  0
| 327|0x0000000794700000, 0x0000000794700000, 0x0000000794800000|  0%| F|  |TAMS 0x0000000794700000| PB 0x0000000794700000| Untracked |  0
| 328|0x0000000794800000, 0x0000000794880000, 0x0000000794900000| 50%| S|CS|TAMS 0x0000000794800000| PB 0x0000000794800000| Complete |  0
| 329|0x0000000794900000, 0x0000000794a00000, 0x0000000794a00000|100%| O|  |TAMS 0x0000000794900000| PB 0x0000000794900000| Untracked |  0
| 330|0x0000000794a00000, 0x0000000794b00000, 0x0000000794b00000|100%| O|  |TAMS 0x0000000794a00000| PB 0x0000000794a00000| Untracked |  0
| 331|0x0000000794b00000, 0x0000000794c00000, 0x0000000794c00000|100%| O|  |TAMS 0x0000000794b00000| PB 0x0000000794b00000| Untracked |  0
| 332|0x0000000794c00000, 0x0000000794d00000, 0x0000000794d00000|100%| S|CS|TAMS 0x0000000794c00000| PB 0x0000000794c00000| Complete |  0
| 333|0x0000000794d00000, 0x0000000794e00000, 0x0000000794e00000|100%| S|CS|TAMS 0x0000000794d00000| PB 0x0000000794d00000| Complete |  0
| 334|0x0000000794e00000, 0x0000000794f00000, 0x0000000794f00000|100%| S|CS|TAMS 0x0000000794e00000| PB 0x0000000794e00000| Complete |  0
| 335|0x0000000794f00000, 0x0000000795000000, 0x0000000795000000|100%| O|  |TAMS 0x0000000794f00000| PB 0x0000000794f00000| Untracked |  0
| 336|0x0000000795000000, 0x0000000795100000, 0x0000000795100000|100%| S|CS|TAMS 0x0000000795000000| PB 0x0000000795000000| Complete |  0
| 337|0x0000000795100000, 0x0000000795200000, 0x0000000795200000|100%| O|  |TAMS 0x0000000795100000| PB 0x0000000795100000| Untracked |  0
| 338|0x0000000795200000, 0x0000000795300000, 0x0000000795300000|100%| S|CS|TAMS 0x0000000795200000| PB 0x0000000795200000| Complete |  0
| 339|0x0000000795300000, 0x0000000795300000, 0x0000000795400000|  0%| F|  |TAMS 0x0000000795300000| PB 0x0000000795300000| Untracked |  0
| 340|0x0000000795400000, 0x0000000795400000, 0x0000000795500000|  0%| F|  |TAMS 0x0000000795400000| PB 0x0000000795400000| Untracked |  0
| 341|0x0000000795500000, 0x0000000795500000, 0x0000000795600000|  0%| F|  |TAMS 0x0000000795500000| PB 0x0000000795500000| Untracked |  0
| 342|0x0000000795600000, 0x0000000795600000, 0x0000000795700000|  0%| F|  |TAMS 0x0000000795600000| PB 0x0000000795600000| Untracked |  0
| 343|0x0000000795700000, 0x0000000795700000, 0x0000000795800000|  0%| F|  |TAMS 0x0000000795700000| PB 0x0000000795700000| Untracked |  0
| 344|0x0000000795800000, 0x0000000795800000, 0x0000000795900000|  0%| F|  |TAMS 0x0000000795800000| PB 0x0000000795800000| Untracked |  0
| 345|0x0000000795900000, 0x0000000795900000, 0x0000000795a00000|  0%| F|  |TAMS 0x0000000795900000| PB 0x0000000795900000| Untracked |  0
| 346|0x0000000795a00000, 0x0000000795a00000, 0x0000000795b00000|  0%| F|  |TAMS 0x0000000795a00000| PB 0x0000000795a00000| Untracked |  0
| 347|0x0000000795b00000, 0x0000000795b00000, 0x0000000795c00000|  0%| F|  |TAMS 0x0000000795b00000| PB 0x0000000795b00000| Untracked |  0
| 348|0x0000000795c00000, 0x0000000795d00000, 0x0000000795d00000|100%| S|CS|TAMS 0x0000000795c00000| PB 0x0000000795c00000| Complete |  0
| 349|0x0000000795d00000, 0x0000000795e00000, 0x0000000795e00000|100%| S|CS|TAMS 0x0000000795d00000| PB 0x0000000795d00000| Complete |  0
| 350|0x0000000795e00000, 0x0000000795f00000, 0x0000000795f00000|100%| S|CS|TAMS 0x0000000795e00000| PB 0x0000000795e00000| Complete |  0
| 351|0x0000000795f00000, 0x0000000796000000, 0x0000000796000000|100%| S|CS|TAMS 0x0000000795f00000| PB 0x0000000795f00000| Complete |  0
| 352|0x0000000796000000, 0x0000000796100000, 0x0000000796100000|100%| S|CS|TAMS 0x0000000796000000| PB 0x0000000796000000| Complete |  0
| 353|0x0000000796100000, 0x0000000796200000, 0x0000000796200000|100%| S|CS|TAMS 0x0000000796100000| PB 0x0000000796100000| Complete |  0
| 354|0x0000000796200000, 0x0000000796300000, 0x0000000796300000|100%| O|  |TAMS 0x0000000796200000| PB 0x0000000796200000| Untracked |  0
| 355|0x0000000796300000, 0x0000000796400000, 0x0000000796400000|100%| O|  |TAMS 0x0000000796300000| PB 0x0000000796300000| Untracked |  0
| 356|0x0000000796400000, 0x0000000796500000, 0x0000000796500000|100%| O|  |TAMS 0x0000000796400000| PB 0x0000000796400000| Untracked |  0
| 357|0x0000000796500000, 0x0000000796600000, 0x0000000796600000|100%| O|  |TAMS 0x0000000796500000| PB 0x0000000796500000| Untracked |  0
| 358|0x0000000796600000, 0x0000000796700000, 0x0000000796700000|100%| O|  |TAMS 0x0000000796600000| PB 0x0000000796600000| Untracked |  0
| 359|0x0000000796700000, 0x0000000796800000, 0x0000000796800000|100%| S|CS|TAMS 0x0000000796700000| PB 0x0000000796700000| Complete |  0
| 360|0x0000000796800000, 0x0000000796900000, 0x0000000796900000|100%| S|CS|TAMS 0x0000000796800000| PB 0x0000000796800000| Complete |  0
| 361|0x0000000796900000, 0x0000000796a00000, 0x0000000796a00000|100%| S|CS|TAMS 0x0000000796900000| PB 0x0000000796900000| Complete |  0
| 362|0x0000000796a00000, 0x0000000796b00000, 0x0000000796b00000|100%| S|CS|TAMS 0x0000000796a00000| PB 0x0000000796a00000| Complete |  0
| 363|0x0000000796b00000, 0x0000000796c00000, 0x0000000796c00000|100%| S|CS|TAMS 0x0000000796b00000| PB 0x0000000796b00000| Complete |  0
| 364|0x0000000796c00000, 0x0000000796c00000, 0x0000000796d00000|  0%| F|  |TAMS 0x0000000796c00000| PB 0x0000000796c00000| Untracked |  0
| 365|0x0000000796d00000, 0x0000000796d00000, 0x0000000796e00000|  0%| F|  |TAMS 0x0000000796d00000| PB 0x0000000796d00000| Untracked |  0
| 366|0x0000000796e00000, 0x0000000796e00000, 0x0000000796f00000|  0%| F|  |TAMS 0x0000000796e00000| PB 0x0000000796e00000| Untracked |  0
| 367|0x0000000796f00000, 0x0000000796f00000, 0x0000000797000000|  0%| F|  |TAMS 0x0000000796f00000| PB 0x0000000796f00000| Untracked |  0
| 368|0x0000000797000000, 0x0000000797000000, 0x0000000797100000|  0%| F|  |TAMS 0x0000000797000000| PB 0x0000000797000000| Untracked |  0
| 369|0x0000000797100000, 0x0000000797100000, 0x0000000797200000|  0%| F|  |TAMS 0x0000000797100000| PB 0x0000000797100000| Untracked |  0
| 370|0x0000000797200000, 0x0000000797200000, 0x0000000797300000|  0%| F|  |TAMS 0x0000000797200000| PB 0x0000000797200000| Untracked |  0
| 371|0x0000000797300000, 0x0000000797300000, 0x0000000797400000|  0%| F|  |TAMS 0x0000000797300000| PB 0x0000000797300000| Untracked |  0
| 372|0x0000000797400000, 0x0000000797400000, 0x0000000797500000|  0%| F|  |TAMS 0x0000000797400000| PB 0x0000000797400000| Untracked |  0
| 373|0x0000000797500000, 0x0000000797500000, 0x0000000797600000|  0%| F|  |TAMS 0x0000000797500000| PB 0x0000000797500000| Untracked |  0
| 374|0x0000000797600000, 0x0000000797700000, 0x0000000797700000|100%| S|CS|TAMS 0x0000000797600000| PB 0x0000000797600000| Complete |  0
| 375|0x0000000797700000, 0x0000000797800000, 0x0000000797800000|100%| S|CS|TAMS 0x0000000797700000| PB 0x0000000797700000| Complete |  0
| 376|0x0000000797800000, 0x0000000797900000, 0x0000000797900000|100%| S|CS|TAMS 0x0000000797800000| PB 0x0000000797800000| Complete |  0
| 377|0x0000000797900000, 0x0000000797a00000, 0x0000000797a00000|100%| S|CS|TAMS 0x0000000797900000| PB 0x0000000797900000| Complete |  0
| 378|0x0000000797a00000, 0x0000000797b00000, 0x0000000797b00000|100%| S|CS|TAMS 0x0000000797a00000| PB 0x0000000797a00000| Complete |  0
| 379|0x0000000797b00000, 0x0000000797c00000, 0x0000000797c00000|100%| S|CS|TAMS 0x0000000797b00000| PB 0x0000000797b00000| Complete |  0
| 380|0x0000000797c00000, 0x0000000797d00000, 0x0000000797d00000|100%| S|CS|TAMS 0x0000000797c00000| PB 0x0000000797c00000| Complete |  0
| 381|0x0000000797d00000, 0x0000000797e00000, 0x0000000797e00000|100%| S|CS|TAMS 0x0000000797d00000| PB 0x0000000797d00000| Complete |  0
| 382|0x0000000797e00000, 0x0000000797e00000, 0x0000000797f00000|  0%| F|  |TAMS 0x0000000797e00000| PB 0x0000000797e00000| Untracked |  0
| 383|0x0000000797f00000, 0x0000000797f00000, 0x0000000798000000|  0%| F|  |TAMS 0x0000000797f00000| PB 0x0000000797f00000| Untracked |  0
| 384|0x0000000798000000, 0x0000000798000000, 0x0000000798100000|  0%| F|  |TAMS 0x0000000798000000| PB 0x0000000798000000| Untracked |  0
| 385|0x0000000798100000, 0x0000000798100000, 0x0000000798200000|  0%| F|  |TAMS 0x0000000798100000| PB 0x0000000798100000| Untracked |  0
| 386|0x0000000798200000, 0x0000000798200000, 0x0000000798300000|  0%| F|  |TAMS 0x0000000798200000| PB 0x0000000798200000| Untracked |  0
| 387|0x0000000798300000, 0x0000000798300000, 0x0000000798400000|  0%| F|  |TAMS 0x0000000798300000| PB 0x0000000798300000| Untracked |  0
| 388|0x0000000798400000, 0x0000000798400000, 0x0000000798500000|  0%| F|  |TAMS 0x0000000798400000| PB 0x0000000798400000| Untracked |  0
| 389|0x0000000798500000, 0x0000000798500000, 0x0000000798600000|  0%| F|  |TAMS 0x0000000798500000| PB 0x0000000798500000| Untracked |  0
| 390|0x0000000798600000, 0x0000000798600000, 0x0000000798700000|  0%| F|  |TAMS 0x0000000798600000| PB 0x0000000798600000| Untracked |  0
| 391|0x0000000798700000, 0x0000000798700000, 0x0000000798800000|  0%| F|  |TAMS 0x0000000798700000| PB 0x0000000798700000| Untracked |  0
| 392|0x0000000798800000, 0x0000000798800000, 0x0000000798900000|  0%| F|  |TAMS 0x0000000798800000| PB 0x0000000798800000| Untracked |  0
| 393|0x0000000798900000, 0x0000000798900000, 0x0000000798a00000|  0%| F|  |TAMS 0x0000000798900000| PB 0x0000000798900000| Untracked |  0
| 394|0x0000000798a00000, 0x0000000798a00000, 0x0000000798b00000|  0%| F|  |TAMS 0x0000000798a00000| PB 0x0000000798a00000| Untracked |  0
| 395|0x0000000798b00000, 0x0000000798b00000, 0x0000000798c00000|  0%| F|  |TAMS 0x0000000798b00000| PB 0x0000000798b00000| Untracked |  0
| 396|0x0000000798c00000, 0x0000000798c00000, 0x0000000798d00000|  0%| F|  |TAMS 0x0000000798c00000| PB 0x0000000798c00000| Untracked |  0
| 397|0x0000000798d00000, 0x0000000798d00000, 0x0000000798e00000|  0%| F|  |TAMS 0x0000000798d00000| PB 0x0000000798d00000| Untracked |  0
| 398|0x0000000798e00000, 0x0000000798e00000, 0x0000000798f00000|  0%| F|  |TAMS 0x0000000798e00000| PB 0x0000000798e00000| Untracked |  0
| 399|0x0000000798f00000, 0x0000000798f00000, 0x0000000799000000|  0%| F|  |TAMS 0x0000000798f00000| PB 0x0000000798f00000| Untracked |  0
| 400|0x0000000799000000, 0x0000000799000000, 0x0000000799100000|  0%| F|  |TAMS 0x0000000799000000| PB 0x0000000799000000| Untracked |  0
| 401|0x0000000799100000, 0x0000000799100000, 0x0000000799200000|  0%| F|  |TAMS 0x0000000799100000| PB 0x0000000799100000| Untracked |  0
| 402|0x0000000799200000, 0x0000000799200000, 0x0000000799300000|  0%| F|  |TAMS 0x0000000799200000| PB 0x0000000799200000| Untracked |  0
| 403|0x0000000799300000, 0x0000000799300000, 0x0000000799400000|  0%| F|  |TAMS 0x0000000799300000| PB 0x0000000799300000| Untracked |  0
| 404|0x0000000799400000, 0x0000000799400000, 0x0000000799500000|  0%| F|  |TAMS 0x0000000799400000| PB 0x0000000799400000| Untracked |  0
| 405|0x0000000799500000, 0x0000000799500000, 0x0000000799600000|  0%| F|  |TAMS 0x0000000799500000| PB 0x0000000799500000| Untracked |  0
| 406|0x0000000799600000, 0x0000000799600000, 0x0000000799700000|  0%| F|  |TAMS 0x0000000799600000| PB 0x0000000799600000| Untracked |  0
| 407|0x0000000799700000, 0x0000000799700000, 0x0000000799800000|  0%| F|  |TAMS 0x0000000799700000| PB 0x0000000799700000| Untracked |  0
| 408|0x0000000799800000, 0x0000000799800000, 0x0000000799900000|  0%| F|  |TAMS 0x0000000799800000| PB 0x0000000799800000| Untracked |  0
| 409|0x0000000799900000, 0x0000000799900000, 0x0000000799a00000|  0%| F|  |TAMS 0x0000000799900000| PB 0x0000000799900000| Untracked |  0
| 410|0x0000000799a00000, 0x0000000799a00000, 0x0000000799b00000|  0%| F|  |TAMS 0x0000000799a00000| PB 0x0000000799a00000| Untracked |  0
| 411|0x0000000799b00000, 0x0000000799b00000, 0x0000000799c00000|  0%| F|  |TAMS 0x0000000799b00000| PB 0x0000000799b00000| Untracked |  0
| 412|0x0000000799c00000, 0x0000000799c00000, 0x0000000799d00000|  0%| F|  |TAMS 0x0000000799c00000| PB 0x0000000799c00000| Untracked |  0
| 413|0x0000000799d00000, 0x0000000799d00000, 0x0000000799e00000|  0%| F|  |TAMS 0x0000000799d00000| PB 0x0000000799d00000| Untracked |  0
| 414|0x0000000799e00000, 0x0000000799e00000, 0x0000000799f00000|  0%| F|  |TAMS 0x0000000799e00000| PB 0x0000000799e00000| Untracked |  0
| 415|0x0000000799f00000, 0x0000000799f00000, 0x000000079a000000|  0%| F|  |TAMS 0x0000000799f00000| PB 0x0000000799f00000| Untracked |  0
| 416|0x000000079a000000, 0x000000079a000000, 0x000000079a100000|  0%| F|  |TAMS 0x000000079a000000| PB 0x000000079a000000| Untracked |  0
| 417|0x000000079a100000, 0x000000079a100000, 0x000000079a200000|  0%| F|  |TAMS 0x000000079a100000| PB 0x000000079a100000| Untracked |  0
| 418|0x000000079a200000, 0x000000079a200000, 0x000000079a300000|  0%| F|  |TAMS 0x000000079a200000| PB 0x000000079a200000| Untracked |  0
| 419|0x000000079a300000, 0x000000079a300000, 0x000000079a400000|  0%| F|  |TAMS 0x000000079a300000| PB 0x000000079a300000| Untracked |  0
| 420|0x000000079a400000, 0x000000079a400000, 0x000000079a500000|  0%| F|  |TAMS 0x000000079a400000| PB 0x000000079a400000| Untracked |  0
| 421|0x000000079a500000, 0x000000079a500000, 0x000000079a600000|  0%| F|  |TAMS 0x000000079a500000| PB 0x000000079a500000| Untracked |  0
| 422|0x000000079a600000, 0x000000079a600000, 0x000000079a700000|  0%| F|  |TAMS 0x000000079a600000| PB 0x000000079a600000| Untracked |  0
| 423|0x000000079a700000, 0x000000079a700000, 0x000000079a800000|  0%| F|  |TAMS 0x000000079a700000| PB 0x000000079a700000| Untracked |  0
| 424|0x000000079a800000, 0x000000079a800000, 0x000000079a900000|  0%| F|  |TAMS 0x000000079a800000| PB 0x000000079a800000| Untracked |  0
| 425|0x000000079a900000, 0x000000079a900000, 0x000000079aa00000|  0%| F|  |TAMS 0x000000079a900000| PB 0x000000079a900000| Untracked |  0
| 426|0x000000079aa00000, 0x000000079aa00000, 0x000000079ab00000|  0%| F|  |TAMS 0x000000079aa00000| PB 0x000000079aa00000| Untracked |  0
| 427|0x000000079ab00000, 0x000000079ab00000, 0x000000079ac00000|  0%| F|  |TAMS 0x000000079ab00000| PB 0x000000079ab00000| Untracked |  0
| 428|0x000000079ac00000, 0x000000079ac00000, 0x000000079ad00000|  0%| F|  |TAMS 0x000000079ac00000| PB 0x000000079ac00000| Untracked |  0
| 429|0x000000079ad00000, 0x000000079ad00000, 0x000000079ae00000|  0%| F|  |TAMS 0x000000079ad00000| PB 0x000000079ad00000| Untracked |  0
| 430|0x000000079ae00000, 0x000000079ae00000, 0x000000079af00000|  0%| F|  |TAMS 0x000000079ae00000| PB 0x000000079ae00000| Untracked |  0
| 431|0x000000079af00000, 0x000000079af00000, 0x000000079b000000|  0%| F|  |TAMS 0x000000079af00000| PB 0x000000079af00000| Untracked |  0
| 432|0x000000079b000000, 0x000000079b000000, 0x000000079b100000|  0%| F|  |TAMS 0x000000079b000000| PB 0x000000079b000000| Untracked |  0
| 433|0x000000079b100000, 0x000000079b100000, 0x000000079b200000|  0%| F|  |TAMS 0x000000079b100000| PB 0x000000079b100000| Untracked |  0
| 434|0x000000079b200000, 0x000000079b200000, 0x000000079b300000|  0%| F|  |TAMS 0x000000079b200000| PB 0x000000079b200000| Untracked |  0
| 435|0x000000079b300000, 0x000000079b300000, 0x000000079b400000|  0%| F|  |TAMS 0x000000079b300000| PB 0x000000079b300000| Untracked |  0
| 436|0x000000079b400000, 0x000000079b400000, 0x000000079b500000|  0%| F|  |TAMS 0x000000079b400000| PB 0x000000079b400000| Untracked |  0
| 437|0x000000079b500000, 0x000000079b500000, 0x000000079b600000|  0%| F|  |TAMS 0x000000079b500000| PB 0x000000079b500000| Untracked |  0
| 438|0x000000079b600000, 0x000000079b600000, 0x000000079b700000|  0%| F|  |TAMS 0x000000079b600000| PB 0x000000079b600000| Untracked |  0
| 439|0x000000079b700000, 0x000000079b700000, 0x000000079b800000|  0%| F|  |TAMS 0x000000079b700000| PB 0x000000079b700000| Untracked |  0
| 440|0x000000079b800000, 0x000000079b800000, 0x000000079b900000|  0%| F|  |TAMS 0x000000079b800000| PB 0x000000079b800000| Untracked |  0
| 441|0x000000079b900000, 0x000000079b900000, 0x000000079ba00000|  0%| F|  |TAMS 0x000000079b900000| PB 0x000000079b900000| Untracked |  0
| 442|0x000000079ba00000, 0x000000079ba00000, 0x000000079bb00000|  0%| F|  |TAMS 0x000000079ba00000| PB 0x000000079ba00000| Untracked |  0
| 443|0x000000079bb00000, 0x000000079bb00000, 0x000000079bc00000|  0%| F|  |TAMS 0x000000079bb00000| PB 0x000000079bb00000| Untracked |  0
| 444|0x000000079bc00000, 0x000000079bc00000, 0x000000079bd00000|  0%| F|  |TAMS 0x000000079bc00000| PB 0x000000079bc00000| Untracked |  0
| 445|0x000000079bd00000, 0x000000079bd00000, 0x000000079be00000|  0%| F|  |TAMS 0x000000079bd00000| PB 0x000000079bd00000| Untracked |  0
| 446|0x000000079be00000, 0x000000079be00000, 0x000000079bf00000|  0%| F|  |TAMS 0x000000079be00000| PB 0x000000079be00000| Untracked |  0
| 447|0x000000079bf00000, 0x000000079bf00000, 0x000000079c000000|  0%| F|  |TAMS 0x000000079bf00000| PB 0x000000079bf00000| Untracked |  0
| 448|0x000000079c000000, 0x000000079c000000, 0x000000079c100000|  0%| F|  |TAMS 0x000000079c000000| PB 0x000000079c000000| Untracked |  0
| 449|0x000000079c100000, 0x000000079c100000, 0x000000079c200000|  0%| F|  |TAMS 0x000000079c100000| PB 0x000000079c100000| Untracked |  0
| 450|0x000000079c200000, 0x000000079c200000, 0x000000079c300000|  0%| F|  |TAMS 0x000000079c200000| PB 0x000000079c200000| Untracked |  0
| 451|0x000000079c300000, 0x000000079c300000, 0x000000079c400000|  0%| F|  |TAMS 0x000000079c300000| PB 0x000000079c300000| Untracked |  0
| 452|0x000000079c400000, 0x000000079c400000, 0x000000079c500000|  0%| F|  |TAMS 0x000000079c400000| PB 0x000000079c400000| Untracked |  0
| 453|0x000000079c500000, 0x000000079c500000, 0x000000079c600000|  0%| F|  |TAMS 0x000000079c500000| PB 0x000000079c500000| Untracked |  0
| 454|0x000000079c600000, 0x000000079c600000, 0x000000079c700000|  0%| F|  |TAMS 0x000000079c600000| PB 0x000000079c600000| Untracked |  0
| 455|0x000000079c700000, 0x000000079c700000, 0x000000079c800000|  0%| F|  |TAMS 0x000000079c700000| PB 0x000000079c700000| Untracked |  0
| 456|0x000000079c800000, 0x000000079c800000, 0x000000079c900000|  0%| F|  |TAMS 0x000000079c800000| PB 0x000000079c800000| Untracked |  0
| 457|0x000000079c900000, 0x000000079c900000, 0x000000079ca00000|  0%| F|  |TAMS 0x000000079c900000| PB 0x000000079c900000| Untracked |  0
| 458|0x000000079ca00000, 0x000000079ca00000, 0x000000079cb00000|  0%| F|  |TAMS 0x000000079ca00000| PB 0x000000079ca00000| Untracked |  0
| 459|0x000000079cb00000, 0x000000079cb00000, 0x000000079cc00000|  0%| F|  |TAMS 0x000000079cb00000| PB 0x000000079cb00000| Untracked |  0
| 460|0x000000079cc00000, 0x000000079cc00000, 0x000000079cd00000|  0%| F|  |TAMS 0x000000079cc00000| PB 0x000000079cc00000| Untracked |  0
| 461|0x000000079cd00000, 0x000000079cd80000, 0x000000079ce00000| 50%| E|  |TAMS 0x000000079cd00000| PB 0x000000079cd00000| Complete |  0
| 462|0x000000079ce00000, 0x000000079cf00000, 0x000000079cf00000|100%| E|CS|TAMS 0x000000079ce00000| PB 0x000000079ce00000| Complete |  0
| 463|0x000000079cf00000, 0x000000079d000000, 0x000000079d000000|100%| E|CS|TAMS 0x000000079cf00000| PB 0x000000079cf00000| Complete |  0
| 464|0x000000079d000000, 0x000000079d100000, 0x000000079d100000|100%| E|CS|TAMS 0x000000079d000000| PB 0x000000079d000000| Complete |  0
| 465|0x000000079d100000, 0x000000079d200000, 0x000000079d200000|100%| E|CS|TAMS 0x000000079d100000| PB 0x000000079d100000| Complete |  0
| 466|0x000000079d200000, 0x000000079d300000, 0x000000079d300000|100%| E|CS|TAMS 0x000000079d200000| PB 0x000000079d200000| Complete |  0
| 467|0x000000079d300000, 0x000000079d400000, 0x000000079d400000|100%| E|CS|TAMS 0x000000079d300000| PB 0x000000079d300000| Complete |  0
| 468|0x000000079d400000, 0x000000079d500000, 0x000000079d500000|100%| E|CS|TAMS 0x000000079d400000| PB 0x000000079d400000| Complete |  0
| 469|0x000000079d500000, 0x000000079d600000, 0x000000079d600000|100%| E|CS|TAMS 0x000000079d500000| PB 0x000000079d500000| Complete |  0
| 470|0x000000079d600000, 0x000000079d700000, 0x000000079d700000|100%| E|CS|TAMS 0x000000079d600000| PB 0x000000079d600000| Complete |  0
| 471|0x000000079d700000, 0x000000079d800000, 0x000000079d800000|100%| E|CS|TAMS 0x000000079d700000| PB 0x000000079d700000| Complete |  0
| 472|0x000000079d800000, 0x000000079d900000, 0x000000079d900000|100%| E|CS|TAMS 0x000000079d800000| PB 0x000000079d800000| Complete |  0
| 473|0x000000079d900000, 0x000000079da00000, 0x000000079da00000|100%| E|CS|TAMS 0x000000079d900000| PB 0x000000079d900000| Complete |  0
| 474|0x000000079da00000, 0x000000079db00000, 0x000000079db00000|100%| E|CS|TAMS 0x000000079da00000| PB 0x000000079da00000| Complete |  0
| 475|0x000000079db00000, 0x000000079dc00000, 0x000000079dc00000|100%| E|CS|TAMS 0x000000079db00000| PB 0x000000079db00000| Complete |  0
| 476|0x000000079dc00000, 0x000000079dd00000, 0x000000079dd00000|100%| E|CS|TAMS 0x000000079dc00000| PB 0x000000079dc00000| Complete |  0
| 477|0x000000079dd00000, 0x000000079de00000, 0x000000079de00000|100%| E|CS|TAMS 0x000000079dd00000| PB 0x000000079dd00000| Complete |  0
| 478|0x000000079de00000, 0x000000079df00000, 0x000000079df00000|100%| E|CS|TAMS 0x000000079de00000| PB 0x000000079de00000| Complete |  0
| 479|0x000000079df00000, 0x000000079e000000, 0x000000079e000000|100%| E|CS|TAMS 0x000000079df00000| PB 0x000000079df00000| Complete |  0
| 480|0x000000079e000000, 0x000000079e100000, 0x000000079e100000|100%| E|CS|TAMS 0x000000079e000000| PB 0x000000079e000000| Complete |  0
| 481|0x000000079e100000, 0x000000079e200000, 0x000000079e200000|100%| E|CS|TAMS 0x000000079e100000| PB 0x000000079e100000| Complete |  0
| 482|0x000000079e200000, 0x000000079e300000, 0x000000079e300000|100%| E|CS|TAMS 0x000000079e200000| PB 0x000000079e200000| Complete |  0
| 483|0x000000079e300000, 0x000000079e400000, 0x000000079e400000|100%| E|CS|TAMS 0x000000079e300000| PB 0x000000079e300000| Complete |  0
| 484|0x000000079e400000, 0x000000079e500000, 0x000000079e500000|100%| E|CS|TAMS 0x000000079e400000| PB 0x000000079e400000| Complete |  0
| 485|0x000000079e500000, 0x000000079e600000, 0x000000079e600000|100%| E|CS|TAMS 0x000000079e500000| PB 0x000000079e500000| Complete |  0
| 486|0x000000079e600000, 0x000000079e700000, 0x000000079e700000|100%| E|CS|TAMS 0x000000079e600000| PB 0x000000079e600000| Complete |  0
| 487|0x000000079e700000, 0x000000079e800000, 0x000000079e800000|100%| E|CS|TAMS 0x000000079e700000| PB 0x000000079e700000| Complete |  0
| 488|0x000000079e800000, 0x000000079e900000, 0x000000079e900000|100%| E|CS|TAMS 0x000000079e800000| PB 0x000000079e800000| Complete |  0
| 489|0x000000079e900000, 0x000000079ea00000, 0x000000079ea00000|100%| E|CS|TAMS 0x000000079e900000| PB 0x000000079e900000| Complete |  0
| 490|0x000000079ea00000, 0x000000079eb00000, 0x000000079eb00000|100%| E|CS|TAMS 0x000000079ea00000| PB 0x000000079ea00000| Complete |  0
| 491|0x000000079eb00000, 0x000000079ec00000, 0x000000079ec00000|100%| E|CS|TAMS 0x000000079eb00000| PB 0x000000079eb00000| Complete |  0
| 492|0x000000079ec00000, 0x000000079ed00000, 0x000000079ed00000|100%| E|CS|TAMS 0x000000079ec00000| PB 0x000000079ec00000| Complete |  0
| 493|0x000000079ed00000, 0x000000079ee00000, 0x000000079ee00000|100%| E|CS|TAMS 0x000000079ed00000| PB 0x000000079ed00000| Complete |  0
| 494|0x000000079ee00000, 0x000000079ef00000, 0x000000079ef00000|100%| E|CS|TAMS 0x000000079ee00000| PB 0x000000079ee00000| Complete |  0
| 495|0x000000079ef00000, 0x000000079f000000, 0x000000079f000000|100%| E|CS|TAMS 0x000000079ef00000| PB 0x000000079ef00000| Complete |  0
| 496|0x000000079f000000, 0x000000079f100000, 0x000000079f100000|100%| E|CS|TAMS 0x000000079f000000| PB 0x000000079f000000| Complete |  0
| 497|0x000000079f100000, 0x000000079f200000, 0x000000079f200000|100%| E|CS|TAMS 0x000000079f100000| PB 0x000000079f100000| Complete |  0
| 498|0x000000079f200000, 0x000000079f300000, 0x000000079f300000|100%| E|CS|TAMS 0x000000079f200000| PB 0x000000079f200000| Complete |  0
| 499|0x000000079f300000, 0x000000079f400000, 0x000000079f400000|100%| E|CS|TAMS 0x000000079f300000| PB 0x000000079f300000| Complete |  0
| 500|0x000000079f400000, 0x000000079f500000, 0x000000079f500000|100%| E|CS|TAMS 0x000000079f400000| PB 0x000000079f400000| Complete |  0
| 501|0x000000079f500000, 0x000000079f600000, 0x000000079f600000|100%| E|CS|TAMS 0x000000079f500000| PB 0x000000079f500000| Complete |  0
| 502|0x000000079f600000, 0x000000079f700000, 0x000000079f700000|100%| E|CS|TAMS 0x000000079f600000| PB 0x000000079f600000| Complete |  0
| 503|0x000000079f700000, 0x000000079f800000, 0x000000079f800000|100%| E|CS|TAMS 0x000000079f700000| PB 0x000000079f700000| Complete |  0
| 504|0x000000079f800000, 0x000000079f900000, 0x000000079f900000|100%| E|CS|TAMS 0x000000079f800000| PB 0x000000079f800000| Complete |  0
| 505|0x000000079f900000, 0x000000079fa00000, 0x000000079fa00000|100%| E|CS|TAMS 0x000000079f900000| PB 0x000000079f900000| Complete |  0
| 506|0x000000079fa00000, 0x000000079fb00000, 0x000000079fb00000|100%| E|CS|TAMS 0x000000079fa00000| PB 0x000000079fa00000| Complete |  0
| 507|0x000000079fb00000, 0x000000079fc00000, 0x000000079fc00000|100%| E|CS|TAMS 0x000000079fb00000| PB 0x000000079fb00000| Complete |  0
| 508|0x000000079fc00000, 0x000000079fd00000, 0x000000079fd00000|100%| E|CS|TAMS 0x000000079fc00000| PB 0x000000079fc00000| Complete |  0
| 509|0x000000079fd00000, 0x000000079fe00000, 0x000000079fe00000|100%| E|CS|TAMS 0x000000079fd00000| PB 0x000000079fd00000| Complete |  0
| 510|0x000000079fe00000, 0x000000079ff00000, 0x000000079ff00000|100%| E|CS|TAMS 0x000000079fe00000| PB 0x000000079fe00000| Complete |  0
| 511|0x000000079ff00000, 0x00000007a0000000, 0x00000007a0000000|100%| E|CS|TAMS 0x000000079ff00000| PB 0x000000079ff00000| Complete |  0
| 512|0x00000007a0000000, 0x00000007a0100000, 0x00000007a0100000|100%| E|CS|TAMS 0x00000007a0000000| PB 0x00000007a0000000| Complete |  0
| 513|0x00000007a0100000, 0x00000007a0200000, 0x00000007a0200000|100%| E|CS|TAMS 0x00000007a0100000| PB 0x00000007a0100000| Complete |  0
| 514|0x00000007a0200000, 0x00000007a0300000, 0x00000007a0300000|100%| E|CS|TAMS 0x00000007a0200000| PB 0x00000007a0200000| Complete |  0
| 515|0x00000007a0300000, 0x00000007a0400000, 0x00000007a0400000|100%| E|CS|TAMS 0x00000007a0300000| PB 0x00000007a0300000| Complete |  0
| 516|0x00000007a0400000, 0x00000007a0500000, 0x00000007a0500000|100%| E|CS|TAMS 0x00000007a0400000| PB 0x00000007a0400000| Complete |  0
| 517|0x00000007a0500000, 0x00000007a0600000, 0x00000007a0600000|100%| E|CS|TAMS 0x00000007a0500000| PB 0x00000007a0500000| Complete |  0
| 518|0x00000007a0600000, 0x00000007a0700000, 0x00000007a0700000|100%| E|CS|TAMS 0x00000007a0600000| PB 0x00000007a0600000| Complete |  0
| 519|0x00000007a0700000, 0x00000007a0800000, 0x00000007a0800000|100%| E|CS|TAMS 0x00000007a0700000| PB 0x00000007a0700000| Complete |  0
| 520|0x00000007a0800000, 0x00000007a0900000, 0x00000007a0900000|100%| E|CS|TAMS 0x00000007a0800000| PB 0x00000007a0800000| Complete |  0
| 521|0x00000007a0900000, 0x00000007a0a00000, 0x00000007a0a00000|100%| E|CS|TAMS 0x00000007a0900000| PB 0x00000007a0900000| Complete |  0
| 522|0x00000007a0a00000, 0x00000007a0b00000, 0x00000007a0b00000|100%| E|CS|TAMS 0x00000007a0a00000| PB 0x00000007a0a00000| Complete |  0
| 523|0x00000007a0b00000, 0x00000007a0c00000, 0x00000007a0c00000|100%| E|CS|TAMS 0x00000007a0b00000| PB 0x00000007a0b00000| Complete |  0
| 524|0x00000007a0c00000, 0x00000007a0d00000, 0x00000007a0d00000|100%| E|CS|TAMS 0x00000007a0c00000| PB 0x00000007a0c00000| Complete |  0
| 525|0x00000007a0d00000, 0x00000007a0e00000, 0x00000007a0e00000|100%| E|CS|TAMS 0x00000007a0d00000| PB 0x00000007a0d00000| Complete |  0
| 526|0x00000007a0e00000, 0x00000007a0f00000, 0x00000007a0f00000|100%| E|CS|TAMS 0x00000007a0e00000| PB 0x00000007a0e00000| Complete |  0
| 527|0x00000007a0f00000, 0x00000007a1000000, 0x00000007a1000000|100%| E|CS|TAMS 0x00000007a0f00000| PB 0x00000007a0f00000| Complete |  0
| 528|0x00000007a1000000, 0x00000007a1100000, 0x00000007a1100000|100%| E|CS|TAMS 0x00000007a1000000| PB 0x00000007a1000000| Complete |  0
| 529|0x00000007a1100000, 0x00000007a1200000, 0x00000007a1200000|100%| E|CS|TAMS 0x00000007a1100000| PB 0x00000007a1100000| Complete |  0
| 530|0x00000007a1200000, 0x00000007a1300000, 0x00000007a1300000|100%| E|CS|TAMS 0x00000007a1200000| PB 0x00000007a1200000| Complete |  0
| 531|0x00000007a1300000, 0x00000007a1400000, 0x00000007a1400000|100%| E|CS|TAMS 0x00000007a1300000| PB 0x00000007a1300000| Complete |  0
| 532|0x00000007a1400000, 0x00000007a1500000, 0x00000007a1500000|100%| E|CS|TAMS 0x00000007a1400000| PB 0x00000007a1400000| Complete |  0
| 533|0x00000007a1500000, 0x00000007a1600000, 0x00000007a1600000|100%| E|CS|TAMS 0x00000007a1500000| PB 0x00000007a1500000| Complete |  0
| 534|0x00000007a1600000, 0x00000007a1700000, 0x00000007a1700000|100%| E|CS|TAMS 0x00000007a1600000| PB 0x00000007a1600000| Complete |  0
| 535|0x00000007a1700000, 0x00000007a1800000, 0x00000007a1800000|100%| E|CS|TAMS 0x00000007a1700000| PB 0x00000007a1700000| Complete |  0
| 536|0x00000007a1800000, 0x00000007a1900000, 0x00000007a1900000|100%| E|CS|TAMS 0x00000007a1800000| PB 0x00000007a1800000| Complete |  0
| 537|0x00000007a1900000, 0x00000007a1a00000, 0x00000007a1a00000|100%| E|CS|TAMS 0x00000007a1900000| PB 0x00000007a1900000| Complete |  0
| 538|0x00000007a1a00000, 0x00000007a1b00000, 0x00000007a1b00000|100%| E|CS|TAMS 0x00000007a1a00000| PB 0x00000007a1a00000| Complete |  0
| 539|0x00000007a1b00000, 0x00000007a1c00000, 0x00000007a1c00000|100%| E|CS|TAMS 0x00000007a1b00000| PB 0x00000007a1b00000| Complete |  0
| 540|0x00000007a1c00000, 0x00000007a1d00000, 0x00000007a1d00000|100%| E|CS|TAMS 0x00000007a1c00000| PB 0x00000007a1c00000| Complete |  0
| 541|0x00000007a1d00000, 0x00000007a1e00000, 0x00000007a1e00000|100%| E|CS|TAMS 0x00000007a1d00000| PB 0x00000007a1d00000| Complete |  0
| 542|0x00000007a1e00000, 0x00000007a1f00000, 0x00000007a1f00000|100%| E|CS|TAMS 0x00000007a1e00000| PB 0x00000007a1e00000| Complete |  0
| 543|0x00000007a1f00000, 0x00000007a2000000, 0x00000007a2000000|100%| E|CS|TAMS 0x00000007a1f00000| PB 0x00000007a1f00000| Complete |  0
| 544|0x00000007a2000000, 0x00000007a2100000, 0x00000007a2100000|100%| E|CS|TAMS 0x00000007a2000000| PB 0x00000007a2000000| Complete |  0
| 545|0x00000007a2100000, 0x00000007a2200000, 0x00000007a2200000|100%| E|CS|TAMS 0x00000007a2100000| PB 0x00000007a2100000| Complete |  0
| 546|0x00000007a2200000, 0x00000007a2300000, 0x00000007a2300000|100%| E|CS|TAMS 0x00000007a2200000| PB 0x00000007a2200000| Complete |  0
| 547|0x00000007a2300000, 0x00000007a2400000, 0x00000007a2400000|100%| E|CS|TAMS 0x00000007a2300000| PB 0x00000007a2300000| Complete |  0
| 548|0x00000007a2400000, 0x00000007a2500000, 0x00000007a2500000|100%| E|CS|TAMS 0x00000007a2400000| PB 0x00000007a2400000| Complete |  0
| 549|0x00000007a2500000, 0x00000007a2600000, 0x00000007a2600000|100%| E|CS|TAMS 0x00000007a2500000| PB 0x00000007a2500000| Complete |  0
| 550|0x00000007a2600000, 0x00000007a2700000, 0x00000007a2700000|100%| E|CS|TAMS 0x00000007a2600000| PB 0x00000007a2600000| Complete |  0
| 551|0x00000007a2700000, 0x00000007a2800000, 0x00000007a2800000|100%| E|CS|TAMS 0x00000007a2700000| PB 0x00000007a2700000| Complete |  0
| 552|0x00000007a2800000, 0x00000007a2900000, 0x00000007a2900000|100%| E|CS|TAMS 0x00000007a2800000| PB 0x00000007a2800000| Complete |  0
| 553|0x00000007a2900000, 0x00000007a2a00000, 0x00000007a2a00000|100%| E|CS|TAMS 0x00000007a2900000| PB 0x00000007a2900000| Complete |  0
| 554|0x00000007a2a00000, 0x00000007a2b00000, 0x00000007a2b00000|100%| E|CS|TAMS 0x00000007a2a00000| PB 0x00000007a2a00000| Complete |  0
| 555|0x00000007a2b00000, 0x00000007a2c00000, 0x00000007a2c00000|100%| E|CS|TAMS 0x00000007a2b00000| PB 0x00000007a2b00000| Complete |  0
| 556|0x00000007a2c00000, 0x00000007a2d00000, 0x00000007a2d00000|100%| E|CS|TAMS 0x00000007a2c00000| PB 0x00000007a2c00000| Complete |  0
| 557|0x00000007a2d00000, 0x00000007a2e00000, 0x00000007a2e00000|100%| E|CS|TAMS 0x00000007a2d00000| PB 0x00000007a2d00000| Complete |  0
| 558|0x00000007a2e00000, 0x00000007a2f00000, 0x00000007a2f00000|100%| E|CS|TAMS 0x00000007a2e00000| PB 0x00000007a2e00000| Complete |  0
| 559|0x00000007a2f00000, 0x00000007a3000000, 0x00000007a3000000|100%| E|CS|TAMS 0x00000007a2f00000| PB 0x00000007a2f00000| Complete |  0
| 560|0x00000007a3000000, 0x00000007a3100000, 0x00000007a3100000|100%| E|CS|TAMS 0x00000007a3000000| PB 0x00000007a3000000| Complete |  0
| 561|0x00000007a3100000, 0x00000007a3200000, 0x00000007a3200000|100%| E|CS|TAMS 0x00000007a3100000| PB 0x00000007a3100000| Complete |  0
| 562|0x00000007a3200000, 0x00000007a3300000, 0x00000007a3300000|100%| E|CS|TAMS 0x00000007a3200000| PB 0x00000007a3200000| Complete |  0
| 563|0x00000007a3300000, 0x00000007a3400000, 0x00000007a3400000|100%| E|CS|TAMS 0x00000007a3300000| PB 0x00000007a3300000| Complete |  0
| 564|0x00000007a3400000, 0x00000007a3500000, 0x00000007a3500000|100%| E|CS|TAMS 0x00000007a3400000| PB 0x00000007a3400000| Complete |  0
| 565|0x00000007a3500000, 0x00000007a3600000, 0x00000007a3600000|100%| E|CS|TAMS 0x00000007a3500000| PB 0x00000007a3500000| Complete |  0
| 566|0x00000007a3600000, 0x00000007a3700000, 0x00000007a3700000|100%| E|CS|TAMS 0x00000007a3600000| PB 0x00000007a3600000| Complete |  0
| 567|0x00000007a3700000, 0x00000007a3800000, 0x00000007a3800000|100%| E|CS|TAMS 0x00000007a3700000| PB 0x00000007a3700000| Complete |  0
| 568|0x00000007a3800000, 0x00000007a3900000, 0x00000007a3900000|100%| E|CS|TAMS 0x00000007a3800000| PB 0x00000007a3800000| Complete |  0
| 569|0x00000007a3900000, 0x00000007a3a00000, 0x00000007a3a00000|100%| E|CS|TAMS 0x00000007a3900000| PB 0x00000007a3900000| Complete |  0
| 570|0x00000007a3a00000, 0x00000007a3b00000, 0x00000007a3b00000|100%| E|CS|TAMS 0x00000007a3a00000| PB 0x00000007a3a00000| Complete |  0
| 571|0x00000007a3b00000, 0x00000007a3c00000, 0x00000007a3c00000|100%| E|CS|TAMS 0x00000007a3b00000| PB 0x00000007a3b00000| Complete |  0
| 572|0x00000007a3c00000, 0x00000007a3d00000, 0x00000007a3d00000|100%| E|CS|TAMS 0x00000007a3c00000| PB 0x00000007a3c00000| Complete |  0
| 573|0x00000007a3d00000, 0x00000007a3e00000, 0x00000007a3e00000|100%| E|CS|TAMS 0x00000007a3d00000| PB 0x00000007a3d00000| Complete |  0
| 574|0x00000007a3e00000, 0x00000007a3f00000, 0x00000007a3f00000|100%| E|CS|TAMS 0x00000007a3e00000| PB 0x00000007a3e00000| Complete |  0
| 575|0x00000007a3f00000, 0x00000007a4000000, 0x00000007a4000000|100%| E|CS|TAMS 0x00000007a3f00000| PB 0x00000007a3f00000| Complete |  0
| 576|0x00000007a4000000, 0x00000007a4100000, 0x00000007a4100000|100%| E|CS|TAMS 0x00000007a4000000| PB 0x00000007a4000000| Complete |  0
| 577|0x00000007a4100000, 0x00000007a4200000, 0x00000007a4200000|100%| E|CS|TAMS 0x00000007a4100000| PB 0x00000007a4100000| Complete |  0
| 578|0x00000007a4200000, 0x00000007a4300000, 0x00000007a4300000|100%| E|CS|TAMS 0x00000007a4200000| PB 0x00000007a4200000| Complete |  0
| 579|0x00000007a4300000, 0x00000007a4400000, 0x00000007a4400000|100%| E|CS|TAMS 0x00000007a4300000| PB 0x00000007a4300000| Complete |  0
| 580|0x00000007a4400000, 0x00000007a4500000, 0x00000007a4500000|100%| E|CS|TAMS 0x00000007a4400000| PB 0x00000007a4400000| Complete |  0
| 581|0x00000007a4500000, 0x00000007a4600000, 0x00000007a4600000|100%| E|CS|TAMS 0x00000007a4500000| PB 0x00000007a4500000| Complete |  0
| 582|0x00000007a4600000, 0x00000007a4700000, 0x00000007a4700000|100%| E|CS|TAMS 0x00000007a4600000| PB 0x00000007a4600000| Complete |  0
| 583|0x00000007a4700000, 0x00000007a4800000, 0x00000007a4800000|100%| E|CS|TAMS 0x00000007a4700000| PB 0x00000007a4700000| Complete |  0
| 584|0x00000007a4800000, 0x00000007a4900000, 0x00000007a4900000|100%| E|CS|TAMS 0x00000007a4800000| PB 0x00000007a4800000| Complete |  0
| 585|0x00000007a4900000, 0x00000007a4a00000, 0x00000007a4a00000|100%| E|CS|TAMS 0x00000007a4900000| PB 0x00000007a4900000| Complete |  0
| 586|0x00000007a4a00000, 0x00000007a4b00000, 0x00000007a4b00000|100%| E|CS|TAMS 0x00000007a4a00000| PB 0x00000007a4a00000| Complete |  0
| 587|0x00000007a4b00000, 0x00000007a4c00000, 0x00000007a4c00000|100%| E|CS|TAMS 0x00000007a4b00000| PB 0x00000007a4b00000| Complete |  0
| 588|0x00000007a4c00000, 0x00000007a4d00000, 0x00000007a4d00000|100%| E|CS|TAMS 0x00000007a4c00000| PB 0x00000007a4c00000| Complete |  0
| 589|0x00000007a4d00000, 0x00000007a4e00000, 0x00000007a4e00000|100%| E|CS|TAMS 0x00000007a4d00000| PB 0x00000007a4d00000| Complete |  0
| 590|0x00000007a4e00000, 0x00000007a4f00000, 0x00000007a4f00000|100%| E|CS|TAMS 0x00000007a4e00000| PB 0x00000007a4e00000| Complete |  0
| 591|0x00000007a4f00000, 0x00000007a5000000, 0x00000007a5000000|100%| E|CS|TAMS 0x00000007a4f00000| PB 0x00000007a4f00000| Complete |  0
| 592|0x00000007a5000000, 0x00000007a5100000, 0x00000007a5100000|100%| E|CS|TAMS 0x00000007a5000000| PB 0x00000007a5000000| Complete |  0
| 593|0x00000007a5100000, 0x00000007a5200000, 0x00000007a5200000|100%| E|CS|TAMS 0x00000007a5100000| PB 0x00000007a5100000| Complete |  0
| 594|0x00000007a5200000, 0x00000007a5300000, 0x00000007a5300000|100%| E|CS|TAMS 0x00000007a5200000| PB 0x00000007a5200000| Complete |  0
| 595|0x00000007a5300000, 0x00000007a5400000, 0x00000007a5400000|100%| E|CS|TAMS 0x00000007a5300000| PB 0x00000007a5300000| Complete |  0
| 596|0x00000007a5400000, 0x00000007a5500000, 0x00000007a5500000|100%| E|CS|TAMS 0x00000007a5400000| PB 0x00000007a5400000| Complete |  0
| 597|0x00000007a5500000, 0x00000007a5600000, 0x00000007a5600000|100%| E|CS|TAMS 0x00000007a5500000| PB 0x00000007a5500000| Complete |  0
| 598|0x00000007a5600000, 0x00000007a5700000, 0x00000007a5700000|100%| E|CS|TAMS 0x00000007a5600000| PB 0x00000007a5600000| Complete |  0
| 599|0x00000007a5700000, 0x00000007a5800000, 0x00000007a5800000|100%| E|CS|TAMS 0x00000007a5700000| PB 0x00000007a5700000| Complete |  0
| 600|0x00000007a5800000, 0x00000007a5900000, 0x00000007a5900000|100%| E|CS|TAMS 0x00000007a5800000| PB 0x00000007a5800000| Complete |  0
| 601|0x00000007a5900000, 0x00000007a5a00000, 0x00000007a5a00000|100%| E|CS|TAMS 0x00000007a5900000| PB 0x00000007a5900000| Complete |  0
| 602|0x00000007a5a00000, 0x00000007a5b00000, 0x00000007a5b00000|100%| E|CS|TAMS 0x00000007a5a00000| PB 0x00000007a5a00000| Complete |  0
| 603|0x00000007a5b00000, 0x00000007a5c00000, 0x00000007a5c00000|100%| E|CS|TAMS 0x00000007a5b00000| PB 0x00000007a5b00000| Complete |  0
| 604|0x00000007a5c00000, 0x00000007a5d00000, 0x00000007a5d00000|100%| E|CS|TAMS 0x00000007a5c00000| PB 0x00000007a5c00000| Complete |  0
| 605|0x00000007a5d00000, 0x00000007a5e00000, 0x00000007a5e00000|100%| E|CS|TAMS 0x00000007a5d00000| PB 0x00000007a5d00000| Complete |  0
| 606|0x00000007a5e00000, 0x00000007a5f00000, 0x00000007a5f00000|100%| E|CS|TAMS 0x00000007a5e00000| PB 0x00000007a5e00000| Complete |  0
| 607|0x00000007a5f00000, 0x00000007a6000000, 0x00000007a6000000|100%| E|CS|TAMS 0x00000007a5f00000| PB 0x00000007a5f00000| Complete |  0
| 608|0x00000007a6000000, 0x00000007a6100000, 0x00000007a6100000|100%| E|CS|TAMS 0x00000007a6000000| PB 0x00000007a6000000| Complete |  0
| 609|0x00000007a6100000, 0x00000007a6200000, 0x00000007a6200000|100%| E|CS|TAMS 0x00000007a6100000| PB 0x00000007a6100000| Complete |  0
| 610|0x00000007a6200000, 0x00000007a6300000, 0x00000007a6300000|100%| E|CS|TAMS 0x00000007a6200000| PB 0x00000007a6200000| Complete |  0
| 611|0x00000007a6300000, 0x00000007a6400000, 0x00000007a6400000|100%| E|CS|TAMS 0x00000007a6300000| PB 0x00000007a6300000| Complete |  0
| 612|0x00000007a6400000, 0x00000007a6500000, 0x00000007a6500000|100%| E|CS|TAMS 0x00000007a6400000| PB 0x00000007a6400000| Complete |  0
| 613|0x00000007a6500000, 0x00000007a6600000, 0x00000007a6600000|100%| E|CS|TAMS 0x00000007a6500000| PB 0x00000007a6500000| Complete |  0
| 614|0x00000007a6600000, 0x00000007a6700000, 0x00000007a6700000|100%| E|CS|TAMS 0x00000007a6600000| PB 0x00000007a6600000| Complete |  0
| 615|0x00000007a6700000, 0x00000007a6800000, 0x00000007a6800000|100%| E|CS|TAMS 0x00000007a6700000| PB 0x00000007a6700000| Complete |  0
| 616|0x00000007a6800000, 0x00000007a6900000, 0x00000007a6900000|100%| E|CS|TAMS 0x00000007a6800000| PB 0x00000007a6800000| Complete |  0
| 617|0x00000007a6900000, 0x00000007a6a00000, 0x00000007a6a00000|100%| E|CS|TAMS 0x00000007a6900000| PB 0x00000007a6900000| Complete |  0
| 618|0x00000007a6a00000, 0x00000007a6b00000, 0x00000007a6b00000|100%| E|CS|TAMS 0x00000007a6a00000| PB 0x00000007a6a00000| Complete |  0
| 619|0x00000007a6b00000, 0x00000007a6c00000, 0x00000007a6c00000|100%| E|CS|TAMS 0x00000007a6b00000| PB 0x00000007a6b00000| Complete |  0
| 620|0x00000007a6c00000, 0x00000007a6d00000, 0x00000007a6d00000|100%| E|CS|TAMS 0x00000007a6c00000| PB 0x00000007a6c00000| Complete |  0
| 621|0x00000007a6d00000, 0x00000007a6e00000, 0x00000007a6e00000|100%| E|CS|TAMS 0x00000007a6d00000| PB 0x00000007a6d00000| Complete |  0
| 622|0x00000007a6e00000, 0x00000007a6f00000, 0x00000007a6f00000|100%| E|CS|TAMS 0x00000007a6e00000| PB 0x00000007a6e00000| Complete |  0
| 623|0x00000007a6f00000, 0x00000007a7000000, 0x00000007a7000000|100%| E|CS|TAMS 0x00000007a6f00000| PB 0x00000007a6f00000| Complete |  0
| 624|0x00000007a7000000, 0x00000007a7100000, 0x00000007a7100000|100%| E|CS|TAMS 0x00000007a7000000| PB 0x00000007a7000000| Complete |  0
| 625|0x00000007a7100000, 0x00000007a7200000, 0x00000007a7200000|100%| E|CS|TAMS 0x00000007a7100000| PB 0x00000007a7100000| Complete |  0
| 626|0x00000007a7200000, 0x00000007a7300000, 0x00000007a7300000|100%| E|CS|TAMS 0x00000007a7200000| PB 0x00000007a7200000| Complete |  0
| 627|0x00000007a7300000, 0x00000007a7400000, 0x00000007a7400000|100%| E|CS|TAMS 0x00000007a7300000| PB 0x00000007a7300000| Complete |  0
| 628|0x00000007a7400000, 0x00000007a7500000, 0x00000007a7500000|100%| E|CS|TAMS 0x00000007a7400000| PB 0x00000007a7400000| Complete |  0
| 629|0x00000007a7500000, 0x00000007a7600000, 0x00000007a7600000|100%| E|CS|TAMS 0x00000007a7500000| PB 0x00000007a7500000| Complete |  0
| 630|0x00000007a7600000, 0x00000007a7700000, 0x00000007a7700000|100%| E|CS|TAMS 0x00000007a7600000| PB 0x00000007a7600000| Complete |  0
| 631|0x00000007a7700000, 0x00000007a7800000, 0x00000007a7800000|100%| E|CS|TAMS 0x00000007a7700000| PB 0x00000007a7700000| Complete |  0
| 632|0x00000007a7800000, 0x00000007a7900000, 0x00000007a7900000|100%| E|CS|TAMS 0x00000007a7800000| PB 0x00000007a7800000| Complete |  0
| 633|0x00000007a7900000, 0x00000007a7a00000, 0x00000007a7a00000|100%| E|CS|TAMS 0x00000007a7900000| PB 0x00000007a7900000| Complete |  0
| 634|0x00000007a7a00000, 0x00000007a7b00000, 0x00000007a7b00000|100%| E|CS|TAMS 0x00000007a7a00000| PB 0x00000007a7a00000| Complete |  0
| 635|0x00000007a7b00000, 0x00000007a7c00000, 0x00000007a7c00000|100%| E|CS|TAMS 0x00000007a7b00000| PB 0x00000007a7b00000| Complete |  0
| 636|0x00000007a7c00000, 0x00000007a7d00000, 0x00000007a7d00000|100%| E|CS|TAMS 0x00000007a7c00000| PB 0x00000007a7c00000| Complete |  0
| 637|0x00000007a7d00000, 0x00000007a7e00000, 0x00000007a7e00000|100%| E|CS|TAMS 0x00000007a7d00000| PB 0x00000007a7d00000| Complete |  0
| 638|0x00000007a7e00000, 0x00000007a7f00000, 0x00000007a7f00000|100%| E|CS|TAMS 0x00000007a7e00000| PB 0x00000007a7e00000| Complete |  0
| 639|0x00000007a7f00000, 0x00000007a8000000, 0x00000007a8000000|100%| E|CS|TAMS 0x00000007a7f00000| PB 0x00000007a7f00000| Complete |  0
| 640|0x00000007a8000000, 0x00000007a8100000, 0x00000007a8100000|100%| E|CS|TAMS 0x00000007a8000000| PB 0x00000007a8000000| Complete |  0
| 641|0x00000007a8100000, 0x00000007a8200000, 0x00000007a8200000|100%| E|CS|TAMS 0x00000007a8100000| PB 0x00000007a8100000| Complete |  0
| 642|0x00000007a8200000, 0x00000007a8300000, 0x00000007a8300000|100%| E|CS|TAMS 0x00000007a8200000| PB 0x00000007a8200000| Complete |  0
| 643|0x00000007a8300000, 0x00000007a8400000, 0x00000007a8400000|100%| E|CS|TAMS 0x00000007a8300000| PB 0x00000007a8300000| Complete |  0
| 644|0x00000007a8400000, 0x00000007a8500000, 0x00000007a8500000|100%| E|CS|TAMS 0x00000007a8400000| PB 0x00000007a8400000| Complete |  0
| 645|0x00000007a8500000, 0x00000007a8600000, 0x00000007a8600000|100%| E|CS|TAMS 0x00000007a8500000| PB 0x00000007a8500000| Complete |  0
| 646|0x00000007a8600000, 0x00000007a8700000, 0x00000007a8700000|100%| E|CS|TAMS 0x00000007a8600000| PB 0x00000007a8600000| Complete |  0
| 647|0x00000007a8700000, 0x00000007a8800000, 0x00000007a8800000|100%| E|CS|TAMS 0x00000007a8700000| PB 0x00000007a8700000| Complete |  0
| 648|0x00000007a8800000, 0x00000007a8900000, 0x00000007a8900000|100%| E|CS|TAMS 0x00000007a8800000| PB 0x00000007a8800000| Complete |  0
| 649|0x00000007a8900000, 0x00000007a8a00000, 0x00000007a8a00000|100%| E|CS|TAMS 0x00000007a8900000| PB 0x00000007a8900000| Complete |  0
| 650|0x00000007a8a00000, 0x00000007a8b00000, 0x00000007a8b00000|100%| E|CS|TAMS 0x00000007a8a00000| PB 0x00000007a8a00000| Complete |  0
| 651|0x00000007a8b00000, 0x00000007a8c00000, 0x00000007a8c00000|100%| E|CS|TAMS 0x00000007a8b00000| PB 0x00000007a8b00000| Complete |  0
| 652|0x00000007a8c00000, 0x00000007a8d00000, 0x00000007a8d00000|100%| E|CS|TAMS 0x00000007a8c00000| PB 0x00000007a8c00000| Complete |  0
| 653|0x00000007a8d00000, 0x00000007a8e00000, 0x00000007a8e00000|100%| E|CS|TAMS 0x00000007a8d00000| PB 0x00000007a8d00000| Complete |  0
| 654|0x00000007a8e00000, 0x00000007a8f00000, 0x00000007a8f00000|100%| E|CS|TAMS 0x00000007a8e00000| PB 0x00000007a8e00000| Complete |  0
| 655|0x00000007a8f00000, 0x00000007a9000000, 0x00000007a9000000|100%| E|CS|TAMS 0x00000007a8f00000| PB 0x00000007a8f00000| Complete |  0
| 656|0x00000007a9000000, 0x00000007a9100000, 0x00000007a9100000|100%| E|CS|TAMS 0x00000007a9000000| PB 0x00000007a9000000| Complete |  0
| 657|0x00000007a9100000, 0x00000007a9200000, 0x00000007a9200000|100%| E|CS|TAMS 0x00000007a9100000| PB 0x00000007a9100000| Complete |  0
| 658|0x00000007a9200000, 0x00000007a9300000, 0x00000007a9300000|100%| E|CS|TAMS 0x00000007a9200000| PB 0x00000007a9200000| Complete |  0
| 659|0x00000007a9300000, 0x00000007a9400000, 0x00000007a9400000|100%| E|CS|TAMS 0x00000007a9300000| PB 0x00000007a9300000| Complete |  0
| 660|0x00000007a9400000, 0x00000007a9500000, 0x00000007a9500000|100%| E|CS|TAMS 0x00000007a9400000| PB 0x00000007a9400000| Complete |  0
| 661|0x00000007a9500000, 0x00000007a9600000, 0x00000007a9600000|100%| E|CS|TAMS 0x00000007a9500000| PB 0x00000007a9500000| Complete |  0
| 662|0x00000007a9600000, 0x00000007a9700000, 0x00000007a9700000|100%| E|CS|TAMS 0x00000007a9600000| PB 0x00000007a9600000| Complete |  0
| 663|0x00000007a9700000, 0x00000007a9800000, 0x00000007a9800000|100%| E|CS|TAMS 0x00000007a9700000| PB 0x00000007a9700000| Complete |  0
| 664|0x00000007a9800000, 0x00000007a9900000, 0x00000007a9900000|100%| E|CS|TAMS 0x00000007a9800000| PB 0x00000007a9800000| Complete |  0
| 665|0x00000007a9900000, 0x00000007a9a00000, 0x00000007a9a00000|100%| E|CS|TAMS 0x00000007a9900000| PB 0x00000007a9900000| Complete |  0
| 666|0x00000007a9a00000, 0x00000007a9b00000, 0x00000007a9b00000|100%| E|CS|TAMS 0x00000007a9a00000| PB 0x00000007a9a00000| Complete |  0
| 667|0x00000007a9b00000, 0x00000007a9c00000, 0x00000007a9c00000|100%| E|CS|TAMS 0x00000007a9b00000| PB 0x00000007a9b00000| Complete |  0
| 668|0x00000007a9c00000, 0x00000007a9d00000, 0x00000007a9d00000|100%| E|CS|TAMS 0x00000007a9c00000| PB 0x00000007a9c00000| Complete |  0
| 669|0x00000007a9d00000, 0x00000007a9e00000, 0x00000007a9e00000|100%| E|CS|TAMS 0x00000007a9d00000| PB 0x00000007a9d00000| Complete |  0
| 670|0x00000007a9e00000, 0x00000007a9f00000, 0x00000007a9f00000|100%| E|CS|TAMS 0x00000007a9e00000| PB 0x00000007a9e00000| Complete |  0
| 671|0x00000007a9f00000, 0x00000007aa000000, 0x00000007aa000000|100%| E|CS|TAMS 0x00000007a9f00000| PB 0x00000007a9f00000| Complete |  0
| 672|0x00000007aa000000, 0x00000007aa100000, 0x00000007aa100000|100%| E|CS|TAMS 0x00000007aa000000| PB 0x00000007aa000000| Complete |  0
| 673|0x00000007aa100000, 0x00000007aa200000, 0x00000007aa200000|100%| E|CS|TAMS 0x00000007aa100000| PB 0x00000007aa100000| Complete |  0
| 674|0x00000007aa200000, 0x00000007aa300000, 0x00000007aa300000|100%| E|CS|TAMS 0x00000007aa200000| PB 0x00000007aa200000| Complete |  0
| 675|0x00000007aa300000, 0x00000007aa400000, 0x00000007aa400000|100%| E|CS|TAMS 0x00000007aa300000| PB 0x00000007aa300000| Complete |  0
| 676|0x00000007aa400000, 0x00000007aa500000, 0x00000007aa500000|100%| E|CS|TAMS 0x00000007aa400000| PB 0x00000007aa400000| Complete |  0
| 677|0x00000007aa500000, 0x00000007aa600000, 0x00000007aa600000|100%| E|CS|TAMS 0x00000007aa500000| PB 0x00000007aa500000| Complete |  0
| 678|0x00000007aa600000, 0x00000007aa700000, 0x00000007aa700000|100%| E|CS|TAMS 0x00000007aa600000| PB 0x00000007aa600000| Complete |  0
| 679|0x00000007aa700000, 0x00000007aa800000, 0x00000007aa800000|100%| E|CS|TAMS 0x00000007aa700000| PB 0x00000007aa700000| Complete |  0
| 680|0x00000007aa800000, 0x00000007aa900000, 0x00000007aa900000|100%| E|CS|TAMS 0x00000007aa800000| PB 0x00000007aa800000| Complete |  0
| 681|0x00000007aa900000, 0x00000007aaa00000, 0x00000007aaa00000|100%| E|CS|TAMS 0x00000007aa900000| PB 0x00000007aa900000| Complete |  0
| 682|0x00000007aaa00000, 0x00000007aab00000, 0x00000007aab00000|100%| E|CS|TAMS 0x00000007aaa00000| PB 0x00000007aaa00000| Complete |  0
| 683|0x00000007aab00000, 0x00000007aac00000, 0x00000007aac00000|100%| E|CS|TAMS 0x00000007aab00000| PB 0x00000007aab00000| Complete |  0
| 684|0x00000007aac00000, 0x00000007aad00000, 0x00000007aad00000|100%| E|CS|TAMS 0x00000007aac00000| PB 0x00000007aac00000| Complete |  0
| 685|0x00000007aad00000, 0x00000007aae00000, 0x00000007aae00000|100%| E|CS|TAMS 0x00000007aad00000| PB 0x00000007aad00000| Complete |  0
| 686|0x00000007aae00000, 0x00000007aaf00000, 0x00000007aaf00000|100%| E|CS|TAMS 0x00000007aae00000| PB 0x00000007aae00000| Complete |  0
| 687|0x00000007aaf00000, 0x00000007ab000000, 0x00000007ab000000|100%| E|CS|TAMS 0x00000007aaf00000| PB 0x00000007aaf00000| Complete |  0
| 688|0x00000007ab000000, 0x00000007ab100000, 0x00000007ab100000|100%| E|CS|TAMS 0x00000007ab000000| PB 0x00000007ab000000| Complete |  0
| 689|0x00000007ab100000, 0x00000007ab200000, 0x00000007ab200000|100%| E|CS|TAMS 0x00000007ab100000| PB 0x00000007ab100000| Complete |  0
| 690|0x00000007ab200000, 0x00000007ab300000, 0x00000007ab300000|100%| E|CS|TAMS 0x00000007ab200000| PB 0x00000007ab200000| Complete |  0
| 691|0x00000007ab300000, 0x00000007ab400000, 0x00000007ab400000|100%| E|CS|TAMS 0x00000007ab300000| PB 0x00000007ab300000| Complete |  0
| 692|0x00000007ab400000, 0x00000007ab500000, 0x00000007ab500000|100%| E|CS|TAMS 0x00000007ab400000| PB 0x00000007ab400000| Complete |  0
| 693|0x00000007ab500000, 0x00000007ab600000, 0x00000007ab600000|100%| E|CS|TAMS 0x00000007ab500000| PB 0x00000007ab500000| Complete |  0
| 694|0x00000007ab600000, 0x00000007ab700000, 0x00000007ab700000|100%| E|CS|TAMS 0x00000007ab600000| PB 0x00000007ab600000| Complete |  0
| 695|0x00000007ab700000, 0x00000007ab800000, 0x00000007ab800000|100%| E|CS|TAMS 0x00000007ab700000| PB 0x00000007ab700000| Complete |  0
| 696|0x00000007ab800000, 0x00000007ab900000, 0x00000007ab900000|100%| E|CS|TAMS 0x00000007ab800000| PB 0x00000007ab800000| Complete |  0
| 697|0x00000007ab900000, 0x00000007aba00000, 0x00000007aba00000|100%| E|CS|TAMS 0x00000007ab900000| PB 0x00000007ab900000| Complete |  0
| 698|0x00000007aba00000, 0x00000007abb00000, 0x00000007abb00000|100%| E|CS|TAMS 0x00000007aba00000| PB 0x00000007aba00000| Complete |  0
| 699|0x00000007abb00000, 0x00000007abc00000, 0x00000007abc00000|100%| E|CS|TAMS 0x00000007abb00000| PB 0x00000007abb00000| Complete |  0
| 700|0x00000007abc00000, 0x00000007abd00000, 0x00000007abd00000|100%| E|CS|TAMS 0x00000007abc00000| PB 0x00000007abc00000| Complete |  0
| 701|0x00000007abd00000, 0x00000007abe00000, 0x00000007abe00000|100%| E|CS|TAMS 0x00000007abd00000| PB 0x00000007abd00000| Complete |  0
| 702|0x00000007abe00000, 0x00000007abf00000, 0x00000007abf00000|100%| E|CS|TAMS 0x00000007abe00000| PB 0x00000007abe00000| Complete |  0
| 703|0x00000007abf00000, 0x00000007ac000000, 0x00000007ac000000|100%| E|CS|TAMS 0x00000007abf00000| PB 0x00000007abf00000| Complete |  0
| 704|0x00000007ac000000, 0x00000007ac100000, 0x00000007ac100000|100%| E|CS|TAMS 0x00000007ac000000| PB 0x00000007ac000000| Complete |  0
| 705|0x00000007ac100000, 0x00000007ac200000, 0x00000007ac200000|100%| E|CS|TAMS 0x00000007ac100000| PB 0x00000007ac100000| Complete |  0
| 706|0x00000007ac200000, 0x00000007ac300000, 0x00000007ac300000|100%| E|CS|TAMS 0x00000007ac200000| PB 0x00000007ac200000| Complete |  0
| 707|0x00000007ac300000, 0x00000007ac400000, 0x00000007ac400000|100%| E|CS|TAMS 0x00000007ac300000| PB 0x00000007ac300000| Complete |  0
| 708|0x00000007ac400000, 0x00000007ac500000, 0x00000007ac500000|100%| E|CS|TAMS 0x00000007ac400000| PB 0x00000007ac400000| Complete |  0
| 709|0x00000007ac500000, 0x00000007ac600000, 0x00000007ac600000|100%| E|CS|TAMS 0x00000007ac500000| PB 0x00000007ac500000| Complete |  0
| 710|0x00000007ac600000, 0x00000007ac700000, 0x00000007ac700000|100%| E|CS|TAMS 0x00000007ac600000| PB 0x00000007ac600000| Complete |  0
| 711|0x00000007ac700000, 0x00000007ac800000, 0x00000007ac800000|100%| E|CS|TAMS 0x00000007ac700000| PB 0x00000007ac700000| Complete |  0
| 712|0x00000007ac800000, 0x00000007ac900000, 0x00000007ac900000|100%| E|CS|TAMS 0x00000007ac800000| PB 0x00000007ac800000| Complete |  0
| 713|0x00000007ac900000, 0x00000007aca00000, 0x00000007aca00000|100%| E|CS|TAMS 0x00000007ac900000| PB 0x00000007ac900000| Complete |  0
| 714|0x00000007aca00000, 0x00000007acb00000, 0x00000007acb00000|100%| E|CS|TAMS 0x00000007aca00000| PB 0x00000007aca00000| Complete |  0
| 715|0x00000007acb00000, 0x00000007acc00000, 0x00000007acc00000|100%| E|CS|TAMS 0x00000007acb00000| PB 0x00000007acb00000| Complete |  0
| 716|0x00000007acc00000, 0x00000007acd00000, 0x00000007acd00000|100%| E|CS|TAMS 0x00000007acc00000| PB 0x00000007acc00000| Complete |  0
| 717|0x00000007acd00000, 0x00000007ace00000, 0x00000007ace00000|100%| E|CS|TAMS 0x00000007acd00000| PB 0x00000007acd00000| Complete |  0
| 718|0x00000007ace00000, 0x00000007acf00000, 0x00000007acf00000|100%| E|CS|TAMS 0x00000007ace00000| PB 0x00000007ace00000| Complete |  0
| 719|0x00000007acf00000, 0x00000007ad000000, 0x00000007ad000000|100%| E|CS|TAMS 0x00000007acf00000| PB 0x00000007acf00000| Complete |  0
| 720|0x00000007ad000000, 0x00000007ad100000, 0x00000007ad100000|100%| E|CS|TAMS 0x00000007ad000000| PB 0x00000007ad000000| Complete |  0
| 721|0x00000007ad100000, 0x00000007ad200000, 0x00000007ad200000|100%| E|CS|TAMS 0x00000007ad100000| PB 0x00000007ad100000| Complete |  0
| 722|0x00000007ad200000, 0x00000007ad300000, 0x00000007ad300000|100%| E|CS|TAMS 0x00000007ad200000| PB 0x00000007ad200000| Complete |  0
| 723|0x00000007ad300000, 0x00000007ad400000, 0x00000007ad400000|100%| E|CS|TAMS 0x00000007ad300000| PB 0x00000007ad300000| Complete |  0
| 724|0x00000007ad400000, 0x00000007ad500000, 0x00000007ad500000|100%| E|CS|TAMS 0x00000007ad400000| PB 0x00000007ad400000| Complete |  0
| 725|0x00000007ad500000, 0x00000007ad600000, 0x00000007ad600000|100%| E|CS|TAMS 0x00000007ad500000| PB 0x00000007ad500000| Complete |  0
| 726|0x00000007ad600000, 0x00000007ad700000, 0x00000007ad700000|100%| E|CS|TAMS 0x00000007ad600000| PB 0x00000007ad600000| Complete |  0
| 727|0x00000007ad700000, 0x00000007ad800000, 0x00000007ad800000|100%| E|CS|TAMS 0x00000007ad700000| PB 0x00000007ad700000| Complete |  0
| 728|0x00000007ad800000, 0x00000007ad900000, 0x00000007ad900000|100%| E|CS|TAMS 0x00000007ad800000| PB 0x00000007ad800000| Complete |  0
| 729|0x00000007ad900000, 0x00000007ada00000, 0x00000007ada00000|100%| E|CS|TAMS 0x00000007ad900000| PB 0x00000007ad900000| Complete |  0
| 730|0x00000007ada00000, 0x00000007adb00000, 0x00000007adb00000|100%| E|CS|TAMS 0x00000007ada00000| PB 0x00000007ada00000| Complete |  0
| 731|0x00000007adb00000, 0x00000007adc00000, 0x00000007adc00000|100%| E|CS|TAMS 0x00000007adb00000| PB 0x00000007adb00000| Complete |  0
| 732|0x00000007adc00000, 0x00000007add00000, 0x00000007add00000|100%| E|CS|TAMS 0x00000007adc00000| PB 0x00000007adc00000| Complete |  0
| 733|0x00000007add00000, 0x00000007ade00000, 0x00000007ade00000|100%| E|CS|TAMS 0x00000007add00000| PB 0x00000007add00000| Complete |  0
| 734|0x00000007ade00000, 0x00000007adf00000, 0x00000007adf00000|100%| E|CS|TAMS 0x00000007ade00000| PB 0x00000007ade00000| Complete |  0
| 735|0x00000007adf00000, 0x00000007ae000000, 0x00000007ae000000|100%| E|CS|TAMS 0x00000007adf00000| PB 0x00000007adf00000| Complete |  0
| 736|0x00000007ae000000, 0x00000007ae100000, 0x00000007ae100000|100%| E|CS|TAMS 0x00000007ae000000| PB 0x00000007ae000000| Complete |  0
| 737|0x00000007ae100000, 0x00000007ae200000, 0x00000007ae200000|100%| E|CS|TAMS 0x00000007ae100000| PB 0x00000007ae100000| Complete |  0
| 738|0x00000007ae200000, 0x00000007ae300000, 0x00000007ae300000|100%| E|CS|TAMS 0x00000007ae200000| PB 0x00000007ae200000| Complete |  0
| 739|0x00000007ae300000, 0x00000007ae400000, 0x00000007ae400000|100%| E|CS|TAMS 0x00000007ae300000| PB 0x00000007ae300000| Complete |  0
| 740|0x00000007ae400000, 0x00000007ae500000, 0x00000007ae500000|100%| E|CS|TAMS 0x00000007ae400000| PB 0x00000007ae400000| Complete |  0
| 741|0x00000007ae500000, 0x00000007ae600000, 0x00000007ae600000|100%| E|CS|TAMS 0x00000007ae500000| PB 0x00000007ae500000| Complete |  0
| 742|0x00000007ae600000, 0x00000007ae700000, 0x00000007ae700000|100%| E|CS|TAMS 0x00000007ae600000| PB 0x00000007ae600000| Complete |  0
| 743|0x00000007ae700000, 0x00000007ae800000, 0x00000007ae800000|100%| E|CS|TAMS 0x00000007ae700000| PB 0x00000007ae700000| Complete |  0
| 744|0x00000007ae800000, 0x00000007ae900000, 0x00000007ae900000|100%| E|CS|TAMS 0x00000007ae800000| PB 0x00000007ae800000| Complete |  0
| 745|0x00000007ae900000, 0x00000007aea00000, 0x00000007aea00000|100%| E|CS|TAMS 0x00000007ae900000| PB 0x00000007ae900000| Complete |  0
| 746|0x00000007aea00000, 0x00000007aeb00000, 0x00000007aeb00000|100%| E|CS|TAMS 0x00000007aea00000| PB 0x00000007aea00000| Complete |  0
| 747|0x00000007aeb00000, 0x00000007aec00000, 0x00000007aec00000|100%| E|CS|TAMS 0x00000007aeb00000| PB 0x00000007aeb00000| Complete |  0
| 748|0x00000007aec00000, 0x00000007aed00000, 0x00000007aed00000|100%| E|CS|TAMS 0x00000007aec00000| PB 0x00000007aec00000| Complete |  0
| 749|0x00000007aed00000, 0x00000007aee00000, 0x00000007aee00000|100%| E|CS|TAMS 0x00000007aed00000| PB 0x00000007aed00000| Complete |  0
| 750|0x00000007aee00000, 0x00000007aef00000, 0x00000007aef00000|100%| E|CS|TAMS 0x00000007aee00000| PB 0x00000007aee00000| Complete |  0
| 751|0x00000007aef00000, 0x00000007af000000, 0x00000007af000000|100%| E|CS|TAMS 0x00000007aef00000| PB 0x00000007aef00000| Complete |  0
| 752|0x00000007af000000, 0x00000007af100000, 0x00000007af100000|100%| E|CS|TAMS 0x00000007af000000| PB 0x00000007af000000| Complete |  0
| 753|0x00000007af100000, 0x00000007af200000, 0x00000007af200000|100%| E|CS|TAMS 0x00000007af100000| PB 0x00000007af100000| Complete |  0
| 754|0x00000007af200000, 0x00000007af300000, 0x00000007af300000|100%| E|CS|TAMS 0x00000007af200000| PB 0x00000007af200000| Complete |  0
| 755|0x00000007af300000, 0x00000007af400000, 0x00000007af400000|100%| E|CS|TAMS 0x00000007af300000| PB 0x00000007af300000| Complete |  0
| 756|0x00000007af400000, 0x00000007af500000, 0x00000007af500000|100%| E|CS|TAMS 0x00000007af400000| PB 0x00000007af400000| Complete |  0
| 757|0x00000007af500000, 0x00000007af600000, 0x00000007af600000|100%| E|CS|TAMS 0x00000007af500000| PB 0x00000007af500000| Complete |  0
| 758|0x00000007af600000, 0x00000007af700000, 0x00000007af700000|100%| E|CS|TAMS 0x00000007af600000| PB 0x00000007af600000| Complete |  0
| 759|0x00000007af700000, 0x00000007af800000, 0x00000007af800000|100%| E|CS|TAMS 0x00000007af700000| PB 0x00000007af700000| Complete |  0
| 760|0x00000007af800000, 0x00000007af900000, 0x00000007af900000|100%| E|CS|TAMS 0x00000007af800000| PB 0x00000007af800000| Complete |  0
| 761|0x00000007af900000, 0x00000007afa00000, 0x00000007afa00000|100%| E|CS|TAMS 0x00000007af900000| PB 0x00000007af900000| Complete |  0
| 762|0x00000007afa00000, 0x00000007afb00000, 0x00000007afb00000|100%| E|CS|TAMS 0x00000007afa00000| PB 0x00000007afa00000| Complete |  0
| 763|0x00000007afb00000, 0x00000007afc00000, 0x00000007afc00000|100%| E|CS|TAMS 0x00000007afb00000| PB 0x00000007afb00000| Complete |  0
| 764|0x00000007afc00000, 0x00000007afd00000, 0x00000007afd00000|100%| E|CS|TAMS 0x00000007afc00000| PB 0x00000007afc00000| Complete |  0
| 765|0x00000007afd00000, 0x00000007afe00000, 0x00000007afe00000|100%| E|CS|TAMS 0x00000007afd00000| PB 0x00000007afd00000| Complete |  0
| 766|0x00000007afe00000, 0x00000007aff00000, 0x00000007aff00000|100%| E|CS|TAMS 0x00000007afe00000| PB 0x00000007afe00000| Complete |  0
| 767|0x00000007aff00000, 0x00000007b0000000, 0x00000007b0000000|100%| E|CS|TAMS 0x00000007aff00000| PB 0x00000007aff00000| Complete |  0
| 768|0x00000007b0000000, 0x00000007b0100000, 0x00000007b0100000|100%| E|CS|TAMS 0x00000007b0000000| PB 0x00000007b0000000| Complete |  0
| 769|0x00000007b0100000, 0x00000007b0200000, 0x00000007b0200000|100%| E|CS|TAMS 0x00000007b0100000| PB 0x00000007b0100000| Complete |  0
| 770|0x00000007b0200000, 0x00000007b0300000, 0x00000007b0300000|100%| E|CS|TAMS 0x00000007b0200000| PB 0x00000007b0200000| Complete |  0
| 771|0x00000007b0300000, 0x00000007b0400000, 0x00000007b0400000|100%| E|CS|TAMS 0x00000007b0300000| PB 0x00000007b0300000| Complete |  0
| 772|0x00000007b0400000, 0x00000007b0500000, 0x00000007b0500000|100%| E|CS|TAMS 0x00000007b0400000| PB 0x00000007b0400000| Complete |  0
| 773|0x00000007b0500000, 0x00000007b0600000, 0x00000007b0600000|100%| E|CS|TAMS 0x00000007b0500000| PB 0x00000007b0500000| Complete |  0
| 774|0x00000007b0600000, 0x00000007b0700000, 0x00000007b0700000|100%| E|CS|TAMS 0x00000007b0600000| PB 0x00000007b0600000| Complete |  0
|1024|0x00000007c0000000, 0x00000007c0100000, 0x00000007c0100000|100%| O|  |TAMS 0x00000007c0000000| PB 0x00000007c0000000| Untracked |  0
|1025|0x00000007c0100000, 0x00000007c0200000, 0x00000007c0200000|100%| O|  |TAMS 0x00000007c0100000| PB 0x00000007c0100000| Untracked |  0
|1026|0x00000007c0200000, 0x00000007c0300000, 0x00000007c0300000|100%| O|  |TAMS 0x00000007c0200000| PB 0x00000007c0200000| Untracked |  0
|1027|0x00000007c0300000, 0x00000007c0400000, 0x00000007c0400000|100%| O|  |TAMS 0x00000007c0300000| PB 0x00000007c0300000| Untracked |  0
|1028|0x00000007c0400000, 0x00000007c0500000, 0x00000007c0500000|100%| O|  |TAMS 0x00000007c0400000| PB 0x00000007c0400000| Untracked |  0
|1030|0x00000007c0600000, 0x00000007c0700000, 0x00000007c0700000|100%| O|  |TAMS 0x00000007c0600000| PB 0x00000007c0600000| Untracked |  0
|1031|0x00000007c0700000, 0x00000007c0800000, 0x00000007c0800000|100%| O|  |TAMS 0x00000007c0700000| PB 0x00000007c0700000| Untracked |  0
|1032|0x00000007c0800000, 0x00000007c0900000, 0x00000007c0900000|100%| O|  |TAMS 0x00000007c0800000| PB 0x00000007c0800000| Untracked |  0
|1033|0x00000007c0900000, 0x00000007c0a00000, 0x00000007c0a00000|100%| O|  |TAMS 0x00000007c0900000| PB 0x00000007c0900000| Untracked |  0
|1034|0x00000007c0a00000, 0x00000007c0b00000, 0x00000007c0b00000|100%| O|  |TAMS 0x00000007c0a00000| PB 0x00000007c0a00000| Untracked |  0
|1035|0x00000007c0b00000, 0x00000007c0c00000, 0x00000007c0c00000|100%| O|  |TAMS 0x00000007c0b00000| PB 0x00000007c0b00000| Untracked |  0
|1036|0x00000007c0c00000, 0x00000007c0d00000, 0x00000007c0d00000|100%| O|  |TAMS 0x00000007c0c00000| PB 0x00000007c0c00000| Untracked |  0
|1037|0x00000007c0d00000, 0x00000007c0e00000, 0x00000007c0e00000|100%| O|  |TAMS 0x00000007c0d00000| PB 0x00000007c0d00000| Untracked |  0
|1038|0x00000007c0e00000, 0x00000007c0f00000, 0x00000007c0f00000|100%| O|  |TAMS 0x00000007c0e00000| PB 0x00000007c0e00000| Untracked |  0
|1039|0x00000007c0f00000, 0x00000007c1000000, 0x00000007c1000000|100%| O|  |TAMS 0x00000007c0f00000| PB 0x00000007c0f00000| Untracked |  0
|1040|0x00000007c1000000, 0x00000007c1100000, 0x00000007c1100000|100%| O|  |TAMS 0x00000007c1000000| PB 0x00000007c1000000| Untracked |  0
|1041|0x00000007c1100000, 0x00000007c1200000, 0x00000007c1200000|100%| O|  |TAMS 0x00000007c1100000| PB 0x00000007c1100000| Untracked |  0
|2045|0x00000007ffd00000, 0x00000007ffe00000, 0x00000007ffe00000|100%| E|CS|TAMS 0x00000007ffd00000| PB 0x00000007ffd00000| Complete |  0
|2046|0x00000007ffe00000, 0x00000007fff00000, 0x00000007fff00000|100%| O|  |TAMS 0x00000007ffe00000| PB 0x00000007ffe00000| Untracked |  0
|2047|0x00000007fff00000, 0x0000000800000000, 0x0000000800000000|100%| E|CS|TAMS 0x00000007fff00000| PB 0x00000007fff00000| Complete |  0

Card table byte_map: [0x0000000119ab0000,0x0000000119eb0000] _byte_map_base: 0x0000000115eb0000

Marking Bits: (CMBitMap*) 0x000000012bf25210
 Bits: [0x0000000128000000, 0x000000012a000000)

Polling page: 0x0000000101954000

Metaspace:
Metaspace        used 9064K, committed 9280K, reserved 1114112K
 class space     used 803K, committed 896K, reserved 1048576K

Usage:
  Non-class:      8.07 MB used.
      Class:    803.23 KB used.
       Both:      8.85 MB used.

Virtual space:
  Non-class space:       64.00 MB reserved,       8.19 MB ( 13%) committed,  1 nodes.
      Class space:        1.00 GB reserved,     896.00 KB ( <1%) committed,  1 nodes.
             Both:        1.06 GB reserved,       9.06 MB ( <1%) committed. 

Chunk freelists:
   Non-Class:  7.36 MB
       Class:  15.06 MB
        Both:  22.42 MB

MaxMetaspaceSize: unlimited
CompressedClassSpaceSize: 1.00 GB
Initial GC threshold: 21.00 MB
Current GC threshold: 21.00 MB
CDS: on
 - commit_granule_bytes: 65536.
 - commit_granule_words: 8192.
 - virtual_space_node_default_size: 8388608.
 - enlarge_chunks_in_place: 1.
UseCompressedClassPointers 1, UseCompactObjectHeaders 0
Narrow klass pointer bits 32, Max shift 3
Narrow klass base: 0x0000780000000000, Narrow klass shift: 0
Encoding Range: [0x0000780000000000 - 0x0000780100000000), (4294967296 bytes)
Klass Range:    [0x0000780000004000 - 0x0000780041000000), (1090502656 bytes)
Klass ID Range:  [16384 - 1090519033) (1090502649)
Protection zone: [0x0000780000000000 - 0x0000780000004000), (16384 bytes)


Internal statistics:

num_allocs_failed_limit: 0.
num_arena_births: 56.
num_arena_deaths: 0.
num_vsnodes_births: 2.
num_vsnodes_deaths: 0.
num_space_committed: 145.
num_space_uncommitted: 0.
num_chunks_returned_to_freelist: 0.
num_chunks_taken_from_freelist: 217.
num_chunk_merges: 0.
num_chunk_splits: 175.
num_chunks_enlarged: 142.
num_inconsistent_stats: 0.

CodeHeap 'non-profiled nmethods': size=120048Kb used=2873Kb max_used=2873Kb free=117175Kb
 bounds [0x00000001601ec000, 0x00000001604bc000, 0x0000000167728000]
CodeHeap 'profiled nmethods': size=120016Kb used=3706Kb max_used=4047Kb free=116309Kb
 bounds [0x0000000158728000, 0x0000000158b68000, 0x000000015fc5c000]
CodeHeap 'non-nmethods': size=5696Kb used=1346Kb max_used=1550Kb free=4349Kb
 bounds [0x000000015fc5c000, 0x000000015fecc000, 0x00000001601ec000]
CodeCache: size=245760Kb, used=7925Kb, max_used=8470Kb, free=237833Kb
 total_blobs=4022, nmethods=3464, adapters=466, full_count=0
Compilation: enabled, stopped_count=0, restarted_count=0

Compilation events (20 events):
Event: 48.323 Thread 0x000000012bf9c600 nmethod 6934 0x00000001604b8a88 code [0x00000001604b8b80, 0x00000001604b8c38]
Event: 48.323 Thread 0x000000012bfa5000 nmethod 6933 0x0000000158acac48 code [0x0000000158acad40, 0x0000000158acd458]
Event: 48.323 Thread 0x000000012bf9c600 6935       4       org.apache.commons.csv.CSVFormat::printWithQuotes (450 bytes)
Event: 48.328 Thread 0x000000012bf9c600 nmethod 6935 0x00000001604b8c48 code [0x00000001604b8d40, 0x00000001604b9a28]
Event: 48.340 Thread 0x000000012bfa5000 6936       3       sun.nio.cs.StreamEncoder::implWrite (145 bytes)
Event: 48.341 Thread 0x000000012bfa5000 nmethod 6936 0x0000000158ac0d08 code [0x0000000158ac0e00, 0x0000000158ac1b40]
Event: 48.341 Thread 0x000000012bfa5000 6937       3       sun.nio.cs.StreamEncoder::growByteBufferIfNeeded (59 bytes)
Event: 48.341 Thread 0x000000012bfa5000 nmethod 6937 0x00000001589f4288 code [0x00000001589f4380, 0x00000001589f4a00]
Event: 48.341 Thread 0x000000012bfa5000 6938       3       sun.nio.cs.StreamEncoder::writeBytes (93 bytes)
Event: 48.341 Thread 0x000000012bfa5000 nmethod 6938 0x0000000158929d88 code [0x0000000158929e80, 0x000000015892a938]
Event: 48.341 Thread 0x000000012bfa5000 6939       3       java.io.FileOutputStream::write (46 bytes)
Event: 48.341 Thread 0x000000012bfa5000 nmethod 6939 0x00000001589d30c8 code [0x00000001589d31c0, 0x00000001589d3520]
Event: 48.341 Thread 0x000000012bfa5000 6940       3       java.io.FileDescriptor$1::getAppend (5 bytes)
Event: 48.341 Thread 0x000000012bfa5000 nmethod 6940 0x0000000158882208 code [0x0000000158882300, 0x0000000158882428]
Event: 48.365 Thread 0x000000012bf9c600 6941       4       java.lang.String::checkIndex (10 bytes)
Event: 48.365 Thread 0x000000012bf9c600 nmethod 6941 0x00000001604b9a88 code [0x00000001604b9b80, 0x00000001604b9c38]
Event: 1225.798 Thread 0x000000012bf9c600 6942   !   4       java.lang.Object::wait (59 bytes)
Event: 1225.831 Thread 0x000000012bf9c600 nmethod 6942 0x00000001604b9c48 code [0x00000001604b9d40, 0x00000001604b9e80]
Event: 1330.286 Thread 0x000000012bf9c600 6943   !   4       java.lang.ref.ReferenceQueue::remove (49 bytes)
Event: 1330.324 Thread 0x000000012bf9c600 nmethod 6943 0x00000001604b9e88 code [0x00000001604b9f80, 0x00000001604baa50]

GC Heap Usage History (20 events):
Event: 45.937 {heap Before GC invocations=265 (full 32):
 garbage-first heap   total reserved 2097152K, committed 581632K, used 547751K [0x0000000780000000, 0x0000000800000000)
  region size 1024K, 233 young (238592K), 18 survivors (18432K)
}
Event: 45.941 {heap After GC invocations=266 (full 32):
 garbage-first heap   total reserved 2097152K, committed 581632K, used 333256K [0x0000000780000000, 0x0000000800000000)
  region size 1024K, 19 young (19456K), 19 survivors (19456K)
}
Event: 46.146 {heap Before GC invocations=267 (full 32):
 garbage-first heap   total reserved 2097152K, committed 581632K, used 548296K [0x0000000780000000, 0x0000000800000000)
  region size 1024K, 229 young (234496K), 19 survivors (19456K)
}
Event: 46.151 {heap After GC invocations=268 (full 32):
 garbage-first heap   total reserved 2097152K, committed 581632K, used 337633K [0x0000000780000000, 0x0000000800000000)
  region size 1024K, 19 young (19456K), 19 survivors (19456K)
}
Event: 46.190 {heap Before GC invocations=268 (full 32):
 garbage-first heap   total reserved 2097152K, committed 581632K, used 381665K [0x0000000780000000, 0x0000000800000000)
  region size 1024K, 63 young (64512K), 19 survivors (19456K)
}
Event: 46.280 {heap After GC invocations=269 (full 33):
 garbage-first heap   total reserved 2097152K, committed 581632K, used 333348K [0x0000000780000000, 0x0000000800000000)
  region size 1024K, 0 young (0K), 0 survivors (0K)
}
Event: 46.449 {heap Before GC invocations=269 (full 33):
 garbage-first heap   total reserved 2097152K, committed 581632K, used 547364K [0x0000000780000000, 0x0000000800000000)
  region size 1024K, 209 young (214016K), 0 survivors (0K)
}
Event: 46.450 {heap After GC invocations=270 (full 33):
 garbage-first heap   total reserved 2097152K, committed 814080K, used 339492K [0x0000000780000000, 0x0000000800000000)
  region size 1024K, 6 young (6144K), 6 survivors (6144K)
}
Event: 46.496 {heap Before GC invocations=270 (full 33):
 garbage-first heap   total reserved 2097152K, committed 814080K, used 387620K [0x0000000780000000, 0x0000000800000000)
  region size 1024K, 54 young (55296K), 6 survivors (6144K)
}
Event: 46.593 {heap After GC invocations=271 (full 34):
 garbage-first heap   total reserved 2097152K, committed 814080K, used 338212K [0x0000000780000000, 0x0000000800000000)
  region size 1024K, 0 young (0K), 0 survivors (0K)
}
Event: 46.947 {heap Before GC invocations=271 (full 34):
 garbage-first heap   total reserved 2097152K, committed 814080K, used 763172K [0x0000000780000000, 0x0000000800000000)
  region size 1024K, 415 young (424960K), 0 survivors (0K)
}
Event: 46.950 {heap After GC invocations=272 (full 34):
 garbage-first heap   total reserved 2097152K, committed 814080K, used 348452K [0x0000000780000000, 0x0000000800000000)
  region size 1024K, 10 young (10240K), 10 survivors (10240K)
}
Event: 46.987 {heap Before GC invocations=272 (full 34):
 garbage-first heap   total reserved 2097152K, committed 814080K, used 393508K [0x0000000780000000, 0x0000000800000000)
  region size 1024K, 55 young (56320K), 10 survivors (10240K)
}
Event: 47.075 {heap After GC invocations=273 (full 35):
 garbage-first heap   total reserved 2097152K, committed 814080K, used 344850K [0x0000000780000000, 0x0000000800000000)
  region size 1024K, 0 young (0K), 0 survivors (0K)
}
Event: 47.401 {heap Before GC invocations=273 (full 35):
 garbage-first heap   total reserved 2097152K, committed 814080K, used 767762K [0x0000000780000000, 0x0000000800000000)
  region size 1024K, 413 young (422912K), 0 survivors (0K)
}
Event: 47.404 {heap After GC invocations=274 (full 35):
 garbage-first heap   total reserved 2097152K, committed 814080K, used 355776K [0x0000000780000000, 0x0000000800000000)
  region size 1024K, 11 young (11264K), 11 survivors (11264K)
}
Event: 47.733 {heap Before GC invocations=275 (full 35):
 garbage-first heap   total reserved 2097152K, committed 814080K, used 768448K [0x0000000780000000, 0x0000000800000000)
  region size 1024K, 414 young (423936K), 11 survivors (11264K)
}
Event: 47.736 {heap After GC invocations=276 (full 35):
 garbage-first heap   total reserved 2097152K, committed 814080K, used 364306K [0x0000000780000000, 0x0000000800000000)
  region size 1024K, 19 young (19456K), 19 survivors (19456K)
}
Event: 48.051 {heap Before GC invocations=276 (full 35):
 garbage-first heap   total reserved 2097152K, committed 814080K, used 768786K [0x0000000780000000, 0x0000000800000000)
  region size 1024K, 414 young (423936K), 19 survivors (19456K)
}
Event: 48.056 {heap After GC invocations=277 (full 35):
 garbage-first heap   total reserved 2097152K, committed 814080K, used 369909K [0x0000000780000000, 0x0000000800000000)
  region size 1024K, 25 young (25600K), 25 survivors (25600K)
}

Metaspace Usage History (20 events):
Event: 45.937 {metaspace Before GC invocations=265 (full 32):
 Metaspace       used 8939K, committed 9088K, reserved 1114112K
  class space    used 797K, committed 832K, reserved 1048576K
}
Event: 45.941 {metaspace After GC invocations=266 (full 32):
 Metaspace       used 8939K, committed 9088K, reserved 1114112K
  class space    used 797K, committed 832K, reserved 1048576K
}
Event: 46.146 {metaspace Before GC invocations=267 (full 32):
 Metaspace       used 8939K, committed 9088K, reserved 1114112K
  class space    used 797K, committed 832K, reserved 1048576K
}
Event: 46.151 {metaspace After GC invocations=268 (full 32):
 Metaspace       used 8939K, committed 9088K, reserved 1114112K
  class space    used 797K, committed 832K, reserved 1048576K
}
Event: 46.190 {metaspace Before GC invocations=268 (full 32):
 Metaspace       used 8939K, committed 9088K, reserved 1114112K
  class space    used 797K, committed 832K, reserved 1048576K
}
Event: 46.280 {metaspace After GC invocations=269 (full 33):
 Metaspace       used 8939K, committed 9088K, reserved 1114112K
  class space    used 797K, committed 832K, reserved 1048576K
}
Event: 46.449 {metaspace Before GC invocations=269 (full 33):
 Metaspace       used 8939K, committed 9088K, reserved 1114112K
  class space    used 797K, committed 832K, reserved 1048576K
}
Event: 46.450 {metaspace After GC invocations=270 (full 33):
 Metaspace       used 8939K, committed 9088K, reserved 1114112K
  class space    used 797K, committed 832K, reserved 1048576K
}
Event: 46.496 {metaspace Before GC invocations=270 (full 33):
 Metaspace       used 8939K, committed 9088K, reserved 1114112K
  class space    used 797K, committed 832K, reserved 1048576K
}
Event: 46.593 {metaspace After GC invocations=271 (full 34):
 Metaspace       used 8939K, committed 9088K, reserved 1114112K
  class space    used 797K, committed 832K, reserved 1048576K
}
Event: 46.947 {metaspace Before GC invocations=271 (full 34):
 Metaspace       used 8939K, committed 9088K, reserved 1114112K
  class space    used 797K, committed 832K, reserved 1048576K
}
Event: 46.950 {metaspace After GC invocations=272 (full 34):
 Metaspace       used 8939K, committed 9088K, reserved 1114112K
  class space    used 797K, committed 832K, reserved 1048576K
}
Event: 46.987 {metaspace Before GC invocations=272 (full 34):
 Metaspace       used 8939K, committed 9088K, reserved 1114112K
  class space    used 797K, committed 832K, reserved 1048576K
}
Event: 47.075 {metaspace After GC invocations=273 (full 35):
 Metaspace       used 8939K, committed 9088K, reserved 1114112K
  class space    used 797K, committed 832K, reserved 1048576K
}
Event: 47.401 {metaspace Before GC invocations=273 (full 35):
 Metaspace       used 8939K, committed 9088K, reserved 1114112K
  class space    used 797K, committed 832K, reserved 1048576K
}
Event: 47.404 {metaspace After GC invocations=274 (full 35):
 Metaspace       used 8939K, committed 9088K, reserved 1114112K
  class space    used 797K, committed 832K, reserved 1048576K
}
Event: 47.733 {metaspace Before GC invocations=275 (full 35):
 Metaspace       used 8939K, committed 9088K, reserved 1114112K
  class space    used 797K, committed 832K, reserved 1048576K
}
Event: 47.736 {metaspace After GC invocations=276 (full 35):
 Metaspace       used 8939K, committed 9088K, reserved 1114112K
  class space    used 797K, committed 832K, reserved 1048576K
}
Event: 48.051 {metaspace Before GC invocations=276 (full 35):
 Metaspace       used 8939K, committed 9088K, reserved 1114112K
  class space    used 797K, committed 832K, reserved 1048576K
}
Event: 48.056 {metaspace After GC invocations=277 (full 35):
 Metaspace       used 8939K, committed 9088K, reserved 1114112K
  class space    used 797K, committed 832K, reserved 1048576K
}

Dll operation events (9 events):
Event: 0.023 Loaded shared library /Library/Java/JavaVirtualMachines/jdk-25.jdk/Contents/Home/lib/libjava.dylib
Event: 0.066 Loaded shared library /Library/Java/JavaVirtualMachines/jdk-25.jdk/Contents/Home/lib/libnio.dylib
Event: 0.087 Loaded shared library /Library/Java/JavaVirtualMachines/jdk-25.jdk/Contents/Home/lib/libzip.dylib
Event: 0.110 Loaded shared library /Library/Frameworks/Python.framework/Versions/3.11/lib/python3.11/site-packages/_jpype.so
Event: 0.129 Loaded shared library /Library/Java/JavaVirtualMachines/jdk-25.jdk/Contents/Home/lib/libjimage.dylib
Event: 0.356 Loaded shared library /Library/Java/JavaVirtualMachines/jdk-25.jdk/Contents/Home/lib/libnet.dylib
Event: 0.406 Loaded shared library /Library/Java/JavaVirtualMachines/jdk-25.jdk/Contents/Home/lib/libverify.dylib
Event: 0.458 Loaded shared library /Library/Java/JavaVirtualMachines/jdk-25.jdk/Contents/Home/lib/libawt.dylib
Event: 0.512 Loaded shared library /Library/Java/JavaVirtualMachines/jdk-25.jdk/Contents/Home/lib/libawt_lwawt.dylib

Deoptimization events (20 events):
Event: 48.262 Thread 0x000000012b312400 DEOPT PACKING pc=0x0000000158a1fa84 sp=0x000000016eeeb9f0
Event: 48.262 Thread 0x000000012b312400 DEOPT UNPACKING pc=0x000000015fc990bc sp=0x000000016eeeb750 mode 0
Event: 48.276 Thread 0x000000012b312400 DEOPT PACKING pc=0x0000000158966330 sp=0x000000016eeebb20
Event: 48.276 Thread 0x000000012b312400 DEOPT UNPACKING pc=0x000000015fc990bc sp=0x000000016eeeb7d0 mode 0
Event: 48.277 Thread 0x000000012b312400 DEOPT PACKING pc=0x0000000158966330 sp=0x000000016eeebb20
Event: 48.277 Thread 0x000000012b312400 DEOPT UNPACKING pc=0x000000015fc990bc sp=0x000000016eeeb7d0 mode 0
Event: 48.278 Thread 0x000000012b312400 DEOPT PACKING pc=0x0000000158966330 sp=0x000000016eeebb20
Event: 48.278 Thread 0x000000012b312400 DEOPT UNPACKING pc=0x000000015fc990bc sp=0x000000016eeeb7d0 mode 0
Event: 48.279 Thread 0x000000012b312400 DEOPT PACKING pc=0x0000000158966330 sp=0x000000016eeebb20
Event: 48.279 Thread 0x000000012b312400 DEOPT UNPACKING pc=0x000000015fc990bc sp=0x000000016eeeb7d0 mode 0
Event: 48.301 Thread 0x000000012b312400 DEOPT PACKING pc=0x00000001588af800 sp=0x000000016eeec1d0
Event: 48.301 Thread 0x000000012b312400 DEOPT UNPACKING pc=0x000000015fc990bc sp=0x000000016eeebeb0 mode 0
Event: 48.321 Thread 0x000000012b312400 Uncommon trap: trap_request=0xffffff45 fr.pc=0x00000001604aaf48 relative=0x0000000000001348
Event: 48.321 Thread 0x000000012b312400 Uncommon trap: reason=unstable_if action=reinterpret pc=0x00000001604aaf48 method=org.apache.commons.csv.CSVFormat.printWithQuotes(Ljava/lang/Object;Ljava/lang/CharSequence;Ljava/lang/Appendable;Z)V @ 224 c2
Event: 48.321 Thread 0x000000012b312400 DEOPT PACKING pc=0x00000001604aaf48 sp=0x000000016eeec0f0
Event: 48.321 Thread 0x000000012b312400 DEOPT UNPACKING pc=0x000000015fd6e19c sp=0x000000016eeec030 mode 2
Event: 48.372 Thread 0x000000012b312400 Uncommon trap: trap_request=0xffffff45 fr.pc=0x00000001604b3708 relative=0x0000000000000c88
Event: 48.372 Thread 0x000000012b312400 Uncommon trap: reason=unstable_if action=reinterpret pc=0x00000001604b3708 method=technology.tabula.writers.CSVWriter.write(Ljava/lang/Appendable;Ljava/util/List;)V @ 28 c2
Event: 48.372 Thread 0x000000012b312400 DEOPT PACKING pc=0x00000001604b3708 sp=0x000000016eeec200
Event: 48.372 Thread 0x000000012b312400 DEOPT UNPACKING pc=0x000000015fd6e19c sp=0x000000016eeec1a0 mode 2

Classes loaded (20 events):
Event: 19.580 Loading class java/lang/invoke/DirectMethodHandle$StaticAccessor
Event: 19.580 Loading class java/lang/invoke/DirectMethodHandle$StaticAccessor done
Event: 19.582 Loading class java/util/concurrent/atomic/AtomicBoolean
Event: 19.583 Loading class java/util/concurrent/atomic/AtomicBoolean done
Event: 19.583 Loading class java/util/concurrent/atomic/AtomicIntegerArray
Event: 19.583 Loading class java/util/concurrent/atomic/AtomicIntegerArray done
Event: 19.583 Loading class java/util/UUID
Event: 19.584 Loading class java/util/UUID done
Event: 19.584 Loading class java/util/Currency
Event: 19.584 Loading class java/util/Currency done
Event: 19.585 Loading class java/util/concurrent/atomic/AtomicLongArray
Event: 19.585 Loading class java/util/concurrent/atomic/AtomicLongArray done
Event: 19.585 Loading class java/text/ParseException
Event: 19.585 Loading class java/text/ParseException done
Event: 19.587 Loading class java/util/Formatter$FormatSpecifierParser
Event: 19.587 Loading class java/util/Formatter$FormatSpecifierParser done
Event: 48.372 Loading class java/io/FileOutputStream$1
Event: 48.374 Loading class java/io/FileOutputStream$1 done
Event: 4739.261 Loading class jdk/internal/misc/Signal$1
Event: 4739.282 Loading class jdk/internal/misc/Signal$1 done

Classes unloaded (0 events):
No events

Classes redefined (0 events):
No events

Internal exceptions (20 events):
Event: 2.104 Thread 0x000000012b312400 Exception <a 'java/lang/ArrayIndexOutOfBoundsException'{0x00000007884cb838}> (0x00000007884cb838) 
thrown [open/src/hotspot/share/runtime/sharedRuntime.cpp, line 681]
Event: 2.105 Thread 0x000000012b312400 Exception <a 'java/lang/ArrayIndexOutOfBoundsException'{0x0000000788289978}> (0x0000000788289978) 
thrown [open/src/hotspot/share/runtime/sharedRuntime.cpp, line 681]
Event: 2.121 Thread 0x000000012b312400 Exception <a 'java/lang/ArrayIndexOutOfBoundsException'{0x0000000787451c28}> (0x0000000787451c28) 
thrown [open/src/hotspot/share/runtime/sharedRuntime.cpp, line 681]
Event: 2.122 Thread 0x000000012b312400 Exception <a 'java/lang/ArrayIndexOutOfBoundsException'{0x0000000787207738}> (0x0000000787207738) 
thrown [open/src/hotspot/share/runtime/sharedRuntime.cpp, line 681]
Event: 2.136 Thread 0x000000012b312400 Exception <a 'java/lang/ArrayIndexOutOfBoundsException'{0x0000000786568850}> (0x0000000786568850) 
thrown [open/src/hotspot/share/runtime/sharedRuntime.cpp, line 681]
Event: 2.137 Thread 0x000000012b312400 Exception <a 'java/lang/ArrayIndexOutOfBoundsException'{0x0000000786317bc8}> (0x0000000786317bc8) 
thrown [open/src/hotspot/share/runtime/sharedRuntime.cpp, line 681]
Event: 2.152 Thread 0x000000012b312400 Exception <a 'java/lang/ArrayIndexOutOfBoundsException'{0x000000078568e108}> (0x000000078568e108) 
thrown [open/src/hotspot/share/runtime/sharedRuntime.cpp, line 681]
Event: 2.153 Thread 0x000000012b312400 Exception <a 'java/lang/ArrayIndexOutOfBoundsException'{0x0000000785445ed8}> (0x0000000785445ed8) 
thrown [open/src/hotspot/share/runtime/sharedRuntime.cpp, line 681]
Event: 2.167 Thread 0x000000012b312400 Exception <a 'java/lang/ArrayIndexOutOfBoundsException'{0x00000007847aa398}> (0x00000007847aa398) 
thrown [open/src/hotspot/share/runtime/sharedRuntime.cpp, line 681]
Event: 2.168 Thread 0x000000012b312400 Exception <a 'java/lang/ArrayIndexOutOfBoundsException'{0x0000000784549490}> (0x0000000784549490) 
thrown [open/src/hotspot/share/runtime/sharedRuntime.cpp, line 681]
Event: 2.183 Thread 0x000000012b312400 Exception <a 'java/lang/ArrayIndexOutOfBoundsException'{0x00000007893e7050}> (0x00000007893e7050) 
thrown [open/src/hotspot/share/runtime/sharedRuntime.cpp, line 681]
Event: 2.184 Thread 0x000000012b312400 Exception <a 'java/lang/ArrayIndexOutOfBoundsException'{0x00000007891a22a8}> (0x00000007891a22a8) 
thrown [open/src/hotspot/share/runtime/sharedRuntime.cpp, line 681]
Event: 2.200 Thread 0x000000012b312400 Exception <a 'java/lang/ArrayIndexOutOfBoundsException'{0x0000000788348670}> (0x0000000788348670) 
thrown [open/src/hotspot/share/runtime/sharedRuntime.cpp, line 681]
Event: 2.201 Thread 0x000000012b312400 Exception <a 'java/lang/ArrayIndexOutOfBoundsException'{0x00000007882ede48}> (0x00000007882ede48) 
thrown [open/src/hotspot/share/runtime/sharedRuntime.cpp, line 681]
Event: 3.933 Thread 0x000000012b312400 Exception <a 'java/lang/ArrayIndexOutOfBoundsException'{0x0000000787ad2350}: Index 320 out of bounds for length 320> (0x0000000787ad2350) 
thrown [open/src/hotspot/share/interpreter/interpreterRuntime.cpp, line 420]
Event: 30.883 Thread 0x000000012b312400 Implicit null exception at 0x000000016035d34c to 0x000000016035d5c4
Event: 30.981 Thread 0x000000012b312400 Implicit null exception at 0x00000001602cd9d4 to 0x00000001602cdc80
Event: 30.987 Thread 0x000000012b312400 Implicit null exception at 0x00000001602d8eac to 0x00000001602d9060
Event: 48.233 Thread 0x000000012b312400 Implicit null exception at 0x0000000160472d88 to 0x00000001604730a0
Event: 48.233 Thread 0x000000012b312400 Implicit null exception at 0x00000001602a6ac4 to 0x00000001602a6b28

VM Operations (20 events):
Event: 46.496 Executing safepoint VM operation: G1CollectFull (System.gc())
Event: 46.593 Executing safepoint VM operation: G1CollectFull (System.gc()) done
Event: 46.947 Executing safepoint VM operation: G1CollectForAllocation (G1 Evacuation Pause)
Event: 46.950 Executing safepoint VM operation: G1CollectForAllocation (G1 Evacuation Pause) done
Event: 46.987 Executing safepoint VM operation: G1CollectFull (System.gc())
Event: 47.075 Executing safepoint VM operation: G1CollectFull (System.gc()) done
Event: 47.401 Executing safepoint VM operation: G1CollectForAllocation (G1 Evacuation Pause)
Event: 47.404 Executing safepoint VM operation: G1CollectForAllocation (G1 Evacuation Pause) done
Event: 47.517 Executing safepoint VM operation: G1PauseRemark
Event: 47.518 Executing safepoint VM operation: G1PauseRemark done
Event: 47.566 Executing safepoint VM operation: G1PauseCleanup
Event: 47.566 Executing safepoint VM operation: G1PauseCleanup done
Event: 47.733 Executing safepoint VM operation: G1CollectForAllocation (G1 Evacuation Pause)
Event: 47.736 Executing safepoint VM operation: G1CollectForAllocation (G1 Evacuation Pause) done
Event: 48.051 Executing safepoint VM operation: G1CollectForAllocation (G1 Evacuation Pause)
Event: 48.056 Executing safepoint VM operation: G1CollectForAllocation (G1 Evacuation Pause) done
Event: 60.176 Executing non-safepoint VM operation: HandshakeAllThreads (HandshakeForDeflation)
Event: 60.176 Executing non-safepoint VM operation: HandshakeAllThreads (HandshakeForDeflation) done
Event: 60.176 Executing non-safepoint VM operation: RendezvousGCThreads
Event: 60.176 Executing non-safepoint VM operation: RendezvousGCThreads done

Memory protections (16 events):
Event: 0.012 Protecting memory [0x000000016def0000,0x000000016defc000] with protection modes 0
Event: 0.034 Protecting memory [0x0000780000000000,0x0000780000004000] with protection modes 0
Event: 0.047 Protecting memory [0x00000001780b4000,0x00000001780c0000] with protection modes 0
Event: 0.047 Protecting memory [0x00000001782c0000,0x00000001782cc000] with protection modes 0
Event: 0.047 Protecting memory [0x00000001784cc000,0x00000001784d8000] with protection modes 0
Event: 0.047 Protecting memory [0x00000001786d8000,0x00000001786e4000] with protection modes 0
Event: 0.047 Protecting memory [0x00000001788e4000,0x00000001788f0000] with protection modes 0
Event: 0.047 Protecting memory [0x0000000178af0000,0x0000000178afc000] with protection modes 0
Event: 0.047 Protecting memory [0x0000000178cfc000,0x0000000178d08000] with protection modes 0
Event: 0.049 Protecting memory [0x0000000178f08000,0x0000000178f14000] with protection modes 0
Event: 0.051 Protecting memory [0x0000000179114000,0x0000000179120000] with protection modes 0
Event: 0.121 Protecting memory [0x000000010195c000,0x0000000101960000] with protection modes 1
Event: 0.125 Protecting memory [0x0000000179320000,0x000000017932c000] with protection modes 0
Event: 4739.325 Protecting memory [0x000000017a58c000,0x000000017a598000] with protection modes 0
Event: 4739.341 Protecting memory [0x000000017a58c000,0x000000017a598000] with protection modes 3
Event: 4748.521 Protecting memory [0x000000017a58c000,0x000000017a598000] with protection modes 0

Nmethod flushes (20 events):
Event: 46.064 Thread 0x000000012bf19a00 flushing  nmethod 0x0000000158961808
Event: 46.064 Thread 0x000000012bf19a00 flushing  nmethod 0x00000001589b28c8
Event: 46.064 Thread 0x000000012bf19a00 flushing  nmethod 0x0000000158ae0808
Event: 46.064 Thread 0x000000012bf19a00 flushing  nmethod 0x0000000158ae0ac8
Event: 46.064 Thread 0x000000012bf19a00 flushing  nmethod 0x00000001589a5b48
Event: 46.258 Thread 0x000000012bf19a00 flushing  nmethod 0x0000000158a8de08
Event: 46.258 Thread 0x000000012bf19a00 flushing  nmethod 0x00000001588ade88
Event: 46.258 Thread 0x000000012bf19a00 flushing  nmethod 0x0000000158aafa08
Event: 46.572 Thread 0x000000012bf19a00 flushing  nmethod 0x00000001587fb508
Event: 46.572 Thread 0x000000012bf19a00 flushing  nmethod 0x0000000158a4ca88
Event: 46.572 Thread 0x000000012bf19a00 flushing  nmethod 0x0000000158a9a048
Event: 46.572 Thread 0x000000012bf19a00 flushing  nmethod 0x00000001587295c8
Event: 46.572 Thread 0x000000012bf19a00 flushing  nmethod 0x00000001588ba8c8
Event: 46.572 Thread 0x000000012bf19a00 flushing  nmethod 0x00000001587da888
Event: 46.572 Thread 0x000000012bf19a00 flushing  nmethod 0x00000001589b7e88
Event: 46.572 Thread 0x000000012bf19a00 flushing  nmethod 0x0000000158ac6208
Event: 46.572 Thread 0x000000012bf19a00 flushing  nmethod 0x0000000158ad6948
Event: 47.056 Thread 0x000000012bf19a00 flushing  nmethod 0x0000000158901188
Event: 47.056 Thread 0x000000012bf19a00 flushing  nmethod 0x000000015893f7c8
Event: 47.056 Thread 0x000000012bf19a00 flushing  nmethod 0x0000000158a3f588

Events (14 events):
Event: 0.037 Thread 0x000000012b312400 Thread added: 0x000000012b312400
Event: 0.047 Thread 0x000000012b312400 Thread added: 0x000000011b351400
Event: 0.047 Thread 0x000000012b312400 Thread added: 0x000000012bf97600
Event: 0.047 Thread 0x000000012b312400 Thread added: 0x000000012bf97e00
Event: 0.047 Thread 0x000000012b312400 Thread added: 0x000000012bf98600
Event: 0.047 Thread 0x000000012b312400 Thread added: 0x000000012bf98e00
Event: 0.047 Thread 0x000000012b312400 Thread added: 0x000000012bf9c600
Event: 0.047 Thread 0x000000012b312400 Thread added: 0x000000012bfa5000
Event: 0.049 Thread 0x000000012b312400 Thread added: 0x000000012b36a000
Event: 0.051 Thread 0x000000012b312400 Thread added: 0x000000011b35de00
Event: 0.125 Thread 0x000000012b312400 Thread added: 0x000000012b36c400
Event: 4739.323 Thread 0x000000012bf97e00 Thread added: 0x000000012e170000
Event: 4739.349 Thread 0x000000012e170000 Thread exited: 0x000000012e170000
Event: 4748.521 Thread 0x000000012bf97e00 Thread added: 0x000000011b9bde00


Dynamic libraries:
0x0000000101e8c000 	/Library/Frameworks/Python.framework/Versions/3.11/Python
0x0000000181e29000 	/System/Library/Frameworks/CoreFoundation.framework/Versions/A/CoreFoundation
0x00000001819c0000 	/usr/lib/libobjc.A.dylib
0x0000000185bc0000 	/System/Library/PrivateFrameworks/CoreServicesInternal.framework/Versions/A/CoreServicesInternal
0x0000000183419000 	/System/Library/Frameworks/Foundation.framework/Versions/C/Foundation
0x000000018ffca000 	/usr/lib/liboah.dylib
0x000000018ffff000 	/usr/lib/libfakelink.dylib
0x00000001855f6000 	/usr/lib/libicucore.A.dylib
0x000000018fffd000 	/usr/lib/libSystem.B.dylib
0x0000000190002000 	/System/Library/PrivateFrameworks/SoftLinking.framework/Versions/A/SoftLinking
0x000000019353a000 	/usr/lib/swift/libswiftCore.dylib
0x0000000181d5a000 	/usr/lib/libc++abi.dylib
0x0000000269a51000 	/usr/lib/libRosetta.dylib
0x0000000181ccd000 	/usr/lib/libc++.1.dylib
0x000000019c188000 	/usr/lib/swift/libswiftObjectiveC.dylib
0x000000018b618000 	/System/Library/PrivateFrameworks/CoreAutoLayout.framework/Versions/A/CoreAutoLayout
0x000000018307d000 	/System/Library/Frameworks/SystemConfiguration.framework/Versions/A/SystemConfiguration
0x000000018ff47000 	/usr/lib/libz.1.dylib
0x000000019022a000 	/usr/lib/libcompression.dylib
0x000000018795e000 	/System/Library/Frameworks/CFNetwork.framework/Versions/A/CFNetwork
0x000000018aadc000 	/System/Library/Frameworks/DiskArbitration.framework/Versions/A/DiskArbitration
0x0000000190054000 	/usr/lib/libarchive.2.dylib
0x000000018a9ee000 	/usr/lib/libDiagnosticMessagesClient.dylib
0x000000018b662000 	/usr/lib/libxml2.2.dylib
0x0000000197a23000 	/System/Library/Frameworks/CoreServices.framework/Versions/A/CoreServices
0x000000018e3cf000 	/usr/lib/liblangid.dylib
0x0000000185c41000 	/System/Library/Frameworks/IOKit.framework/Versions/A/IOKit
0x000000019591f000 	/System/Library/Frameworks/Combine.framework/Versions/A/Combine
0x0000000230357000 	/System/Library/PrivateFrameworks/CollectionsInternal.framework/Versions/A/CollectionsInternal
0x0000000250350000 	/System/Library/PrivateFrameworks/ReflectionInternal.framework/Versions/A/ReflectionInternal
0x0000000251022000 	/System/Library/PrivateFrameworks/RuntimeInternal.framework/Versions/A/RuntimeInternal
0x00000001ab1e2000 	/usr/lib/swift/libswiftCoreFoundation.dylib
0x00000001a85f6000 	/usr/lib/swift/libswiftDarwin.dylib
0x000000019951b000 	/usr/lib/swift/libswiftDispatch.dylib
0x00000001ab23d000 	/usr/lib/swift/libswiftIOKit.dylib
0x000000026aad5000 	/usr/lib/swift/libswiftSystem.dylib
0x00000001ab1f4000 	/usr/lib/swift/libswiftXPC.dylib
0x000000026ab44000 	/usr/lib/swift/libswift_Builtin_float.dylib
0x000000026ab47000 	/usr/lib/swift/libswift_Concurrency.dylib
0x000000026aca6000 	/usr/lib/swift/libswift_StringProcessing.dylib
0x000000026ad39000 	/usr/lib/swift/libswift_errno.dylib
0x000000026ad3b000 	/usr/lib/swift/libswift_math.dylib
0x000000026ad3e000 	/usr/lib/swift/libswift_signal.dylib
0x000000026ad3f000 	/usr/lib/swift/libswift_stdio.dylib
0x000000026ad40000 	/usr/lib/swift/libswift_time.dylib
0x000000019c18c000 	/usr/lib/swift/libswiftos.dylib
0x000000026ad41000 	/usr/lib/swift/libswiftsys_time.dylib
0x000000026ad42000 	/usr/lib/swift/libswiftunistd.dylib
0x000000018fff7000 	/usr/lib/system/libcache.dylib
0x000000018ffb2000 	/usr/lib/system/libcommonCrypto.dylib
0x000000018ffdd000 	/usr/lib/system/libcompiler_rt.dylib
0x000000018ffd2000 	/usr/lib/system/libcopyfile.dylib
0x0000000181b1b000 	/usr/lib/system/libcorecrypto.dylib
0x0000000181c01000 	/usr/lib/system/libdispatch.dylib
0x0000000181dc1000 	/usr/lib/system/libdyld.dylib
0x000000018ffed000 	/usr/lib/system/libkeymgr.dylib
0x000000018ff95000 	/usr/lib/system/libmacho.dylib
0x000000018f3c8000 	/usr/lib/system/libquarantine.dylib
0x000000018ffea000 	/usr/lib/system/libremovefile.dylib
0x0000000187dc0000 	/usr/lib/system/libsystem_asl.dylib
0x0000000181ab0000 	/usr/lib/system/libsystem_blocks.dylib
0x0000000181c4b000 	/usr/lib/system/libsystem_c.dylib
0x000000018ffe1000 	/usr/lib/system/libsystem_collections.dylib
0x000000018e3bc000 	/usr/lib/system/libsystem_configuration.dylib
0x000000018d157000 	/usr/lib/system/libsystem_containermanager.dylib
0x000000018fad8000 	/usr/lib/system/libsystem_coreservices.dylib
0x00000001858c2000 	/usr/lib/system/libsystem_darwin.dylib
0x000000026ae79000 	/usr/lib/system/libsystem_darwindirectory.dylib
0x000000018ffee000 	/usr/lib/system/libsystem_dnssd.dylib
0x000000026ae7d000 	/usr/lib/system/libsystem_eligibility.dylib
0x0000000181c48000 	/usr/lib/system/libsystem_featureflags.dylib
0x0000000181df9000 	/usr/lib/system/libsystem_info.dylib
0x000000018ff56000 	/usr/lib/system/libsystem_m.dylib
0x0000000181bba000 	/usr/lib/system/libsystem_malloc.dylib
0x0000000187d29000 	/usr/lib/system/libsystem_networkextension.dylib
0x0000000185d24000 	/usr/lib/system/libsystem_notify.dylib
0x000000018e3c1000 	/usr/lib/system/libsystem_sandbox.dylib
0x000000026ae85000 	/usr/lib/system/libsystem_sanitizers.dylib
0x000000018ffe6000 	/usr/lib/system/libsystem_secinit.dylib
0x0000000181d78000 	/usr/lib/system/libsystem_kernel.dylib
0x0000000181df1000 	/usr/lib/system/libsystem_platform.dylib
0x0000000181db4000 	/usr/lib/system/libsystem_pthread.dylib
0x000000018991a000 	/usr/lib/system/libsystem_symptoms.dylib
0x0000000181aff000 	/usr/lib/system/libsystem_trace.dylib
0x000000018ffc0000 	/usr/lib/system/libunwind.dylib
0x0000000181ab4000 	/usr/lib/system/libxpc.dylib
0x00000001851eb000 	/System/Library/Frameworks/Security.framework/Versions/A/Security
0x000000018f38e000 	/System/Library/PrivateFrameworks/BackgroundTaskManagement.framework/Versions/A/BackgroundTaskManagement
0x000000022beed000 	/System/Library/PrivateFrameworks/AppleKeyStore.framework/Versions/A/AppleKeyStore
0x00000002698a9000 	/usr/lib/libCoreEntitlements.dylib
0x0000000247329000 	/System/Library/PrivateFrameworks/MessageSecurity.framework/Versions/A/MessageSecurity
0x00000001894db000 	/System/Library/PrivateFrameworks/ProtocolBuffer.framework/Versions/A/ProtocolBuffer
0x0000000187d46000 	/usr/lib/libMobileGestalt.dylib
0x000000018fabf000 	/System/Library/PrivateFrameworks/AppleFSCompression.framework/Versions/A/AppleFSCompression
0x000000018f3ef000 	/usr/lib/libbsm.0.dylib
0x000000018f3d7000 	/usr/lib/libcoretls.dylib
0x00000001915d8000 	/usr/lib/libcoretls_cfhelpers.dylib
0x0000000190224000 	/usr/lib/libpam.2.dylib
0x00000001894f6000 	/usr/lib/libsqlite3.dylib
0x000000019164c000 	/usr/lib/libxar.1.dylib
0x00000001915da000 	/System/Library/PrivateFrameworks/APFS.framework/Versions/A/APFS
0x000000025a560000 	/System/Library/PrivateFrameworks/SwiftASN1Internal.framework/Versions/A/SwiftASN1Internal
0x000000019165b000 	/usr/lib/libutil.dylib
0x0000000187d44000 	/usr/lib/libenergytrace.dylib
0x000000018ff99000 	/usr/lib/system/libkxld.dylib
0x000000018e3ca000 	/System/Library/PrivateFrameworks/AppleSystemInfo.framework/Versions/A/AppleSystemInfo
0x000000018f0c7000 	/System/Library/PrivateFrameworks/IOMobileFramebuffer.framework/Versions/A/IOMobileFramebuffer
0x0000000189923000 	/System/Library/Frameworks/Network.framework/Versions/A/Network
0x000000018a9bd000 	/System/Library/PrivateFrameworks/CoreAnalytics.framework/Versions/A/CoreAnalytics
0x00000001ab0cd000 	/System/Library/PrivateFrameworks/LoggingSupport.framework/Versions/A/LoggingSupport
0x00000001989dc000 	/System/Library/PrivateFrameworks/PowerLog.framework/Versions/A/PowerLog
0x000000018982c000 	/System/Library/PrivateFrameworks/RunningBoardServices.framework/Versions/A/RunningBoardServices
0x00000001e8bde000 	/System/Library/Frameworks/SwiftData.framework/Versions/A/SwiftData
0x00000001873d5000 	/System/Library/Frameworks/UniformTypeIdentifiers.framework/Versions/A/UniformTypeIdentifiers
0x000000018b7ed000 	/System/Library/PrivateFrameworks/UserManagement.framework/Versions/A/UserManagement
0x000000018788c000 	/usr/lib/libboringssl.dylib
0x0000000189909000 	/usr/lib/libdns_services.dylib
0x00000001aa281000 	/usr/lib/libquic.dylib
0x00000001934c9000 	/usr/lib/libusrtcp.dylib
0x00000001901e1000 	/usr/lib/libapple_nghttp2.dylib
0x00000001cebd3000 	/System/Library/PrivateFrameworks/InternalSwiftProtobuf.framework/Versions/A/InternalSwiftProtobuf
0x000000026aa32000 	/usr/lib/swift/libswiftDistributed.dylib
0x000000026aa5e000 	/usr/lib/swift/libswiftObservation.dylib
0x000000026aacb000 	/usr/lib/swift/libswiftSynchronization.dylib
0x000000018795d000 	/usr/lib/libnetwork.dylib
0x00000001bbdf9000 	/System/Library/PrivateFrameworks/OSAnalytics.framework/Versions/A/OSAnalytics
0x00000001901bc000 	/System/Library/PrivateFrameworks/AppleSauce.framework/Versions/A/AppleSauce
0x0000000199cb1000 	/System/Library/PrivateFrameworks/CoreSymbolication.framework/Versions/A/CoreSymbolication
0x00000001ca89f000 	/System/Library/PrivateFrameworks/Symbolication.framework/Versions/A/Symbolication
0x000000018b5dc000 	/System/Library/Frameworks/CoreServices.framework/Versions/A/Frameworks/FSEvents.framework/Versions/A/FSEvents
0x00000001858cd000 	/System/Library/Frameworks/CoreServices.framework/Versions/A/Frameworks/CarbonCore.framework/Versions/A/CarbonCore
0x000000018aa51000 	/System/Library/Frameworks/CoreServices.framework/Versions/A/Frameworks/Metadata.framework/Versions/A/Metadata
0x000000018fadf000 	/System/Library/Frameworks/CoreServices.framework/Versions/A/Frameworks/OSServices.framework/Versions/A/OSServices
0x000000019014c000 	/System/Library/Frameworks/CoreServices.framework/Versions/A/Frameworks/SearchKit.framework/Versions/A/SearchKit
0x0000000189895000 	/System/Library/Frameworks/CoreServices.framework/Versions/A/Frameworks/AE.framework/Versions/A/AE
0x0000000182368000 	/System/Library/Frameworks/CoreServices.framework/Versions/A/Frameworks/LaunchServices.framework/Versions/A/LaunchServices
0x0000000191562000 	/System/Library/Frameworks/CoreServices.framework/Versions/A/Frameworks/DictionaryServices.framework/Versions/A/DictionaryServices
0x000000018b5ea000 	/System/Library/Frameworks/CoreServices.framework/Versions/A/Frameworks/SharedFileList.framework/Versions/A/SharedFileList
0x0000000188321000 	/System/Library/Frameworks/CoreGraphics.framework/Versions/A/CoreGraphics
0x000000019421d000 	/System/Library/Frameworks/GSS.framework/Versions/A/GSS
0x00000001915b9000 	/usr/lib/liblzma.5.dylib
0x0000000189080000 	/System/Library/Frameworks/CoreData.framework/Versions/A/CoreData
0x000000018f2d3000 	/System/Library/PrivateFrameworks/MobileKeyBag.framework/Versions/A/MobileKeyBag
0x000000018e3c8000 	/System/Library/PrivateFrameworks/AggregateDictionary.framework/Versions/A/AggregateDictionary
0x0000000269774000 	/usr/lib/libAppleArchive.dylib
0x000000018facb000 	/usr/lib/libbz2.1.0.dylib
0x0000000190039000 	/usr/lib/libiconv.2.dylib
0x000000018ff94000 	/usr/lib/libcharset.1.dylib
0x0000000187dfb000 	/System/Library/PrivateFrameworks/SkyLight.framework/Versions/A/SkyLight
0x000000018d5a2000 	/System/Library/PrivateFrameworks/FontServices.framework/libFontParser.dylib
0x0000000197ccf000 	/System/Library/Frameworks/Accelerate.framework/Versions/A/Accelerate
0x000000018d188000 	/System/Library/Frameworks/IOSurface.framework/Versions/A/IOSurface
0x0000000187dd8000 	/System/Library/PrivateFrameworks/TCC.framework/Versions/A/TCC
0x000000019f06b000 	/System/Library/PrivateFrameworks/IOSurfaceAccelerator.framework/Versions/A/IOSurfaceAccelerator
0x0000000192092000 	/System/Library/PrivateFrameworks/WatchdogClient.framework/Versions/A/WatchdogClient
0x00000001843be000 	/System/Library/Frameworks/CoreDisplay.framework/Versions/A/CoreDisplay
0x000000018d446000 	/System/Library/Frameworks/CoreMedia.framework/Versions/A/CoreMedia
0x000000018d1a1000 	/System/Library/PrivateFrameworks/IOAccelerator.framework/Versions/A/IOAccelerator
0x000000018d1ab000 	/System/Library/Frameworks/Metal.framework/Versions/A/Metal
0x000000018b74c000 	/System/Library/Frameworks/CoreVideo.framework/Versions/A/CoreVideo
0x0000000190222000 	/System/Library/Frameworks/MetalPerformanceShaders.framework/Versions/A/MetalPerformanceShaders
0x0000000192094000 	/System/Library/PrivateFrameworks/MultitouchSupport.framework/Versions/A/MultitouchSupport
0x000000018aef5000 	/System/Library/Frameworks/QuartzCore.framework/Versions/A/QuartzCore
0x000000024f6a1000 	/System/Library/PrivateFrameworks/ProDisplayLibrary.framework/Versions/A/ProDisplayLibrary
0x00000001920da000 	/System/Library/Frameworks/VideoToolbox.framework/Versions/A/VideoToolbox
0x00000001b7d93000 	/usr/lib/swift/libswiftMetal.dylib
0x00000001c6d69000 	/usr/lib/swift/libswiftOSLog.dylib
0x00000001bd1ba000 	/usr/lib/swift/libswiftQuartzCore.dylib
0x00000001c17fd000 	/usr/lib/swift/libswiftUniformTypeIdentifiers.dylib
0x00000001aea90000 	/usr/lib/swift/libswiftsimd.dylib
0x0000000189747000 	/System/Library/PrivateFrameworks/BaseBoard.framework/Versions/A/BaseBoard
0x000000018dbd2000 	/System/Library/Frameworks/ImageIO.framework/Versions/A/ImageIO
0x0000000191f5b000 	/System/Library/PrivateFrameworks/AppleJPEG.framework/Versions/A/AppleJPEG
0x00000001919fc000 	/usr/lib/libexpat.1.dylib
0x0000000188a51000 	/System/Library/Frameworks/ColorSync.framework/Versions/A/ColorSync
0x0000000192586000 	/System/Library/Frameworks/ImageIO.framework/Versions/A/Resources/libPng.dylib
0x00000001925b1000 	/System/Library/Frameworks/ImageIO.framework/Versions/A/Resources/libTIFF.dylib
0x000000019269b000 	/System/Library/Frameworks/ImageIO.framework/Versions/A/Resources/libGIF.dylib
0x0000000191fa1000 	/System/Library/Frameworks/ImageIO.framework/Versions/A/Resources/libJP2.dylib
0x000000019170d000 	/usr/lib/libate.dylib
0x0000000192642000 	/System/Library/Frameworks/ImageIO.framework/Versions/A/Resources/libJPEG.dylib
0x0000000192639000 	/System/Library/Frameworks/ImageIO.framework/Versions/A/Resources/libRadiance.dylib
0x000000018aae5000 	/System/Library/Frameworks/Accelerate.framework/Versions/A/Frameworks/vImage.framework/Versions/A/vImage
0x00000001979fe000 	/System/Library/Frameworks/Accelerate.framework/Versions/A/Frameworks/vecLib.framework/Versions/A/vecLib
0x0000000191693000 	/System/Library/Frameworks/Accelerate.framework/Versions/A/Frameworks/vecLib.framework/Versions/A/libvMisc.dylib
0x00000001827e0000 	/System/Library/Frameworks/Accelerate.framework/Versions/A/Frameworks/vecLib.framework/Versions/A/libBLAS.dylib
0x0000000184897000 	/System/Library/Frameworks/CoreText.framework/Versions/A/CoreText
0x0000000236752000 	/System/Library/PrivateFrameworks/FontServices.framework/Versions/A/FontServices
0x0000000191be0000 	/System/Library/PrivateFrameworks/OTSVG.framework/Versions/A/OTSVG
0x000000018b2c9000 	/System/Library/Frameworks/ApplicationServices.framework/Versions/A/Frameworks/ATS.framework/Versions/A/Resources/libFontRegistry.dylib
0x0000000269e35000 	/usr/lib/libhvf.dylib
0x000000024b5af000 	/System/Library/PrivateFrameworks/ParsingInternal.framework/Versions/A/ParsingInternal
0x000000026aa7b000 	/usr/lib/swift/libswiftRegexBuilder.dylib
0x000000026ac03000 	/usr/lib/swift/libswift_RegexParser.dylib
0x0000000236753000 	/System/Library/PrivateFrameworks/FontServices.framework/libXTFontStaticRegistryData.dylib
0x000000018df51000 	/System/Library/Frameworks/CoreImage.framework/Versions/A/CoreImage
0x000000023681d000 	/System/Library/PrivateFrameworks/FramePacing.framework/Versions/A/FramePacing
0x000000019d2d1000 	/System/Library/PrivateFrameworks/ASEProcessing.framework/Versions/A/ASEProcessing
0x000000024e810000 	/System/Library/PrivateFrameworks/PhotosensitivityProcessing.framework/Versions/A/PhotosensitivityProcessing
0x00000001e26e9000 	/System/Library/Frameworks/OpenGL.framework/Versions/A/OpenGL
0x0000000191bd4000 	/System/Library/PrivateFrameworks/GraphVisualizer.framework/Versions/A/GraphVisualizer
0x000000023b420000 	/System/Library/PrivateFrameworks/GPUCompiler.framework/Versions/32023/Libraries/libllvm-flatbuffers.dylib
0x00000001e26db000 	/System/Library/Frameworks/OpenGL.framework/Versions/A/Libraries/libCoreFSCache.dylib
0x0000000237392000 	/System/Library/PrivateFrameworks/GPUCompiler.framework/Versions/32023/Libraries/libGPUCompilerUtils.dylib
0x00000001e2739000 	/System/Library/Frameworks/OpenGL.framework/Versions/A/Libraries/libGLU.dylib
0x00000001e26fd000 	/System/Library/Frameworks/OpenGL.framework/Versions/A/Libraries/libGFXShared.dylib
0x00000001e28c5000 	/System/Library/Frameworks/OpenGL.framework/Versions/A/Libraries/libGL.dylib
0x00000001e2706000 	/System/Library/Frameworks/OpenGL.framework/Versions/A/Libraries/libGLImage.dylib
0x00000001e26fa000 	/System/Library/Frameworks/OpenGL.framework/Versions/A/Libraries/libCVMSPluginSupport.dylib
0x00000001e26e3000 	/System/Library/Frameworks/OpenGL.framework/Versions/A/Libraries/libCoreVMClient.dylib
0x000000018e30c000 	/System/Library/Frameworks/MetalPerformanceShaders.framework/Versions/A/Frameworks/MPSCore.framework/Versions/A/MPSCore
0x000000018fa2a000 	/System/Library/Frameworks/MetalPerformanceShaders.framework/Versions/A/Frameworks/MPSImage.framework/Versions/A/MPSImage
0x000000018f479000 	/System/Library/Frameworks/MetalPerformanceShaders.framework/Versions/A/Frameworks/MPSNeuralNetwork.framework/Versions/A/MPSNeuralNetwork
0x000000018f8b0000 	/System/Library/Frameworks/MetalPerformanceShaders.framework/Versions/A/Frameworks/MPSMatrix.framework/Versions/A/MPSMatrix
0x000000018f6c5000 	/System/Library/Frameworks/MetalPerformanceShaders.framework/Versions/A/Frameworks/MPSRayIntersector.framework/Versions/A/MPSRayIntersector
0x000000018f8e2000 	/System/Library/Frameworks/MetalPerformanceShaders.framework/Versions/A/Frameworks/MPSNDArray.framework/Versions/A/MPSNDArray
0x00000001e5fd0000 	/System/Library/Frameworks/MetalPerformanceShaders.framework/Versions/A/Frameworks/MPSFunctions.framework/Versions/A/MPSFunctions
0x00000001e5fb2000 	/System/Library/Frameworks/MetalPerformanceShaders.framework/Versions/A/Frameworks/MPSBenchmarkLoop.framework/Versions/A/MPSBenchmarkLoop
0x000000018265b000 	/System/Library/PrivateFrameworks/MetalTools.framework/Versions/A/MetalTools
0x00000001afe36000 	/System/Library/PrivateFrameworks/IOAccelMemoryInfo.framework/Versions/A/IOAccelMemoryInfo
0x00000001bd5af000 	/System/Library/PrivateFrameworks/kperf.framework/Versions/A/kperf
0x00000001ab1bd000 	/System/Library/PrivateFrameworks/GPURawCounter.framework/Versions/A/GPURawCounter
0x00000001ab156000 	/System/Library/PrivateFrameworks/MallocStackLogging.framework/Versions/A/MallocStackLogging
0x00000001917a7000 	/System/Library/PrivateFrameworks/CrashReporterSupport.framework/Versions/A/CrashReporterSupport
0x0000000199c8d000 	/System/Library/PrivateFrameworks/DebugSymbols.framework/Versions/A/DebugSymbols
0x000000019420c000 	/System/Library/Frameworks/Kerberos.framework/Versions/A/Kerberos
0x0000000193e72000 	/usr/lib/libresolv.9.dylib
0x0000000191c32000 	/System/Library/PrivateFrameworks/Heimdal.framework/Versions/A/Heimdal
0x000000019c0df000 	/System/Library/Frameworks/Kerberos.framework/Versions/A/Libraries/libHeimdalProxy.dylib
0x0000000191a17000 	/usr/lib/libheimdal-asn1.dylib
0x000000018b5af000 	/System/Library/Frameworks/OpenDirectory.framework/Versions/A/OpenDirectory
0x000000019426f000 	/System/Library/PrivateFrameworks/CommonAuth.framework/Versions/A/CommonAuth
0x000000018b5bd000 	/System/Library/Frameworks/OpenDirectory.framework/Versions/A/Frameworks/CFOpenDirectory.framework/Versions/A/CFOpenDirectory
0x000000018f2ff000 	/System/Library/Frameworks/SecurityFoundation.framework/Versions/A/SecurityFoundation
0x0000000193ba5000 	/System/Library/Frameworks/AudioToolbox.framework/Versions/A/AudioToolbox
0x0000000184ab6000 	/System/Library/Frameworks/CoreAudio.framework/Versions/A/CoreAudio
0x0000000193dad000 	/usr/lib/libAudioStatistics.dylib
0x000000018d41e000 	/System/Library/PrivateFrameworks/caulk.framework/Versions/A/caulk
0x00000001844df000 	/System/Library/PrivateFrameworks/AudioToolboxCore.framework/Versions/A/AudioToolboxCore
0x000000019e3f7000 	/System/Library/Frameworks/CoreMIDI.framework/Versions/A/CoreMIDI
0x0000000193d50000 	/System/Library/PrivateFrameworks/AudioSession.framework/Versions/A/AudioSession
0x0000000191b01000 	/System/Library/PrivateFrameworks/MediaExperience.framework/Versions/A/MediaExperience
0x00000001d5ef8000 	/System/Library/PrivateFrameworks/FeatureFlags.framework/Versions/A/FeatureFlags
0x0000000191c21000 	/System/Library/PrivateFrameworks/AppServerSupport.framework/Versions/A/AppServerSupport
0x00000001941f0000 	/System/Library/PrivateFrameworks/perfdata.framework/Versions/A/perfdata
0x00000001aa37a000 	/System/Library/PrivateFrameworks/SystemPolicy.framework/Versions/A/SystemPolicy
0x0000000194091000 	/usr/lib/libSMC.dylib
0x0000000192550000 	/usr/lib/libAudioToolboxUtility.dylib
0x00000001941fe000 	/usr/lib/libperfcheck.dylib
0x000000022ccaa000 	/System/Library/PrivateFrameworks/AudioAnalytics.framework/Versions/A/AudioAnalytics
0x00000001ce99a000 	/System/Library/Frameworks/OSLog.framework/Versions/A/OSLog
0x00000001ab188000 	/usr/lib/libmis.dylib
0x0000000193b5e000 	/System/Library/PrivateFrameworks/AudioSession.framework/libSessionUtility.dylib
0x00000001926a1000 	/System/Library/PrivateFrameworks/CMCaptureCore.framework/Versions/A/CMCaptureCore
0x0000000191c2b000 	/usr/lib/libspindump.dylib
0x00000001e4302000 	/System/Library/Frameworks/ExtensionFoundation.framework/Versions/A/ExtensionFoundation
0x0000000199dbe000 	/System/Library/PrivateFrameworks/CoreTime.framework/Versions/A/CoreTime
0x0000000199880000 	/System/Library/PrivateFrameworks/BoardServices.framework/Versions/A/BoardServices
0x00000001918fb000 	/System/Library/PrivateFrameworks/PlugInKit.framework/Versions/A/PlugInKit
0x000000018f2f0000 	/System/Library/PrivateFrameworks/AssertionServices.framework/Versions/A/AssertionServices
0x000000018efa2000 	/System/Library/Frameworks/Accelerate.framework/Versions/A/Frameworks/vecLib.framework/Versions/A/libvDSP.dylib
0x0000000190300000 	/System/Library/Frameworks/Accelerate.framework/Versions/A/Frameworks/vecLib.framework/Versions/A/libLAPACK.dylib
0x000000018f464000 	/System/Library/Frameworks/Accelerate.framework/Versions/A/Frameworks/vecLib.framework/Versions/A/libLinearAlgebra.dylib
0x00000001901fb000 	/System/Library/Frameworks/Accelerate.framework/Versions/A/Frameworks/vecLib.framework/Versions/A/libSparseBLAS.dylib
0x00000001902fb000 	/System/Library/Frameworks/Accelerate.framework/Versions/A/Frameworks/vecLib.framework/Versions/A/libQuadrature.dylib
0x000000018e4f5000 	/System/Library/Frameworks/Accelerate.framework/Versions/A/Frameworks/vecLib.framework/Versions/A/libBNNS.dylib
0x0000000182f81000 	/System/Library/Frameworks/Accelerate.framework/Versions/A/Frameworks/vecLib.framework/Versions/A/libSparse.dylib
0x0000000244719000 	/System/Library/PrivateFrameworks/MIL.framework/Versions/A/MIL
0x0000000192634000 	/System/Library/PrivateFrameworks/GPUWrangler.framework/Versions/A/GPUWrangler
0x0000000192614000 	/System/Library/PrivateFrameworks/IOPresentment.framework/Versions/A/IOPresentment
0x000000019263c000 	/System/Library/PrivateFrameworks/DSExternalDisplay.framework/Versions/A/DSExternalDisplay
0x00000001ceda1000 	/System/Library/PrivateFrameworks/HIDDisplay.framework/Versions/A/HIDDisplay
0x00000001a3b80000 	/System/Library/PrivateFrameworks/HID.framework/Versions/A/HID
0x0000000260857000 	/System/Library/PrivateFrameworks/VideoToolboxParavirtualizationSupport.framework/Versions/A/VideoToolboxParavirtualizationSupport
0x00000001919b3000 	/System/Library/PrivateFrameworks/AppleVA.framework/Versions/A/AppleVA
0x0000000198acd000 	/System/Library/PrivateFrameworks/MediaKit.framework/Versions/A/MediaKit
0x0000000198a18000 	/System/Library/Frameworks/DiscRecording.framework/Versions/A/DiscRecording
0x0000000182e74000 	/System/Library/PrivateFrameworks/Lexicon.framework/Versions/A/Lexicon
0x000000018f461000 	/usr/lib/libgermantok.dylib
0x000000018e4ee000 	/System/Library/PrivateFrameworks/LinguisticData.framework/Versions/A/LinguisticData
0x00000001941d1000 	/System/Library/PrivateFrameworks/NetAuth.framework/Versions/A/NetAuth
0x000000018b7ad000 	/System/Library/PrivateFrameworks/login.framework/Versions/A/Frameworks/loginsupport.framework/Versions/A/loginsupport
0x000000022c8ba000 	/System/Library/PrivateFrameworks/AppleMobileFileIntegrity.framework/Versions/A/AppleMobileFileIntegrity
0x0000000269ab4000 	/usr/lib/libTLE.dylib
0x00000001df737000 	/System/Library/PrivateFrameworks/ConfigProfileHelper.framework/Versions/A/ConfigProfileHelper
0x000000018f401000 	/usr/lib/libmecab.dylib
0x0000000183111000 	/usr/lib/libCRFSuite.dylib
0x000000018e3d1000 	/System/Library/PrivateFrameworks/CoreNLP.framework/Versions/A/CoreNLP
0x00000001901b4000 	/usr/lib/libThaiTokenizer.dylib
0x000000018f3cb000 	/usr/lib/libCheckFix.dylib
0x000000018a9f0000 	/System/Library/PrivateFrameworks/MetadataUtilities.framework/Versions/A/MetadataUtilities
0x000000023ff5b000 	/System/Library/PrivateFrameworks/InstalledContentLibrary.framework/Versions/A/InstalledContentLibrary
0x0000000185c00000 	/System/Library/PrivateFrameworks/CoreServicesStore.framework/Versions/A/CoreServicesStore
0x000000018b614000 	/usr/lib/libapp_launch_measurement.dylib
0x00000001bd6b9000 	/System/Library/PrivateFrameworks/MobileSystemServices.framework/Versions/A/MobileSystemServices
0x000000019165f000 	/usr/lib/libxslt.1.dylib
0x000000019b695000 	/System/Library/PrivateFrameworks/DiskImages.framework/Versions/A/DiskImages
0x00000001a811f000 	/System/Library/Frameworks/NetFS.framework/Versions/A/NetFS
0x000000019b853000 	/usr/lib/libcurl.4.dylib
0x0000000269ce8000 	/usr/lib/libcrypto.46.dylib
0x000000026a810000 	/usr/lib/libssl.48.dylib
0x000000019b52c000 	/System/Library/Frameworks/LDAP.framework/Versions/A/LDAP
0x000000019b568000 	/System/Library/PrivateFrameworks/TrustEvaluationAgent.framework/Versions/A/TrustEvaluationAgent
0x0000000193e8f000 	/usr/lib/libsasl2.2.dylib
0x0000000101300000 	/Library/Frameworks/Python.framework/Versions/3.11/lib/python3.11/lib-dynload/_typing.cpython-311-darwin.so
0x0000000101078000 	/Library/Frameworks/Python.framework/Versions/3.11/lib/python3.11/lib-dynload/_json.cpython-311-darwin.so
0x000000010133c000 	/Library/Frameworks/Python.framework/Versions/3.11/lib/python3.11/lib-dynload/fcntl.cpython-311-darwin.so
0x0000000101350000 	/Library/Frameworks/Python.framework/Versions/3.11/lib/python3.11/lib-dynload/_posixsubprocess.cpython-311-darwin.so
0x0000000101314000 	/Library/Frameworks/Python.framework/Versions/3.11/lib/python3.11/lib-dynload/select.cpython-311-darwin.so
0x00000001013a4000 	/Library/Frameworks/Python.framework/Versions/3.11/lib/python3.11/lib-dynload/math.cpython-311-darwin.so
0x0000000101364000 	/Library/Frameworks/Python.framework/Versions/3.11/lib/python3.11/lib-dynload/_ctypes.cpython-311-darwin.so
0x000000019453c000 	/usr/lib/libffi.dylib
0x0000000101600000 	/Library/Frameworks/Python.framework/Versions/3.11/lib/python3.11/lib-dynload/_struct.cpython-311-darwin.so
0x000000010161c000 	/Users/jfv/Library/Python/3.11/lib/python/site-packages/zmq/backend/cython/_device.cpython-311-darwin.so
0x00000001019e4000 	/Users/jfv/Library/Python/3.11/lib/python/site-packages/zmq/.dylibs/libzmq.5.dylib
0x00000001016fc000 	/Users/jfv/Library/Python/3.11/lib/python/site-packages/zmq/.dylibs/libsodium.23.dylib
0x00000001013c4000 	/Users/jfv/Library/Python/3.11/lib/python/site-packages/zmq/backend/cython/context.cpython-311-darwin.so
0x00000001016ac000 	/Users/jfv/Library/Python/3.11/lib/python/site-packages/zmq/backend/cython/socket.cpython-311-darwin.so
0x0000000101758000 	/Users/jfv/Library/Python/3.11/lib/python/site-packages/zmq/backend/cython/message.cpython-311-darwin.so
0x00000001013e4000 	/Library/Frameworks/Python.framework/Versions/3.11/lib/python3.11/lib-dynload/_bisect.cpython-311-darwin.so
0x0000000101660000 	/Library/Frameworks/Python.framework/Versions/3.11/lib/python3.11/lib-dynload/_random.cpython-311-darwin.so
0x0000000101638000 	/Library/Frameworks/Python.framework/Versions/3.11/lib/python3.11/lib-dynload/_sha512.cpython-311-darwin.so
0x0000000101674000 	/Library/Frameworks/Python.framework/Versions/3.11/lib/python3.11/lib-dynload/_pickle.cpython-311-darwin.so
0x00000001017c4000 	/Users/jfv/Library/Python/3.11/lib/python/site-packages/zmq/backend/cython/_poll.cpython-311-darwin.so
0x00000001016e0000 	/Users/jfv/Library/Python/3.11/lib/python/site-packages/zmq/backend/cython/_proxy_steerable.cpython-311-darwin.so
0x00000001017e4000 	/Users/jfv/Library/Python/3.11/lib/python/site-packages/zmq/backend/cython/_version.cpython-311-darwin.so
0x00000001017fc000 	/Users/jfv/Library/Python/3.11/lib/python/site-packages/zmq/backend/cython/error.cpython-311-darwin.so
0x0000000101814000 	/Users/jfv/Library/Python/3.11/lib/python/site-packages/zmq/backend/cython/utils.cpython-311-darwin.so
0x000000010164c000 	/Library/Frameworks/Python.framework/Versions/3.11/lib/python3.11/lib-dynload/_heapq.cpython-311-darwin.so
0x0000000101780000 	/Library/Frameworks/Python.framework/Versions/3.11/lib/python3.11/lib-dynload/_socket.cpython-311-darwin.so
0x00000001017a4000 	/Library/Frameworks/Python.framework/Versions/3.11/lib/python3.11/lib-dynload/array.cpython-311-darwin.so
0x00000001019a8000 	/Library/Frameworks/Python.framework/Versions/3.11/lib/python3.11/lib-dynload/_ssl.cpython-311-darwin.so
0x0000000102588000 	/Library/Frameworks/Python.framework/Versions/3.11/lib/libssl.3.dylib
0x0000000104f84000 	/Library/Frameworks/Python.framework/Versions/3.11/lib/libcrypto.3.dylib
0x0000000101960000 	/Library/Frameworks/Python.framework/Versions/3.11/lib/python3.11/lib-dynload/binascii.cpython-311-darwin.so
0x0000000101978000 	/Library/Frameworks/Python.framework/Versions/3.11/lib/python3.11/lib-dynload/_opcode.cpython-311-darwin.so
0x000000010198c000 	/Library/Frameworks/Python.framework/Versions/3.11/lib/python3.11/lib-dynload/_contextvars.cpython-311-darwin.so
0x0000000101930000 	/Library/Frameworks/Python.framework/Versions/3.11/lib/python3.11/lib-dynload/_asyncio.cpython-311-darwin.so
0x0000000101be0000 	/Library/Frameworks/Python.framework/Versions/3.11/lib/python3.11/lib-dynload/_queue.cpython-311-darwin.so
0x0000000101bb8000 	/Library/Frameworks/Python.framework/Versions/3.11/lib/python3.11/lib-dynload/_hashlib.cpython-311-darwin.so
0x0000000101e30000 	/Library/Frameworks/Python.framework/Versions/3.11/lib/python3.11/lib-dynload/_blake2.cpython-311-darwin.so
0x0000000101e00000 	/Library/Frameworks/Python.framework/Versions/3.11/lib/python3.11/lib-dynload/_datetime.cpython-311-darwin.so
0x0000000102724000 	/Library/Frameworks/Python.framework/Versions/3.11/lib/python3.11/lib-dynload/zlib.cpython-311-darwin.so
0x0000000101090000 	/Users/jfv/Library/Python/3.11/lib/python/site-packages/tornado/speedups.abi3.so
0x0000000101e48000 	/Library/Frameworks/Python.framework/Versions/3.11/lib/python3.11/lib-dynload/_curses.cpython-311-darwin.so
0x0000000102740000 	/Library/Frameworks/Python.framework/Versions/3.11/lib/libncursesw.5.dylib
0x0000000104bc4000 	/Library/Frameworks/Python.framework/Versions/3.11/lib/python3.11/lib-dynload/_decimal.cpython-311-darwin.so
0x0000000101e78000 	/Library/Frameworks/Python.framework/Versions/3.11/lib/python3.11/lib-dynload/termios.cpython-311-darwin.so
0x00000001027cc000 	/Library/Frameworks/Python.framework/Versions/3.11/lib/python3.11/lib-dynload/_bz2.cpython-311-darwin.so
0x0000000104d24000 	/Library/Frameworks/Python.framework/Versions/3.11/lib/python3.11/lib-dynload/_lzma.cpython-311-darwin.so
0x00000001027e0000 	/Library/Frameworks/Python.framework/Versions/3.11/lib/python3.11/lib-dynload/_uuid.cpython-311-darwin.so
0x00000001027a4000 	/Library/Frameworks/Python.framework/Versions/3.11/lib/python3.11/lib-dynload/_csv.cpython-311-darwin.so
0x0000000104b28000 	/Library/Frameworks/Python.framework/Versions/3.11/lib/python3.11/lib-dynload/resource.cpython-311-darwin.so
0x0000000105b60000 	/Library/Frameworks/Python.framework/Versions/3.11/lib/python3.11/lib-dynload/_sqlite3.cpython-311-darwin.so
0x0000000106248000 	/Library/Frameworks/Python.framework/Versions/3.11/lib/python3.11/lib-dynload/unicodedata.cpython-311-darwin.so
0x0000000104b3c000 	/Library/Frameworks/Python.framework/Versions/3.11/lib/python3.11/lib-dynload/_scproxy.cpython-311-darwin.so
0x0000000104b50000 	/Library/Frameworks/Python.framework/Versions/3.11/lib/python3.11/lib-dynload/_lsprof.cpython-311-darwin.so
0x0000000104b64000 	/Users/jfv/Library/Python/3.11/lib/python/site-packages/psutil/_psutil_osx.abi3.so
0x0000000101394000 	/Users/jfv/Library/Python/3.11/lib/python/site-packages/psutil/_psutil_posix.abi3.so
0x0000000104b7c000 	/Library/Frameworks/Python.framework/Versions/3.11/lib/python3.11/lib-dynload/pyexpat.cpython-311-darwin.so
0x0000000104d6c000 	/Users/jfv/Library/Python/3.11/lib/python/site-packages/debugpy/_vendored/pydevd/_pydevd_bundle/pydevd_cython.cpython-311-darwin.so
0x0000000107534000 	/Library/Frameworks/Python.framework/Versions/3.11/lib/python3.11/site-packages/numpy/_core/_multiarray_umath.cpython-311-darwin.so
0x0000000104f00000 	/Library/Frameworks/Python.framework/Versions/3.11/lib/python3.11/site-packages/numpy/linalg/_umath_linalg.cpython-311-darwin.so
0x0000000107d80000 	/Library/Frameworks/Python.framework/Versions/3.11/lib/python3.11/site-packages/pyarrow/lib.cpython-311-darwin.so
0x0000000107b64000 	/Library/Frameworks/Python.framework/Versions/3.11/lib/python3.11/site-packages/pyarrow/libarrow_python.2200.dylib
0x0000000108614000 	/Library/Frameworks/Python.framework/Versions/3.11/lib/python3.11/site-packages/pyarrow/libarrow_substrait.2200.dylib
0x0000000108aa8000 	/Library/Frameworks/Python.framework/Versions/3.11/lib/python3.11/site-packages/pyarrow/libarrow_dataset.2200.dylib
0x0000000108d34000 	/Library/Frameworks/Python.framework/Versions/3.11/lib/python3.11/site-packages/pyarrow/libparquet.2200.dylib
0x0000000108394000 	/Library/Frameworks/Python.framework/Versions/3.11/lib/python3.11/site-packages/pyarrow/libarrow_acero.2200.dylib
0x000000010f000000 	/Library/Frameworks/Python.framework/Versions/3.11/lib/python3.11/site-packages/pyarrow/libarrow_compute.2200.dylib
0x000000011c100000 	/Library/Frameworks/Python.framework/Versions/3.11/lib/python3.11/site-packages/pyarrow/libarrow.2200.dylib
0x0000000105c8c000 	/Library/Frameworks/Python.framework/Versions/3.11/lib/python3.11/site-packages/numpy/random/bit_generator.cpython-311-darwin.so
0x0000000105cc0000 	/Library/Frameworks/Python.framework/Versions/3.11/lib/python3.11/site-packages/numpy/random/_common.cpython-311-darwin.so
0x0000000108184000 	/Library/Frameworks/Python.framework/Versions/3.11/lib/python3.11/site-packages/numpy/random/mtrand.cpython-311-darwin.so
0x000000010636c000 	/Library/Frameworks/Python.framework/Versions/3.11/lib/python3.11/site-packages/numpy/random/_bounded_integers.cpython-311-darwin.so
0x0000000105b24000 	/Library/Frameworks/Python.framework/Versions/3.11/lib/python3.11/site-packages/numpy/random/_mt19937.cpython-311-darwin.so
0x0000000106200000 	/Library/Frameworks/Python.framework/Versions/3.11/lib/python3.11/site-packages/numpy/random/_philox.cpython-311-darwin.so
0x0000000106220000 	/Library/Frameworks/Python.framework/Versions/3.11/lib/python3.11/site-packages/numpy/random/_pcg64.cpython-311-darwin.so
0x0000000104f68000 	/Library/Frameworks/Python.framework/Versions/3.11/lib/python3.11/site-packages/numpy/random/_sfc64.cpython-311-darwin.so
0x000000010822c000 	/Library/Frameworks/Python.framework/Versions/3.11/lib/python3.11/site-packages/numpy/random/_generator.cpython-311-darwin.so
0x0000000104de4000 	/Library/Frameworks/Python.framework/Versions/3.11/lib/python3.11/site-packages/pandas/_libs/pandas_parser.cpython-311-darwin.so
0x0000000105b00000 	/Library/Frameworks/Python.framework/Versions/3.11/lib/python3.11/site-packages/pandas/_libs/pandas_datetime.cpython-311-darwin.so
0x00000001097b8000 	/Library/Frameworks/Python.framework/Versions/3.11/lib/python3.11/site-packages/pandas/_libs/interval.cpython-311-darwin.so
0x0000000109a70000 	/Library/Frameworks/Python.framework/Versions/3.11/lib/python3.11/site-packages/pandas/_libs/hashtable.cpython-311-darwin.so
0x0000000107500000 	/Library/Frameworks/Python.framework/Versions/3.11/lib/python3.11/site-packages/pandas/_libs/missing.cpython-311-darwin.so
0x0000000107a8c000 	/Library/Frameworks/Python.framework/Versions/3.11/lib/python3.11/site-packages/pandas/_libs/tslibs/dtypes.cpython-311-darwin.so
0x00000001063b8000 	/Library/Frameworks/Python.framework/Versions/3.11/lib/python3.11/site-packages/pandas/_libs/tslibs/ccalendar.cpython-311-darwin.so
0x0000000107ac0000 	/Library/Frameworks/Python.framework/Versions/3.11/lib/python3.11/site-packages/pandas/_libs/tslibs/np_datetime.cpython-311-darwin.so
0x0000000107d3c000 	/Library/Frameworks/Python.framework/Versions/3.11/lib/python3.11/site-packages/pandas/_libs/tslibs/conversion.cpython-311-darwin.so
0x00000001063d0000 	/Library/Frameworks/Python.framework/Versions/3.11/lib/python3.11/site-packages/pandas/_libs/tslibs/base.cpython-311-darwin.so
0x00000001098bc000 	/Library/Frameworks/Python.framework/Versions/3.11/lib/python3.11/site-packages/pandas/_libs/tslibs/offsets.cpython-311-darwin.so
0x00000001096b8000 	/Library/Frameworks/Python.framework/Versions/3.11/lib/python3.11/site-packages/pandas/_libs/tslibs/timestamps.cpython-311-darwin.so
0x00000001082f4000 	/Library/Frameworks/Python.framework/Versions/3.11/lib/python3.11/site-packages/pandas/_libs/tslibs/nattype.cpython-311-darwin.so
0x0000000109c28000 	/Library/Frameworks/Python.framework/Versions/3.11/lib/python3.11/site-packages/pandas/_libs/tslibs/timedeltas.cpython-311-darwin.so
0x0000000108334000 	/Library/Frameworks/Python.framework/Versions/3.11/lib/python3.11/site-packages/pandas/_libs/tslibs/timezones.cpython-311-darwin.so
0x0000000105b48000 	/Library/Frameworks/Python.framework/Versions/3.11/lib/python3.11/lib-dynload/_zoneinfo.cpython-311-darwin.so
0x0000000109744000 	/Library/Frameworks/Python.framework/Versions/3.11/lib/python3.11/site-packages/pandas/_libs/tslibs/fields.cpython-311-darwin.so
0x00000001085a4000 	/Library/Frameworks/Python.framework/Versions/3.11/lib/python3.11/site-packages/pandas/_libs/tslibs/tzconversion.cpython-311-darwin.so
0x0000000107b04000 	/Library/Frameworks/Python.framework/Versions/3.11/lib/python3.11/site-packages/pandas/_libs/properties.cpython-311-darwin.so
0x00000001099fc000 	/Library/Frameworks/Python.framework/Versions/3.11/lib/python3.11/site-packages/pandas/_libs/tslibs/parsing.cpython-311-darwin.so
0x0000000109da8000 	/Library/Frameworks/Python.framework/Versions/3.11/lib/python3.11/site-packages/pandas/_libs/tslibs/strptime.cpython-311-darwin.so
0x0000000109e64000 	/Library/Frameworks/Python.framework/Versions/3.11/lib/python3.11/site-packages/pandas/_libs/tslibs/period.cpython-311-darwin.so
0x0000000109df8000 	/Library/Frameworks/Python.framework/Versions/3.11/lib/python3.11/site-packages/pandas/_libs/tslibs/vectorized.cpython-311-darwin.so
0x00000001063e8000 	/Library/Frameworks/Python.framework/Versions/3.11/lib/python3.11/site-packages/pandas/_libs/ops_dispatch.cpython-311-darwin.so
0x000000010a05c000 	/Library/Frameworks/Python.framework/Versions/3.11/lib/python3.11/site-packages/pandas/_libs/algos.cpython-311-darwin.so
0x0000000109f7c000 	/Library/Frameworks/Python.framework/Versions/3.11/lib/python3.11/site-packages/pandas/_libs/lib.cpython-311-darwin.so
0x000000010a52c000 	/Library/Frameworks/Python.framework/Versions/3.11/lib/python3.11/site-packages/pyarrow/_compute.cpython-311-darwin.so
0x0000000109e2c000 	/Library/Frameworks/Python.framework/Versions/3.11/lib/python3.11/site-packages/pandas/_libs/ops.cpython-311-darwin.so
0x0000000109ed0000 	/Library/Frameworks/Python.framework/Versions/3.11/lib/python3.11/site-packages/pandas/_libs/hashing.cpython-311-darwin.so
0x000000010978c000 	/Library/Frameworks/Python.framework/Versions/3.11/lib/python3.11/site-packages/pandas/_libs/arrays.cpython-311-darwin.so
0x0000000109f00000 	/Library/Frameworks/Python.framework/Versions/3.11/lib/python3.11/site-packages/pandas/_libs/tslib.cpython-311-darwin.so
0x000000010abac000 	/Library/Frameworks/Python.framework/Versions/3.11/lib/python3.11/site-packages/pandas/_libs/sparse.cpython-311-darwin.so
0x000000010a65c000 	/Library/Frameworks/Python.framework/Versions/3.11/lib/python3.11/site-packages/pandas/_libs/internals.cpython-311-darwin.so
0x0000000107b4c000 	/Library/Frameworks/Python.framework/Versions/3.11/lib/python3.11/site-packages/pandas/_libs/indexing.cpython-311-darwin.so
0x0000000118000000 	/Library/Frameworks/Python.framework/Versions/3.11/lib/python3.11/site-packages/pandas/_libs/index.cpython-311-darwin.so
0x0000000109f48000 	/Library/Frameworks/Python.framework/Versions/3.11/lib/python3.11/site-packages/pandas/_libs/writers.cpython-311-darwin.so
0x00000001180c4000 	/Library/Frameworks/Python.framework/Versions/3.11/lib/python3.11/site-packages/pandas/_libs/join.cpython-311-darwin.so
0x0000000104b14000 	/Library/Frameworks/Python.framework/Versions/3.11/lib/python3.11/lib-dynload/mmap.cpython-311-darwin.so
0x0000000107ae8000 	/Library/Frameworks/Python.framework/Versions/3.11/lib/python3.11/lib-dynload/grp.cpython-311-darwin.so
0x000000010ab00000 	/Library/Frameworks/Python.framework/Versions/3.11/lib/python3.11/site-packages/pandas/_libs/window/aggregations.cpython-311-darwin.so
0x000000010a028000 	/Library/Frameworks/Python.framework/Versions/3.11/lib/python3.11/site-packages/pandas/_libs/window/indexers.cpython-311-darwin.so
0x000000010a6b4000 	/Library/Frameworks/Python.framework/Versions/3.11/lib/python3.11/site-packages/pandas/_libs/reshape.cpython-311-darwin.so
0x00000001185ac000 	/Library/Frameworks/Python.framework/Versions/3.11/lib/python3.11/site-packages/pandas/_libs/groupby.cpython-311-darwin.so
0x00000001085e8000 	/Library/Frameworks/Python.framework/Versions/3.11/lib/python3.11/site-packages/pandas/_libs/json.cpython-311-darwin.so
0x00000001184c0000 	/Library/Frameworks/Python.framework/Versions/3.11/lib/python3.11/site-packages/pandas/_libs/parsers.cpython-311-darwin.so
0x00000001099c8000 	/Library/Frameworks/Python.framework/Versions/3.11/lib/python3.11/site-packages/pandas/_libs/testing.cpython-311-darwin.so
0x0000000108374000 	/Library/Frameworks/Python.framework/Versions/3.11/lib/python3.11/lib-dynload/cmath.cpython-311-darwin.so
0x000000010ad5c000 	/Library/Frameworks/Python.framework/Versions/3.11/lib/python3.11/site-packages/_jpype.so
0x000000010ab54000 	/Library/Java/JavaVirtualMachines/jdk-25.jdk/Contents/Home/lib/libjli.dylib
0x000000019e5ca000 	/System/Library/Frameworks/Cocoa.framework/Versions/A/Cocoa
0x0000000185d91000 	/System/Library/Frameworks/AppKit.framework/Versions/C/AppKit
0x0000000230333000 	/System/Library/PrivateFrameworks/CollectionViewCore.framework/Versions/A/CollectionViewCore
0x00000001975f0000 	/System/Library/PrivateFrameworks/RemoteViewServices.framework/Versions/A/RemoteViewServices
0x000000018db91000 	/System/Library/PrivateFrameworks/XCTTargetBootstrap.framework/Versions/A/XCTTargetBootstrap
0x0000000192b1e000 	/System/Library/PrivateFrameworks/UserActivity.framework/Versions/A/UserActivity
0x000000025eda3000 	/System/Library/PrivateFrameworks/UIIntelligenceSupport.framework/Versions/A/UIIntelligenceSupport
0x00000001e8d19000 	/System/Library/Frameworks/SwiftUICore.framework/Versions/A/SwiftUICore
0x0000000263e1c000 	/System/Library/PrivateFrameworks/WritingTools.framework/Versions/A/WritingTools
0x0000000262e64000 	/System/Library/PrivateFrameworks/WindowManagement.framework/Versions/A/WindowManagement
0x000000018db7c000 	/System/Library/PrivateFrameworks/DFRFoundation.framework/Versions/A/DFRFoundation
0x000000018d875000 	/System/Library/Frameworks/Carbon.framework/Versions/A/Frameworks/HIToolbox.framework/Versions/A/HIToolbox
0x000000019762c000 	/System/Library/Frameworks/Carbon.framework/Versions/A/Frameworks/SpeechRecognition.framework/Versions/A/SpeechRecognition
0x00000001a2edf000 	/System/Library/PrivateFrameworks/RenderBox.framework/Versions/A/RenderBox
0x000000018b5a5000 	/System/Library/PrivateFrameworks/PerformanceAnalysis.framework/Versions/A/PerformanceAnalysis
0x00000001979a4000 	/System/Library/Frameworks/Accessibility.framework/Versions/A/Accessibility
0x00000001e41b2000 	/System/Library/Frameworks/DataDetection.framework/Versions/A/DataDetection
0x00000001e41b5000 	/System/Library/Frameworks/DeveloperToolsSupport.framework/Versions/A/DeveloperToolsSupport
0x00000001e98dc000 	/System/Library/Frameworks/Symbols.framework/Versions/A/Symbols
0x000000026aa31000 	/usr/lib/swift/libswiftDataDetection.dylib
0x00000001a85f5000 	/usr/lib/swift/libswiftCoreGraphics.dylib
0x000000019834d000 	/usr/lib/swift/libswiftFoundation.dylib
0x00000001df1c1000 	/usr/lib/swift/libswiftSwiftOnoneSupport.dylib
0x00000001cb053000 	/System/Library/PrivateFrameworks/CoreMaterial.framework/Versions/A/CoreMaterial
0x0000000251119000 	/System/Library/PrivateFrameworks/SFSymbols.framework/Versions/A/SFSymbols
0x0000000197619000 	/System/Library/PrivateFrameworks/SpeechRecognitionCore.framework/Versions/A/SpeechRecognitionCore
0x00000001927c7000 	/System/Library/PrivateFrameworks/InternationalSupport.framework/Versions/A/InternationalSupport
0x000000019bbe2000 	/System/Library/Frameworks/ApplicationServices.framework/Versions/A/ApplicationServices
0x0000000193df4000 	/System/Library/Frameworks/ApplicationServices.framework/Versions/A/Frameworks/ATS.framework/Versions/A/ATS
0x0000000188c07000 	/System/Library/Frameworks/ApplicationServices.framework/Versions/A/Frameworks/HIServices.framework/Versions/A/HIServices
0x00000001926b0000 	/System/Library/Frameworks/ApplicationServices.framework/Versions/A/Frameworks/PrintCore.framework/Versions/A/PrintCore
0x00000001941e7000 	/System/Library/Frameworks/ApplicationServices.framework/Versions/A/Frameworks/QD.framework/Versions/A/QD
0x00000001941de000 	/System/Library/Frameworks/ApplicationServices.framework/Versions/A/Frameworks/ColorSyncLegacy.framework/Versions/A/ColorSyncLegacy
0x0000000193dc6000 	/System/Library/Frameworks/ApplicationServices.framework/Versions/A/Frameworks/SpeechSynthesis.framework/Versions/A/SpeechSynthesis
0x000000018f094000 	/System/Library/PrivateFrameworks/CoreEmoji.framework/Versions/A/CoreEmoji
0x000000019266d000 	/System/Library/Frameworks/ApplicationServices.framework/Versions/A/Frameworks/ATSUI.framework/Versions/A/ATSUI
0x0000000194172000 	/usr/lib/libcups.2.dylib
0x00000001e2c61000 	/System/Library/Frameworks/AVFAudio.framework/Versions/A/AVFAudio
0x00000001a48a5000 	/System/Library/PrivateFrameworks/AXCoreUtilities.framework/Versions/A/AXCoreUtilities
0x0000000242fa8000 	/System/Library/PrivateFrameworks/IsolatedCoreAudioClient.framework/Versions/A/IsolatedCoreAudioClient
0x0000000195687000 	/System/Library/Frameworks/IOBluetooth.framework/Versions/A/IOBluetooth
0x000000025d01b000 	/System/Library/PrivateFrameworks/Tightbeam.framework/Versions/A/Tightbeam
0x0000000230e14000 	/System/Library/PrivateFrameworks/CoreAudioOrchestration.framework/Versions/A/CoreAudioOrchestration
0x00000001c1ecf000 	/System/Library/PrivateFrameworks/AFKUser.framework/Versions/A/AFKUser
0x00000001ab1c1000 	/usr/lib/swift/libswiftCoreAudio.dylib
0x00000001988e5000 	/System/Library/Frameworks/CoreBluetooth.framework/Versions/A/CoreBluetooth
0x000000019c0e0000 	/System/Library/Frameworks/AudioUnit.framework/Versions/A/AudioUnit
0x000000018f158000 	/System/Library/PrivateFrameworks/CoreUtils.framework/Versions/A/CoreUtils
0x0000000233db8000 	/System/Library/PrivateFrameworks/CoreUtilsExtras.framework/Versions/A/CoreUtilsExtras
0x000000023f679000 	/System/Library/PrivateFrameworks/IO80211.framework/Versions/A/IO80211
0x0000000197d1f000 	/System/Library/Frameworks/MediaAccessibility.framework/Versions/A/MediaAccessibility
0x00000001b37d2000 	/System/Library/PrivateFrameworks/AttributeGraph.framework/Versions/A/AttributeGraph
0x00000002696f2000 	/usr/lib/libAXSafeCategoryBundle.dylib
0x00000001a4961000 	/usr/lib/libAccessibility.dylib
0x00000001943e2000 	/System/Library/PrivateFrameworks/CorePhoneNumbers.framework/Versions/A/CorePhoneNumbers
0x00000001997b3000 	/System/Library/PrivateFrameworks/FrontBoardServices.framework/Versions/A/FrontBoardServices
0x000000019b4d0000 	/System/Library/PrivateFrameworks/BackBoardServices.framework/Versions/A/BackBoardServices
0x000000019992d000 	/System/Library/PrivateFrameworks/GraphicsServices.framework/Versions/A/GraphicsServices
0x00000001e3c2e000 	/System/Library/Frameworks/CoreTransferable.framework/Versions/A/CoreTransferable
0x0000000191a6e000 	/System/Library/PrivateFrameworks/IconServices.framework/Versions/A/IconServices
0x00000001ab23c000 	/usr/lib/swift/libswiftCoreImage.dylib
0x0000000191a21000 	/System/Library/PrivateFrameworks/IconFoundation.framework/Versions/A/IconFoundation
0x000000018b31b000 	/System/Library/PrivateFrameworks/CoreUI.framework/Versions/A/CoreUI
0x0000000192727000 	/System/Library/PrivateFrameworks/TextureIO.framework/Versions/A/TextureIO
0x000000018db97000 	/System/Library/PrivateFrameworks/CoreSVG.framework/Versions/A/CoreSVG
0x00000001c180c000 	/usr/lib/swift/libswiftAccelerate.dylib
0x000000019179e000 	/usr/lib/libIOReport.dylib
0x0000000192acf000 	/System/Library/PrivateFrameworks/DataDetectorsCore.framework/Versions/A/DataDetectorsCore
0x00000001aeb39000 	/System/Library/PrivateFrameworks/TextInput.framework/Versions/A/TextInput
0x0000000187223000 	/System/Library/PrivateFrameworks/UIFoundation.framework/Versions/A/UIFoundation
0x000000011ea64000 	/Library/Java/JavaVirtualMachines/jdk-25.jdk/Contents/Home/lib/server/libjvm.dylib
0x00000001099a4000 	/Library/Java/JavaVirtualMachines/jdk-25.jdk/Contents/Home/lib/libjimage.dylib
0x0000000118534000 	/Library/Java/JavaVirtualMachines/jdk-25.jdk/Contents/Home/lib/libjava.dylib
0x000000010ab7c000 	/Library/Java/JavaVirtualMachines/jdk-25.jdk/Contents/Home/lib/libnio.dylib
0x000000010ade4000 	/Library/Java/JavaVirtualMachines/jdk-25.jdk/Contents/Home/lib/libnet.dylib
0x0000000118564000 	/Library/Java/JavaVirtualMachines/jdk-25.jdk/Contents/Home/lib/libzip.dylib
0x000000011858c000 	/Library/Java/JavaVirtualMachines/jdk-25.jdk/Contents/Home/lib/libverify.dylib
0x000000011a300000 	/Library/Java/JavaVirtualMachines/jdk-25.jdk/Contents/Home/lib/libawt.dylib
0x00000001e5239000 	/System/Library/Frameworks/JavaRuntimeSupport.framework/Versions/A/JavaRuntimeSupport
0x00000001a9d9d000 	/System/Library/Frameworks/Carbon.framework/Versions/A/Carbon
0x00000001a0a9a000 	/System/Library/Frameworks/Carbon.framework/Versions/A/Frameworks/CommonPanels.framework/Versions/A/CommonPanels
0x000000019b83e000 	/System/Library/Frameworks/Carbon.framework/Versions/A/Frameworks/Help.framework/Versions/A/Help
0x00000001a0a9e000 	/System/Library/Frameworks/Carbon.framework/Versions/A/Frameworks/ImageCapture.framework/Versions/A/ImageCapture
0x00000001a0a7a000 	/System/Library/Frameworks/Carbon.framework/Versions/A/Frameworks/OpenScripting.framework/Versions/A/OpenScripting
0x00000001a0a99000 	/System/Library/Frameworks/Carbon.framework/Versions/A/Frameworks/Ink.framework/Versions/A/Ink
0x00000001a0a96000 	/System/Library/Frameworks/Carbon.framework/Versions/A/Frameworks/SecurityHI.framework/Versions/A/SecurityHI
0x000000011a4d4000 	/Library/Java/JavaVirtualMachines/jdk-25.jdk/Contents/Home/lib/libawt_lwawt.dylib
0x000000011879c000 	/Library/Java/JavaVirtualMachines/jdk-25.jdk/Contents/Home/lib/libosxapp.dylib
0x00000001a865a000 	/System/Library/Frameworks/ExceptionHandling.framework/Versions/A/ExceptionHandling

JVMTI agents: none


VM Arguments:
jvm_args: -Djava.awt.headless=true -Dfile.encoding=UTF8 
java_command: <unknown>
java_class_path (initial): /Library/Frameworks/Python.framework/Versions/3.11/lib/python3.11/site-packages/tabula/tabula-1.0.5-jar-with-dependencies.jar:/Library/Frameworks/Python.framework/Versions/3.11/lib/python3.11/site-packages/org.jpype.jar
Launcher Type: generic

[Global flags]
     intx CICompilerCount                          = 4                                         {product} {ergonomic}
     uint ConcGCThreads                            = 2                                         {product} {ergonomic}
     uint G1ConcRefinementThreads                  = 8                                         {product} {ergonomic}
   size_t G1HeapRegionSize                         = 1048576                                   {product} {ergonomic}
   size_t InitialHeapSize                          = 134217728                                 {product} {ergonomic}
   size_t MarkStackSize                            = 4194304                                   {product} {ergonomic}
   size_t MarkStackSizeMax                         = 536870912                                 {product} {ergonomic}
   size_t MaxHeapSize                              = 2147483648                                {product} {ergonomic}
   size_t MaxNewSize                               = 1287651328                                {product} {ergonomic}
   size_t MinHeapDeltaBytes                        = 1048576                                   {product} {ergonomic}
   size_t MinHeapSize                              = 8388608                                   {product} {ergonomic}
    uintx NonNMethodCodeHeapSize                   = 5832704                                {pd product} {ergonomic}
    uintx NonProfiledCodeHeapSize                  = 122929152                              {pd product} {ergonomic}
    uintx ProfiledCodeHeapSize                     = 122896384                              {pd product} {ergonomic}
    uintx ReservedCodeCacheSize                    = 251658240                              {pd product} {ergonomic}
     bool SegmentedCodeCache                       = true                                      {product} {ergonomic}
   size_t SoftMaxHeapSize                          = 2147483648                             {manageable} {ergonomic}
     bool UseCompressedOops                        = true                           {product lp64_product} {ergonomic}
     bool UseG1GC                                  = true                                      {product} {ergonomic}
     bool UseNUMA                                  = false                                     {product} {ergonomic}
     bool UseNUMAInterleaving                      = false                                     {product} {ergonomic}

Logging:
Log output configuration:
 #0: stdout all=warning uptime,level,tags foldmultilines=false
 #1: stderr all=off uptime,level,tags foldmultilines=false

Release file:
IMPLEMENTOR="Oracle Corporation"
JAVA_RUNTIME_VERSION="25.0.2+10-LTS-69"
JAVA_VERSION="25.0.2"
JAVA_VERSION_DATE="2026-01-20"
LIBC="default"
MODULES="java.base java.compiler java.datatransfer java.xml java.prefs java.desktop java.instrument java.logging java.management java.security.sasl java.naming java.rmi java.management.rmi java.net.http java.scripting java.security.jgss java.transaction.xa java.sql java.sql.rowset java.xml.crypto java.se java.smartcardio jdk.accessibility jdk.internal.jvmstat jdk.attach jdk.charsets jdk.internal.opt jdk.zipfs jdk.compiler jdk.crypto.cryptoki jdk.crypto.ec jdk.dynalink jdk.internal.ed jdk.editpad jdk.internal.vm.ci jdk.graal.compiler jdk.graal.compiler.management jdk.hotspot.agent jdk.httpserver jdk.incubator.vector jdk.internal.le jdk.internal.md jdk.jartool jdk.javadoc jdk.jcmd jdk.management jdk.management.agent jdk.jconsole jdk.jdeps jdk.jdwp.agent jdk.jdi jdk.jfr jdk.jlink jdk.jpackage jdk.jshell jdk.jsobject jdk.jstatd jdk.localedata jdk.management.jfr jdk.naming.dns jdk.naming.rmi jdk.net jdk.nio.mapmode jdk.sctp jdk.security.auth jdk.security.jgss jdk.unsupported jdk.unsupported.desktop jdk.xml.dom"
OS_ARCH="aarch64"
OS_NAME="Darwin"
SOURCE=".:git:b75efb40c93a open:git:405a5699ebd0"

Environment Variables:
JAVA_HOME=/Library/Java/JavaVirtualMachines/jdk-25.jdk/Contents/Home
PATH=/usr/local/bin:/Users/jfv/Library/Python/3.11/bin:/Library/Java/JavaVirtualMachines/jdk-25.jdk/Contents/Home/bin:/opt/homebrew/bin:/Library/Frameworks/Python.framework/Versions/3.11/bin:/usr/local/bin:/System/Cryptexes/App/usr/bin:/usr/bin:/bin:/usr/sbin:/sbin:/var/run/com.apple.security.cryptexd/codex.system/bootstrap/usr/local/bin:/var/run/com.apple.security.cryptexd/codex.system/bootstrap/usr/bin:/var/run/com.apple.security.cryptexd/codex.system/bootstrap/usr/appleinternal/bin:/Library/TeX/texbin:/Library/Java/JavaVirtualMachines/jdk-25.jdk/Contents/Home/bin:/opt/homebrew/bin:/Library/Frameworks/Python.framework/Versions/3.11/bin:/usr/local/bin:/System/Cryptexes/App/usr/bin:/usr/bin:/bin:/usr/sbin:/sbin:/var/run/com.apple.security.cryptexd/codex.system/bootstrap/usr/local/bin:/var/run/com.apple.security.cryptexd/codex.system/bootstrap/usr/bin:/var/run/com.apple.security.cryptexd/codex.system/bootstrap/usr/appleinternal/bin:/Library/TeX/texbin
SHELL=/bin/zsh
LC_CTYPE=C.UTF-8
TERM=xterm-color
TMPDIR=/var/folders/80/nt46s_zj37q09s9bvd_1j0vw0000gn/T/

Active Locale:
LC_ALL=C/en_US.UTF-8/C/C/C/C
LC_COLLATE=C
LC_CTYPE=en_US.UTF-8
LC_MESSAGES=C
LC_MONETARY=C
LC_NUMERIC=C
LC_TIME=C

Signal Handlers:
   SIGSEGV: crash_handler in libjvm.dylib, mask=11100110000111110111111111111111, flags=SA_ONSTACK|SA_RESTART|SA_SIGINFO, unblocked
    SIGBUS: crash_handler in libjvm.dylib, mask=11100110000111110111111111111111, flags=SA_RESTART|SA_SIGINFO, unblocked
    SIGFPE: crash_handler in libjvm.dylib, mask=11100110000111110111111111111111, flags=SA_RESTART|SA_SIGINFO, unblocked
   SIGPIPE: javaSignalHandler in libjvm.dylib, mask=11100110000111110111111111111111, flags=SA_RESTART|SA_SIGINFO, blocked
   SIGXFSZ: javaSignalHandler in libjvm.dylib, mask=11100110000111110111111111111111, flags=SA_RESTART|SA_SIGINFO, blocked
    SIGILL: crash_handler in libjvm.dylib, mask=11100110000111110111111111111111, flags=SA_RESTART|SA_SIGINFO, unblocked
   SIGUSR2: SR_handler in libjvm.dylib, mask=00000000000000000000000000000000, flags=SA_RESTART|SA_SIGINFO, blocked
    SIGHUP: UserHandler in libjvm.dylib, mask=11100110000111110111111111111111, flags=SA_RESTART|SA_SIGINFO, blocked
    SIGINT: SIG_IGN, mask=00000000000000000000000000000000, flags=SA_ONSTACK, blocked
   SIGTERM: UserHandler in libjvm.dylib, mask=11100110000111110111111111111111, flags=SA_RESTART|SA_SIGINFO, blocked
   SIGQUIT: UserHandler in libjvm.dylib, mask=11100110000111110111111111111111, flags=SA_RESTART|SA_SIGINFO, blocked
   SIGTRAP: crash_handler in libjvm.dylib, mask=11100110000111110111111111111111, flags=SA_RESTART|SA_SIGINFO, unblocked


Compilation memory statistics disabled.

Periodic native trim disabled

---------------  S Y S T E M  ---------------

OS:
uname: Darwin 24.5.0 Darwin Kernel Version 24.5.0: Tue Apr 22 19:54:26 PDT 2025; root:xnu-11417.121.6~2/RELEASE_ARM64_T8112 arm64
OS uptime: 0 days 2:43 hours
rlimit (soft/hard): STACK 8176k/65520k , CORE 0k/infinity , NPROC 1333/2000 , NOFILE 1048576/infinity , AS infinity/infinity , CPU infinity/infinity , DATA infinity/infinity , FSIZE infinity/infinity , MEMLOCK infinity/infinity , RSS infinity/infinity
load average: 2.42 3.34 2.90

CPU: total 8 (initial active 8) 0x61:0x0:0xda33d83d:0, fp, asimd, aes, pmull, sha1, sha256, crc32, lse, sha3, sha512
machdep.cpu.brand_string:Apple M2
hw.cachelinesize:128
hw.l1icachesize:131072
hw.l1dcachesize:65536
hw.l2cachesize:4194304

Memory: 16k page, physical 8388608k(3789792k free), swap 2097152k(1491776k free)

vm_info: Java HotSpot(TM) 64-Bit Server VM (25.0.2+10-LTS-69) for bsd-aarch64 JRE (25.0.2+10-LTS-69), built on 2025-12-18T11:36:35Z with clang Apple LLVM 15.0.0 (clang-1500.3.9.4)

END.
