Area,Year,CPAB_M,CPAB_F,CPAB_Total,CPAB_Percent,BCG_M,BCG_F,BCG_Total,BCG_Percent,HEPA_B1_M,HEPA_B1_F,HEPA_B1_Total,HEPA_B1_Percent,DPT_1_M,DPT_1_F,DPT_1_Total,DPT_1_Percent,DPT_2_M,DPT_2_F,DPT_2_Total,DPT_2_Percent,DPT_3_M,DPT_3_F,DPT_3_Total,DPT_3_Percent,OPV_1_M,OPV_1_F,OPV_1_Total,OPV_1_Percent,OPV_2_M,OPV_2_F,OPV_2_Total,OPV_2_Percent,OPV_3_M,OPV_3_F,OPV_3_Total,OPV_3_Percent,IPV_1_M,IPV_1_F,IPV_1_Total,IPV_1_Percent,IPV_2_M,IPV_2_F,IPV_2_Total,IPV_2_Percent,PCV_1_M,PCV_1_F,PCV_1_Total,PCV_1_Percent,PCV_2_M,PCV_2_F,PCV_2_Total,PCV_2_Percent,PCV_3_M,PCV_3_F,PCV_3_Total,PCV_3_Percent,MCV_1_M,MCV_1_F,MCV_1_Total,MCV_1_Percent,MCV_2_M,MCV_2_F,MCV_2_Total,MCV_2_Percent,FIC_M,FIC_F,FIC_Total,FIC_Percent,CIC_M,CIC_F,CIC_Total,CIC_Percent,PSGC,Income
PHILIPPINES,2025,600678,589467,1190145,53.55997694051382,683408,657318,1340726,55.50993876511723,599544,580808,1180352,48.869990767154256,814969,771562,1586531,65.68697754720965,840710,799048,1639758,67.89072947761966,888135,846489,1734624,71.8184565828534,704437,668048,1372485,56.82485333024192,706730,674440,1381170,57.18443747955732,717753,686138,1403891,58.12515267317796,764454,728470,1492924,61.81137668768554,708197,675702,1383899,57.297425981973184,849146,802526,1651672,68.3840035772102,914905,871737,1786642,73.97215241233972,876983,843338,1720321,71.22627096539131,806628,764097,1570725,65.03256337748262,816467,782777,1599244,66.21333256047927,787149,756946,1544095,64.54188945624296,68249,63114,131363,15.62255085597398,0000000nan,
Region 1,2025,28447,27229,55676,57.60400608361872,30592,29116,59708,56.88155550686393,30419,29221,59640,56.81677447627395,35234,32982,68216,64.98680562832836,36033,33988,70021,66.70636092560662,37207,35340,72547,69.11278567958159,22389,21280,43669,41.601806247558805,23653,22494,46147,43.962503215234975,24958,24033,48991,46.67187455343959,33324,31664,64988,61.91161199973325,33880,32013,65893,62.773771303908774,37223,34717,71940,68.53451971534453,40473,38433,78906,75.17076470195963,40750,38540,79290,75.53658699235012,37229,34922,72151,68.73553144261639,39223,37437,76660,73.03108536806104,38604,36812,75416,72.31998158820878,510,426,936,3.6051303778453954,0100000000,
Ilocos Norte,2025,3329,3270,6599,74.71693840579711,3353,3297,6650,69.1699604743083,3348,3308,6656,69.23236946120241,3894,3741,7635,79.41543582275847,3898,3821,7719,80.28916163927605,3925,3868,7793,81.05887247763678,3559,3463,7022,73.03931766174328,3599,3546,7145,74.3187018930726,3630,3562,7192,74.80757229040982,3902,3844,7746,80.57000208029956,3882,3774,7656,79.63386727688787,3966,3778,7744,80.54919908466819,4006,3925,7931,82.49427917620137,4025,3936,7961,82.80632411067194,3928,3814,7742,80.52839608903682,4361,4311,8672,90.2017890576243,4290,4260,8550,89.15537017726798,4,1,5,0.5747126436781609,0102800000,1st
Adams,2025,7,7,14,25.454545454545453,11,9,20,33.89830508474576,6,7,13,22.033898305084744,11,10,21,35.59322033898305,8,9,17,28.8135593220339,11,8,19,32.20338983050847,11,10,21,35.59322033898305,8,9,17,28.8135593220339,11,8,19,32.20338983050847,10,7,17,28.8135593220339,8,9,17,28.8135593220339,11,11,22,37.28813559322034,8,9,17,28.8135593220339,11,8,19,32.20338983050847,7,8,15,25.423728813559322,11,9,20,33.89830508474576,7,10,17,28.8135593220339,0,0,0,0.0,0102801000,5th
Bacarra,2025,165,178,343,78.85057471264368,165,179,344,72.88135593220339,159,175,334,70.76271186440678,161,172,333,70.55084745762711,171,183,354,75.0,164,176,340,72.03389830508475,161,172,333,70.55084745762711,173,182,355,75.21186440677965,164,177,341,72.2457627118644,166,179,345,73.09322033898306,203,192,395,83.6864406779661,164,173,337,71.39830508474576,169,186,355,75.21186440677965,168,181,349,73.9406779661017,198,187,385,81.5677966101695,226,222,448,94.91525423728814,226,222,448,94.91525423728814,0,0,0,0.0,0102802000,3rd
Badoc,2025,159,159,318,74.47306791569088,167,170,337,72.1627408993576,162,163,325,69.593147751606,199,187,386,82.65524625267666,193,186,379,81.15631691648822,195,177,372,79.65738758029978,146,135,281,60.17130620985011,151,125,276,59.100642398286936,146,113,259,55.46038543897216,179,169,348,74.51820128479658,165,150,315,67.45182012847965,201,180,381,81.5845824411135,190,183,373,79.87152034261243,185,161,346,74.08993576017131,179,154,333,71.30620985010707,190,181,371,79.44325481798715,192,176,368,78.80085653104925,0,0,0,0.0,0102803000,3rd
Bangui,2025,81,52,133,77.32558139534885,81,52,133,70.37037037037037,81,52,133,70.37037037037037,82,64,146,77.24867724867724,92,76,168,88.88888888888889,89,74,163,86.24338624338624,82,64,146,77.24867724867724,92,76,168,88.88888888888889,89,74,163,86.24338624338624,89,74,163,86.24338624338624,78,79,157,83.06878306878306,82,64,146,77.24867724867724,92,76,168,88.88888888888889,89,74,163,86.24338624338624,79,79,158,83.5978835978836,76,86,162,85.71428571428571,76,86,162,85.71428571428571,0,0,0,0.0,0102804000,4th
City of Batac,2025,305,281,586,72.52475247524752,304,280,584,66.4391353811149,233,228,461,52.44596131968146,257,263,520,59.15813424345847,255,269,524,59.613196814561995,277,292,569,64.73265073947668,188,218,406,46.188850967007966,224,226,450,51.19453924914675,209,227,436,49.60182025028441,271,274,545,62.00227531285552,281,275,556,63.25369738339022,282,267,549,62.45733788395904,314,305,619,70.42093287827076,339,334,673,76.56427758816837,286,268,554,63.026166097838455,339,328,667,75.88168373151308,332,328,660,75.51487414187643,0,0,0,0.0,0102805000,5th
Burgos,2025,47,48,95,70.8955223880597,47,49,96,65.75342465753424,48,46,94,64.38356164383562,43,51,94,64.38356164383562,48,48,96,65.75342465753424,41,62,103,70.54794520547945,44,49,93,63.6986301369863,45,53,98,67.12328767123287,41,52,93,63.6986301369863,40,61,101,69.17808219178082,42,59,101,69.17808219178082,53,58,111,76.02739726027397,64,68,132,90.41095890410958,54,75,129,88.35616438356165,53,54,107,73.28767123287672,50,64,114,78.08219178082192,50,64,114,78.08219178082192,0,0,0,0.0,0102806000,5th
Carasi,2025,3,15,18,64.28571428571429,3,17,20,64.51612903225806,4,16,20,64.51612903225806,6,20,26,83.87096774193549,10,18,28,90.32258064516128,8,16,24,77.41935483870968,6,20,26,83.87096774193549,10,18,28,90.32258064516128,8,16,24,77.41935483870968,9,16,25,80.64516129032258,7,9,16,51.61290322580645,6,20,26,83.87096774193549,10,18,28,90.32258064516128,7,17,24,77.41935483870968,7,9,16,51.61290322580645,7,11,18,58.06451612903226,7,11,18,58.06451612903226,0,0,0,0.0,0102807000,5th
Currimao,2025,71,63,134,79.76190476190477,70,64,134,74.86033519553072,75,66,141,78.77094972067039,89,98,187,104.46927374301676,92,80,172,96.08938547486034,86,88,174,97.20670391061452,76,85,161,89.94413407821229,85,68,153,85.47486033519553,78,77,155,86.59217877094973,86,88,174,97.20670391061452,96,87,183,102.23463687150837,89,98,187,104.46927374301676,92,80,172,96.08938547486034,86,88,174,97.20670391061452,96,90,186,103.91061452513965,100,93,193,107.82122905027933,100,92,192,107.26256983240224,0,0,0,0.0,0102808000,4th
Dingras,2025,103,110,213,34.91803278688524,103,110,213,31.886227544910177,113,123,236,35.32934131736527,363,322,685,102.54491017964071,351,329,680,101.79640718562875,344,339,683,102.24550898203593,347,298,645,96.55688622754491,329,309,638,95.50898203592814,334,322,656,98.20359281437125,347,335,682,102.09580838323353,356,326,682,102.09580838323353,363,322,685,102.54491017964071,351,329,680,101.79640718562875,344,339,683,102.24550898203593,343,345,688,102.9940119760479,377,357,734,109.88023952095809,380,348,728,109.1454272863568,0,0,0,0.0,0102809000,2nd
Dumalneg,2025,16,20,36,69.23076923076923,16,20,36,64.28571428571429,14,19,33,58.92857142857143,15,25,40,71.42857142857143,17,22,39,69.64285714285714,20,23,43,76.78571428571429,14,20,34,60.71428571428571,13,17,30,53.57142857142857,16,18,34,60.71428571428571,19,23,42,75.0,17,15,32,57.14285714285714,15,26,41,73.21428571428571,19,22,41,73.21428571428571,20,23,43,76.78571428571429,16,15,31,55.35714285714286,21,14,35,62.5,21,14,35,62.5,0,0,0,0.0,0102810000,5th
Banna,2025,80,84,164,70.3862660944206,68,84,152,59.143968871595334,70,82,152,59.143968871595334,88,83,171,66.53696498054474,95,86,181,70.42801556420234,99,87,186,72.37354085603113,84,80,164,63.81322957198443,90,86,176,68.48249027237354,92,76,168,65.36964980544747,93,87,180,70.03891050583657,86,78,164,63.81322957198443,86,92,178,69.26070038910505,93,87,180,70.03891050583657,104,88,192,74.70817120622569,93,89,182,70.8171206225681,99,98,197,76.65369649805449,92,93,185,71.98443579766537,2,0,2,5.128205128205128,0102811000,4th
City of Laoag,2025,966,988,1954,107.95580110497238,981,1004,1985,100.65922920892494,1033,1055,2088,105.88235294117648,963,975,1938,98.27586206896551,933,988,1921,97.41379310344827,946,978,1924,97.56592292089249,963,985,1948,98.78296146044624,930,988,1918,97.26166328600405,943,981,1924,97.56592292089249,937,978,1915,97.10953346855985,917,977,1894,96.0446247464503,963,975,1938,98.27586206896551,933,988,1921,97.41379310344827,943,980,1923,97.51521298174443,911,980,1891,95.89249492900609,981,1007,1988,100.81135902636917,973,1001,1974,100.45801526717557,2,1,3,5.084745762711865,0102812000,3rd
Marcos,2025,113,99,212,73.35640138408304,113,99,212,68.38709677419355,115,100,215,69.35483870967742,110,84,194,62.58064516129033,120,84,204,65.80645161290323,120,70,190,61.29032258064516,111,84,195,62.903225806451616,120,84,204,65.80645161290323,120,72,192,61.935483870967744,121,72,193,62.25806451612903,99,70,169,54.516129032258064,118,96,214,69.03225806451613,132,95,227,73.22580645161291,137,79,216,69.6774193548387,101,72,173,55.80645161290323,130,115,245,79.03225806451613,134,114,248,80.0,0,0,0,0.0,0102813000,4th
Nueva Era,2025,45,44,89,38.362068965517246,45,44,89,35.88709677419355,45,44,89,35.88709677419355,91,93,184,74.19354838709677,94,108,202,81.45161290322581,84,106,190,76.61290322580645,91,93,184,74.19354838709677,94,108,202,81.45161290322581,91,109,200,80.64516129032258,91,109,200,80.64516129032258,89,79,168,67.74193548387096,91,93,184,74.19354838709677,94,108,202,81.45161290322581,91,109,200,80.64516129032258,94,77,171,68.95161290322581,121,116,237,95.56451612903226,118,116,234,94.73684210526315,0,0,0,0.0,0102814000,3rd
Pagudpud,2025,143,121,264,66.66666666666666,153,128,281,65.04629629629629,154,135,289,66.89814814814815,167,133,300,69.44444444444444,164,143,307,71.06481481481481,154,139,293,67.82407407407408,135,110,245,56.71296296296296,126,124,250,57.870370370370374,129,125,254,58.79629629629629,143,132,275,63.657407407407405,123,140,263,60.879629629629626,175,127,302,69.9074074074074,159,142,301,69.67592592592592,148,130,278,64.35185185185185,133,147,280,64.81481481481481,159,171,330,76.38888888888889,159,171,330,76.74418604651163,0,0,0,0.0,0102815000,4th
Paoay,2025,105,104,209,65.93059936908517,105,104,209,61.111111111111114,105,103,208,60.81871345029239,113,102,215,62.86549707602339,114,111,225,65.78947368421053,130,115,245,71.6374269005848,92,70,162,47.368421052631575,85,74,159,46.49122807017544,96,86,182,53.216374269005854,125,106,231,67.54385964912281,111,112,223,65.2046783625731,115,103,218,63.74269005847953,121,111,232,67.83625730994152,142,123,265,77.48538011695906,113,117,230,67.2514619883041,164,167,331,96.78362573099415,120,143,263,76.90058479532163,0,0,0,0.0,0102816000,4th
Pasuquin,2025,131,90,221,55.527638190954775,131,90,221,50.456621004566216,132,95,227,51.82648401826484,196,152,348,79.45205479452055,191,162,353,80.59360730593608,175,160,335,76.48401826484019,170,153,323,73.74429223744292,163,172,335,76.48401826484019,184,168,352,80.36529680365297,201,176,377,86.0730593607306,192,170,362,82.64840182648402,211,169,380,86.7579908675799,212,209,421,96.11872146118722,185,169,354,80.82191780821918,196,176,372,84.93150684931507,182,211,393,89.72602739726028,184,208,392,89.90825688073394,0,0,0,0.0,0102817000,3rd
Piddig,2025,154,179,333,87.63157894736841,147,166,313,77.28395061728395,147,166,313,77.28395061728395,187,205,392,96.79012345679013,195,206,401,99.01234567901234,198,198,396,97.77777777777777,187,205,392,96.79012345679013,195,206,401,99.01234567901234,198,198,396,97.77777777777777,202,199,401,99.01234567901234,207,199,406,100.24691358024691,187,205,392,96.79012345679013,195,206,401,99.01234567901234,198,198,396,97.77777777777777,210,197,407,100.49382716049382,207,188,395,97.53086419753086,207,188,395,98.01488833746899,0,0,0,0.0,0102818000,3rd
Pinili,2025,76,67,143,62.99559471365639,76,67,143,59.33609958506224,78,65,143,59.33609958506224,88,83,171,70.95435684647303,87,94,181,75.10373443983403,96,87,183,75.93360995850622,62,65,127,52.69709543568465,65,69,134,55.601659751037346,72,68,140,58.09128630705395,97,90,187,77.59336099585063,83,84,167,69.29460580912863,89,82,171,70.95435684647303,90,96,186,77.17842323651453,96,90,186,77.17842323651453,83,84,167,69.29460580912863,98,95,193,80.08298755186722,100,97,197,81.74273858921161,0,0,0,0.0,0102819000,3rd
San Nicolas,2025,150,161,311,52.4451939291737,150,162,312,48.52255054432349,161,167,328,51.01088646967341,174,179,353,54.898911353032666,163,183,346,53.810264385692065,177,209,386,60.031104199066874,126,142,268,41.679626749611195,123,150,273,42.45723172628305,136,163,299,46.500777604976676,177,209,386,60.031104199066874,187,169,356,55.36547433903577,174,179,353,54.898911353032666,163,183,346,53.810264385692065,177,209,386,60.031104199066874,192,172,364,56.60964230171073,245,237,482,74.96111975116641,244,237,481,75.27386541471049,0,0,0,0.0,0102820000,2nd
Sarrat,2025,102,119,221,71.52103559870551,100,118,218,64.30678466076697,96,120,216,63.716814159292035,114,126,240,70.79646017699115,125,115,240,70.79646017699115,138,137,275,81.12094395280236,86,91,177,52.21238938053098,98,81,179,52.8023598820059,106,105,211,62.24188790560472,132,133,265,78.17109144542773,140,158,298,87.90560471976401,114,124,238,70.20648967551622,125,114,239,70.50147492625368,134,134,268,79.05604719764013,143,157,300,88.49557522123894,164,166,330,97.34513274336283,164,166,330,97.34513274336283,0,0,0,0.0,0102821000,4th
Solsona,2025,127,143,270,83.59133126934985,137,143,280,77.5623268698061,137,143,280,77.5623268698061,174,173,347,96.1218836565097,181,177,358,99.16897506925207,188,176,364,100.83102493074792,174,173,347,96.1218836565097,181,177,358,99.16897506925207,182,176,358,99.16897506925207,182,176,358,99.16897506925207,192,166,358,99.16897506925207,174,173,347,96.1218836565097,181,177,358,99.16897506925207,182,176,358,99.16897506925207,192,166,358,99.16897506925207,188,177,365,101.10803324099722,188,177,365,101.10803324099722,0,0,0,0.0,0102822000,3rd
Vintar,2025,180,138,318,72.93577981651376,180,138,318,66.25,180,138,318,66.25,203,141,344,71.66666666666667,199,144,343,71.45833333333333,185,151,336,70.0,203,141,344,71.66666666666667,199,144,343,71.45833333333333,185,151,336,70.0,185,151,336,70.0,203,171,374,77.91666666666667,203,141,344,71.66666666666667,199,133,332,69.16666666666667,185,151,336,70.0,203,171,374,77.91666666666667,226,198,424,88.33333333333333,216,198,414,86.25,0,0,0,0.0,0102823000,1st
Ilocos Sur,2025,4002,3957,7959,80.79382803776267,4150,4138,8288,77.64661795015927,3939,3975,7914,74.14277684092187,4201,3923,8124,76.11017425519955,4182,4042,8224,77.04703016676035,4291,4176,8467,79.3235900318531,2157,2109,4266,39.96627318718381,2235,2199,4434,41.540191118605954,2365,2417,4782,44.80044969083755,3288,3209,6497,60.8675285741053,3481,3341,6822,63.91231028667791,4181,3908,8089,75.78227468615327,4209,4049,8258,77.36556117669102,4362,4184,8546,80.06370620198614,4475,4237,8712,81.61888701517707,4947,4648,9595,89.89132471425894,4922,4632,9554,89.6584084084084,26,34,60,-26.200873362445414,0102900000,1st
Alilem,2025,31,29,60,68.18181818181817,30,30,60,63.1578947368421,30,30,60,63.1578947368421,35,36,71,74.73684210526315,33,38,71,74.73684210526315,33,38,71,74.73684210526315,20,21,41,43.15789473684211,22,19,41,43.15789473684211,20,19,39,41.05263157894737,32,28,60,63.1578947368421,27,28,55,57.89473684210527,33,37,70,73.68421052631578,40,38,78,82.10526315789474,38,45,83,87.36842105263159,34,37,71,74.73684210526315,50,45,95,100.0,50,45,95,100.0,0,0,0,0.0,0102901000,4th
Banayoyo,2025,39,37,76,62.295081967213115,39,37,76,59.84251968503938,39,37,76,59.84251968503938,49,33,82,64.56692913385827,49,29,78,61.417322834645674,48,33,81,63.77952755905512,37,23,60,47.24409448818898,42,20,62,48.818897637795274,34,23,57,44.881889763779526,46,32,78,61.417322834645674,59,33,92,72.44094488188976,49,33,82,64.56692913385827,50,29,79,62.20472440944882,49,34,83,65.35433070866141,60,34,94,74.01574803149606,66,37,103,81.10236220472441,66,37,103,81.10236220472441,0,0,0,0.0,0102902000,4th
Bantay,2025,353,369,722,129.85611510791367,368,389,757,125.53897180762851,368,389,757,125.53897180762851,361,328,689,114.2620232172471,348,348,696,115.42288557213931,350,344,694,115.09121061359868,176,168,344,57.048092868988384,186,174,360,59.70149253731343,199,169,368,61.02819237147595,261,235,496,82.25538971807629,250,238,488,80.92868988391376,361,328,689,114.2620232172471,348,348,696,115.42288557213931,370,324,694,115.09121061359868,357,340,697,115.58872305140962,396,370,766,127.03150912106136,387,363,750,124.37810945273631,0,0,0,0.0,0102903000,3rd
Burgos,2025,54,43,97,56.06936416184971,54,43,97,53.00546448087432,54,43,97,53.00546448087432,68,45,113,61.74863387978142,70,44,114,62.295081967213115,62,52,114,62.295081967213115,36,32,68,37.15846994535519,34,31,65,35.51912568306011,31,31,62,33.87978142076503,44,41,85,46.44808743169399,52,47,99,54.09836065573771,67,45,112,61.20218579234973,68,46,114,62.295081967213115,61,52,113,61.74863387978142,70,61,131,71.58469945355192,59,71,130,71.03825136612022,55,67,122,66.66666666666666,4,4,8,114.28571428571428,0102904000,4th
Cabugao,2025,189,166,355,60.27164685908319,189,166,355,55.295950155763244,164,142,306,47.66355140186916,223,158,381,59.345794392523366,203,179,382,59.50155763239875,217,204,421,65.57632398753894,96,92,188,29.283489096573206,99,79,178,27.725856697819314,116,122,238,37.07165109034268,145,151,296,46.10591900311526,140,132,272,42.36760124610592,218,172,390,60.747663551401864,213,189,402,62.616822429906534,217,197,414,64.48598130841121,228,200,428,66.66666666666666,220,210,430,66.97819314641744,220,210,430,67.2926447574335,0,0,0,0.0,0102905000,1st
City of Candon,2025,276,339,615,61.072492552135046,385,451,836,76.55677655677655,396,458,854,78.2051282051282,323,315,638,58.42490842490843,352,342,694,63.55311355311355,389,353,742,67.94871794871796,187,180,367,33.60805860805861,203,178,381,34.89010989010989,234,195,429,39.285714285714285,317,275,592,54.21245421245421,362,291,653,59.798534798534796,333,326,659,60.34798534798534,348,325,673,61.630036630036635,395,349,744,68.13186813186813,414,344,758,69.41391941391942,393,372,765,70.05494505494505,393,372,765,70.3125,0,0,0,0.0,0102906000,4th
Caoayan,2025,124,139,263,93.26241134751773,124,123,247,80.71895424836602,132,151,283,92.48366013071896,134,116,250,81.69934640522875,124,121,245,80.06535947712419,136,132,268,87.58169934640523,59,58,117,38.23529411764706,57,64,121,39.54248366013072,65,74,139,45.42483660130719,137,134,271,88.56209150326796,152,157,309,100.98039215686273,134,116,250,81.69934640522875,124,121,245,80.06535947712419,134,131,265,86.60130718954248,154,160,314,102.61437908496731,161,165,326,106.5359477124183,161,165,326,106.5359477124183,0,0,0,0.0,0102907000,4th
Cervantes,2025,104,81,185,57.993730407523515,129,125,254,73.41040462427746,105,82,187,54.04624277456648,113,90,203,58.67052023121387,126,89,215,62.138728323699425,125,92,217,62.71676300578035,55,34,89,25.722543352601157,51,34,85,24.566473988439306,41,34,75,21.67630057803468,111,83,194,56.06936416184971,87,88,175,50.57803468208093,110,88,198,57.22543352601156,124,88,212,61.27167630057804,130,92,222,64.16184971098265,126,112,238,68.78612716763006,102,128,230,66.47398843930635,101,128,229,67.75147928994083,1,0,1,2.4390243902439024,0102908000,4th
Galimuyod,2025,46,42,88,75.86206896551724,61,63,124,103.33333333333334,46,42,88,73.33333333333333,43,42,85,70.83333333333334,40,38,78,65.0,38,43,81,67.5,25,25,50,41.66666666666667,22,25,47,39.166666666666664,17,31,48,40.0,35,42,77,64.16666666666667,29,47,76,63.33333333333333,42,42,84,70.0,41,38,79,65.83333333333333,39,43,82,68.33333333333333,30,51,81,67.5,34,47,81,67.5,34,47,81,67.5,0,0,0,0.0,0102909000,4th
Gregorio del Pilar,2025,14,19,33,55.00000000000001,15,21,36,54.54545454545454,14,19,33,50.0,15,17,32,48.484848484848484,20,19,39,59.09090909090909,19,20,39,59.09090909090909,15,17,32,48.484848484848484,20,19,39,59.09090909090909,19,20,39,59.09090909090909,19,20,39,59.09090909090909,23,20,43,65.15151515151516,15,17,32,48.484848484848484,20,19,39,59.09090909090909,19,20,39,59.09090909090909,23,19,42,63.63636363636363,27,13,40,60.60606060606061,27,13,40,60.60606060606061,0,0,0,0.0,0102910000,5th
Lidlidda,2025,16,9,25,44.642857142857146,18,13,31,52.54237288135594,18,12,30,50.847457627118644,15,12,27,45.76271186440678,13,19,32,54.23728813559322,14,21,35,59.32203389830508,18,16,34,57.6271186440678,16,21,37,62.71186440677966,16,23,39,66.10169491525424,17,19,36,61.016949152542374,14,21,35,59.32203389830508,16,13,29,49.152542372881356,12,20,32,54.23728813559322,14,22,36,61.016949152542374,17,20,37,62.71186440677966,21,26,47,79.66101694915254,18,25,43,72.88135593220339,3,0,3,37.5,0102911000,5th
Magsingal,2025,145,141,286,64.12556053811659,136,128,264,54.32098765432099,133,129,262,53.90946502057613,172,151,323,66.46090534979425,192,171,363,74.69135802469135,208,193,401,82.51028806584361,97,91,188,38.68312757201646,116,99,215,44.23868312757202,104,119,223,45.884773662551446,118,133,251,51.64609053497943,115,131,246,50.617283950617285,172,150,322,66.2551440329218,185,160,345,70.98765432098766,212,199,411,84.5679012345679,176,205,381,78.39506172839506,228,239,467,96.09053497942386,228,239,467,96.09053497942386,0,0,0,0.0,0102912000,3rd
Nagbukel,2025,32,22,54,73.97260273972603,40,33,73,94.8051948051948,39,24,63,81.81818181818183,23,25,48,62.33766233766234,31,22,53,68.83116883116884,33,24,57,74.02597402597402,19,18,37,48.05194805194805,24,21,45,58.44155844155844,25,16,41,53.246753246753244,25,18,43,55.84415584415584,35,18,53,68.83116883116884,23,25,48,62.33766233766234,32,21,53,68.83116883116884,34,24,58,75.32467532467533,39,25,64,83.11688311688312,46,25,71,92.20779220779221,46,25,71,92.20779220779221,0,0,0,0.0,0102913000,5th
Narvacan,2025,460,423,883,135.22205206738133,370,354,724,100.0,296,287,583,80.52486187845304,220,240,460,63.53591160220995,216,247,463,63.95027624309392,214,262,476,65.74585635359117,80,96,176,24.30939226519337,85,108,193,26.65745856353591,100,121,221,30.52486187845304,161,185,346,47.790055248618785,155,163,318,43.92265193370166,218,229,447,61.74033149171271,220,255,475,65.60773480662984,213,263,476,65.74585635359117,282,286,568,78.45303867403315,339,344,683,94.33701657458563,339,344,683,94.46749654218533,0,0,0,0.0,0102914000,2nd
Quirino,2025,41,39,80,73.39449541284404,67,74,141,116.5289256198347,41,40,81,66.94214876033058,52,48,100,82.64462809917356,53,52,105,86.77685950413223,56,53,109,90.08264462809917,28,31,59,48.760330578512395,30,33,63,52.066115702479344,35,32,67,55.371900826446286,48,43,91,75.20661157024794,50,48,98,80.99173553719008,52,50,102,84.29752066115702,54,52,106,87.60330578512396,58,54,112,92.56198347107438,60,57,117,96.69421487603306,52,59,111,91.73553719008265,52,58,110,90.9090909090909,1,1,2,-12.5,0102915000,4th
Salcedo,2025,37,56,93,82.30088495575221,40,61,101,86.32478632478633,37,56,93,79.48717948717949,29,71,100,85.47008547008546,37,69,106,90.5982905982906,41,76,117,100.0,19,42,61,52.13675213675214,18,37,55,47.008547008547005,24,49,73,62.39316239316239,24,49,73,62.39316239316239,45,73,118,100.85470085470085,29,71,100,85.47008547008546,37,70,107,91.45299145299145,41,78,119,101.7094017094017,45,73,118,100.85470085470085,50,67,117,100.0,50,67,117,100.0,0,0,0,0.0,0102916000,4th
San Emilio,2025,22,21,43,54.43037974683544,22,20,42,51.21951219512195,22,22,44,53.65853658536586,23,30,53,64.63414634146342,21,28,49,59.756097560975604,23,31,54,65.85365853658537,22,30,52,63.41463414634146,21,27,48,58.536585365853654,22,29,51,62.19512195121951,28,31,59,71.95121951219512,29,32,61,74.39024390243902,23,30,53,64.63414634146342,22,29,51,62.19512195121951,23,31,54,65.85365853658537,31,32,63,76.82926829268293,36,39,75,91.46341463414635,35,38,73,89.02439024390245,0,0,0,0.0,0102917000,4th
San Esteban,2025,34,49,83,79.8076923076923,36,48,84,76.36363636363637,36,51,87,79.0909090909091,36,40,76,69.0909090909091,35,44,79,71.81818181818181,34,43,77,70.0,31,34,65,59.09090909090909,29,40,69,62.727272727272734,35,40,75,68.18181818181817,27,29,56,50.90909090909091,40,26,66,60.0,36,40,76,69.0909090909091,35,44,79,71.81818181818181,34,42,76,69.0909090909091,45,33,78,70.9090909090909,47,44,91,82.72727272727273,47,44,91,82.72727272727273,0,0,0,0.0,0102918000,5th
San Ildefonso,2025,46,29,75,62.5,46,33,79,63.2,42,29,71,56.8,60,34,94,75.2,68,36,104,83.2,66,35,101,80.80000000000001,37,22,59,47.199999999999996,39,23,62,49.6,40,26,66,52.800000000000004,40,26,66,52.800000000000004,55,34,89,71.2,60,34,94,75.2,68,36,104,83.2,66,35,101,80.80000000000001,62,41,103,82.39999999999999,64,42,106,84.8,64,42,106,84.8,0,0,0,0.0,0102919000,5th
San Juan,2025,113,127,240,74.07407407407408,126,128,254,71.34831460674157,120,141,261,73.31460674157303,136,139,275,77.24719101123596,121,135,256,71.91011235955057,131,139,270,75.84269662921348,71,63,134,37.640449438202246,60,71,131,36.79775280898877,66,73,139,39.04494382022472,102,102,204,57.30337078651685,110,99,209,58.70786516853933,136,139,275,77.24719101123596,121,135,256,71.91011235955057,131,140,271,76.12359550561798,145,122,267,75.0,144,134,278,78.08988764044943,142,132,274,76.96629213483146,3,2,5,27.77777777777778,0102920000,3rd
San Vicente,2025,75,65,140,67.6328502415459,83,84,167,74.55357142857143,83,73,156,69.64285714285714,89,78,167,74.55357142857143,92,79,171,76.33928571428571,83,83,166,74.10714285714286,49,41,90,40.17857142857143,53,41,94,41.964285714285715,49,46,95,42.410714285714285,70,64,134,59.82142857142857,69,57,126,56.25,89,76,165,73.66071428571429,88,77,165,73.66071428571429,82,83,165,73.66071428571429,80,71,151,67.41071428571429,82,80,162,72.32142857142857,80,81,161,71.875,1,1,2,5.263157894736842,0102921000,5th
Santa,2025,73,69,142,78.45303867403315,72,69,141,73.4375,72,72,144,75.0,78,76,154,80.20833333333334,92,81,173,90.10416666666666,97,84,181,94.27083333333334,34,45,79,41.14583333333333,35,37,72,37.5,43,45,88,45.83333333333333,97,85,182,94.79166666666666,90,83,173,90.10416666666666,78,76,154,80.20833333333334,92,78,170,88.54166666666666,96,85,181,94.27083333333334,90,83,173,90.10416666666666,109,100,209,108.85416666666667,109,100,209,108.85416666666667,0,0,0,0.0,0102922000,4th
Santa Catalina,2025,122,119,241,113.14553990610328,114,97,211,89.7872340425532,125,116,241,102.55319148936171,134,123,257,109.36170212765957,141,122,263,111.91489361702128,142,119,261,111.06382978723404,75,61,136,57.87234042553191,71,63,134,57.02127659574469,73,65,138,58.723404255319146,106,81,187,79.57446808510639,136,120,256,108.93617021276596,134,123,257,109.36170212765957,141,122,263,111.91489361702128,142,119,261,111.06382978723404,164,147,311,132.3404255319149,161,127,288,122.5531914893617,161,127,288,122.5531914893617,0,0,0,0.0,0102923000,5th
Santa Cruz,2025,237,195,432,78.54545454545455,221,190,411,69.07563025210084,236,196,432,72.60504201680672,221,198,419,70.4201680672269,239,213,452,75.96638655462185,239,229,468,78.65546218487395,116,114,230,38.655462184873954,132,132,264,44.36974789915966,146,148,294,49.411764705882355,194,177,371,62.35294117647059,189,183,372,62.52100840336134,221,198,419,70.4201680672269,239,216,455,76.47058823529412,241,230,471,79.15966386554622,215,208,423,71.09243697478992,227,244,471,79.15966386554622,227,244,471,79.15966386554622,13,25,38,126.66666666666666,0102924000,1st
Santa Lucia,2025,142,165,307,85.51532033426183,186,188,374,97.14285714285714,128,135,263,68.31168831168831,196,218,414,107.53246753246752,197,210,407,105.71428571428572,211,222,433,112.46753246753246,149,160,309,80.25974025974027,151,159,310,80.51948051948052,159,166,325,84.4155844155844,210,222,432,112.2077922077922,206,217,423,109.87012987012987,188,206,394,102.33766233766232,190,195,385,100.0,198,208,406,105.45454545454544,206,217,423,109.87012987012987,223,245,468,121.55844155844156,223,245,468,121.55844155844156,0,0,0,0.0,0102925000,3rd
Santa Maria,2025,46,62,108,28.9544235924933,62,75,137,33.496332518337404,52,63,115,28.117359413202937,123,109,232,56.723716381418086,128,120,248,60.63569682151589,121,127,248,60.63569682151589,49,38,87,21.271393643031786,63,48,111,27.139364303178482,66,45,111,27.139364303178482,77,78,155,37.89731051344744,98,98,196,47.92176039119804,125,113,238,58.19070904645477,133,119,252,61.61369193154034,121,126,247,60.391198044009776,138,117,255,62.34718826405869,156,113,269,65.77017114914425,156,113,269,65.77017114914425,0,0,0,0.0,0102926000,3rd
Santiago,2025,94,89,183,88.40579710144928,95,86,181,80.80357142857143,91,92,183,81.69642857142857,108,92,200,89.28571428571429,106,96,202,90.17857142857143,119,88,207,92.41071428571429,72,58,130,58.03571428571429,68,58,126,56.25,80,62,142,63.39285714285714,100,69,169,75.44642857142857,102,92,194,86.60714285714286,109,87,196,87.5,102,93,195,87.05357142857143,123,98,221,98.66071428571429,122,111,233,104.01785714285714,129,109,238,106.25,129,109,238,106.25,0,0,0,0.0,0102927000,4th
Santo Domingo,2025,131,145,276,85.98130841121495,127,142,269,75.56179775280899,118,145,263,73.87640449438202,130,163,293,82.30337078651685,168,187,355,99.71910112359551,167,179,346,97.19101123595506,95,120,215,60.39325842696629,110,115,225,63.20224719101124,115,119,234,65.73033707865169,161,160,321,90.1685393258427,172,162,334,93.82022471910112,137,164,301,84.5505617977528,168,176,344,96.62921348314607,172,184,356,100.0,191,174,365,102.52808988764043,219,169,388,108.98876404494382,219,169,388,108.98876404494382,0,0,0,0.0,0102928000,3rd
Sigay,2025,9,21,30,85.71428571428571,17,22,39,111.42857142857143,9,21,30,85.71428571428571,8,17,25,71.42857142857143,9,21,30,85.71428571428571,9,20,29,82.85714285714286,8,17,25,71.42857142857143,9,21,30,85.71428571428571,10,21,31,88.57142857142857,10,23,33,94.28571428571428,16,10,26,74.28571428571429,8,15,23,65.71428571428571,9,21,30,85.71428571428571,9,20,29,82.85714285714286,16,10,26,74.28571428571429,14,11,25,71.42857142857143,14,11,25,71.42857142857143,0,0,0,0.0,0102929000,5th
Sinait,2025,402,400,802,262.95081967213116,382,388,770,235.47400611620793,402,401,803,245.56574923547402,119,136,255,77.98165137614679,109,152,261,79.81651376146789,120,150,270,82.56880733944955,51,69,120,36.69724770642202,47,88,135,41.284403669724774,68,87,155,47.40061162079511,104,130,234,71.55963302752293,108,105,213,65.13761467889908,140,161,301,92.04892966360856,137,161,298,91.13149847094802,155,171,326,99.69418960244649,137,132,269,82.26299694189603,195,161,356,108.86850152905198,195,161,356,108.86850152905198,0,0,0,0.0,0102930000,3rd
Sugpon,2025,21,12,33,42.857142857142854,45,31,76,91.56626506024097,21,12,33,39.75903614457831,23,16,39,46.98795180722892,28,17,45,54.21686746987952,24,17,41,49.39759036144578,10,8,18,21.686746987951807,12,11,23,27.710843373493976,10,13,23,27.710843373493976,22,16,38,45.78313253012048,15,19,34,40.963855421686745,25,16,41,49.39759036144578,31,21,52,62.65060240963856,27,23,50,60.24096385542169,19,20,39,46.98795180722892,27,21,48,57.831325301204814,27,21,48,57.831325301204814,0,0,0,0.0,0102931000,5th
Suyo,2025,48,43,91,68.42105263157895,46,43,89,60.13513513513513,48,43,91,61.48648648648649,50,60,110,74.32432432432432,52,56,108,72.97297297297297,45,52,97,65.54054054054053,25,34,59,39.86486486486486,26,33,59,39.86486486486486,19,38,57,38.513513513513516,36,52,88,59.45945945945946,59,77,136,91.8918918918919,50,60,110,74.32432432432432,52,56,108,72.97297297297297,45,52,97,65.54054054054053,59,78,137,92.56756756756756,57,63,120,81.08108108108108,57,63,120,81.08108108108108,0,0,0,0.0,0102932000,4th
Tagudin,2025,215,188,403,58.74635568513119,197,167,364,49.18918918918919,218,192,410,55.4054054054054,376,336,712,96.21621621621622,370,347,717,96.89189189189189,373,342,715,96.62162162162163,142,119,261,35.270270270270274,136,136,272,36.75675675675676,144,177,321,43.37837837837838,174,191,365,49.32432432432432,164,167,331,44.729729729729726,380,365,745,100.67567567567568,402,400,802,108.37837837837839,419,373,792,107.02702702702702,371,363,734,99.1891891891892,362,376,738,99.72972972972973,362,375,737,99.72936400541272,0,1,1,25.0,0102933000,2nd
City of Vigan,2025,211,204,415,50.920245398773,208,216,424,47.963800904977376,204,230,434,49.095022624434385,416,331,747,84.50226244343891,299,271,570,64.47963800904978,304,276,580,65.61085972850678,154,132,286,32.35294117647059,148,134,282,31.90045248868778,140,139,279,31.561085972850677,190,185,375,42.42081447963801,228,225,453,51.24434389140271,370,263,633,71.60633484162896,263,251,514,58.144796380090504,254,237,491,55.54298642533937,269,254,523,59.16289592760181,451,352,803,90.83710407239819,448,352,800,90.60022650056625,0,0,0,0.0,0102934000,4th
La Union,2025,3909,3683,7592,56.10819599438327,3992,3758,7750,52.74620567617233,3955,3738,7693,52.358265840876605,4668,4331,8999,61.246852242564486,4787,4406,9193,62.567208874974476,4759,4464,9223,62.77138773565644,2543,2396,4939,33.61464643027292,2741,2572,5313,36.160076226774656,2880,2764,5644,38.41284965629892,4114,3889,8003,54.4681140679235,4277,4135,8412,57.25175253522086,4810,4457,9267,63.07085006465664,5264,4796,10060,68.46797794868304,5267,4856,10123,68.89675355611516,5006,4788,9794,66.65759205063637,5038,4841,9879,67.23609882256856,5020,4740,9760,66.90430490814367,18,31,49,1.0344099641123075,0103300000,1st
Agoo,2025,323,327,650,54.89864864864865,324,303,627,49.06103286384976,298,303,601,47.026604068857594,409,393,802,62.75430359937402,411,377,788,61.658841940532085,394,365,759,59.38967136150235,206,204,410,32.08137715179969,206,226,432,33.80281690140845,232,234,466,36.46322378716745,322,303,625,48.90453834115806,292,304,596,46.635367762128325,394,404,798,62.441314553990615,459,419,878,68.70109546165885,486,389,875,68.46635367762129,393,405,798,62.441314553990615,382,350,732,57.27699530516433,376,346,722,57.2107765451664,6,4,10,1.8656716417910446,0103301000,1st
Aringay,2025,248,292,540,64.36233611442194,250,290,540,58.82352941176471,249,291,540,58.82352941176471,300,335,635,69.17211328976035,319,358,677,73.74727668845316,325,346,671,73.09368191721133,158,187,345,37.58169934640523,169,205,374,40.74074074074074,182,207,389,42.37472766884531,241,286,527,57.407407407407405,252,242,494,53.812636165577345,304,340,644,70.1525054466231,348,393,741,80.71895424836602,374,376,750,81.69934640522875,309,324,633,68.95424836601308,359,297,656,71.45969498910677,359,296,655,72.05720572057206,0,0,0,0.0,0103302000,2nd
Bacnotan,2025,231,204,435,61.702127659574465,230,204,434,57.33157199471598,230,204,434,57.33157199471598,244,208,452,59.709379128137385,260,219,479,63.27608982826949,257,212,469,61.9550858652576,133,104,237,31.307793923381773,146,112,258,34.081902245706736,154,109,263,34.74240422721268,253,211,464,61.29458388375165,244,231,475,62.74768824306472,244,208,452,59.709379128137385,260,219,479,63.27608982826949,262,211,473,62.48348745046235,258,247,505,66.7107001321004,246,260,506,66.84280052840158,245,259,504,66.93227091633466,0,0,0,0.0,0103303000,1st
Bagulin,2025,62,80,142,51.26353790613718,62,80,142,47.176079734219265,62,80,142,47.176079734219265,68,89,157,52.159468438538205,79,86,165,54.81727574750831,85,81,166,55.14950166112956,35,41,76,25.249169435215947,45,34,79,26.245847176079735,51,50,101,33.5548172757475,64,67,131,43.521594684385384,78,91,169,56.14617940199336,68,85,153,50.83056478405316,80,79,159,52.823920265780735,74,82,156,51.82724252491694,78,91,169,56.14617940199336,84,89,173,57.475083056478404,84,88,172,58.9041095890411,0,1,1,0.819672131147541,0103304000,5th
Balaoan,2025,220,189,409,75.6007393715342,219,206,425,71.54882154882155,221,193,414,69.6969696969697,252,221,473,79.62962962962963,245,220,465,78.28282828282829,235,219,454,76.43097643097643,106,106,212,35.69023569023569,129,121,250,42.08754208754209,146,131,277,46.63299663299663,219,195,414,69.6969696969697,215,204,419,70.53872053872054,257,223,480,80.8080808080808,233,233,466,78.45117845117845,218,204,422,71.04377104377105,241,216,457,76.93602693602693,235,233,468,78.78787878787878,235,228,463,78.07757166947724,0,3,3,2.0689655172413794,0103305000,1st
Bangar,2025,150,182,332,60.8058608058608,150,182,332,55.61139028475712,161,198,359,60.13400335008375,163,196,359,60.13400335008375,202,204,406,68.00670016750419,187,209,396,66.33165829145729,105,122,227,38.02345058626466,139,130,269,45.058626465661646,130,142,272,45.56113902847571,181,188,369,61.80904522613066,211,227,438,73.36683417085426,177,190,367,61.47403685092128,193,194,387,64.82412060301507,183,184,367,61.47403685092128,230,233,463,77.55443886097152,208,242,450,75.37688442211056,213,235,448,75.04187604690117,2,6,8,4.395604395604396,0103306000,3rd
Bauang,2025,406,347,753,54.72383720930233,432,371,803,53.784326858673815,431,368,799,53.51640991292699,477,409,886,59.343603482920294,506,379,885,59.27662424648359,492,397,889,59.544541192230405,269,230,499,33.42263898191561,291,223,514,34.42732752846617,289,258,547,36.637642330877426,323,275,598,40.05358338914937,349,329,678,45.411922304085735,465,410,875,58.60683188211654,517,381,898,60.14735432016075,500,405,905,60.61620897521768,485,450,935,62.62558606831882,488,477,965,64.63496316141996,486,472,958,64.7734956051386,2,3,5,0.9107468123861567,0103307000,1st
Burgos,2025,48,37,85,57.82312925170068,48,37,85,53.79746835443038,48,37,85,53.79746835443038,50,35,85,53.79746835443038,58,35,93,58.86075949367089,64,40,104,65.82278481012658,24,15,39,24.68354430379747,35,20,55,34.810126582278485,38,26,64,40.50632911392405,63,40,103,65.18987341772153,61,41,102,64.55696202531645,48,35,83,52.53164556962025,59,34,93,58.86075949367089,60,38,98,62.0253164556962,61,42,103,65.18987341772153,51,62,113,71.51898734177216,51,61,112,71.3375796178344,0,1,1,2.3255813953488373,0103308000,5th
Caba,2025,116,106,222,60.16260162601627,122,102,224,55.86034912718204,123,102,225,56.10972568578554,144,127,271,67.58104738154613,137,134,271,67.58104738154613,133,143,276,68.82793017456359,75,62,137,34.1645885286783,76,84,160,39.900249376558605,75,88,163,40.64837905236908,132,133,265,66.08478802992519,140,137,277,69.07730673316709,146,131,277,69.07730673316709,134,144,278,69.32668329177058,132,139,271,67.58104738154613,157,140,297,74.06483790523691,148,140,288,71.82044887780549,149,139,288,72.18045112781954,0,0,0,0.0,0103309000,4th
Luna,2025,158,148,306,58.174904942965775,161,157,318,55.30434782608695,162,159,321,55.826086956521735,173,184,357,62.08695652173913,183,174,357,62.08695652173913,176,166,342,59.47826086956521,83,84,167,29.043478260869566,106,90,196,34.08695652173913,107,87,194,33.73913043478261,176,166,342,59.47826086956521,217,201,418,72.69565217391303,173,184,357,62.08695652173913,183,174,357,62.08695652173913,176,166,342,59.47826086956521,217,200,417,72.52173913043478,216,217,433,75.30434782608695,206,193,399,69.3913043478261,0,0,0,0.0,0103310000,3rd
Naguilian,2025,111,101,212,25.759416767922232,142,141,283,31.58482142857143,139,137,276,30.80357142857143,213,233,446,49.776785714285715,223,232,455,50.78125,213,240,453,50.55803571428571,111,119,230,25.669642857142854,125,131,256,28.57142857142857,110,144,254,28.348214285714285,156,202,358,39.955357142857146,182,191,373,41.629464285714285,232,236,468,52.23214285714286,229,260,489,54.57589285714286,242,265,507,56.58482142857143,281,306,587,65.51339285714286,281,309,590,65.84821428571429,248,244,492,54.97206703910614,4,10,14,6.422018348623854,0103311000,1st
Pugo,2025,90,86,176,52.537313432835816,90,85,175,48.07692307692308,88,83,171,46.97802197802198,116,100,216,59.34065934065934,121,114,235,64.56043956043956,111,100,211,57.96703296703297,65,60,125,34.34065934065934,66,64,130,35.714285714285715,73,60,133,36.53846153846153,101,91,192,52.74725274725275,118,85,203,55.769230769230774,117,103,220,60.43956043956044,115,107,222,60.98901098901099,112,105,217,59.61538461538461,142,119,261,71.7032967032967,128,112,240,65.93406593406593,128,111,239,66.02209944751381,0,0,0,0.0,0103312000,5th
Rosario,2025,285,257,542,50.278293135435995,283,259,542,46.4041095890411,281,252,533,45.63356164383562,356,311,667,57.10616438356164,330,320,650,55.650684931506845,326,339,665,56.93493150684932,197,180,377,32.27739726027397,197,186,383,32.79109589041096,209,209,418,35.78767123287671,232,237,469,40.1541095890411,282,241,523,44.77739726027397,361,336,697,59.67465753424658,385,373,758,64.8972602739726,386,363,749,64.12671232876713,363,308,671,57.4486301369863,346,325,671,57.4486301369863,346,325,671,57.89473684210527,1,0,1,0.2257336343115124,0103313000,1st
City of San Fernando,2025,557,529,1086,50.06915629322268,554,531,1085,46.09175870858114,556,530,1086,46.13423959218352,680,638,1318,55.98980458793543,700,661,1361,57.81648258283772,731,722,1453,61.72472387425658,392,397,789,33.51741716227698,422,423,845,35.896346644010194,455,469,924,39.25233644859813,678,674,1352,57.43415463041631,727,782,1509,64.1036533559898,780,716,1496,63.55140186915887,1005,887,1892,80.37383177570094,1023,983,2006,85.21665250637214,771,818,1589,67.50212404418012,862,838,1700,72.21750212404417,861,836,1697,72.61446298673513,1,2,3,0.4291845493562232,0103314000,3rd
San Gabriel,2025,101,81,182,56.34674922600619,101,81,182,52.0,101,81,182,52.0,111,90,201,57.42857142857143,107,96,203,57.99999999999999,123,102,225,64.28571428571429,65,51,116,33.14285714285714,68,64,132,37.714285714285715,78,64,142,40.57142857142857,121,87,208,59.42857142857143,112,108,220,62.857142857142854,109,87,196,56.00000000000001,107,88,195,55.714285714285715,113,96,209,59.71428571428572,129,115,244,69.71428571428572,129,106,235,67.14285714285714,127,104,231,66.37931034482759,0,0,0,0.0,0103315000,4th
San Juan,2025,234,208,442,66.96969696969697,248,217,465,65.58533145275035,237,208,445,62.76445698166432,245,216,461,65.02115655853315,248,251,499,70.38081805359661,259,242,501,70.66290550070522,133,141,274,38.645980253878705,138,154,292,41.18476727785614,159,159,318,44.851904090267986,263,248,511,72.07334273624824,227,239,466,65.72637517630466,253,208,461,65.02115655853315,260,238,498,70.23977433004231,252,253,505,71.22708039492242,239,243,482,67.98307475317348,244,241,485,68.4062059238364,244,241,485,68.89204545454545,0,0,0,0.0,0103316000,2nd
Santo Tomas,2025,146,158,304,43.93063583815029,154,160,314,41.42480211081794,144,162,306,40.369393139841684,245,218,463,61.08179419525066,257,228,485,63.98416886543535,262,219,481,63.45646437994723,146,116,262,34.56464379947229,157,123,280,36.93931398416886,177,132,309,40.76517150395778,256,193,449,59.23482849604221,257,212,469,61.87335092348285,255,241,496,65.4353562005277,286,253,539,71.10817941952506,280,260,540,71.2401055408971,299,231,530,69.92084432717678,287,251,538,70.97625329815304,289,245,534,70.91633466135458,0,0,0,0.0,0103317000,4th
Santol,2025,80,62,142,61.73913043478261,80,62,142,56.8,80,62,142,56.8,81,58,139,55.60000000000001,84,64,148,59.199999999999996,86,66,152,60.8,48,31,79,31.6,43,39,82,32.800000000000004,48,38,86,34.4,85,66,151,60.4,86,71,157,62.8,83,59,142,56.8,88,67,155,62.0,84,64,148,59.199999999999996,86,71,157,62.8,84,71,155,62.0,84,71,155,63.26530612244898,0,0,0,0.0,0103318000,4th
Sudipen,2025,68,64,132,61.6822429906542,66,66,132,56.896551724137936,68,64,132,56.896551724137936,82,71,153,65.94827586206897,76,74,150,64.65517241379311,77,68,145,62.5,41,35,76,32.758620689655174,47,34,81,34.91379310344828,43,33,76,32.758620689655174,66,62,128,55.172413793103445,80,55,135,58.189655172413794,80,73,153,65.94827586206897,73,67,140,60.3448275862069,76,77,153,65.94827586206897,88,62,150,64.65517241379311,94,62,156,67.24137931034483,92,62,154,66.37931034482759,1,0,1,1.282051282051282,0103319000,4th
Tubao,2025,275,225,500,100.60362173038229,276,224,500,92.5925925925926,276,224,500,92.5925925925926,259,199,458,84.81481481481481,241,180,421,77.96296296296296,223,188,411,76.11111111111111,151,111,262,48.51851851851852,136,109,245,45.370370370370374,124,124,248,45.925925925925924,182,165,347,64.25925925925927,147,144,291,53.888888888888886,264,188,452,83.7037037037037,250,186,436,80.74074074074075,234,196,430,79.62962962962963,179,167,346,64.07407407407408,166,159,325,60.18518518518518,197,184,381,70.94972067039106,1,1,2,1.3157894736842104,0103320000,4th
Pangasinan,2025,16849,15997,32846,53.79915810852866,18672,17535,36207,54.605094484745194,18787,17851,36638,55.25510127135899,21960,20485,42445,64.01284932209269,22627,21216,43843,66.12122400349888,23749,22377,46126,69.5642993952373,13815,13002,26817,40.44369372766073,14750,13856,28606,43.141749739846475,15793,14999,30792,46.4385359011869,21677,20384,42061,63.433724946084126,21703,20265,41968,63.293468261269545,23681,22015,45696,68.91580074501938,26326,25010,51336,77.42169001764519,26268,24807,51075,77.02806641832687,22841,21206,44047,66.42888382825343,24107,22850,46957,70.81756074019334,23917,22725,46642,70.88342122460145,404,339,743,3.9584443260522106,0105500000,1st
Agno,2025,212,203,415,68.93687707641196,190,188,378,57.709923664122144,207,205,412,62.90076335877862,256,216,472,72.06106870229007,291,275,566,86.41221374045801,306,276,582,88.85496183206106,180,153,333,50.839694656488554,244,237,481,73.43511450381679,236,191,427,65.19083969465649,289,242,531,81.06870229007633,327,261,588,89.77099236641222,335,279,614,93.74045801526718,307,298,605,92.36641221374046,323,280,603,92.06106870229007,227,212,439,67.02290076335878,224,187,411,62.74809160305344,274,256,530,81.16385911179172,1,0,1,0.6944444444444444,0105501000,3rd
Aguilar,2025,310,279,589,58.84115884115884,265,262,527,48.482060717571294,272,255,527,48.482060717571294,408,348,756,69.54921803127874,420,400,820,75.43698252069917,517,488,1005,92.45630174793008,301,270,571,52.52989880404784,332,363,695,63.937442502299916,397,394,791,72.76908923643055,457,416,873,80.31278748850046,399,365,764,70.28518859245631,410,373,783,72.033118675253,487,486,973,89.51241950321987,525,502,1027,94.48022079116836,294,276,570,52.43790248390064,314,305,619,56.945722171113154,369,365,734,68.08905380333951,8,4,12,2.434077079107505,0105502000,3rd
City of Alaminos,2025,704,595,1299,63.67647058823529,972,823,1795,81.33212505663798,1192,1025,2217,100.45310376076122,628,600,1228,55.64114182147711,656,554,1210,54.825555052106935,712,599,1311,59.4019030357952,273,290,563,25.509741730856366,268,234,502,22.74580879021296,276,275,551,24.96601721794291,563,504,1067,48.346171273221564,536,449,985,44.63072043497961,664,649,1313,59.49252378794744,861,727,1588,71.95287720888084,670,616,1286,58.26914363389216,624,550,1174,53.194381513366565,684,585,1269,57.498867240598095,665,564,1229,56.350298028427325,2,0,2,0.2364066193853428,0105503000,4th
Alcala,2025,208,219,427,44.02061855670103,186,194,380,36.29417382999045,188,187,375,35.816618911174785,283,261,544,51.95797516714422,284,258,542,51.76695319961796,262,254,516,49.28366762177651,186,182,368,35.148042024832854,189,182,371,35.43457497612225,184,169,353,33.715377268385865,245,225,470,44.8901623686724,276,260,536,51.19388729703916,320,309,629,60.07640878701051,356,328,684,65.32951289398281,339,328,667,63.70582617000955,310,291,601,57.40210124164279,293,284,577,55.10983763132761,271,264,535,51.196172248803826,0,0,0,0.0,0105504000,3rd
Anda,2025,226,202,428,53.03593556381661,234,213,447,50.85324232081911,234,213,447,50.85324232081911,371,406,777,88.39590443686008,391,421,812,92.37770193401593,415,405,820,93.28782707622298,204,241,445,50.62571103526735,218,248,466,53.01478953356087,232,214,446,50.739476678043225,386,370,756,86.00682593856655,333,325,658,74.85779294653014,393,426,819,93.1740614334471,404,454,858,97.61092150170649,472,429,901,102.5028441410694,350,307,657,74.74402730375427,432,422,854,97.15585893060296,430,424,854,97.93577981651376,5,10,15,-24.193548387096776,0105505000,3rd
Asingan,2025,255,253,508,49.609375,248,254,502,45.184518451845186,248,245,493,44.37443744374438,345,314,659,59.31593159315932,366,350,716,64.44644464446445,393,359,752,67.68676867686769,188,195,383,34.473447344734474,211,208,419,37.71377137713771,245,230,475,42.75427542754275,343,318,661,59.4959495949595,335,339,674,60.666066606660664,326,336,662,59.58595859585959,413,390,803,72.27722772277228,483,467,950,85.5085508550855,355,361,716,64.44644464446445,365,321,686,61.74617461746175,387,352,739,66.93840579710145,1,0,1,0.4694835680751174,0105506000,2nd
Balungao,2025,156,164,320,57.14285714285714,165,176,341,56.36363636363636,157,176,333,55.04132231404959,213,204,417,68.92561983471074,247,254,501,82.8099173553719,264,284,548,90.57851239669421,143,141,284,46.942148760330575,187,190,377,62.314049586776854,200,216,416,68.7603305785124,269,281,550,90.9090909090909,238,235,473,78.18181818181819,287,262,549,90.74380165289256,306,319,625,103.30578512396693,337,333,670,110.74380165289257,224,218,442,73.05785123966942,225,234,459,75.86776859504131,238,252,490,81.2603648424544,8,4,12,7.017543859649122,0105507000,4th
Bani,2025,357,353,710,69.20077972709552,381,371,752,67.26296958855099,360,358,718,64.22182468694096,521,508,1029,92.03935599284436,521,492,1013,90.608228980322,553,570,1123,100.44722719141323,392,385,777,69.49910554561717,429,399,828,74.0608228980322,453,475,928,83.00536672629696,568,587,1155,103.30948121645795,515,499,1014,90.69767441860465,554,547,1101,98.47942754919498,646,598,1244,111.27012522361359,683,636,1319,117.97853309481216,440,428,868,77.6386404293381,515,479,994,88.9087656529517,584,533,1117,100.81227436823103,2,2,4,8.51063829787234,0105508000,2nd
Basista,2025,378,317,695,83.03464755077658,373,316,689,76.64071190211345,381,317,698,77.64182424916574,398,362,760,84.53837597330367,396,353,749,83.31479421579533,402,370,772,85.87319243604004,254,233,487,54.17130144605117,238,231,469,52.169076751946605,259,237,496,55.172413793103445,416,348,764,84.98331479421579,410,348,758,84.31590656284762,400,393,793,88.2091212458287,452,393,845,93.99332591768632,452,392,844,93.88209121245829,409,365,774,86.09566184649611,423,369,792,88.09788654060067,428,391,819,92.3337091319053,0,0,0,0.0,0105509000,4th
Bautista,2025,191,167,358,41.67636786961583,242,200,442,47.88732394366197,209,181,390,42.25352112676056,261,247,508,55.03791982665223,250,238,488,52.87107258938245,287,263,550,59.58829902491875,153,162,315,34.12784398699892,168,160,328,35.53629469122427,205,166,371,40.19501625135428,317,243,560,60.67172264355363,290,249,539,58.39653304442037,260,236,496,53.737811484290354,269,254,523,56.66305525460456,340,329,669,72.48104008667389,319,315,634,68.68905742145178,370,355,725,78.54821235102925,309,291,600,65.50218340611353,0,0,0,0.0,0105510000,4th
Bayambang,2025,970,909,1879,68.77745241581259,957,858,1815,61.0699865410498,945,832,1777,59.79138627187079,964,930,1894,63.72812920592194,960,954,1914,64.40107671601615,993,981,1974,66.41991924629879,815,810,1625,54.676985195154785,774,822,1596,53.70121130551817,865,869,1734,58.344549125168236,870,899,1769,59.5222072678331,1083,1062,2145,72.1736204576043,1060,1029,2089,70.28936742934052,1136,1113,2249,75.67294751009422,1051,1107,2158,72.61103633916555,1024,997,2021,68.0013458950202,967,944,1911,64.30013458950202,969,945,1914,64.81544192346766,28,23,51,5.743243243243244,0105511000,1st
Binalonan,2025,343,316,659,70.33084311632871,324,276,600,58.99705014749262,325,275,600,58.99705014749262,424,369,793,77.97443461160275,457,385,842,82.79252704031465,471,392,863,84.85742379547689,229,198,427,41.98623402163225,254,228,482,47.39429695181908,273,238,511,50.24582104228122,400,349,749,73.6479842674533,398,381,779,76.59783677482793,498,398,896,88.10226155358899,585,486,1071,105.30973451327435,617,565,1182,116.22418879056046,454,416,870,85.54572271386431,493,482,975,95.87020648967551,521,488,1009,99.21337266470009,1,4,5,22.727272727272727,0105512000,1st
Binmaley,2025,120,110,230,12.188659247482777,398,369,767,37.43289409468033,424,394,818,39.9219131283553,522,466,988,48.218643240605175,538,449,987,48.16983894582723,530,483,1013,49.43875061005368,319,281,600,29.282576866764277,346,275,621,30.30746705710102,363,320,683,33.33333333333333,490,452,942,45.973645680819914,534,470,1004,48.99951195705222,534,498,1032,50.366032210834554,683,586,1269,61.93265007320644,689,637,1326,64.71449487554905,579,488,1067,52.07418252806247,593,488,1081,52.757442654953635,573,502,1075,52.92959133431807,11,6,17,2.085889570552147,0105513000,1st
Bolinao,2025,454,453,907,50.55741360089186,473,450,923,47.309072270630445,458,447,905,46.386468477703744,580,486,1066,54.638646847770374,601,515,1116,57.20143516145566,659,595,1254,64.27473090722707,369,305,674,34.5463864684777,407,322,729,37.36545361353152,459,393,852,43.66991286519733,597,544,1141,58.482829318298315,536,508,1044,53.511019989748846,603,500,1103,56.53511019989749,651,566,1217,62.37826755509995,670,597,1267,64.94105586878524,538,525,1063,54.48487954894926,533,522,1055,54.07483341875962,545,524,1069,55.33126293995859,34,35,69,9.801136363636363,0105514000,1st
Bugallon,2025,339,352,691,40.174418604651166,358,369,727,38.939475093733265,371,396,767,41.08194965184788,465,475,940,50.34815211569362,470,459,929,49.75897161221211,507,508,1015,54.36529191215854,311,314,625,33.47616497054097,310,297,607,32.512051419389394,356,328,684,36.63631494376005,424,396,820,43.92072844134976,458,406,864,46.27745045527584,548,527,1075,57.57900374933048,610,646,1256,67.27370112479915,622,584,1206,64.59560792715587,567,506,1073,57.471880021424745,515,495,1010,54.09748259239422,471,444,915,49.2465016146394,3,5,8,1.24804992199688,0105515000,2nd
Burgos,2025,174,157,331,78.99761336515513,148,136,284,62.417582417582416,155,139,294,64.61538461538461,241,231,472,103.73626373626375,234,231,465,102.19780219780219,259,247,506,111.20879120879121,192,182,374,82.19780219780219,200,193,393,86.37362637362638,204,202,406,89.23076923076924,230,229,459,100.87912087912088,220,215,435,95.6043956043956,242,231,473,103.95604395604397,232,241,473,103.95604395604397,246,246,492,108.13186813186813,252,251,503,110.54945054945055,298,294,592,130.1098901098901,246,249,495,109.27152317880795,0,0,0,0.0,0105516000,4th
Calasiao,2025,595,585,1180,60.020345879959315,567,550,1117,52.001862197392924,539,553,1092,50.83798882681564,634,642,1276,59.40409683426443,722,678,1400,65.17690875232775,737,699,1436,66.85288640595903,235,224,459,21.368715083798882,230,191,421,19.599627560521416,272,291,563,26.210428305400374,517,541,1058,49.25512104283054,673,622,1295,60.28864059590317,686,638,1324,61.63873370577281,851,775,1626,75.69832402234637,868,805,1673,77.88640595903166,764,688,1452,67.59776536312849,819,743,1562,72.71880819366852,888,790,1678,78.74237447207884,0,0,0,0.0,0105517000,1st
City of Dagupan,2025,358,322,680,20.082693443591257,425,388,813,22.08638956805216,390,349,739,20.076066286335234,511,502,1013,27.51969573485466,539,503,1042,28.30752512904102,483,455,938,25.482205922303724,315,310,625,16.97908177125781,328,321,649,17.631078511274108,290,291,581,15.78375441456126,343,338,681,18.50040749796251,537,498,1035,28.117359413202937,585,559,1144,31.078511274110298,668,653,1321,35.88698723173051,828,757,1585,43.05895137190981,979,877,1856,50.42108122792719,770,787,1557,42.298288508557455,455,455,910,24.958859023587493,58,21,79,4.352617079889807,0105518000,2nd
Dasol,2025,458,492,950,152.0,547,526,1073,156.64233576642337,624,610,1234,180.14598540145985,697,641,1338,195.32846715328466,755,729,1484,216.64233576642337,834,782,1616,235.9124087591241,621,556,1177,171.82481751824818,673,592,1265,184.67153284671534,715,686,1401,204.52554744525546,771,713,1484,216.64233576642337,648,552,1200,175.18248175182484,697,635,1332,194.45255474452554,672,694,1366,199.4160583941606,456,468,924,134.89051094890513,524,456,980,143.06569343065695,497,482,979,142.9197080291971,529,536,1065,158.95522388059703,87,60,147,168.9655172413793,0105519000,3rd
Infanta,2025,223,195,418,73.20490367775831,263,204,467,75.2012882447665,270,216,486,78.26086956521739,295,251,546,87.92270531400966,294,277,571,91.94847020933977,301,287,588,94.68599033816425,196,154,350,56.36070853462157,190,198,388,62.47987117552335,185,188,373,60.06441223832528,200,220,420,67.6328502415459,253,251,504,81.15942028985508,286,241,527,84.86312399355877,285,275,560,90.17713365539453,300,289,589,94.84702093397746,257,249,506,81.48148148148148,263,243,506,81.48148148148148,298,272,570,92.53246753246754,7,7,14,11.864406779661017,0105520000,3rd
Labrador,2025,135,133,268,49.26470588235294,116,124,240,40.472175379426645,134,143,277,46.711635750421586,204,204,408,68.8026981450253,209,190,399,67.28499156829679,230,227,457,77.06576728499157,127,129,256,43.17032040472175,128,123,251,42.32715008431703,155,165,320,53.96290050590219,172,175,347,58.516020236087684,180,176,356,60.03372681281619,201,191,392,66.10455311973018,215,199,414,69.81450252951096,235,226,461,77.74030354131534,281,248,529,89.20741989881957,313,305,618,104.2158516020236,214,224,438,74.23728813559322,2,1,3,0.9584664536741214,0105521000,4th
Lingayen,2025,145,135,280,13.20754716981132,348,284,632,27.430555555555557,332,279,611,26.51909722222222,418,366,784,34.02777777777778,417,361,778,33.76736111111111,393,337,730,31.68402777777778,375,324,699,30.338541666666668,364,312,676,29.34027777777778,366,312,678,29.427083333333332,398,315,713,30.946180555555557,445,427,872,37.84722222222222,462,405,867,37.63020833333333,504,458,962,41.75347222222222,445,384,829,35.98090277777778,562,511,1073,46.57118055555556,631,579,1210,52.517361111111114,491,481,972,42.463958060288334,13,5,18,3.7894736842105265,0105522000,1st
Mabini,2025,196,200,396,83.54430379746836,282,320,602,116.66666666666667,275,310,585,113.37209302325581,528,477,1005,194.7674418604651,545,508,1053,204.06976744186048,565,577,1142,221.31782945736433,447,410,857,166.08527131782947,488,450,938,181.7829457364341,493,504,997,193.2170542635659,550,553,1103,213.7596899224806,547,514,1061,205.6201550387597,496,454,950,184.10852713178295,536,518,1054,204.26356589147287,532,542,1074,208.13953488372096,492,493,985,190.89147286821705,533,559,1092,211.6279069767442,575,559,1134,222.78978388998036,16,5,21,-36.206896551724135,0105523000,3rd
Malasiqui,2025,554,475,1029,33.97160779135028,547,455,1002,30.409711684370254,544,465,1009,30.62215477996965,630,544,1174,35.62974203338391,633,540,1173,35.59939301972686,574,492,1066,32.352048558421856,167,152,319,9.681335356600911,185,152,337,10.227617602427921,193,155,348,10.56145675265554,602,505,1107,33.59635811836115,548,509,1057,32.07890743550835,727,628,1355,41.122913505311075,703,635,1338,40.606980273141126,690,607,1297,39.36267071320182,775,698,1473,44.704097116843705,814,765,1579,47.92109256449165,668,640,1308,40.147329650092075,10,8,18,1.5915119363395225,0105524000,1st
Manaoag,2025,646,613,1259,80.29336734693877,758,720,1478,86.83901292596946,693,689,1382,81.19858989424206,968,844,1812,106.46298472385429,1070,954,2024,118.91891891891892,1091,1004,2095,123.09048178613395,653,587,1240,72.85546415981199,809,641,1450,85.19388954171563,848,789,1637,96.18096357226791,965,887,1852,108.81316098707403,911,867,1778,104.46533490011751,1098,935,2033,119.44770857814335,1409,1293,2702,158.75440658049354,1316,1291,2607,153.17273795534666,892,828,1720,101.05757931844887,831,814,1645,96.65099882491187,1010,977,1987,117.92284866468843,28,35,63,26.582278481012654,0105525000,1st
Mangaldan,2025,487,498,985,38.7185534591195,475,471,946,34.437568256279576,511,489,1000,36.40334910811795,678,641,1319,48.01601747360757,741,661,1402,51.03749544958136,744,691,1435,52.23880597014925,266,225,491,17.87404441208591,332,306,638,23.22533673097925,321,307,628,22.86130323989807,761,701,1462,53.22169639606844,714,664,1378,50.16381507098653,670,639,1309,47.65198398252639,900,859,1759,64.03349108117948,941,813,1754,63.85147433563888,800,745,1545,56.243174372042226,898,892,1790,65.16199490353112,723,733,1456,53.431192660550465,0,0,0,0.0,0105526000,1st
Mangatarem,2025,658,578,1236,80.62622309197651,666,583,1249,75.24096385542168,681,593,1274,76.74698795180723,723,632,1355,81.62650602409639,643,651,1294,77.95180722891565,724,722,1446,87.10843373493977,499,450,949,57.168674698795186,465,471,936,56.3855421686747,506,529,1035,62.34939759036144,659,675,1334,80.36144578313254,720,653,1373,82.71084337349399,866,720,1586,95.54216867469879,652,639,1291,77.7710843373494,700,652,1352,81.44578313253012,648,581,1229,74.03614457831326,610,599,1209,72.83132530120481,722,670,1392,84.36363636363636,8,5,13,1.9667170953101363,0105527000,1st
Mapandan,2025,311,276,587,70.72289156626506,330,280,610,68.08035714285714,292,269,561,62.61160714285714,406,333,739,82.47767857142857,427,383,810,90.40178571428571,500,463,963,107.47767857142858,283,231,514,57.36607142857143,291,246,537,59.93303571428571,360,275,635,70.87053571428571,407,335,742,82.8125,349,302,651,72.65625,437,383,820,91.51785714285714,399,406,805,89.84375,383,344,727,81.13839285714286,356,315,671,74.88839285714286,331,305,636,70.98214285714286,349,368,717,80.92550790067719,0,1,1,0.32573289902280134,0105528000,3rd
Natividad,2025,202,192,394,85.65217391304348,382,393,775,155.31062124248498,345,371,716,143.4869739478958,254,279,533,106.81362725450903,299,290,589,118.03607214428857,311,331,642,128.6573146292585,172,194,366,73.34669338677354,227,206,433,86.77354709418837,229,234,463,92.78557114228457,296,306,602,120.64128256513027,289,275,564,113.02605210420842,271,278,549,110.02004008016033,428,444,872,174.749498997996,458,426,884,177.15430861723448,240,213,453,90.78156312625251,242,225,467,93.5871743486974,285,249,534,107.01402805611222,0,4,4,3.361344537815126,0105529000,4th
Pozorrubio,2025,242,251,493,32.86666666666667,241,249,490,30.209617755856964,242,251,493,30.39457459926017,382,313,695,42.84833538840937,356,346,702,43.27990135635019,349,328,677,41.738594327990135,114,100,214,13.19358816276202,120,114,234,14.426633785450061,146,128,274,16.892725030826142,316,267,583,35.94327990135635,373,311,684,42.17016029593095,345,330,675,41.61528976572133,420,380,800,49.32182490752158,401,357,758,46.7324290998767,503,413,916,56.473489519112206,547,519,1066,65.7213316892725,430,414,844,52.3248605083695,0,0,0,0.0,0105530000,1st
Rosales,2025,388,350,738,57.476635514018696,486,431,917,65.26690391459074,485,431,916,65.19572953736656,429,424,853,60.71174377224199,434,415,849,60.4270462633452,453,418,871,61.992882562277586,244,262,506,36.01423487544484,267,277,544,38.71886120996441,292,265,557,39.644128113879,391,339,730,51.95729537366548,375,346,721,51.31672597864768,460,464,924,65.76512455516014,462,453,915,65.12455516014235,501,462,963,68.54092526690391,505,475,980,69.7508896797153,586,580,1166,82.98932384341637,508,473,981,70.42354630294328,3,5,8,1.8475750577367205,0105531000,1st
City of San Carlos,2025,734,680,1414,31.72537581332735,1142,1098,2240,46.30969609261939,1163,1103,2266,46.84721935083729,866,814,1680,34.73227206946454,796,782,1578,32.62352697953277,785,744,1529,31.610502377506723,260,220,480,9.923506305561299,230,222,452,9.344635104403556,265,235,500,10.336985734959686,771,726,1497,30.948935290469297,830,836,1666,34.44283646888567,921,865,1786,36.923713045275996,990,961,1951,40.334918337812695,919,917,1836,37.957411618771964,1038,1030,2068,42.75377299979326,1110,1037,2147,44.38701674591689,928,845,1773,36.9067443796836,34,36,70,4.164187983343249,0105532000,3rd
San Fabian,2025,847,806,1653,87.87878787878788,949,908,1857,90.85127201565558,842,831,1673,81.84931506849315,1054,989,2043,99.95107632093934,1103,1033,2136,104.50097847358121,1215,1124,2339,114.43248532289627,673,619,1292,63.20939334637965,803,772,1575,77.05479452054794,831,761,1592,77.88649706457925,1101,1053,2154,105.3816046966732,997,977,1974,96.57534246575342,1242,1173,2415,118.15068493150685,1455,1354,2809,137.426614481409,1417,1374,2791,136.54598825831704,984,924,1908,93.34637964774952,898,889,1787,87.426614481409,1015,994,2009,98.77089478859389,12,15,27,4.160246533127889,0105533000,1st
San Jacinto,2025,363,396,759,80.74468085106383,355,380,735,71.8475073313783,387,417,804,78.59237536656892,451,502,953,93.15738025415445,462,511,973,95.11241446725319,526,541,1067,104.3010752688172,282,318,600,58.65102639296188,291,312,603,58.94428152492669,361,365,726,70.96774193548387,458,469,927,90.6158357771261,477,440,917,89.63831867057674,469,498,967,94.52590420332356,518,564,1082,105.76735092864125,559,544,1103,107.82013685239491,466,443,909,88.85630498533725,550,551,1101,107.62463343108504,553,564,1117,110.1577909270217,24,27,51,9.550561797752808,0105534000,3rd
San Manuel,2025,228,224,452,42.242990654205606,243,245,488,42.032730404823425,221,228,449,38.67355727820844,300,278,578,49.784668389319556,316,286,602,51.85185185185185,351,325,676,58.22566752799311,200,194,394,33.93626184323858,226,199,425,36.60637381567614,224,218,442,38.07062876830319,308,303,611,52.62704565030146,312,333,645,55.55555555555556,311,298,609,52.4547803617571,418,357,775,66.75279931093885,400,364,764,65.80534022394488,330,340,670,57.70887166236004,441,399,840,72.3514211886305,453,419,872,75.4978354978355,11,2,13,4.659498207885305,0105535000,1st
San Nicolas,2025,242,242,484,72.02380952380952,211,215,426,58.11732605729877,222,220,442,60.30013642564802,272,267,539,73.53342428376534,289,266,555,75.7162346521146,302,285,587,80.0818553888131,178,178,356,48.567530695770806,190,187,377,51.4324693042292,213,206,419,57.16234652114598,309,288,597,81.44611186903138,279,260,539,73.53342428376534,296,282,578,78.85402455661664,326,299,625,85.26603001364256,440,405,845,115.27967257844476,277,269,546,74.48840381991815,299,322,621,84.72032742155525,288,287,575,78.87517146776406,0,0,0,0.0,0105536000,1st
San Quintin,2025,202,198,400,58.3941605839416,200,191,391,52.90933694181326,201,195,396,53.58592692828146,209,225,434,58.72801082543978,211,234,445,60.216508795669824,237,265,502,67.9296346414073,126,149,275,37.21244925575101,155,153,308,41.67794316644114,143,150,293,39.648173207036535,222,223,445,60.216508795669824,232,237,469,63.46414073071719,263,280,543,73.47767253044654,297,321,618,83.62652232746956,289,321,610,82.54397834912042,269,281,550,74.42489851150202,332,357,689,93.234100135318,294,303,597,81.22448979591836,5,4,9,4.186046511627907,0105537000,3rd
Santa Barbara,2025,369,357,726,37.970711297071134,412,401,813,38.99280575539568,406,392,798,38.273381294964025,472,452,924,44.31654676258992,477,461,938,44.98800959232614,499,456,955,45.80335731414868,141,132,273,13.093525179856117,145,147,292,14.004796163069544,157,151,308,14.772182254196641,557,515,1072,51.41486810551559,505,506,1011,48.489208633093526,626,561,1187,56.930455635491604,684,689,1373,65.85131894484412,668,608,1276,61.199040767386094,648,609,1257,60.28776978417266,680,661,1341,64.31654676258994,587,597,1184,57.30880929332043,4,4,8,8.695652173913043,0105538000,1st
Santa Maria,2025,322,308,630,104.30463576158941,366,358,724,111.21351766513057,368,365,733,112.59600614439324,546,519,1065,163.59447004608293,574,559,1133,174.0399385560676,613,618,1231,189.09370199692782,369,379,748,114.90015360983104,396,387,783,120.27649769585254,423,451,874,134.25499231950846,545,568,1113,170.96774193548387,612,577,1189,182.642089093702,531,513,1044,160.36866359447004,611,549,1160,178.1874039938556,603,565,1168,179.41628264208907,462,441,903,138.70967741935485,484,403,887,136.25192012288787,626,518,1144,176.27118644067795,0,0,0,0.0,0105539000,4th
Santo Tomas,2025,155,114,269,123.963133640553,152,116,268,114.04255319148938,152,114,266,113.19148936170214,181,142,323,137.4468085106383,182,156,338,143.82978723404256,191,144,335,142.5531914893617,166,124,290,123.40425531914893,168,151,319,135.74468085106383,182,139,321,136.59574468085108,195,146,341,145.1063829787234,193,156,349,148.51063829787233,231,188,419,178.29787234042553,230,187,417,177.4468085106383,191,143,334,142.12765957446808,160,119,279,118.72340425531915,179,156,335,142.5531914893617,210,202,412,175.31914893617022,1,2,3,3.260869565217391,0105540000,5th
Sison,2025,169,189,358,35.9437751004016,169,189,358,33.025830258302584,169,189,358,33.025830258302584,204,234,438,40.405904059040594,191,201,392,36.162361623616235,198,212,410,37.82287822878229,155,160,315,29.059040590405903,138,146,284,26.199261992619927,145,157,302,27.85977859778598,180,190,370,34.132841328413285,208,206,414,38.191881918819185,210,237,447,41.23616236162362,214,209,423,39.02214022140221,228,234,462,42.61992619926199,280,233,513,47.32472324723247,296,272,568,52.398523985239855,241,219,460,42.63206672845227,0,0,0,0.0,0105541000,3rd
Sual,2025,282,270,552,65.55819477434679,273,244,517,56.564551422319475,245,244,489,53.501094091903724,354,353,707,77.35229759299781,337,314,651,71.2253829321663,386,339,725,79.32166301969366,229,217,446,48.796498905908095,226,205,431,47.155361050328224,276,229,505,55.25164113785558,339,284,623,68.16192560175055,403,353,756,82.71334792122538,392,370,762,83.36980306345733,410,400,810,88.62144420131291,502,500,1002,109.62800875273524,345,331,676,73.96061269146608,331,328,659,72.10065645514223,380,340,720,79.82261640798227,0,0,0,0.0,0105542000,1st
Tayug,2025,189,229,418,43.86149003147954,193,224,417,40.446168768186226,197,232,429,41.61008729388943,316,282,598,58.001939864209504,333,304,637,61.78467507274491,340,300,640,62.07565470417072,198,167,365,35.402521823472355,200,186,386,37.43937924345296,225,212,437,42.38603297769156,301,296,597,57.904946653734235,302,330,632,61.299709020368574,302,300,602,58.38991270611057,364,345,709,68.76818622696412,399,350,749,72.6479146459748,313,312,625,60.62075654704171,421,358,779,75.55771096023278,394,390,784,76.63734115347019,11,2,13,2.3508137432188065,0105543000,3rd
Umingan,2025,321,314,635,43.10930074677529,323,313,636,39.30778739184178,321,313,634,39.18417799752781,347,356,703,43.44870210135971,349,349,698,43.13967861557478,401,367,768,47.46600741656366,157,158,315,19.468479604449936,154,158,312,19.283065512978986,157,174,331,20.45735475896168,388,373,761,47.03337453646477,356,329,685,42.336217552533995,370,363,733,45.302843016069225,479,485,964,59.5797280593325,495,478,973,60.13597033374537,429,414,843,52.10135970333746,519,459,978,60.44499381953028,459,413,872,54.50000000000001,3,1,4,0.6688963210702341,0105544000,1st
Urbiztondo,2025,448,384,832,62.509391435011274,444,375,819,56.79611650485437,403,348,751,52.08044382801664,507,450,957,66.36615811373093,521,477,998,69.20943134535368,503,502,1005,69.69486823855756,416,363,779,54.02219140083218,410,365,775,53.744798890429955,404,409,813,56.380027739251034,453,466,919,63.730929264909854,510,479,989,68.58529819694868,558,518,1076,74.61858529819695,582,575,1157,80.23578363384189,582,540,1122,77.80859916782246,584,493,1077,74.68793342579751,687,662,1349,93.5506241331484,595,560,1155,80.99579242636746,8,5,13,50.0,0105545000,3rd
City of Urdaneta,2025,522,489,1011,34.39945559714189,502,452,954,29.89658414290191,486,461,947,29.67721717329991,683,660,1343,42.08712002507051,693,671,1364,42.745220933876524,724,679,1403,43.967408335944846,560,559,1119,35.067376997806335,570,575,1145,35.88216859918521,602,574,1176,36.853650893136944,608,570,1178,36.91632717016609,573,481,1054,33.030397994359134,723,697,1420,44.50015669069257,749,706,1455,45.5969915387026,758,725,1483,46.47445941711062,835,728,1563,48.98151049827641,879,829,1708,53.52554058288938,876,803,1679,53.048973143759866,0,1,1,0.08445945945945946,0105546000,2nd
Villasis,2025,575,550,1125,92.21311475409836,539,535,1074,80.69120961682945,558,559,1117,83.92186326070623,704,652,1356,101.87828700225394,762,684,1446,108.64012021036815,771,692,1463,109.91735537190081,546,501,1047,78.6626596543952,609,545,1154,86.70172802404207,626,577,1203,90.3831705484598,723,655,1378,103.5311795642374,662,603,1265,95.0413223140496,737,656,1393,104.65815176558979,729,682,1411,106.01051840721263,723,655,1378,103.5311795642374,584,539,1123,84.37265214124719,531,528,1059,79.5642374154771,711,693,1404,105.80256217030896,4,6,10,1.6051364365971106,0105547000,1st
Laoac,2025,244,225,469,78.42809364548495,277,246,523,80.09188361408881,353,326,679,103.98162327718224,368,296,664,101.68453292496172,404,357,761,116.53905053598774,371,352,723,110.71975497702911,251,224,475,72.74119448698315,295,278,573,87.74885145482389,271,246,517,79.17304747320061,350,324,674,103.21592649310874,339,321,660,101.07197549770291,363,282,645,98.7748851454824,436,414,850,130.16845329249617,350,370,720,110.26033690658498,272,281,553,84.68606431852986,311,263,574,87.90199081163858,337,348,685,104.90045941807044,9,5,14,-19.718309859154928,0105548000,4th
Region 2,2025,18295,17683,35978,55.667646603744394,21796,20793,42589,60.571452952554324,21062,20150,41212,58.61303902605529,23347,21791,45138,64.19672317669814,23767,22347,46114,65.58482193651155,24046,22856,46902,66.70554101718056,16490,15423,31913,45.387700534759354,17191,16081,33272,47.32051427921265,18008,16949,34957,49.716975765160996,22642,21576,44218,62.88826942769371,22287,20985,43272,61.54283763795654,23277,21808,45085,64.1213448628968,23807,22366,46173,65.66873364432814,23579,22610,46189,65.69148936170212,23979,22132,46111,65.58055523950392,24197,22765,46962,66.79087495733303,23944,22509,46453,66.68149977032614,447,448,895,4.344449298577739,0200000000,
Batanes,2025,103,88,191,78.60082304526749,95,82,177,67.81609195402298,104,89,193,73.9463601532567,97,89,186,71.26436781609196,100,91,191,73.18007662835248,110,103,213,81.60919540229885,83,72,155,59.38697318007663,82,76,158,60.53639846743295,86,85,171,65.51724137931035,97,94,191,73.18007662835248,88,102,190,72.79693486590038,96,87,183,70.11494252873564,100,91,191,73.18007662835248,98,94,192,73.5632183908046,88,101,189,72.41379310344827,90,100,190,72.79693486590038,90,100,190,73.35907335907336,1,1,2,4.545454545454546,0200900000,5th
Basco ,2025,63,61,124,83.78378378378379,57,56,113,70.1863354037267,64,61,125,77.63975155279503,59,58,117,72.67080745341616,62,61,123,76.3975155279503,68,75,143,88.81987577639751,48,46,94,58.38509316770186,49,53,102,63.35403726708074,50,63,113,70.1863354037267,55,67,122,75.77639751552795,57,64,121,75.15527950310559,57,56,113,70.1863354037267,61,61,122,75.77639751552795,55,67,122,75.77639751552795,58,64,122,75.77639751552795,60,64,124,77.01863354037268,60,64,124,77.9874213836478,0,1,1,3.7037037037037033,0200901000,5th
Itbayat,2025,11,8,19,59.375,9,7,16,44.44444444444444,11,9,20,55.55555555555556,9,8,17,47.22222222222222,9,6,15,41.66666666666667,9,8,17,47.22222222222222,9,8,17,47.22222222222222,9,6,15,41.66666666666667,9,7,16,44.44444444444444,9,7,16,44.44444444444444,7,11,18,50.0,10,8,18,50.0,10,6,16,44.44444444444444,10,7,17,47.22222222222222,7,11,18,50.0,6,9,15,41.66666666666667,6,9,15,41.66666666666667,0,0,0,0.0,0200902000,5th
Ivana,2025,6,8,14,93.33333333333333,7,7,14,93.33333333333333,6,8,14,93.33333333333333,6,7,13,86.66666666666667,7,7,14,93.33333333333333,6,7,13,86.66666666666667,5,6,11,73.33333333333333,6,4,10,66.66666666666666,5,4,9,60.0,6,7,13,86.66666666666667,6,9,15,100.0,6,7,13,86.66666666666667,7,7,14,93.33333333333333,6,7,13,86.66666666666667,6,9,15,100.0,8,9,17,113.33333333333333,8,9,17,113.33333333333333,0,0,0,0.0,0200903000,6th
Mahatao,2025,6,3,9,47.368421052631575,5,4,9,45.0,6,3,9,45.0,6,5,11,55.00000000000001,6,5,11,55.00000000000001,8,3,11,55.00000000000001,5,3,8,40.0,4,3,7,35.0,6,3,9,45.0,8,3,11,55.00000000000001,7,6,13,65.0,6,5,11,55.00000000000001,6,5,11,55.00000000000001,8,3,11,55.00000000000001,7,6,13,65.0,6,7,13,65.0,6,7,13,65.0,0,0,0,0.0,0200904000,6th
Sabtang,2025,13,5,18,112.5,12,4,16,100.0,13,5,18,112.5,10,6,16,100.0,10,6,16,100.0,14,5,19,118.75,10,5,15,93.75,9,4,13,81.25,13,3,16,100.0,14,5,19,118.75,8,4,12,75.0,10,6,16,100.0,10,6,16,100.0,14,5,19,118.75,7,3,10,62.5,8,3,11,68.75,8,3,11,68.75,0,0,0,0.0,0200905000,6th
Uyugan,2025,4,3,7,53.84615384615385,5,4,9,69.23076923076923,4,3,7,53.84615384615385,7,5,12,92.3076923076923,6,6,12,92.3076923076923,5,5,10,76.92307692307693,6,4,10,76.92307692307693,5,6,11,84.61538461538461,3,5,8,61.53846153846154,5,5,10,76.92307692307693,3,8,11,84.61538461538461,7,5,12,92.3076923076923,6,6,12,92.3076923076923,5,5,10,76.92307692307693,3,8,11,84.61538461538461,2,8,10,76.92307692307693,2,8,10,76.92307692307693,1,0,1,0.0,0200906000,6th
Cagayan,2025,5292,5225,10517,50.41464934566895,6095,5879,11974,52.663060210230014,5671,5549,11220,49.34687953555878,7381,6753,14134,62.16299423846594,7465,6915,14380,63.24493116945947,7506,7046,14552,64.00140739763381,5168,4785,9953,43.774464529181515,5377,5039,10416,45.810792980604305,5576,5254,10830,47.63161366934952,7195,6819,14014,61.63522012578616,6992,6568,13560,59.63847473281435,7342,6696,14038,61.74077494832212,7449,6886,14335,63.04701587720456,7424,7019,14443,63.52201257861635,7279,6808,14087,61.95628271099969,7311,6745,14056,61.819941065224086,7236,6699,13935,61.70570783332595,190,174,364,4.595379371291504,0201500000,1st
Abulug,2025,162,131,293,46.955128205128204,228,193,421,62.186115214180205,154,112,266,39.29098966026588,224,181,405,59.822747415066466,240,198,438,64.69719350073855,223,202,425,62.77695716395865,176,137,313,46.233382570162476,184,157,341,50.369276218611525,196,165,361,53.32348596750369,212,187,399,58.93648449039882,172,190,362,53.4711964549483,226,180,406,59.97045790251108,235,199,434,64.10635155096011,228,208,436,64.40177252584934,217,226,443,65.4357459379616,197,200,397,58.64106351550961,174,180,354,52.99401197604791,27,46,73,19.010416666666664,0201501000,3rd
Alcala,2025,127,148,275,46.7687074829932,135,143,278,43.30218068535825,165,197,362,56.38629283489096,191,172,363,56.54205607476636,196,187,383,59.65732087227414,197,193,390,60.747663551401864,114,117,231,35.981308411214954,133,134,267,41.58878504672897,142,138,280,43.613707165109034,147,153,300,46.728971962616825,176,175,351,54.67289719626168,201,170,371,57.78816199376947,203,193,396,61.6822429906542,200,194,394,61.37071651090342,194,184,378,58.87850467289719,193,200,393,61.21495327102804,186,194,380,59.375,8,7,15,5.5762081784386615,0201502000,3rd
Allacapan,2025,142,143,285,49.05335628227194,136,141,277,43.3489827856025,136,138,274,42.87949921752739,197,198,395,61.815336463223794,205,196,401,62.75430359937402,212,211,423,66.19718309859155,203,189,392,61.34585289514867,204,188,392,61.34585289514867,211,205,416,65.10172143974961,226,207,433,67.76212832550861,196,222,418,65.41471048513301,208,203,411,64.31924882629107,206,206,412,64.47574334898279,210,205,415,64.94522691705791,201,211,412,64.47574334898279,213,227,440,68.85758998435054,213,227,440,69.51026856240127,1,0,1,0.43668122270742354,0201503000,3rd
Amulung,2025,229,218,447,50.11210762331838,211,234,445,45.54759467758444,233,229,462,47.28761514841351,255,232,487,49.84646878198567,270,262,532,54.45240532241555,274,278,552,56.49948822927329,173,150,323,33.0603889457523,173,195,368,37.66632548618219,198,227,425,43.50051177072671,225,253,478,48.925281473899695,245,231,476,48.72057318321392,270,228,498,50.97236438075742,259,260,519,53.12180143295804,258,280,538,55.066530194472875,264,248,512,52.40532241555783,314,273,587,60.08188331627431,314,273,587,60.829015544041454,0,0,0,0.0,0201504000,2nd
Aparri,2025,298,298,596,49.916247906197654,347,347,694,53.54938271604939,260,259,519,40.0462962962963,411,383,794,61.26543209876543,391,388,779,60.10802469135802,375,361,736,56.79012345679012,345,318,663,51.157407407407405,339,319,658,50.77160493827161,307,294,601,46.373456790123456,354,348,702,54.166666666666664,350,302,652,50.308641975308646,403,373,776,59.876543209876544,382,372,754,58.17901234567901,358,346,704,54.32098765432099,380,350,730,56.32716049382716,345,355,700,54.01234567901234,340,354,694,54.04984423676012,21,15,36,6.463195691202872,0201505000,1st
Baggao,2025,422,480,902,64.75233309404163,471,497,968,63.14416177429876,423,474,897,58.51272015655577,536,492,1028,67.05805609915198,546,535,1081,70.51532941943901,556,532,1088,70.97195042400521,332,292,624,40.704500978473575,351,319,670,43.70515329419439,366,320,686,44.74885844748858,533,516,1049,68.42791911285062,539,506,1045,68.16699282452707,535,479,1014,66.14481409001957,545,534,1079,70.38486627527723,541,486,1027,66.99282452707111,546,506,1052,68.62361382909327,520,496,1016,66.27527723418135,520,496,1016,66.88610928242265,0,0,0,0.0,0201506000,1st
Ballesteros,2025,149,156,305,44.918998527245954,150,157,307,42.11248285322359,150,158,308,42.249657064471876,178,195,373,51.16598079561042,175,201,376,51.577503429355275,171,207,378,51.85185185185185,110,138,248,34.01920438957476,120,138,258,35.390946502057616,120,157,277,37.997256515775035,162,182,344,47.18792866941015,157,184,341,46.776406035665296,183,200,383,52.53772290809328,164,209,373,51.16598079561042,169,209,378,51.85185185185185,184,189,373,51.16598079561042,196,214,410,56.24142661179698,196,214,410,56.55172413793104,0,0,0,0.0,0201507000,4th
Buguey,2025,192,156,348,75.32467532467533,177,152,329,64.2578125,186,154,340,66.40625,195,169,364,71.09375,194,179,373,72.8515625,201,183,384,75.0,155,132,287,56.0546875,160,143,303,59.1796875,166,144,310,60.546875,203,175,378,73.828125,183,148,331,64.6484375,191,169,360,70.3125,187,165,352,68.75,191,176,367,71.6796875,183,142,325,63.4765625,168,147,315,61.5234375,168,147,315,61.76470588235294,0,0,0,0.0,0201508000,3rd
Calayan,2025,59,51,110,38.46153846153847,89,98,187,59.93589743589743,49,49,98,31.41025641025641,86,104,190,60.89743589743589,82,84,166,53.205128205128204,75,84,159,50.96153846153846,43,47,90,28.846153846153843,54,67,121,38.782051282051285,63,61,124,39.743589743589745,90,102,192,61.53846153846154,74,72,146,46.794871794871796,70,86,156,50.0,88,92,180,57.692307692307686,86,102,188,60.256410256410255,90,94,184,58.97435897435898,80,68,148,47.43589743589743,70,69,139,44.983818770226534,17,13,30,25.210084033613445,0201509000,3rd
Camalaniugan,2025,107,132,239,65.84022038567493,126,149,275,69.09547738693468,100,117,217,54.52261306532663,153,149,302,75.87939698492463,151,154,305,76.63316582914574,146,162,308,77.38693467336684,113,120,233,58.5427135678392,119,122,241,60.55276381909548,114,124,238,59.798994974874375,133,151,284,71.35678391959799,171,127,298,74.87437185929649,151,157,308,77.38693467336684,143,145,288,72.36180904522614,138,142,280,70.35175879396985,165,130,295,74.12060301507537,158,133,291,73.11557788944724,159,133,292,73.36683417085426,0,0,0,0.0,0201510000,4th
Claveria,2025,103,117,220,50.2283105022831,123,126,249,52.53164556962025,123,148,271,57.17299578059072,155,146,301,63.50210970464135,158,151,309,65.18987341772153,173,156,329,69.40928270042194,123,113,236,49.789029535864984,132,107,239,50.42194092827004,137,114,251,52.95358649789029,150,138,288,60.75949367088608,167,137,304,64.13502109704642,159,149,308,64.9789029535865,158,147,305,64.34599156118144,158,149,307,64.76793248945147,177,140,317,66.87763713080169,164,144,308,64.9789029535865,163,143,306,64.55696202531645,3,3,6,2.690582959641256,0201511000,3rd
Enrile,2025,123,114,237,41.87279151943463,131,123,254,41.57119476268412,131,125,256,41.89852700490999,200,184,384,62.84779050736498,211,190,401,65.63011456628477,206,190,396,64.81178396072012,132,111,243,39.770867430441896,140,128,268,43.862520458265145,143,132,275,45.00818330605565,200,195,395,64.6481178396072,207,181,388,63.50245499181669,201,182,383,62.68412438625205,208,187,395,64.6481178396072,199,179,378,61.8657937806874,206,193,399,65.30278232405891,223,191,414,67.75777414075287,223,191,414,67.75777414075287,2,4,6,4.3478260869565215,0201512000,3rd
Gattaran,2025,342,278,620,63.65503080082136,355,288,643,60.26241799437676,330,276,606,56.79475164011246,366,285,651,61.01218369259607,376,294,670,62.79287722586692,343,352,695,65.13589503280225,239,203,442,41.424554826616685,245,219,464,43.48641049671977,241,245,486,45.54826616682287,336,340,676,63.3552014995314,370,329,699,65.5107778819119,360,279,639,59.8875351452671,373,291,664,62.23055295220243,345,352,697,65.32333645735707,369,329,698,65.41705716963449,339,311,650,60.91846298031866,338,309,647,60.75117370892019,0,4,4,1.0869565217391304,0201513000,1st
Gonzaga,2025,231,265,496,66.31016042780749,218,212,430,52.69607843137255,210,248,458,56.127450980392155,286,272,558,68.38235294117648,292,245,537,65.80882352941177,294,259,553,67.76960784313727,172,166,338,41.42156862745098,177,169,346,42.40196078431372,200,188,388,47.549019607843135,288,268,556,68.13725490196079,284,255,539,66.05392156862744,286,271,557,68.25980392156863,296,258,554,67.8921568627451,309,275,584,71.56862745098039,284,256,540,66.17647058823529,300,247,547,67.0343137254902,300,247,547,67.69801980198021,0,0,0,0.0,0201514000,1st
Iguig,2025,138,125,263,48.88475836431227,146,143,289,49.91364421416235,147,139,286,49.395509499136445,150,165,315,54.40414507772021,158,166,324,55.95854922279793,169,182,351,60.62176165803109,88,99,187,32.29706390328152,93,110,203,35.060449050086355,101,118,219,37.82383419689119,157,177,334,57.68566493955095,169,192,361,62.34887737478411,151,176,327,56.476683937823836,159,165,324,55.95854922279793,164,186,350,60.44905008635578,167,179,346,59.758203799654574,168,182,350,60.44905008635578,167,180,347,60.55846422338569,4,3,7,3.0837004405286343,0201515000,4th
Lal-Lo,2025,224,218,442,52.61904761904762,255,241,496,53.737811484290354,246,250,496,53.737811484290354,274,249,523,56.66305525460456,301,266,567,61.430119176598055,310,278,588,63.705308775731304,151,133,284,30.76923076923077,163,134,297,32.17768147345612,172,162,334,36.1863488624052,335,278,613,66.41386782231852,274,284,558,60.45503791982665,274,243,517,56.01300108342362,286,242,528,57.20476706392199,292,265,557,60.34669555796316,292,279,571,61.86348862405201,296,302,598,64.7887323943662,287,296,583,63.7855579868709,0,0,0,0.0,0201516000,1st
Lasam,2025,157,155,312,45.68081991215227,131,111,242,32.48322147651007,112,121,233,31.2751677852349,232,220,452,60.671140939597315,234,237,471,63.221476510067106,224,253,477,64.02684563758389,117,107,224,30.06711409395973,127,110,237,31.812080536912752,120,131,251,33.691275167785236,225,216,441,59.19463087248322,183,185,368,49.395973154362416,230,216,446,59.86577181208054,233,233,466,62.5503355704698,229,236,465,62.41610738255034,193,215,408,54.76510067114094,192,218,410,55.033557046979865,192,218,410,55.48037889039242,0,0,0,0.0,0201517000,3rd
Pamplona,2025,123,87,210,52.10918114143921,114,75,189,42.76018099547511,127,77,204,46.15384615384615,166,115,281,63.57466063348416,167,112,279,63.12217194570135,158,113,271,61.31221719457014,102,70,172,38.91402714932127,93,85,178,40.27149321266968,96,85,181,40.95022624434389,165,133,298,67.42081447963801,133,120,253,57.23981900452488,158,110,268,60.633484162895925,171,113,284,64.25339366515837,171,116,287,64.93212669683258,140,118,258,58.371040723981906,163,121,284,64.25339366515837,163,121,284,64.69248291571755,0,0,0,0.0,0201518000,4th
Peñablanca,2025,245,245,490,54.20353982300885,244,244,488,49.59349593495935,239,244,483,49.08536585365854,313,293,606,61.58536585365854,305,282,587,59.65447154471545,360,318,678,68.90243902439023,213,216,429,43.59756097560975,229,210,439,44.613821138211385,256,232,488,49.59349593495935,340,297,637,64.73577235772358,310,280,590,59.959349593495936,304,285,589,59.857723577235774,316,280,596,60.56910569105691,331,322,653,66.36178861788618,349,299,648,65.85365853658537,340,305,645,65.54878048780488,331,296,627,64.11042944785275,0,2,2,0.544959128065395,0201519000,1st
Piat,2025,97,71,168,43.97905759162304,99,76,175,41.371158392434985,97,71,168,39.71631205673759,170,124,294,69.50354609929079,173,129,302,71.39479905437352,187,132,319,75.41371158392435,131,95,226,53.42789598108747,133,96,229,54.1371158392435,134,103,237,56.02836879432624,152,112,264,62.4113475177305,117,99,216,51.06382978723404,170,124,294,69.50354609929079,173,129,302,71.39479905437352,187,132,319,75.41371158392435,105,125,230,54.37352245862884,129,132,261,61.702127659574465,127,129,256,60.520094562647756,5,3,8,4.571428571428571,0201520000,4th
Rizal,2025,80,70,150,46.15384615384615,77,72,149,42.57142857142857,84,74,158,45.14285714285714,93,87,180,51.42857142857142,99,95,194,55.42857142857143,83,86,169,48.285714285714285,51,47,98,28.000000000000004,48,53,101,28.857142857142858,41,45,86,24.571428571428573,74,72,146,41.714285714285715,70,71,141,40.285714285714285,95,87,182,52.0,99,95,194,55.42857142857143,82,85,167,47.714285714285715,70,71,141,40.285714285714285,81,70,151,43.142857142857146,81,70,151,43.142857142857146,0,0,0,0.0,0201521000,5th
Sanchez-Mira,2025,51,54,105,27.559055118110237,107,95,202,49.148418491484186,100,107,207,50.36496350364964,127,145,272,66.18004866180048,141,137,278,67.63990267639902,150,130,280,68.1265206812652,120,132,252,61.31386861313869,129,121,250,60.82725060827251,136,121,257,62.530413625304135,150,130,280,68.1265206812652,149,122,271,65.93673965936739,128,146,274,66.66666666666666,148,137,285,69.34306569343066,145,129,274,66.66666666666666,151,125,276,67.15328467153284,149,109,258,62.77372262773723,149,109,258,62.77372262773723,0,0,0,0.0,0201522000,3rd
Santa Ana,2025,189,207,396,53.15436241610738,202,216,418,51.86104218362283,119,128,247,30.64516129032258,244,224,468,58.06451612903226,258,258,516,64.01985111662532,232,231,463,57.44416873449132,156,165,321,39.826302729528535,175,153,328,40.69478908188586,181,165,346,42.92803970223325,243,231,474,58.80893300248139,221,215,436,54.09429280397022,243,228,471,58.436724565756826,260,236,496,61.53846153846154,239,241,480,59.553349875930515,247,239,486,60.297766749379655,256,229,485,60.17369727047146,251,229,480,60.22584692597239,12,9,21,7.118644067796611,0201523000,2nd
Santa Praxedes,2025,7,7,14,23.728813559322035,16,14,30,49.18032786885246,11,10,21,34.42622950819672,25,19,44,72.1311475409836,22,29,51,83.60655737704919,20,24,44,72.1311475409836,26,18,44,72.1311475409836,22,29,51,83.60655737704919,20,25,45,73.77049180327869,20,26,46,75.40983606557377,19,10,29,47.540983606557376,25,17,42,68.85245901639344,22,30,52,85.24590163934425,20,26,46,75.40983606557377,20,15,35,57.377049180327866,19,9,28,45.90163934426229,18,9,27,44.26229508196721,0,0,0,0.0,0201524000,5th
Santa Teresita,2025,102,109,211,67.41214057507987,125,117,242,70.76023391812866,82,73,155,45.32163742690059,137,121,258,75.43859649122807,127,112,239,69.88304093567251,101,101,202,59.06432748538012,67,63,130,38.01169590643275,77,60,137,40.058479532163744,79,64,143,41.812865497076025,108,118,226,66.08187134502924,112,116,228,66.66666666666666,121,131,252,73.68421052631578,125,114,239,69.88304093567251,108,118,226,66.08187134502924,105,113,218,63.74269005847953,130,113,243,71.05263157894737,130,113,243,71.68141592920354,0,0,0,0.0,0201525000,4th
Santo Niño,2025,37,42,79,16.596638655462183,114,125,239,46.22823984526112,85,82,167,32.30174081237911,160,156,316,61.12185686653772,153,155,308,59.57446808510638,156,156,312,60.34816247582205,90,91,181,35.009671179883945,90,99,189,36.55705996131528,109,113,222,42.94003868471953,151,149,300,58.027079303675045,162,158,320,61.89555125725339,155,151,306,59.18762088974855,148,151,299,57.83365570599614,155,153,308,59.57446808510638,162,157,319,61.702127659574465,167,164,331,64.02321083172147,167,164,331,64.14728682170544,10,3,13,7.6923076923076925,0201526000,2nd
Solana,2025,381,328,709,47.48827863362358,444,386,830,50.88902513795218,438,390,828,50.766400980993254,524,501,1025,62.84488044144696,513,492,1005,61.618638871857755,535,502,1037,63.5806253832005,258,268,526,32.250153280196194,270,293,563,34.51870018393623,302,307,609,37.33905579399141,508,496,1004,61.557326793378294,506,513,1019,62.4770079705702,519,478,997,61.12814224402208,524,525,1049,64.31637032495402,561,537,1098,67.32066217044758,525,515,1040,63.76456161863887,547,519,1066,65.35867565910485,545,522,1067,65.7829839704069,0,0,0,0.0,0201527000,1st
Tuao,2025,292,269,561,58.80503144654088,292,269,561,53.68421052631579,293,269,562,53.7799043062201,358,287,645,61.72248803827751,380,289,669,64.01913875598086,373,292,665,63.63636363636363,303,255,558,53.397129186602875,318,256,574,54.92822966507177,317,255,572,54.736842105263165,355,296,651,62.29665071770335,348,297,645,61.72248803827751,358,289,647,61.91387559808612,381,286,667,63.827751196172244,368,296,664,63.54066985645933,365,308,673,64.40191387559808,387,323,710,67.94258373205741,387,323,710,68.40077071290945,2,0,2,0.8733624454148471,0201528000,1st
Tuguegarao City ,2025,483,551,1034,40.124175397749326,832,835,1667,59.642218246869405,841,830,1671,59.785330948121654,975,885,1860,66.54740608228981,947,892,1839,65.79606440071557,1002,878,1880,67.26296958855099,865,793,1658,59.32021466905187,879,825,1704,60.96601073345259,908,814,1722,61.61001788908765,953,873,1826,65.33094812164579,928,847,1775,63.50626118067979,967,889,1856,66.40429338103758,957,892,1849,66.15384615384615,982,874,1856,66.40429338103758,928,852,1780,63.68515205724508,877,743,1620,57.960644007155636,877,743,1620,58.39942321557318,78,62,140,12.89134438305709,0201529000,3rd
Isabela,2025,7880,7579,15459,56.0250788243395,8412,8155,16567,55.16632812760148,8243,8000,16243,54.08744297559189,9773,9321,19094,63.580966334787384,10174,9661,19835,66.04841663614265,10317,9950,20267,67.48693017215544,6944,6606,13550,45.12004262262329,7307,6837,14144,47.097998734640875,7762,7317,15079,50.2114481702241,9741,9232,18973,63.178049349006024,9718,9217,18935,63.05151343611601,9757,9291,19048,63.42779128234158,10157,9619,19776,65.85195298191869,10063,9778,19841,66.06839599080949,10304,9525,19829,66.0284372814758,10484,9901,20385,67.87985748060338,10356,9730,20086,67.45927791771621,103,108,211,2.644773126096766,0203100000,1st
Alicia,2025,274,266,540,46.47160068846816,370,346,716,55.98123534010946,251,237,488,38.15480844409695,501,462,963,75.29319781078968,537,470,1007,78.73338545738858,529,507,1036,81.00078186082878,387,350,737,57.62314308053167,387,349,736,57.54495699765442,415,369,784,61.29788897576232,499,453,952,74.43315089913996,521,476,997,77.95152462861611,500,459,959,74.98045347928068,536,471,1007,78.73338545738858,493,512,1005,78.57701329163409,533,490,1023,79.98436278342454,605,489,1094,85.53557466770914,567,447,1014,79.90543735224587,0,4,4,1.574803149606299,0203101000,1st
Angadanan,2025,224,187,411,56.92520775623269,235,201,436,55.259822560202785,235,204,439,55.64005069708492,295,305,600,76.04562737642586,313,321,634,80.35487959442332,327,332,659,83.5234474017744,182,189,371,47.02154626108999,227,203,430,54.49936628643853,232,229,461,58.42839036755386,335,338,673,85.29784537389101,265,272,537,68.06083650190115,299,310,609,77.18631178707224,287,293,580,73.51077313054499,291,298,589,74.65145754119138,343,352,695,88.08618504435995,379,387,766,97.08491761723701,379,387,766,97.08491761723701,0,0,0,0.0,0203102000,3rd
Aurora,2025,177,198,375,65.33101045296166,197,230,427,69.20583468395462,199,224,423,68.55753646677472,242,243,485,78.6061588330632,260,269,529,85.73743922204214,295,285,580,94.0032414910859,162,171,333,53.970826580226905,181,185,366,59.3192868719611,222,219,441,71.47487844408428,230,225,455,73.74392220421394,272,271,543,88.0064829821718,198,205,403,65.3160453808752,213,221,434,70.34035656401944,229,226,455,73.74392220421394,275,276,551,89.3030794165316,295,313,608,98.54132901134521,287,313,600,97.40259740259741,8,5,13,68.42105263157895,0203103000,3rd
Benito Soliven,2025,173,156,329,65.93186372745491,164,149,313,57.32600732600732,172,158,330,60.43956043956044,182,178,360,65.93406593406593,193,174,367,67.21611721611723,193,176,369,67.58241758241759,138,129,267,48.9010989010989,144,118,262,47.985347985347985,157,121,278,50.91575091575091,192,172,364,66.66666666666666,198,151,349,63.91941391941391,184,176,360,65.93406593406593,185,180,365,66.84981684981685,182,182,364,66.66666666666666,203,163,366,67.03296703296702,211,157,368,67.3992673992674,211,157,368,68.02218114602587,1,0,1,0.6329113924050633,0203104000,4th
Burgos,2025,18,23,41,9.090909090909092,130,115,245,50.0,126,113,239,48.775510204081634,156,106,262,53.46938775510204,147,116,263,53.673469387755105,144,122,266,54.285714285714285,112,82,194,39.59183673469388,104,95,199,40.61224489795918,119,92,211,43.06122448979592,126,100,226,46.12244897959184,140,119,259,52.85714285714286,147,108,255,52.04081632653062,148,117,265,54.08163265306123,144,137,281,57.3469387755102,140,115,255,52.04081632653062,129,123,252,51.42857142857142,129,123,252,51.42857142857142,0,0,0,0.0,0203105000,4th
Cabagan,2025,304,287,591,61.94968553459119,303,288,591,56.60919540229885,304,288,592,56.70498084291188,352,315,667,63.888888888888886,324,287,611,58.52490421455939,331,313,644,61.68582375478927,207,170,377,36.11111111111111,205,184,389,37.26053639846743,231,200,431,41.28352490421456,341,309,650,62.26053639846744,364,340,704,67.43295019157088,352,302,654,62.643678160919535,351,320,671,64.272030651341,359,332,691,66.18773946360153,373,345,718,68.77394636015326,384,363,747,71.55172413793103,384,363,747,72.17391304347827,0,0,0,0.0,0203106000,1st
Cabatuan,2025,193,188,381,60.57233704292527,196,197,393,57.288629737609334,194,195,389,56.70553935860059,208,221,429,62.53644314868805,226,220,446,65.01457725947522,222,242,464,67.63848396501457,173,168,341,49.70845481049563,185,185,370,53.93586005830904,189,198,387,56.41399416909621,206,228,434,63.26530612244898,224,230,454,66.1807580174927,202,215,417,60.7871720116618,221,218,439,63.99416909620991,224,248,472,68.80466472303208,236,243,479,69.82507288629738,222,235,457,66.61807580174927,222,235,457,66.61807580174927,0,0,0,0.0,0203107000,3rd
City of Cauayan,2025,713,699,1412,52.62765560939248,771,809,1580,54.16523825848475,752,799,1551,53.17106616386699,944,928,1872,64.17552279739458,954,947,1901,65.16969489201234,907,909,1816,62.255742200891326,625,632,1257,43.092218032224885,631,599,1230,42.166609530339386,590,575,1165,39.93829276654097,752,712,1464,50.18854988001371,768,784,1552,53.20534796023312,913,906,1819,62.35858758998971,939,911,1850,63.42132327733974,919,901,1820,62.39286938635584,909,810,1719,58.930407953376765,856,776,1632,55.947891669523486,822,738,1560,53.979238754325266,50,62,112,10.209662716499544,0203108000,3rd
Cordon,2025,303,257,560,61.47091108671789,337,283,620,62.37424547283702,338,286,624,62.776659959758554,380,350,730,73.44064386317908,378,366,744,74.84909456740442,422,380,802,80.6841046277666,254,238,492,49.49698189134809,241,225,466,46.88128772635815,284,261,545,54.82897384305835,415,394,809,81.38832997987927,384,343,727,73.13883299798792,375,343,718,72.23340040241449,392,359,751,75.55331991951711,426,386,812,81.69014084507043,386,344,730,73.44064386317908,397,354,751,75.55331991951711,397,354,751,76.63265306122449,1,0,1,0.33333333333333337,0203109000,3rd
Dinapigue,2025,55,53,108,82.44274809160305,55,50,105,73.94366197183099,55,51,106,74.64788732394366,61,50,111,78.16901408450704,66,53,119,83.80281690140845,62,62,124,87.32394366197182,56,47,103,72.53521126760563,61,50,111,78.16901408450704,59,56,115,80.98591549295774,62,62,124,87.32394366197182,62,70,132,92.95774647887323,60,52,112,78.87323943661971,66,53,119,83.80281690140845,62,57,119,83.80281690140845,65,65,130,91.54929577464789,66,73,139,97.88732394366197,66,73,139,97.88732394366197,0,0,0,0.0,0203110000,1st
Divilacan,2025,25,19,44,44.44444444444444,19,20,39,35.13513513513514,18,14,32,28.82882882882883,29,26,55,49.549549549549546,33,22,55,49.549549549549546,33,22,55,49.549549549549546,27,28,55,49.549549549549546,32,21,53,47.74774774774775,33,23,56,50.45045045045045,36,22,58,52.25225225225225,25,27,52,46.846846846846844,29,24,53,47.74774774774775,32,19,51,45.94594594594595,31,26,57,51.35135135135135,32,27,59,53.153153153153156,31,27,58,52.25225225225225,30,24,54,48.64864864864865,6,2,8,13.559322033898304,0203111000,2nd
Echague,2025,468,508,976,55.26613816534541,469,513,982,51.332984840564556,467,507,974,50.91479351803449,544,519,1063,55.567171981181396,584,550,1134,59.278619968635645,523,555,1078,56.351280710925245,471,502,973,50.86251960271825,531,473,1004,52.48301097752221,465,464,929,48.562467328802924,503,492,995,52.0125457396759,451,448,899,46.99424986931521,551,517,1068,55.82854155776268,602,556,1158,60.53319393622583,529,521,1050,54.887611082070045,584,495,1079,56.4035546262415,604,536,1140,59.59226346053319,604,536,1140,60.285563194077206,1,1,2,0.3215434083601286,0203112000,1st
Gamu,2025,155,152,307,61.77062374245473,160,147,307,56.851851851851855,165,158,323,59.81481481481481,183,170,353,65.37037037037037,175,174,349,64.62962962962962,174,185,359,66.48148148148148,116,101,217,40.18518518518518,116,109,225,41.66666666666667,126,132,258,47.77777777777778,174,179,353,65.37037037037037,178,186,364,67.4074074074074,187,164,351,65.0,177,172,349,64.62962962962962,163,179,342,63.33333333333333,178,185,363,67.22222222222223,181,185,366,67.77777777777779,181,185,366,68.28358208955224,2,1,3,1.875,0203113000,4th
City of Ilagan ,2025,867,840,1707,60.31802120141343,934,877,1811,58.836907082521115,943,891,1834,59.58414554905783,1004,988,1992,64.71734892787524,1019,1025,2044,66.40675763482781,1054,1036,2090,67.90123456790124,687,683,1370,44.509421702404154,701,715,1416,46.00389863547758,808,745,1553,50.45484080571801,1004,966,1970,64.00259909031838,1078,1000,2078,67.51137102014295,986,979,1965,63.840155945419106,998,1022,2020,65.62703053931124,1043,999,2042,66.3417803768681,1089,1009,2098,68.16114359974009,1135,1046,2181,70.85769980506824,1106,1022,2128,69.54248366013071,3,2,5,0.7541478129713424,0203114000,1st (as Mun)
Jones,2025,230,192,422,59.773371104815865,245,236,481,62.793733681462136,244,229,473,61.74934725848564,300,237,537,70.10443864229765,295,254,549,71.6710182767624,302,277,579,75.58746736292427,238,177,415,54.177545691906005,233,196,429,56.00522193211488,228,208,436,56.919060052219315,293,267,560,73.10704960835508,284,273,557,72.71540469973891,303,236,539,70.36553524804178,294,244,538,70.23498694516971,294,270,564,73.62924281984334,287,276,563,73.49869451697127,289,298,587,76.63185378590079,289,298,587,77.1353482260184,0,0,0,0.0,0203115000,1st
Luna,2025,106,95,201,57.758620689655174,107,93,200,53.191489361702125,113,96,209,55.58510638297872,123,104,227,60.37234042553191,124,104,228,60.63829787234043,122,97,219,58.24468085106383,84,71,155,41.22340425531915,102,70,172,45.744680851063826,104,74,178,47.340425531914896,122,97,219,58.24468085106383,121,97,218,57.97872340425532,110,99,209,55.58510638297872,123,105,228,60.63829787234043,119,97,216,57.446808510638306,121,97,218,57.97872340425532,117,85,202,53.72340425531915,117,85,202,53.72340425531915,1,0,1,0.7042253521126761,0203116000,5th
Maconacon,2025,20,18,38,50.66666666666667,21,19,40,49.382716049382715,21,16,37,45.67901234567901,23,20,43,53.086419753086425,23,18,41,50.617283950617285,23,22,45,55.55555555555556,24,18,42,51.85185185185185,22,17,39,48.148148148148145,21,22,43,53.086419753086425,21,24,45,55.55555555555556,23,27,50,61.72839506172839,24,18,42,51.85185185185185,21,17,38,46.913580246913575,22,22,44,54.32098765432099,28,29,57,70.37037037037037,23,24,47,58.0246913580247,23,24,47,58.0246913580247,0,2,2,5.714285714285714,0203117000,3rd
Delfin Albano,2025,83,68,151,32.40343347639485,86,78,164,32.53968253968254,81,64,145,28.76984126984127,145,117,262,51.98412698412699,151,130,281,55.75396825396825,157,135,292,57.936507936507944,106,73,179,35.51587301587302,116,91,207,41.07142857142857,102,114,216,42.857142857142854,137,137,274,54.36507936507936,104,105,209,41.46825396825397,143,114,257,50.99206349206349,149,126,275,54.563492063492056,144,142,286,56.74603174603175,109,109,218,43.25396825396825,136,143,279,55.35714285714286,136,137,273,54.27435387673957,0,0,0,0.0,0203118000,4th
Mallig,2025,152,134,286,48.63945578231292,143,147,290,45.38341158059468,157,138,295,46.165884194053206,180,180,360,56.33802816901409,189,199,388,60.719874804381845,183,176,359,56.18153364632238,102,108,210,32.863849765258216,121,128,249,38.967136150234744,131,124,255,39.906103286384976,181,150,331,51.79968701095462,136,172,308,48.200312989045386,181,178,359,56.18153364632238,187,199,386,60.40688575899843,177,176,353,55.24256651017214,170,177,347,54.30359937402191,151,163,314,49.13928012519562,152,163,315,49.763033175355446,2,1,3,1.3953488372093024,0203119000,4th
Naguilian,2025,149,127,276,57.62004175365344,146,128,274,51.992409867172675,147,127,274,51.992409867172675,192,188,380,72.10626185958255,225,207,432,81.97343453510436,203,222,425,80.64516129032258,180,171,351,66.60341555977229,203,182,385,73.05502846299811,188,199,387,73.43453510436433,206,217,423,80.26565464895636,225,220,445,84.44022770398482,190,190,380,72.10626185958255,231,207,438,83.11195445920305,205,221,426,80.83491461100569,225,212,437,82.92220113851992,212,232,444,84.25047438330171,212,232,444,84.7328244274809,0,0,0,0.0,0203120000,4th
Palanan,2025,70,70,140,46.97986577181208,68,74,142,42.90030211480362,56,79,135,40.78549848942598,85,98,183,55.2870090634441,87,114,201,60.72507552870091,108,115,223,67.37160120845923,43,59,102,30.815709969788518,44,72,116,35.04531722054381,68,87,155,46.82779456193353,88,102,190,57.40181268882175,92,110,202,61.027190332326285,77,102,179,54.0785498489426,80,123,203,61.329305135951664,96,100,196,59.21450151057401,97,113,210,63.44410876132931,128,119,247,74.62235649546828,128,119,247,75.76687116564416,0,0,0,0.0,0203121000,1st
Quezon,2025,131,128,259,56.060606060606055,144,148,292,57.59368836291914,139,144,283,55.818540433925044,163,167,330,65.08875739644971,171,185,356,70.21696252465483,172,187,359,70.80867850098619,116,127,243,47.928994082840234,115,137,252,49.70414201183432,126,129,255,50.29585798816568,169,179,348,68.63905325443787,168,168,336,66.27218934911244,170,174,344,67.85009861932939,172,186,358,70.61143984220908,174,191,365,71.99211045364892,168,162,330,65.08875739644971,172,172,344,67.85009861932939,170,172,342,67.9920477137177,7,7,14,8.80503144654088,0203122000,4th
Quirino,2025,119,111,230,57.356608478803,123,117,240,55.55555555555556,121,111,232,53.70370370370371,129,121,250,57.870370370370374,132,115,247,57.17592592592593,130,117,247,57.17592592592593,95,77,172,39.81481481481482,94,60,154,35.648148148148145,105,77,182,42.129629629629626,127,109,236,54.629629629629626,146,119,265,61.342592592592595,127,118,245,56.71296296296296,131,104,235,54.39814814814815,137,114,251,58.10185185185185,151,124,275,63.657407407407405,128,134,262,60.64814814814815,128,133,261,60.69767441860465,2,0,2,1.183431952662722,0203123000,4th
Ramon,2025,204,201,405,35.58875219683655,195,195,390,31.502423263327948,194,192,386,31.179321486268176,341,357,698,56.38126009693053,382,380,762,61.55088852988692,395,384,779,62.92407108239095,204,209,413,33.360258481421646,245,231,476,38.44911147011308,268,271,539,43.537964458804524,349,355,704,56.865912762520196,356,304,660,53.31179321486268,346,353,699,56.462035541195476,384,377,761,61.47011308562197,395,383,778,62.84329563812601,374,321,695,56.1389337641357,414,363,777,62.76252019386107,414,359,773,63.05057096247961,0,2,2,0.5141388174807198,0203124000,2nd
Reina Mercedes,2025,114,138,252,51.42857142857142,140,160,300,55.55555555555556,133,153,286,52.96296296296297,179,197,376,69.62962962962963,198,189,387,71.66666666666667,213,238,451,83.51851851851852,181,196,377,69.81481481481482,198,186,384,71.11111111111111,213,231,444,82.22222222222221,208,222,430,79.62962962962963,180,218,398,73.70370370370371,179,198,377,69.81481481481482,200,186,386,71.48148148148148,188,213,401,74.25925925925925,191,221,412,76.29629629629629,153,170,323,59.81481481481481,152,170,322,60.64030131826742,1,0,1,0.628930817610063,0203125000,4th
Roxas,2025,407,358,765,61.743341404358354,426,365,791,59.0739357729649,397,345,742,55.41448842419716,400,372,772,57.654966392830474,382,356,738,55.11575802837939,388,341,729,54.443614637789395,272,233,505,37.71471247199403,273,250,523,39.05899925317401,284,251,535,39.955190440627334,408,347,755,56.385362210604924,424,382,806,60.19417475728155,421,415,836,62.434652725914866,443,406,849,63.40552651232263,433,391,824,61.53846153846154,432,394,826,61.68782673637042,408,441,849,63.40552651232263,396,393,789,59.63718820861678,7,7,14,3.076923076923077,0203126000,1st
San Agustin,2025,59,76,135,44.26229508196721,60,79,139,42.769230769230774,60,80,140,43.07692307692308,81,98,179,55.07692307692308,89,95,184,56.61538461538461,86,97,183,56.30769230769231,82,88,170,52.307692307692314,90,99,189,58.15384615384615,94,92,186,57.230769230769226,92,94,186,57.230769230769226,96,96,192,59.07692307692308,80,93,173,53.230769230769226,91,92,183,56.30769230769231,99,74,173,53.230769230769226,96,93,189,58.15384615384615,108,98,206,63.38461538461539,108,98,206,63.38461538461539,0,0,0,0.0,0203127000,3rd
San Guillermo,2025,77,84,161,40.75949367088608,110,120,230,53.48837209302325,107,115,222,51.627906976744185,147,162,309,71.86046511627907,156,158,314,73.0232558139535,165,163,328,76.27906976744187,83,85,168,39.06976744186046,83,82,165,38.372093023255815,90,81,171,39.76744186046511,155,154,309,71.86046511627907,145,129,274,63.72093023255814,157,164,321,74.65116279069768,155,160,315,73.25581395348837,151,161,312,72.55813953488372,162,136,298,69.30232558139535,160,155,315,73.25581395348837,156,148,304,71.8676122931442,8,7,15,18.75,0203128000,4th
San Isidro,2025,135,112,247,51.244813278008294,135,112,247,47.04761904761905,138,118,256,48.76190476190476,145,112,257,48.952380952380956,156,135,291,55.42857142857143,191,123,314,59.80952380952381,104,74,178,33.904761904761905,115,86,201,38.285714285714285,161,101,262,49.904761904761905,190,125,315,60.0,177,132,309,58.857142857142854,142,112,254,48.38095238095238,156,136,292,55.61904761904762,187,124,311,59.238095238095234,177,132,309,58.857142857142854,165,159,324,61.71428571428571,165,159,324,62.42774566473989,0,0,0,0.0,0203129000,5th
San Manuel,2025,185,186,371,60.62091503267973,188,173,361,54.20420420420421,181,181,362,54.35435435435435,206,178,384,57.65765765765766,208,182,390,58.55855855855856,205,178,383,57.507507507507505,129,116,245,36.786786786786784,126,125,251,37.687687687687685,147,130,277,41.591591591591595,199,169,368,55.25525525525525,205,156,361,54.20420420420421,207,176,383,57.507507507507505,207,181,388,58.25825825825825,192,180,372,55.85585585585585,203,158,361,54.20420420420421,204,170,374,56.15615615615616,204,170,374,57.012195121951216,1,0,1,0.41841004184100417,0203130000,4th
San Mariano,2025,400,389,789,69.1498685363716,407,396,803,63.984063745019924,398,399,797,63.505976095617534,436,426,862,68.68525896414343,448,430,878,69.9601593625498,437,431,868,69.16334661354581,326,315,641,51.07569721115538,326,307,633,50.438247011952186,320,335,655,52.191235059760956,430,403,833,66.37450199203188,450,396,846,67.41035856573706,433,428,861,68.60557768924302,454,418,872,69.4820717131474,442,432,874,69.64143426294821,472,430,902,71.87250996015936,476,443,919,73.22709163346613,476,443,919,74.05318291700242,1,2,3,1.36986301369863,0203131000,1st
San Mateo,2025,377,330,707,64.62522851919562,389,339,728,61.1764705882353,412,342,754,63.36134453781512,363,326,689,57.899159663865554,448,363,811,68.15126050420169,533,422,955,80.25210084033614,273,237,510,42.857142857142854,322,290,612,51.42857142857142,387,328,715,60.08403361344538,438,380,818,68.73949579831933,438,385,823,69.15966386554622,417,390,807,67.81512605042018,425,393,818,68.73949579831933,450,394,844,70.92436974789916,430,373,803,67.47899159663866,466,389,855,71.84873949579831,466,389,855,72.33502538071066,1,1,2,0.6896551724137931,0203132000,1st
San Pablo,2025,130,134,264,53.441295546558706,141,148,289,53.71747211895911,139,145,284,52.78810408921933,168,152,320,59.479553903345725,177,163,340,63.19702602230484,164,171,335,62.26765799256505,101,113,214,39.77695167286245,108,110,218,40.520446096654275,115,128,243,45.16728624535316,153,156,309,57.43494423791822,159,162,321,59.66542750929368,171,160,331,61.52416356877324,169,163,332,61.71003717472119,156,173,329,61.152416356877325,159,162,321,59.66542750929368,165,171,336,62.45353159851301,165,171,336,63.2768361581921,0,1,1,0.8264462809917356,0203133000,2nd
Santa Maria,2025,151,181,332,62.05607476635514,155,183,338,58.578856152513005,152,183,335,58.05892547660312,188,191,379,65.68457538994801,206,197,403,69.84402079722703,217,202,419,72.61698440207972,151,145,296,51.2998266897747,165,159,324,56.1525129982669,173,161,334,57.885615251299825,214,202,416,72.09705372616985,186,182,368,63.77816291161178,194,186,380,65.8578856152513,209,193,402,69.67071057192375,204,201,405,70.19064124783363,186,182,368,63.77816291161178,172,168,340,58.925476603119584,172,168,340,60.17699115044248,0,0,0,0.0,0203134000,4th
City of Santiago,2025,1595,1439,3034,101.30217028380635,1589,1442,3031,93.7809405940594,1589,1438,3027,93.65717821782178,1517,1396,2913,90.1299504950495,1523,1384,2907,89.94430693069307,1520,1378,2898,89.66584158415841,1144,1019,2163,66.92450495049505,1162,1054,2216,68.56435643564357,1208,1120,2328,72.02970297029702,1429,1327,2756,85.27227722772277,1527,1409,2936,90.84158415841584,1507,1415,2922,90.40841584158416,1525,1387,2912,90.0990099009901,1515,1357,2872,88.86138613861387,1561,1421,2982,92.26485148514851,1628,1528,3156,97.64851485148515,1626,1527,3153,98.53125,2,4,6,7.228915662650602,0203135000,1st
Santo Tomas,2025,106,114,220,50.0,108,111,219,45.625,105,113,218,45.416666666666664,123,130,253,52.708333333333336,128,119,247,51.45833333333333,121,132,253,52.708333333333336,77,71,148,30.833333333333336,82,71,153,31.874999999999996,78,73,151,31.458333333333332,113,103,216,45.0,90,101,191,39.791666666666664,127,105,232,48.333333333333336,126,130,256,53.333333333333336,124,117,241,50.208333333333336,120,126,246,51.24999999999999,115,121,236,49.166666666666664,115,123,238,49.895178197064986,0,1,1,0.5181347150259068,0203136000,4th
Tumauini,2025,526,500,1026,68.5370741482966,535,509,1044,64.48424953675108,529,505,1034,63.86658431130328,575,527,1102,68.06670784434836,590,574,1164,71.89623224212477,586,594,1180,72.88449660284127,376,353,729,45.02779493514515,378,377,755,46.633724521309446,429,417,846,52.25447807288449,573,588,1161,71.71093267449042,583,566,1149,70.96973440395305,575,522,1097,67.75787523162447,603,561,1164,71.89623224212477,579,598,1177,72.69919703520692,600,579,1179,72.82273008029648,627,619,1246,76.96108709079678,627,619,1246,77.72925764192141,0,0,0,0.0,0203137000,1st
Nueva Vizcaya,2025,2263,2204,4467,49.53426480372588,3738,3421,7159,72.99887835219741,3599,3264,6863,69.98062608340982,3035,2777,5812,59.263791169572755,2919,2808,5727,58.39706332211686,3067,2872,5939,60.55878454165392,2093,1968,4061,41.40919751198124,2173,2086,4259,43.42816355664321,2269,2130,4399,44.85571530539411,2750,2699,5449,55.562353421025804,2544,2412,4956,50.53533190578159,3055,2863,5918,60.344651779341284,2998,2890,5888,60.03874783318038,2932,2856,5788,59.01906801264403,3170,2877,6047,61.66003874783318,2983,2885,5868,59.834811869073114,2935,2847,5782,59.848876927854256,143,156,299,8.221061314270003,0205000000,2nd
Ambaguio,2025,33,30,63,16.071428571428573,51,40,91,21.61520190023753,50,42,92,21.852731591448933,130,93,223,52.96912114014252,126,120,246,58.432304038004744,117,108,225,53.44418052256532,66,55,121,28.741092636579573,56,54,110,26.128266033254157,55,54,109,25.890736342042754,112,106,218,51.78147268408551,108,113,221,52.49406175771971,126,117,243,57.71971496437055,137,119,256,60.80760095011877,123,109,232,55.10688836104512,119,121,240,57.00712589073634,116,105,221,52.49406175771971,115,103,218,53.30073349633252,0,3,3,1.5625,0205001000,5th
Aritao,2025,209,188,397,53.794037940379404,79,64,143,17.71995043370508,59,40,99,12.267657992565056,210,209,419,51.92069392812887,232,219,451,55.88599752168525,229,242,471,58.36431226765799,176,169,345,42.75092936802974,194,179,373,46.220570012391576,201,188,389,48.20322180916977,214,219,433,53.655514250309785,184,170,354,43.866171003717476,219,202,421,52.168525402726154,220,225,445,55.14250309789344,214,217,431,53.407682775712516,238,220,458,56.753407682775716,236,232,468,57.99256505576208,235,231,466,58.69017632241813,10,13,23,9.2,0205002000,2nd
Bagabag,2025,158,204,362,59.539473684210535,3,3,6,0.911854103343465,3,2,5,0.7598784194528876,196,210,406,61.702127659574465,162,217,379,57.598784194528875,192,215,407,61.85410334346505,211,230,441,67.02127659574468,179,248,427,64.8936170212766,190,234,424,64.43768996960486,165,227,392,59.57446808510638,195,211,406,61.702127659574465,212,252,464,70.51671732522796,184,249,433,65.80547112462007,183,221,404,61.39817629179332,194,226,420,63.829787234042556,201,217,418,63.525835866261396,197,215,412,63.48228043143297,19,15,34,12.781954887218044,0205003000,2nd
Bambang,2025,334,321,655,70.05347593582889,711,643,1354,133.13667649950835,727,660,1387,136.38151425762047,331,326,657,64.60176991150442,331,307,638,62.733529990167156,351,319,670,65.88003933136677,253,261,514,50.54080629301868,322,301,623,61.25860373647984,359,321,680,66.86332350049165,413,421,834,82.00589970501476,347,299,646,63.52015732546706,330,333,663,65.19174041297934,345,315,660,64.89675516224189,329,336,665,65.38839724680433,354,342,696,68.43657817109144,367,323,690,67.84660766961652,367,323,690,68.8622754491018,5,3,8,3.5555555555555554,0205004000,1st
Bayombong ,2025,356,358,714,61.392949269131556,2245,2018,4263,335.9338061465721,2243,2017,4260,335.69739952718675,463,435,898,70.76438140267928,418,430,848,66.82427107959022,428,401,829,65.3270291568164,310,307,617,48.62096138691883,291,304,595,46.887312844759656,301,280,581,45.78408195429472,398,366,764,60.20488573680063,378,374,752,59.25925925925925,447,430,877,69.10953506698188,411,424,835,65.79984239558708,397,392,789,62.174940898345156,462,418,880,69.34594168636721,477,433,910,71.71000788022064,465,428,893,71.3258785942492,4,5,9,2.2058823529411766,0205005000,1st
Diadi,2025,133,125,258,72.26890756302521,27,24,51,13.110539845758353,27,24,51,13.110539845758353,140,123,263,67.60925449871465,138,130,268,68.89460154241645,142,144,286,73.52185089974293,140,123,263,67.60925449871465,138,130,268,68.89460154241645,142,144,286,73.52185089974293,137,139,276,70.95115681233933,147,143,290,74.55012853470437,140,123,263,67.60925449871465,138,130,268,68.89460154241645,142,144,286,73.52185089974293,138,138,276,70.95115681233933,147,151,298,76.60668380462725,147,151,298,79.46666666666667,0,0,0,0.0,0205006000,4th
Dupax del Norte,2025,116,100,216,38.16254416961131,69,68,137,22.132471728594506,63,66,129,20.84006462035541,207,164,371,59.935379644588046,206,165,371,59.935379644588046,211,162,373,60.258481421647815,142,114,256,41.35702746365105,154,122,276,44.58804523424879,169,126,295,47.65751211631664,192,153,345,55.73505654281099,128,127,255,41.19547657512116,200,158,358,57.83521809369952,207,171,378,61.066235864297255,209,157,366,59.12762520193861,214,148,362,58.48142164781906,197,185,382,61.7124394184168,197,185,382,62.62295081967213,0,0,0,0.0,0205007000,3rd
Dupax del Sur,2025,57,69,126,32.72727272727273,30,38,68,16.2291169451074,18,8,26,6.205250596658711,105,95,200,47.7326968973747,110,114,224,53.46062052505967,122,102,224,53.46062052505967,60,57,117,27.923627684964202,80,68,148,35.32219570405728,72,63,135,32.21957040572792,82,83,165,39.37947494033413,92,81,173,41.288782816229116,94,96,190,45.346062052505964,96,100,196,46.77804295942721,98,98,196,46.77804295942721,203,104,307,73.26968973747017,110,109,219,52.2673031026253,107,104,211,50.84337349397591,1,2,3,1.6042780748663104,0205008000,2nd
Kasibu,2025,259,229,488,51.58562367864693,127,131,258,25.244618395303327,63,63,126,12.32876712328767,301,272,573,56.06653620352251,279,249,528,51.66340508806262,300,247,547,53.522504892367905,126,125,251,24.55968688845401,137,130,267,26.125244618395303,140,100,240,23.483365949119374,182,173,355,34.73581213307241,158,126,284,27.788649706457925,301,259,560,54.794520547945204,277,263,540,52.83757338551859,236,231,467,45.69471624266145,278,277,555,54.30528375733855,245,225,470,45.98825831702544,223,206,429,42.475247524752476,30,32,62,11.252268602540836,0205009000,3rd
Kayapa,2025,84,71,155,26.31578947368421,115,106,221,34.913112164297,94,86,180,28.436018957345972,151,130,281,44.39178515007899,136,125,261,41.23222748815166,144,145,289,45.65560821484992,90,69,159,25.118483412322274,93,65,158,24.960505529225905,85,87,172,27.17219589257504,118,117,235,37.124802527646125,54,57,111,17.535545023696685,150,130,280,44.23380726698262,165,139,304,48.02527646129542,150,142,292,46.12954186413902,133,119,252,39.81042654028436,115,133,248,39.178515007898895,115,132,247,39.77455716586151,13,17,30,9.06344410876133,0205010000,3rd
Quezon,2025,127,99,226,48.706896551724135,7,6,13,2.5540275049115913,6,6,12,2.357563850687623,182,137,319,62.67190569744597,173,128,301,59.13555992141454,156,140,296,58.153241650294696,97,68,165,32.416502946954814,96,73,169,33.20235756385069,95,82,177,34.77406679764244,152,131,283,55.5992141453831,125,118,243,47.74066797642436,188,130,318,62.47544204322201,171,129,300,58.93909626719057,155,138,293,57.56385068762279,145,125,270,53.045186640471506,142,145,287,56.385068762278976,141,145,286,56.97211155378486,9,8,17,14.529914529914532,0205011000,4th
Santa Fe,2025,90,97,187,57.71604938271605,40,53,93,26.27118644067797,41,53,94,26.55367231638418,112,86,198,55.932203389830505,106,102,208,58.75706214689266,117,122,239,67.51412429378531,99,82,181,51.12994350282486,97,90,187,52.824858757062145,94,112,206,58.19209039548022,106,117,223,62.994350282485875,94,99,193,54.51977401129944,108,95,203,57.34463276836158,113,105,218,61.5819209039548,113,114,227,64.12429378531074,106,108,214,60.451977401129945,103,112,215,60.73446327683616,103,112,215,62.31884057971014,4,7,11,9.734513274336283,0205012000,3rd
Solano,2025,156,163,319,30.880929332042594,68,68,136,12.078152753108348,68,65,133,11.811722912966252,326,324,650,57.726465364120784,325,334,659,58.52575488454706,367,353,720,63.94316163410302,169,172,341,30.284191829484904,189,185,374,33.214920071047956,213,198,411,36.50088809946714,298,284,582,51.68738898756661,374,312,686,60.92362344582594,342,361,703,62.43339253996447,351,348,699,62.07815275310835,383,378,761,67.58436944937833,410,349,759,67.40674955595026,375,344,719,63.85435168738899,371,343,714,63.864042933810374,36,38,74,17.090069284064665,0205013000,1st
Villaverde,2025,114,106,220,59.299191374663074,121,112,233,57.960199004975124,102,98,200,49.75124378109453,119,116,235,58.457711442786064,110,104,214,53.233830845771145,121,106,227,56.46766169154229,104,86,190,47.2636815920398,85,85,170,42.28855721393035,94,92,186,46.26865671641791,102,98,200,49.75124378109453,107,123,230,57.2139303482587,133,118,251,62.43781094527363,125,115,240,59.70149253731343,130,116,246,61.19402985074627,121,122,243,60.447761194029844,103,117,220,54.72636815920397,103,115,218,54.91183879093199,9,11,20,15.267175572519085,0205014000,5th
Alfonso Castaneda,2025,37,44,81,55.10204081632652,45,47,92,56.79012345679012,35,34,69,42.592592592592595,62,57,119,73.4567901234568,67,64,131,80.8641975308642,70,66,136,83.9506172839506,50,50,100,61.72839506172839,62,52,114,70.37037037037037,59,49,108,66.66666666666666,79,65,144,88.88888888888889,53,59,112,69.1358024691358,65,59,124,76.5432098765432,58,58,116,71.60493827160494,70,63,133,82.09876543209876,55,60,115,70.98765432098766,49,54,103,63.580246913580254,49,54,103,63.580246913580254,3,2,5,17.857142857142858,0205015000,1st
Quirino,2025,1162,1148,2310,58.92857142857143,1867,1814,3681,86.73421300659754,1856,1810,3666,86.38077285579642,1544,1455,2999,70.66446748350612,1586,1488,3074,72.43166823751179,1526,1507,3033,71.46559849198869,1058,973,2031,47.85579641847314,1090,989,2079,48.986804901036756,1107,1043,2150,50.6597549481621,1430,1405,2835,66.80018850141376,1418,1277,2695,63.50141376060321,1520,1456,2976,70.12252591894439,1578,1493,3071,72.36098020735156,1547,1506,3053,71.9368520263902,1577,1400,2977,70.14608859566447,1701,1606,3307,77.92177191328935,1701,1606,3307,79.00143334925943,8,5,13,1.3859275053304905,0205700000,3rd
Aglipay,2025,158,144,302,52.7972027972028,158,146,304,49.03225806451613,159,146,305,49.193548387096776,188,173,361,58.225806451612904,212,188,400,64.51612903225806,186,195,381,61.45161290322581,128,113,241,38.87096774193549,130,117,247,39.83870967741935,125,147,272,43.87096774193549,156,181,337,54.35483870967742,157,145,302,48.70967741935484,178,169,347,55.96774193548387,196,183,379,61.12903225806452,193,197,390,62.903225806451616,176,164,340,54.83870967741935,250,248,498,80.3225806451613,250,248,498,80.84415584415584,2,1,3,1.094890510948905,0205701000,3rd
Cabarroguis ,2025,228,222,450,74.50331125827815,912,875,1787,271.580547112462,912,874,1786,271.42857142857144,235,206,441,67.02127659574468,236,217,453,68.84498480243161,237,218,455,69.14893617021278,147,108,255,38.753799392097264,158,133,291,44.224924012158056,169,129,298,45.2887537993921,212,174,386,58.662613981762924,236,170,406,61.702127659574465,232,208,440,66.8693009118541,248,226,474,72.03647416413374,245,228,473,71.88449848024317,261,182,443,67.32522796352583,270,202,472,71.73252279635258,270,202,472,73.06501547987617,1,0,1,0.8064516129032258,0205702000,3rd
Diffun,2025,301,322,623,54.79331574318381,312,335,647,52.64442636289667,312,335,647,52.64442636289667,504,540,1044,84.94711147274207,523,527,1050,85.4353132628153,502,536,1038,84.45890968266883,334,352,686,55.817737998372664,354,352,706,57.445077298616766,348,348,696,56.631407648494715,470,508,978,79.57689178193654,472,508,980,79.73962571196095,500,541,1041,84.70301057770546,524,527,1051,85.51668022782751,500,531,1031,83.8893409275834,517,538,1055,85.84214808787632,554,601,1155,93.97884458909682,554,601,1155,95.14003294892916,0,0,0,0.0,0205703000,2nd
Maddela,2025,233,225,458,59.71316818774446,239,223,462,55.79710144927537,232,218,450,54.347826086956516,277,257,534,64.4927536231884,279,250,529,63.888888888888886,250,232,482,58.212560386473434,215,207,422,50.96618357487923,209,175,384,46.3768115942029,203,184,387,46.73913043478261,238,223,461,55.67632850241546,232,192,424,51.20772946859904,274,253,527,63.64734299516909,269,246,515,62.19806763285024,259,232,491,59.29951690821256,271,225,496,59.90338164251207,266,251,517,62.43961352657005,266,251,517,63.357843137254896,3,2,5,1.7123287671232876,0205704000,1st
Saguday,2025,111,98,209,70.6081081081081,111,98,209,65.10903426791276,111,98,209,65.10903426791276,130,115,245,76.32398753894081,135,125,260,80.99688473520249,140,123,263,81.93146417445483,107,89,196,61.059190031152646,104,98,202,62.928348909657316,108,103,211,65.73208722741433,143,125,268,83.48909657320873,144,117,261,81.30841121495327,129,113,242,75.38940809968847,137,125,262,81.61993769470405,140,117,257,80.06230529595015,146,118,264,82.2429906542056,155,126,281,87.53894080996885,155,126,281,88.92405063291139,0,1,1,3.3333333333333335,0205705000,5th
Nagtipunan,2025,131,137,268,49.26470588235294,135,137,272,46.25850340136054,130,139,269,45.74829931972789,210,164,374,63.60544217687075,201,181,382,64.96598639455783,211,203,414,70.40816326530613,127,104,231,39.285714285714285,135,114,249,42.3469387755102,154,132,286,48.63945578231292,211,194,405,68.87755102040816,177,145,322,54.761904761904766,207,172,379,64.45578231292517,204,186,390,66.3265306122449,210,201,411,69.89795918367348,206,173,379,64.45578231292517,206,178,384,65.3061224489796,206,178,384,66.43598615916954,2,1,3,1.7543859649122806,0205706000,1st
Region 3,2025,63418,62666,126084,53.10007327981941,50442,48882,99324,38.4516218947075,39636,39282,78918,30.551781006468996,90422,85557,175979,68.12732037985514,93619,89416,183035,70.85893251880499,101054,96778,197832,76.58734306586298,85206,80802,166008,64.267214847334,85861,81961,167822,64.96947454405382,88091,84411,172502,66.7812581056022,90049,85554,175603,67.98175828174783,84909,80790,165699,64.14759067628306,96644,91807,188451,72.95564614473363,110539,106307,216846,83.94829448451273,109706,105938,215644,83.48296033045693,92088,87010,179098,69.3347889543144,100720,96929,197649,76.51649768300756,99886,96124,196010,76.56311642859096,4397,3906,8303,13.537794299876085,0300000000,
Bataan,2025,4462,4371,8833,49.768988054992114,1900,1844,3744,19.454403741231488,2152,2114,4266,22.1667965705378,5920,5620,11540,59.963626916082106,6044,5856,11900,61.83424266043128,6506,6178,12684,65.90802805923617,5451,5131,10582,54.98571057417511,5360,5208,10568,54.912964406339306,5603,5369,10972,57.01221096388672,5926,5670,11596,60.25461158742531,5839,5483,11322,58.830865159781766,6446,6214,12660,65.78332034294621,7875,7562,15437,80.21304234866199,7529,7175,14704,76.40426084697324,6068,5712,11780,61.21070407898155,6040,5743,11783,61.2262925435178,5962,5683,11645,61.15750223202563,342,295,637,9.118236472945892,0300800000,1st
Abucay,2025,224,201,425,49.13294797687861,4,11,15,1.6025641025641024,28,30,58,6.196581196581197,249,252,501,53.52564102564102,287,290,577,61.64529914529915,282,287,569,60.79059829059828,230,232,462,49.358974358974365,243,244,487,52.029914529914535,239,253,492,52.56410256410257,267,282,549,58.65384615384615,279,280,559,59.72222222222222,297,320,617,65.91880341880342,319,326,645,68.91025641025641,277,297,574,61.32478632478633,283,282,565,60.36324786324786,260,288,548,58.54700854700855,256,288,544,58.55758880516685,7,9,16,5.2805280528052805,0300801000,3rd
Bagac,2025,172,177,349,54.61658841940532,4,4,8,1.1379800853485065,7,4,11,1.5647226173541962,232,223,455,64.7226173541963,243,218,461,65.57610241820768,269,227,496,70.5547652916074,200,179,379,53.91180654338549,190,183,373,53.058321479374115,200,181,381,54.19630156472262,217,190,407,57.89473684210527,251,205,456,64.86486486486487,258,238,496,70.5547652916074,366,328,694,98.71977240398293,318,286,604,85.91749644381224,256,208,464,66.00284495021337,258,224,482,68.56330014224751,254,218,472,68.01152737752162,6,6,12,4.780876494023905,0300802000,3rd
City of Balanga ,2025,542,521,1063,50.5708848715509,5,6,11,0.4839419269687638,72,86,158,6.951165860096789,673,550,1223,53.80554333479982,663,589,1252,55.08139023317202,676,612,1288,56.66520017597888,677,556,1233,54.24549054113507,666,597,1263,55.56533216014078,676,603,1279,56.26924769027717,684,606,1290,56.75318961724594,686,635,1321,58.11702595688517,672,594,1266,55.69731632204136,849,768,1617,71.13946326440828,748,665,1413,62.16454025516938,702,647,1349,59.34887813462385,695,656,1351,59.43686757589089,663,635,1298,57.56097560975609,36,32,68,7.497243660418963,0300803000,4th
Dinalupihan,2025,742,710,1452,59.53259532595327,803,789,1592,60.12084592145015,788,777,1565,59.101208459214504,863,796,1659,62.65105740181269,915,871,1786,67.44712990936556,956,935,1891,71.41238670694864,807,756,1563,59.02567975830816,829,809,1638,61.858006042296076,826,827,1653,62.42447129909365,857,858,1715,64.76586102719033,860,815,1675,63.255287009063444,918,861,1779,67.18277945619336,1118,1047,2165,81.75981873111783,1066,1007,2073,78.28549848942599,863,830,1693,63.93504531722054,897,898,1795,67.7870090634441,895,897,1792,68.29268292682927,12,8,20,2.6881720430107525,0300804000,1st
Hermosa,2025,339,407,746,44.56391875746715,5,2,7,0.38482682792743267,5,3,8,0.4398020890599231,520,520,1040,57.174271577789995,549,561,1110,61.02253985706432,579,565,1144,62.891698735568994,464,457,921,50.63221550302364,463,499,962,52.88620120945574,472,505,977,53.7108301264431,470,520,990,54.425508521165476,542,474,1016,55.85486531061022,532,537,1069,58.76855415063221,652,623,1275,70.09345794392523,723,699,1422,78.17482133040133,581,542,1123,61.73721825178669,597,492,1089,59.86805937328202,597,492,1089,60.60100166944908,7,15,22,3.536977491961415,0300805000,1st
Limay,2025,295,284,579,31.5359477124183,56,78,134,6.7438349270256674,69,87,156,7.851031706089582,613,574,1187,59.73829894313035,639,586,1225,61.65072974333165,659,618,1277,64.26774031202818,535,493,1028,51.7362858580775,549,500,1049,52.793155510820334,530,515,1045,52.59184700553598,611,571,1182,59.486663311524914,584,579,1163,58.530447911424254,632,599,1231,61.95269250125818,749,723,1472,74.08152994464015,767,764,1531,77.0508303975843,612,582,1194,60.09058882737796,655,642,1297,65.27428283844992,652,638,1290,65.68228105906314,34,26,60,6.8807339449541285,0300806000,1st
Mariveles,2025,826,739,1565,52.69360269360269,354,288,642,19.876160990712073,397,346,743,23.0030959752322,1045,1012,2057,63.68421052631579,1018,1042,2060,63.77708978328174,1094,1085,2179,67.46130030959753,969,951,1920,59.44272445820433,844,867,1711,52.972136222910216,960,937,1897,58.73065015479876,1037,1018,2055,63.62229102167183,985,999,1984,61.424148606811144,1212,1182,2394,74.11764705882354,1442,1435,2877,89.07120743034056,1394,1378,2772,85.82043343653251,995,1020,2015,62.38390092879257,980,942,1922,59.504643962848306,975,939,1914,60.03764115432874,89,91,180,16.33393829401089,0300807000,1st
Morong,2025,173,185,358,46.19354838709677,97,97,194,22.958579881656803,101,93,194,22.958579881656803,284,253,537,63.55029585798817,291,263,554,65.56213017751479,351,323,674,79.76331360946746,238,214,452,53.49112426035503,252,225,477,56.44970414201184,281,265,546,64.61538461538461,299,292,591,69.94082840236686,244,242,486,57.514792899408285,303,276,579,68.52071005917159,345,355,700,82.84023668639054,354,337,691,81.77514792899409,255,258,513,60.71005917159763,255,250,505,59.76331360946746,230,228,458,54.8502994011976,37,39,76,23.824451410658305,0300808000,3rd
Orani,2025,446,461,907,61.36671177266576,259,263,522,32.8508495909377,341,338,679,42.731277533039645,486,536,1022,64.31718061674009,484,530,1014,63.813719320327245,547,571,1118,70.35871617369415,429,459,888,55.884203901825046,431,463,894,56.261799874134674,452,474,926,58.27564505978603,493,496,989,62.24040276903713,484,443,927,58.33857772183764,530,550,1080,67.96727501573316,666,675,1341,84.39269981120201,642,631,1273,80.11327879169289,524,471,995,62.61799874134676,491,462,953,59.97482693517936,491,462,953,60.50793650793651,61,36,97,15.132605304212168,0300809000,3rd
Orion,2025,320,314,634,49.22360248447205,36,37,73,5.259365994236311,41,48,89,6.412103746397695,386,387,773,55.69164265129684,416,405,821,59.14985590778098,465,418,883,63.61671469740634,338,325,663,47.76657060518732,351,320,671,48.34293948126801,375,315,690,49.711815561959654,406,346,752,54.17867435158501,402,362,764,55.04322766570605,442,459,901,64.9135446685879,562,521,1083,78.02593659942363,481,432,913,65.77809798270894,435,385,820,59.0778097982709,417,384,801,57.70893371757925,417,382,799,58.449158741770304,32,21,53,8.760330578512397,0300810000,2nd
Pilar,2025,138,142,280,29.535864978902953,258,255,513,50.09765625,268,274,542,52.9296875,284,261,545,53.22265625,268,253,521,50.87890625,311,278,589,57.51953125,294,269,563,54.98046875,289,269,558,54.4921875,313,261,574,56.0546875,313,264,577,56.34765625,276,256,532,51.953125,341,312,653,63.76953125,421,433,854,83.3984375,426,400,826,80.6640625,276,258,534,52.1484375,266,271,537,52.44140625,263,270,533,52.56410256410257,19,9,28,6.306306306306306,0300811000,3rd
Samal,2025,245,230,475,64.71389645776566,19,14,33,4.10958904109589,35,28,63,7.84557907845579,285,256,541,67.37235367372354,271,248,519,64.63262764632628,317,259,576,71.73100871731009,270,240,510,63.51183063511831,253,232,485,60.39850560398505,279,233,512,63.760896637608965,272,227,499,62.14196762141968,246,193,439,54.66998754669987,309,286,595,74.09713574097135,386,328,714,88.91656288916563,333,279,612,76.21419676214197,286,229,515,64.13449564134496,269,234,503,62.64009962640099,269,234,503,62.95369211514393,2,3,5,2.840909090909091,0300812000,4th
Bulacan,2025,19535,19755,39290,57.1898516761037,22581,22307,44888,59.98984310266485,18631,19021,37652,50.319407692513295,27949,26623,54572,72.93186860182288,28673,27744,56417,75.39758907331677,30446,29741,60187,80.43594472509555,25479,24256,49735,66.46753802154332,25937,25016,50953,68.09531446288723,26974,26207,53181,71.0728891027183,27268,26277,53545,71.55935102771764,25957,24839,50796,67.88549434688477,30345,29093,59438,79.43495576403924,34199,33740,67939,90.79598000694946,33635,32866,66501,88.87418811643012,29066,27696,56762,75.85865875497821,32558,31256,63814,85.28319033491033,32309,31033,63342,85.37578175544533,1674,1531,3205,26.352573589870087,0301400000,1st
Angat,2025,402,412,814,68.80811496196112,329,318,647,50.0,288,299,587,45.36321483771252,466,431,897,69.31993817619784,468,420,888,68.6244204018547,552,488,1040,80.370942812983,462,421,883,68.23802163833076,421,395,816,63.06027820710973,444,412,856,66.15146831530139,448,399,847,65.45595054095827,396,395,791,61.12828438948995,568,499,1067,82.45749613601237,601,603,1204,93.04482225656878,631,544,1175,90.80370942812984,493,480,973,75.19319938176197,617,632,1249,96.52241112828439,617,632,1249,97.50195160031225,0,0,0,0.0,0301401000,1st
Balagtas,2025,316,368,684,51.89681335356601,292,343,635,44.12786657400973,243,265,508,35.30229325920779,479,538,1017,70.67407922168172,478,557,1035,71.92494788047254,515,600,1115,77.48436414176511,424,472,896,62.26546212647672,415,479,894,62.1264767199444,431,516,947,65.80958999305074,481,560,1041,72.34190410006948,479,555,1034,71.8554551772064,545,625,1170,81.30646282140376,610,689,1299,90.27102154273801,599,703,1302,90.47949965253649,531,560,1091,75.81653926337735,644,626,1270,88.25573314801946,644,626,1270,88.62526168876484,21,10,31,15.270935960591133,0301402000,1st
City of Baliwag,2025,948,988,1936,59.56923076923077,1449,1505,2954,84.08767435240534,834,862,1696,48.27782522060917,1687,1660,3347,95.27469399373754,1703,1667,3370,95.92940506689439,1663,1699,3362,95.70167947623113,1654,1638,3292,93.70908055792769,1675,1639,3314,94.33532593225164,1638,1671,3309,94.1929974380871,1661,1681,3342,95.13236549957301,1628,1613,3241,92.25732991744947,1474,1452,2926,83.29063478508397,1494,1520,3014,85.79561628237973,1508,1550,3058,87.04810703102761,1699,1688,3387,96.4133219470538,1747,1638,3385,96.35639054938798,1747,1634,3381,96.71052631578947,86,78,164,164.0,0301403000,1st (as Mun)
Bocaue,2025,936,913,1849,64.87719298245615,879,861,1740,56.29246198641217,696,681,1377,44.548689744419285,982,899,1881,60.854092526690394,939,922,1861,60.207052733743126,1029,990,2019,65.31866709802652,750,692,1442,46.651569071497896,728,695,1423,46.036881268197995,764,700,1464,47.36331284373989,874,846,1720,55.6454221934649,734,681,1415,45.77806535101909,1067,984,2051,66.35393076674215,1145,1132,2277,73.66548042704626,1066,1100,2166,70.07440957618894,862,847,1709,55.2895503073439,903,807,1710,55.32190229699127,900,805,1705,55.66438132549788,77,71,148,11.12781954887218,0301404000,1st
Bulacan,2025,497,443,940,71.81054239877768,484,444,928,65.07713884992987,445,409,854,59.88779803646563,560,491,1051,73.70266479663394,520,481,1001,70.19635343618513,553,516,1069,74.96493688639552,540,451,991,69.49509116409537,516,490,1006,70.54698457223,546,503,1049,73.56241234221599,544,498,1042,73.07152875175316,617,545,1162,81.4866760168303,597,519,1116,78.26086956521739,630,581,1211,84.92286115007013,672,633,1305,91.51472650771389,615,538,1153,80.85553997194951,667,651,1318,92.42636746143057,667,651,1318,92.88231148696265,11,9,20,17.24137931034483,0301405000,1st
Bustos,2025,363,404,767,57.53938484621155,540,555,1095,75.1544269045985,489,514,1003,68.84008236101579,548,531,1079,74.05628002745367,593,609,1202,82.49828414550447,622,627,1249,85.72409059711737,527,522,1049,71.99725463280714,553,572,1125,77.21345229924502,585,629,1214,83.32189430336308,601,588,1189,81.60603980782429,620,582,1202,82.49828414550447,605,585,1190,81.67467398764585,685,698,1383,94.92107069320521,643,642,1285,88.19492107069321,619,574,1193,81.8805765271105,637,625,1262,86.61633493479754,637,624,1261,87.38738738738738,0,0,0,0.0,0301406000,2nd
Calumpit,2025,486,490,976,43.55198572066042,437,426,863,35.543657331136735,341,347,688,28.336079077429982,752,698,1450,59.71993410214168,784,741,1525,62.808896210873144,841,797,1638,67.46293245469522,646,623,1269,52.26523887973641,670,646,1316,54.20098846787479,709,672,1381,56.878088962108734,807,777,1584,65.23887973640856,891,869,1760,72.48764415156508,785,789,1574,64.82701812191104,1024,949,1973,81.26029654036245,1021,949,1970,81.13673805601319,751,681,1432,58.97858319604613,916,825,1741,71.70510708401977,895,820,1715,71.22093023255815,49,37,86,16.50671785028791,0301407000,1st
Guiguinto,2025,608,554,1162,58.21643286573146,699,651,1350,62.18332565637955,633,598,1231,56.701980654076465,801,712,1513,69.69138645785353,790,738,1528,70.38231229847996,832,717,1549,71.34960847535697,717,630,1347,62.045140488254255,726,645,1371,63.15062183325656,764,624,1388,63.93367111929986,847,745,1592,73.33026255181943,726,647,1373,63.24274527867342,945,813,1758,80.9765085214187,1081,974,2055,94.6568401658222,1031,921,1952,89.91248272685398,893,802,1695,78.07461999078765,1165,1037,2202,101.42791340396131,1140,1025,2165,100.37088548910525,25,12,37,38.94736842105263,0301408000,1st
Hagonoy,2025,158,173,331,12.899454403741231,1127,1084,2211,79.61829312207418,1085,1072,2157,77.6737486496219,1088,1019,2107,75.87324450846236,1133,1106,2239,80.62657544112352,1188,1131,2319,83.50738206697875,1079,1032,2111,76.01728483975513,1100,1056,2156,77.6377385667987,1113,1094,2207,79.47425279078142,956,941,1897,68.31112711559236,868,837,1705,61.39719121353979,1233,1189,2422,87.21642059776738,1211,1201,2412,86.85631976953547,1133,1171,2304,82.9672308246309,1162,1124,2286,82.31904933381347,1325,1310,2635,94.88656823910695,1325,1310,2635,95.54024655547498,5,2,7,16.27906976744186,0301409000,1st
City of Malolos ,2025,1172,1223,2395,60.57157309054122,2269,2317,4586,106.23117905953208,2005,2042,4047,93.74565670604586,1574,1543,3117,72.20291869353717,1583,1542,3125,72.38823256891361,1783,1731,3514,81.39911975909196,1510,1475,2985,69.14523974982627,1533,1485,3018,69.90965948575399,1664,1618,3282,76.02501737317581,1699,1609,3308,76.62728746814918,1610,1516,3126,72.41139680333565,1669,1624,3293,76.27982395181839,2128,1981,4109,95.18183924021311,2250,2059,4309,99.81468612462359,1672,1562,3234,74.9131341209173,1821,1683,3504,81.16747741487144,1814,1677,3491,81.24272748429136,103,82,185,15.289256198347106,0301410000,3rd
Marilao,2025,1008,971,1979,38.949025782326316,861,817,1678,30.575801749271136,748,714,1462,26.6399416909621,1609,1563,3172,57.79883381924198,1713,1602,3315,60.404518950437314,1785,1698,3483,63.46574344023323,1519,1472,2991,54.50072886297376,1614,1485,3099,56.468658892128275,1635,1547,3182,57.981049562682216,1685,1580,3265,59.49344023323615,1659,1506,3165,57.67128279883382,1830,1771,3601,65.615889212828,2245,2058,4303,78.40743440233237,2225,2055,4280,77.98833819241983,1727,1488,3215,58.582361516034986,1989,1922,3911,71.26457725947522,1989,1922,3911,72.06559793624471,57,36,93,5.754950495049505,0301411000,1st
City of Meycauayan,2025,1525,1500,3025,66.01920558707988,1579,1545,3124,62.90777285541683,1319,1312,2631,52.98026580749094,1791,1724,3515,70.7813129279098,1789,1762,3551,71.50624244865082,1895,1904,3799,76.50020136931131,1556,1501,3057,61.55859846959323,1588,1584,3172,63.87434554973822,1655,1726,3381,68.08296415626258,1738,1759,3497,70.41884816753927,1534,1453,2987,60.14901329037454,1698,1699,3397,68.40515505436971,1814,1731,3545,71.38542086186065,1810,1784,3594,72.37213048731374,1953,1810,3763,75.77527184857028,2027,1981,4008,80.70881997583568,1877,1849,3726,75.65482233502539,367,331,698,61.4977973568282,0301412000,3rd
Norzagaray,2025,833,793,1626,59.691629955947135,739,765,1504,50.368385800401875,598,587,1185,39.68519758874749,1175,1073,2248,75.284661754856,1225,1193,2418,80.97789685197588,1333,1299,2632,88.14467515070328,1030,955,1985,66.47689216342934,1064,999,2063,69.08908238446082,1077,1040,2117,70.89752176825183,1024,968,1992,66.7113194909578,999,876,1875,62.79303415941059,1481,1295,2776,92.96718017414601,1544,1474,3018,101.07166778298729,1451,1443,2894,96.91895512391159,1231,1074,2305,77.19356999330208,1335,1198,2533,84.8292029470864,1335,1198,2533,85.7191201353638,102,73,175,21.2378640776699,0301413000,1st
Obando,2025,48,47,95,10.182207931404074,338,378,716,70.12732615083252,332,658,990,96.9637610186092,423,418,841,82.37022526934378,430,441,871,85.30852105778648,462,470,932,91.28305582761999,423,417,840,82.27228207639568,429,440,869,85.1126346718903,456,467,923,90.40156709108716,456,466,922,90.30362389813908,500,504,1004,98.33496571988248,425,417,842,82.46816846229187,431,442,873,85.50440744368267,418,436,854,83.64348677766895,507,511,1018,99.70617042115573,508,530,1038,101.66503428011752,508,530,1038,102.26600985221674,1,0,1,-2.0,0301414000,2nd
Pandi,2025,1005,1007,2012,60.09557945041816,1082,1079,2161,59.31924238265166,816,837,1653,45.37469118858084,1180,1177,2357,64.69942355201756,1307,1244,2551,70.0247049135328,1418,1376,2794,76.69503156738952,953,941,1894,51.99011803458687,1016,988,2004,55.009607466373865,1109,1079,2188,60.06038978863574,1089,1071,2160,59.29179247872632,905,958,1863,51.13917101290145,1434,1427,2861,78.53417513038704,1772,1735,3507,96.26681306615427,1547,1582,3129,85.89074938237717,1142,1142,2284,62.69558056546802,1223,1207,2430,66.70326653856712,1223,1205,2428,67.38828753816264,31,33,64,4.126370083816893,0301415000,2nd
Paombong,2025,35,34,69,7.240293809024134,216,217,433,41.67468719923003,199,194,393,37.82483156881617,308,303,611,58.806544754571696,314,303,617,59.384023099133785,315,316,631,60.73147256977863,308,303,611,58.806544754571696,318,312,630,60.63522617901829,314,314,628,60.44273339749759,313,316,629,60.53897978825794,303,338,641,61.693936477382096,324,319,643,61.88642925890279,421,401,822,79.11453320500482,435,434,869,83.6381135707411,325,352,677,65.15880654475458,328,346,674,64.87006737247353,323,332,655,63.468992248062015,7,17,24,6.36604774535809,0301416000,3rd
Plaridel,2025,906,876,1782,99.1652754590985,990,879,1869,94.10876132930514,747,751,1498,75.42799597180262,926,825,1751,88.16717019133937,957,862,1819,91.59113796576032,953,942,1895,95.41792547834844,928,811,1739,87.56294058408862,936,837,1773,89.27492447129909,967,894,1861,93.70594159113796,925,879,1804,90.83585095669687,911,823,1734,87.31117824773413,1019,845,1864,93.85699899295065,1072,981,2053,103.37361530715006,1085,1060,2145,108.00604229607251,961,902,1863,93.80664652567975,1061,959,2020,101.71198388721048,1057,954,2011,102.08121827411168,4,5,9,0.0,0301417000,1st
Pulilan,2025,318,344,662,34.30051813471503,450,501,951,45.092460881934564,376,409,785,37.22143195827407,769,756,1525,72.30915125651968,776,747,1523,72.21431958274064,826,807,1633,77.43006164058795,633,609,1242,58.89046941678521,642,628,1270,60.2181128496918,726,681,1407,66.71408250355618,698,650,1348,63.91654812707445,599,613,1212,57.46799431009957,748,776,1524,72.26173541963016,829,815,1644,77.9516358463727,807,776,1583,75.0592697961119,837,833,1670,79.18444760550024,1062,1026,2088,99.00426742532005,1061,1026,2087,99.90426041168024,87,87,174,-483.3333333333333,0301418000,1st
San Ildefonso,2025,687,714,1401,62.85329744279946,516,490,1006,41.17887842816209,357,352,709,29.02169463774048,871,786,1657,67.82644289807614,931,859,1790,73.27056897257471,1038,987,2025,82.88988948014736,677,648,1325,54.236594351207536,743,683,1426,58.370855505525995,842,744,1586,64.92018010642653,875,832,1707,69.87310683585756,861,813,1674,68.52230863692182,1086,1003,2089,85.50961932050757,1371,1316,2687,109.98772001637332,1306,1266,2572,105.28039295947605,865,824,1689,69.13630781825624,937,880,1817,74.37576749897666,907,842,1749,72.12371134020619,30,38,68,10.089020771513352,0301419000,1st
City of San Jose Del Monte,2025,4849,4952,9801,82.15423302598491,4299,4205,8504,65.12482769183642,3395,3357,6752,51.70776535457191,5152,5057,10209,78.18195742073824,5319,5289,10608,81.23755552151938,5671,5588,11259,86.2230050543728,5192,5088,10280,78.72568540358401,5285,5251,10536,80.68616939807015,5421,5290,10711,82.02634400367592,5414,5253,10667,81.68938581712361,5236,5089,10325,79.07030173073977,5367,5316,10683,81.81191606677899,5937,6536,12473,95.51998774697503,5900,5835,11735,89.86827998162046,5435,5307,10742,82.26374636238322,6246,6157,12403,94.98391790473273,6246,6157,12403,95.8056542561409,482,488,970,173.21428571428572,0301420000,1st
San Miguel,2025,632,621,1253,37.60504201680672,785,685,1470,40.6301824212272,481,391,872,24.101713653952462,1179,1078,2257,62.38253178551686,1208,1160,2368,65.45052515201769,1289,1276,2565,70.8955223880597,960,864,1824,50.41459369817579,975,935,1910,52.79159756771698,1006,1016,2022,55.88723051409619,1069,1015,2084,57.60088446655611,1208,1129,2337,64.59369817578772,1437,1396,2833,78.30292979546711,1728,1665,3393,93.78109452736318,1736,1693,3429,94.77611940298507,1265,1209,2474,68.38032061912659,1369,1348,2717,75.09673852957435,1369,1348,2717,75.95750629018731,14,12,26,2.768903088391906,0301421000,1st
San Rafael,2025,95,121,216,12.210288298473714,189,199,388,20.01031459515214,166,164,330,17.01908200103146,675,624,1299,66.99329551315111,693,672,1365,70.3971119133574,767,741,1508,77.77204744713771,415,398,813,41.928829293450235,441,401,842,43.42444559051057,487,484,971,50.077359463641045,579,578,1157,59.66993295513151,620,615,1235,63.69262506446623,745,706,1451,74.83238782877773,987,944,1931,99.5874161939144,995,984,1979,102.06291903042806,650,660,1310,67.56059824651882,671,642,1313,67.71531717380093,671,642,1313,68.31425598335068,60,52,112,18.512396694214875,0301422000,1st
Santa Maria,2025,1478,1596,3074,57.91258477769404,1881,1879,3760,65.07442021460713,2007,2177,4184,72.41259951540326,2661,2443,5104,88.33506403599861,2709,2539,5248,90.82727587400484,2816,2724,5540,95.88092765662859,2238,2017,4255,73.64139840775354,2245,2088,4333,74.99134648667359,2329,2193,4522,78.26237452405677,2199,1974,4173,72.22222222222221,1747,1620,3367,58.27275874004846,2930,2737,5667,98.07892004153686,3073,2947,6020,104.18830044998269,2994,2867,5861,101.43648321218414,2572,2424,4996,86.46590515749394,2993,2886,5879,101.74800969193491,2993,2886,5879,102.74379587556798,50,55,105,-85.36585365853658,0301423000,1st
Doña Remedios Trinidad,2025,230,211,441,56.17834394904458,151,164,315,37.54469606674613,31,29,60,7.151370679380214,293,274,567,67.58045292014303,311,288,599,71.39451728247914,300,317,617,73.5399284862932,338,276,614,73.18235995232419,304,283,587,69.9642431466031,292,293,585,69.7258641239571,286,292,578,68.89153754469606,306,262,568,67.69964243146603,333,307,640,76.28128724672229,366,367,733,87.36591179976162,372,379,751,89.51132300357568,299,304,603,71.87127532777116,367,340,707,84.26698450536352,364,338,702,84.68033775633293,5,3,8,4.624277456647398,0301424000,1st
Nueva Ecija,2025,11442,10876,22318,50.77465589807758,10743,9986,20729,43.33528452565121,7809,7401,15210,31.797466237404358,15115,14047,29162,60.96500397207008,15818,14797,30615,64.00259229836519,17227,16039,33266,69.54467533553539,14994,14036,29030,60.68904962997031,15224,14274,29498,61.66743320650583,15499,14519,30018,62.75452606932308,15355,14444,29799,62.296692729021196,14459,13697,28156,58.86189739515826,15602,14483,30085,62.894593803570686,17821,16724,34545,72.21850566542626,18929,17961,36890,77.12087636409248,15448,14422,29870,62.44512271605971,16283,15496,31779,66.43600786051762,16253,15461,31714,66.80288157728441,314,278,592,3.8122222937729413,0304900000,1st
Aliaga,2025,464,408,872,66.1608497723824,480,438,918,63.70575988896599,30,33,63,4.371963913948647,489,479,968,67.17557251908397,480,502,982,68.14712005551701,507,488,995,69.04927133934767,489,483,972,67.45315752949341,472,463,935,64.8854961832061,458,478,936,64.95489243580846,464,480,944,65.51006245662734,428,432,860,59.68077723802915,497,496,993,68.91047883414295,516,518,1034,71.7557251908397,470,547,1017,70.57598889659958,442,470,912,63.28938237335184,501,479,980,68.00832755031229,501,479,980,68.62745098039215,0,0,0,0.0,0304901000,2nd
Bongabon,2025,122,126,248,18.6046511627907,64,60,124,8.557625948930296,23,15,38,2.6224982746721874,403,401,804,55.48654244306418,465,430,895,61.76673567977916,493,492,985,67.97791580400276,402,411,813,56.10766045548654,438,398,836,57.694962042788134,437,457,894,61.697722567287784,425,408,833,57.48792270531401,447,384,831,57.34989648033127,421,408,829,57.211870255348515,508,481,989,68.25396825396825,560,536,1096,75.63837129054521,462,392,854,58.93719806763285,473,486,959,66.18357487922705,473,484,957,66.78297278436845,1,1,2,0.4098360655737705,0304902000,2nd
City of Cabanatuan,2025,1881,1805,3686,60.120698091665304,2313,2153,4466,66.82627562471943,1877,1830,3707,55.46910070327697,2133,2086,4219,63.130330689809966,2228,2143,4371,65.40475834206195,2437,2334,4771,71.39009426904084,2112,2072,4184,62.606613796199305,2145,2064,4209,62.980697291635494,2122,2080,4202,62.87595391291336,2104,2072,4176,62.48690707765974,2075,1933,4008,59.9730659883286,2190,2056,4246,63.534340864881045,2521,2416,4937,73.87400867873708,2393,2364,4757,71.18060751159658,2167,2012,4179,62.531797097112076,2199,2036,4235,63.369744126889124,2189,2020,4209,63.47458905142512,132,136,268,10.440202571094662,0304903000,1st
Cabiao,2025,432,408,840,50.179211469534046,342,290,632,34.82093663911846,251,204,455,25.068870523415974,622,560,1182,65.12396694214875,618,599,1217,67.05234159779614,679,652,1331,73.33333333333333,611,571,1182,65.12396694214875,608,579,1187,65.39944903581268,584,557,1141,62.86501377410468,620,600,1220,67.21763085399449,636,607,1243,68.48484848484848,626,583,1209,66.61157024793388,696,659,1355,74.65564738292011,772,755,1527,84.13223140495867,622,580,1202,66.22589531680441,703,696,1399,77.07988980716254,693,688,1381,76.76486937187327,6,0,6,1.8633540372670807,0304904000,1st
Carranglan,2025,134,139,273,32.461355529131986,120,100,220,23.939064200217626,14,14,28,3.0467899891186074,276,258,534,58.10663764961915,313,280,593,64.52665941240478,319,319,638,69.42328618063112,280,254,534,58.10663764961915,291,280,571,62.132752992383026,309,304,613,66.70293797606094,282,298,580,63.11207834602829,279,304,583,63.43852013057671,305,283,588,63.98258977149075,337,329,666,72.47007616974973,340,356,696,75.73449401523395,292,293,585,63.65614798694232,293,324,617,67.13819368879217,293,324,617,67.2846237731734,7,5,12,3.75,0304905000,1st
Cuyapo,2025,285,286,571,48.63713798977854,319,314,633,49.608150470219435,266,258,524,41.06583072100313,386,383,769,60.26645768025078,408,396,804,63.00940438871473,458,451,909,71.23824451410658,379,377,756,59.24764890282132,397,376,773,60.57993730407524,390,397,787,61.677115987460816,389,395,784,61.442006269592476,342,326,668,52.35109717868338,385,387,772,60.50156739811913,458,446,904,70.84639498432603,507,487,994,77.89968652037618,344,339,683,53.526645768025084,358,363,721,56.50470219435737,358,363,721,56.50470219435737,0,1,1,0.21008403361344538,0304906000,1st
Gabaldon,2025,292,227,519,60.34883720930233,107,98,205,21.85501066098081,234,184,418,44.562899786780385,317,248,565,60.23454157782516,339,250,589,62.79317697228145,376,300,676,72.06823027718549,318,243,561,59.80810234541578,312,230,542,57.782515991471215,307,225,532,56.71641791044776,308,230,538,57.356076759061835,294,222,516,55.010660980810236,319,243,562,59.914712153518124,326,243,569,60.66098081023454,338,253,591,63.00639658848613,310,233,543,57.88912579957356,317,287,604,64.39232409381663,317,287,604,64.94623655913978,1,2,3,1.2096774193548387,0304907000,4th
City of Gapan,2025,345,358,703,30.59181897302002,443,444,887,35.380933386517746,163,168,331,13.203031511767053,743,671,1414,56.402074192261665,758,709,1467,58.51615476665337,910,813,1723,68.72756282409253,751,709,1460,58.23693657758277,761,720,1481,59.074591144794574,793,738,1531,61.06900678101316,816,739,1555,62.02632628639808,731,649,1380,55.04587155963303,830,779,1609,64.18029517351415,1016,962,1978,78.89908256880734,1000,953,1953,77.90187475069804,837,735,1572,62.70442760271241,892,843,1735,69.20622257678501,892,842,1734,69.72255729794934,4,0,4,0.4153686396677051,0304908000,4th
General Mamerto Natividad,2025,180,173,353,38.03879310344828,154,143,297,29.58167330677291,78,71,149,14.840637450199203,254,242,496,49.40239043824701,284,274,558,55.57768924302788,327,307,634,63.147410358565736,251,244,495,49.30278884462152,281,262,543,54.08366533864542,282,286,568,56.573705179282875,283,289,572,56.97211155378486,290,296,586,58.366533864541836,260,248,508,50.59760956175299,306,296,602,59.9601593625498,393,377,770,76.69322709163346,299,289,588,58.56573705179283,310,289,599,59.66135458167331,310,289,599,60.14056224899599,4,3,7,1.832460732984293,0304909000,3rd
General Tinio,2025,407,328,735,64.47368421052632,320,302,622,50.20177562550444,286,247,533,43.018563357546405,410,354,764,61.66263115415658,409,368,777,62.71186440677966,457,410,867,69.97578692493947,412,355,767,61.904761904761905,399,367,766,61.82405165456013,404,373,777,62.71186440677966,407,381,788,63.59967715899919,396,342,738,59.56416464891041,423,380,803,64.81033091202583,452,411,863,69.65294592413237,551,484,1035,83.53510895883777,396,348,744,60.048426150121074,420,345,765,61.743341404358354,420,344,764,62.26568867155664,16,3,19,4.20353982300885,0304910000,1st
Guimba,2025,653,689,1342,56.696239966201944,564,543,1107,43.04043545878694,360,365,725,28.18818040435459,722,703,1425,55.40435458786936,749,763,1512,58.78693623639192,814,835,1649,64.11353032659409,724,711,1435,55.79315707620529,743,732,1475,57.34836702954899,787,790,1577,61.31415241057543,759,774,1533,59.603421461897355,751,748,1499,58.281493001555205,741,743,1484,57.698289269051315,815,798,1613,62.71384136858475,948,922,1870,72.70606531881803,788,784,1572,61.11975116640747,890,839,1729,67.2239502332815,890,839,1729,67.67123287671232,0,0,0,0.0,0304911000,1st
Jaen,2025,484,499,983,65.27224435590969,470,475,945,57.481751824817515,432,454,886,53.892944038929436,506,495,1001,60.88807785888078,525,496,1021,62.10462287104623,571,553,1124,68.3698296836983,501,489,990,60.21897810218978,524,487,1011,61.496350364963504,526,508,1034,62.89537712895377,509,505,1014,61.67883211678832,500,464,964,58.63746958637469,501,497,998,60.70559610705596,557,527,1084,65.93673965936739,553,545,1098,66.78832116788321,508,478,986,59.975669099756686,556,524,1080,65.69343065693431,555,523,1078,66.33846153846153,2,0,2,0.45351473922902497,0304912000,2nd
Laur,2025,176,196,372,52.991452991452995,159,166,325,42.153047989623865,126,120,246,31.906614785992215,243,245,488,63.29442282749675,263,251,514,66.66666666666666,300,266,566,73.41115434500648,239,245,484,62.775616083009076,253,246,499,64.72114137483787,267,233,500,64.85084306095979,249,220,469,60.83009079118028,212,211,423,54.86381322957199,230,223,453,58.754863813229576,257,248,505,65.49935149156939,338,301,639,82.87937743190662,235,232,467,60.570687418936444,247,252,499,64.72114137483787,247,252,499,65.65789473684211,0,0,0,0.0,0304913000,3rd
Licab,2025,182,178,360,70.86614173228347,174,157,331,59.42549371633752,151,149,300,53.85996409335727,156,150,306,54.937163375224415,177,183,360,64.63195691202873,175,223,398,71.45421903052065,156,151,307,55.11669658886894,175,186,361,64.81149012567326,185,206,391,70.19748653500898,179,207,386,69.29982046678636,191,229,420,75.40394973070018,161,150,311,55.83482944344704,191,200,391,70.19748653500898,241,285,526,94.43447037701975,192,227,419,75.22441651705566,200,242,442,79.35368043087972,200,241,441,80.47445255474453,0,0,0,0.0,0304914000,4th
Llanera,2025,315,305,620,73.02709069493521,271,279,550,59.395248380129594,277,283,560,60.475161987041034,307,291,598,64.57883369330453,317,300,617,66.63066954643628,339,338,677,73.11015118790498,308,295,603,65.11879049676025,312,299,611,65.98272138228943,345,334,679,73.32613390928726,345,335,680,73.4341252699784,344,326,670,72.35421166306696,309,294,603,65.11879049676025,322,314,636,68.68250539956804,387,385,772,83.36933045356372,344,326,670,72.35421166306696,353,358,711,76.7818574514039,353,358,711,77.28260869565217,3,9,12,10.256410256410255,0304915000,4th
Lupao,2025,126,140,266,31.367924528301888,153,152,305,33.26063249727372,59,57,116,12.649945474372956,308,265,573,62.486368593238815,339,315,654,71.31952017448201,369,322,691,75.35441657579062,296,247,543,59.214830970556164,277,265,542,59.10577971646674,296,266,562,61.286804798255176,265,267,532,58.01526717557252,244,234,478,52.12649945474372,399,346,745,81.2431842966194,385,351,736,80.26172300981462,354,356,710,77.42639040348965,281,257,538,58.66957470010905,255,291,546,59.541984732824424,252,290,542,59.56043956043956,0,0,0,0.0,0304916000,3rd
Science City of Muñoz,2025,464,391,855,57.61455525606469,242,216,458,28.30655129789864,187,167,354,21.878862793572313,588,491,1079,66.68726823238566,598,511,1109,68.54140914709518,644,571,1215,75.09270704573548,587,483,1070,66.13102595797281,595,505,1100,67.98516687268233,599,528,1127,69.65389369592089,599,532,1131,69.90111248454882,587,543,1130,69.83930778739185,628,512,1140,70.45735475896167,751,648,1399,86.46477132262052,706,602,1308,80.84054388133498,594,547,1141,70.51915945611866,585,513,1098,67.86155747836835,585,513,1098,67.94554455445545,0,0,0,0.0,0304917000,4th
Nampicuan,2025,18,28,46,17.96875,33,25,58,21.014492753623188,22,16,38,13.768115942028986,73,71,144,52.17391304347826,72,77,149,53.985507246376805,76,77,153,55.434782608695656,72,71,143,51.81159420289855,72,78,150,54.347826086956516,74,74,148,53.62318840579711,75,75,150,54.347826086956516,83,81,164,59.42028985507246,79,71,150,54.347826086956516,101,107,208,75.36231884057972,117,117,234,84.78260869565217,81,82,163,59.05797101449275,73,77,150,54.347826086956516,73,77,150,54.347826086956516,0,0,0,0.0,0304918000,5th
City of Palayan ,2025,253,222,475,42.75427542754275,116,114,230,19.246861924686193,47,57,104,8.702928870292887,335,302,637,53.30543933054393,367,327,694,58.07531380753138,389,309,698,58.41004184100418,321,293,614,51.38075313807532,337,298,635,53.13807531380753,360,291,651,54.47698744769875,345,281,626,52.38493723849372,325,295,620,51.88284518828452,333,294,627,52.46861924686193,431,338,769,64.35146443514644,464,387,851,71.2133891213389,325,290,615,51.46443514644351,344,310,654,54.72803347280335,345,310,655,55.4614733276884,2,3,5,0.984251968503937,0304919000,5th
Pantabangan,2025,142,128,270,45.840407470288625,83,81,164,25.465838509316768,5,4,9,1.3975155279503106,178,176,354,54.96894409937888,197,219,416,64.59627329192547,214,219,433,67.2360248447205,195,180,375,58.22981366459628,184,210,394,61.18012422360248,200,209,409,63.50931677018633,188,197,385,59.78260869565217,155,191,346,53.72670807453416,184,186,370,57.453416149068325,226,266,492,76.3975155279503,250,264,514,79.8136645962733,202,209,411,63.81987577639752,239,256,495,76.86335403726709,239,256,495,77.10280373831776,0,0,0,0.0,0304920000,1st
Peñaranda,2025,139,140,279,49.2063492063492,163,134,297,48.214285714285715,140,118,258,41.883116883116884,224,208,432,70.12987012987013,256,206,462,75.0,269,219,488,79.22077922077922,223,205,428,69.48051948051948,245,216,461,74.83766233766234,243,196,439,71.26623376623377,238,205,443,71.9155844155844,218,187,405,65.74675324675324,225,207,432,70.12987012987013,268,231,499,81.0064935064935,319,281,600,97.40259740259741,225,196,421,68.34415584415584,233,204,437,70.94155844155844,233,205,438,71.68576104746317,7,10,17,10.69182389937107,0304921000,4th
Quezon,2025,230,210,440,58.744993324432585,226,186,412,50.801479654747226,211,174,385,47.47225647348952,262,221,483,59.55610357583231,291,241,532,65.5980271270037,334,283,617,76.07891491985204,261,221,482,59.432799013563496,275,238,513,63.25524044389642,292,239,531,65.4747225647349,285,240,525,64.73489519112206,287,246,533,65.7213316892725,268,221,489,60.29593094944513,319,263,582,71.7632552404439,398,325,723,89.14919852034525,300,252,552,68.06411837237978,322,293,615,75.83230579531443,322,293,615,76.01977750309024,1,0,1,0.41841004184100417,0304922000,4th
Rizal,2025,163,174,337,26.938449240607515,243,221,464,33.94294074615947,150,152,302,22.092172640819314,389,375,764,55.88880760790052,415,394,809,59.18068763716167,420,439,859,62.838332114118515,388,380,768,56.181419166057054,402,390,792,57.93708851499634,381,404,785,57.42501828822238,377,390,767,56.108266276517924,398,380,778,56.91294806144843,395,386,781,57.13240673006583,437,425,862,63.05779078273592,496,503,999,73.07973664959766,415,418,833,60.93635698610095,464,431,895,65.47183613752743,464,431,895,65.56776556776556,0,0,0,0.0,0304923000,2nd
San Antonio,2025,360,336,696,45.25357607282184,249,223,472,28.1119714115545,171,142,313,18.642048838594402,546,498,1044,62.17986896962478,553,510,1063,63.311494937462776,617,538,1155,68.79094699225729,541,494,1035,61.64383561643836,541,497,1038,61.822513400833834,566,488,1054,62.77546158427636,573,495,1068,63.609291244788565,526,548,1074,63.96664681357951,489,465,954,56.81953543776057,622,594,1216,72.42406194163192,741,661,1402,83.50208457415128,517,548,1065,63.43061346039309,633,626,1259,74.98511018463371,632,625,1257,75.63176895306859,1,1,2,0.45662100456621,0304924000,1st
San Isidro,2025,292,334,626,60.192307692307686,246,275,521,46.559428060768546,206,248,454,40.57193923145665,305,308,613,54.78105451295799,321,348,669,59.78552278820375,348,356,704,62.913315460232354,302,310,612,54.6916890080429,326,341,667,59.60679177837355,322,326,648,57.9088471849866,327,317,644,57.55138516532619,303,302,605,54.06613047363717,311,318,629,56.21090259159964,360,396,756,67.5603217158177,424,426,850,75.96067917783735,342,341,683,61.036639857015196,362,358,720,64.343163538874,360,355,715,64.0107430617726,3,1,4,0.9803921568627451,0304925000,2nd
San Jose City,2025,958,799,1757,55.68938193343899,1012,814,1826,53.48564733450498,842,707,1549,45.37199765670768,1207,1064,2271,66.52021089630932,1200,1143,2343,68.62917398945518,1326,1147,2473,72.43702401874634,1188,1061,2249,65.87580550673697,1131,1080,2211,64.76274165202109,1184,1042,2226,65.20210896309314,1177,1037,2214,64.8506151142355,1026,1013,2039,59.72466315172817,1265,1123,2388,69.94727592267135,1410,1280,2690,78.79320445225542,1401,1262,2663,78.00234329232572,1208,1128,2336,68.42413591095489,1209,1145,2354,68.95137668424137,1209,1145,2354,69.62437148772553,60,42,102,11.447811447811448,0304926000,3rd
San Leonardo,2025,295,280,575,43.65983295368262,280,275,555,39.08450704225352,260,255,515,36.267605633802816,428,395,823,57.95774647887324,459,409,868,61.12676056338028,499,440,939,66.12676056338029,420,384,804,56.61971830985916,429,390,819,57.67605633802817,444,384,828,58.309859154929576,433,383,816,57.46478873239437,359,341,700,49.29577464788733,449,419,868,61.12676056338028,581,549,1130,79.5774647887324,585,553,1138,80.14084507042254,414,379,793,55.845070422535215,400,384,784,55.21126760563381,398,384,782,55.53977272727273,3,1,4,0.7547169811320755,0304927000,1st
Santa Rosa,2025,267,259,526,37.51783166904422,280,264,544,35.41666666666667,228,242,470,30.598958333333332,537,472,1009,65.69010416666666,559,443,1002,65.234375,602,498,1100,71.61458333333334,526,466,992,64.58333333333334,540,441,981,63.8671875,551,464,1015,66.08072916666666,575,456,1031,67.12239583333334,436,379,815,53.059895833333336,546,475,1021,66.47135416666666,595,504,1099,71.54947916666666,640,570,1210,78.77604166666666,546,480,1026,66.796875,577,486,1063,69.20572916666666,577,486,1063,69.84231274638634,16,12,28,4.674457429048414,0304928000,1st
Santo Domingo,2025,416,343,759,71.8070009460738,443,377,820,70.44673539518901,340,281,621,53.350515463917525,427,359,786,67.5257731958763,472,406,878,75.4295532646048,492,413,905,77.7491408934708,424,348,772,66.32302405498281,413,361,774,66.49484536082474,418,367,785,67.43986254295532,430,379,809,69.50171821305841,387,354,741,63.65979381443299,451,366,817,70.1890034364261,489,423,912,78.35051546391753,537,476,1013,87.02749140893471,412,352,764,65.63573883161511,421,401,822,70.61855670103093,421,401,822,71.10726643598616,8,7,15,3.8860103626943006,0304929000,3rd
Talavera,2025,549,597,1146,45.011783189316574,561,564,1125,40.62838569880823,267,311,578,20.873961719032142,874,876,1750,63.19971108703503,894,872,1766,63.77753701697364,943,913,1856,67.0278078728783,854,884,1738,62.76634163958108,880,860,1740,62.8385698808234,909,844,1753,63.30805344889852,889,838,1727,62.36908631274829,794,754,1548,55.90465872156013,881,896,1777,64.17479234380643,999,999,1998,72.15601300108342,1080,1048,2128,76.85084868183459,873,798,1671,60.34669555796316,967,945,1912,69.05019862766342,965,944,1909,69.46870451237264,29,36,65,7.096069868995633,0304930000,1st
Talugtug,2025,102,98,200,48.07692307692308,59,56,115,25.109170305676855,54,48,102,22.270742358078603,164,131,295,64.41048034934498,171,145,316,68.99563318777294,168,167,335,73.14410480349345,166,130,296,64.62882096069869,161,134,295,64.41048034934498,145,132,277,60.480349344978166,140,131,271,59.1703056768559,134,114,248,54.14847161572053,167,133,300,65.50218340611353,215,182,397,86.68122270742357,185,192,377,82.31441048034934,154,127,281,61.35371179039302,155,119,274,59.82532751091703,155,119,274,59.82532751091703,1,0,1,0.5780346820809248,0304931000,4th
Zaragoza,2025,316,272,588,58.8,54,47,101,9.26605504587156,52,27,79,7.247706422018349,303,269,572,52.477064220183486,321,287,608,55.779816513761475,355,347,702,64.40366972477064,297,269,566,51.92660550458715,305,281,586,53.76146788990825,319,299,618,56.69724770642202,300,288,588,53.94495412844037,281,262,543,49.81651376146789,334,295,629,57.706422018348626,354,320,674,61.8348623853211,441,388,829,76.05504587155963,321,280,601,55.137614678899084,332,294,626,57.43119266055046,332,294,626,57.96296296296296,7,5,12,3.2085561497326207,0304932000,3rd
Pampanga,2025,12781,12457,25238,54.07988343190194,5534,5469,11003,21.652629093198993,4506,4328,8834,17.384288413098236,18174,17193,35367,69.5981580604534,18849,17778,36627,72.07769206549118,20405,19346,39751,78.22536209068011,16915,16037,32952,64.84571788413098,16965,16030,32995,64.93033690176321,17437,16376,33813,66.5400661209068,18521,17349,35870,70.58800377833752,17175,16241,33416,65.7588161209068,19365,18116,37481,73.75826511335013,22692,21231,43923,86.43537468513854,22237,21201,43438,85.48095088161209,17989,16866,34855,68.59060138539043,18491,17709,36200,71.23740554156171,18314,17527,35841,71.31827678837926,956,883,1839,12.522982635342187,0305400000,1st
Apalit,2025,625,614,1239,58.47097687588485,695,679,1374,58.468085106382986,612,583,1195,50.851063829787236,814,749,1563,66.51063829787233,848,811,1659,70.59574468085107,975,971,1946,82.80851063829788,719,704,1423,60.5531914893617,710,681,1391,59.19148936170213,745,718,1463,62.255319148936174,798,765,1563,66.51063829787233,737,729,1466,62.38297872340426,867,805,1672,71.14893617021276,1115,1048,2163,92.04255319148936,1025,992,2017,85.82978723404256,793,754,1547,65.82978723404256,887,815,1702,72.42553191489361,887,815,1702,73.14138375590889,9,14,23,3.244005641748942,0305402000,1st
Arayat,2025,674,699,1373,45.07550886408404,286,303,589,17.843077855195396,232,224,456,13.81399575886095,1049,1013,2062,62.46591941835808,1114,1057,2171,65.76794910633141,1201,1260,2461,74.5531657073614,1038,1014,2052,62.162980914874275,1074,1016,2090,63.314147228112695,1113,1112,2225,67.4038170251439,1118,1113,2231,67.58558012723417,1073,1019,2092,63.37473492880945,1170,1099,2269,68.73674644047259,1418,1346,2764,83.73220236292033,1436,1433,2869,86.91305664950015,1084,1077,2161,65.46501060284761,1111,1038,2149,65.10148439866708,1100,1032,2132,65.39877300613497,42,28,70,6.0344827586206895,0305403000,1st
Bacolor,2025,69,57,126,14.788732394366196,66,28,94,10.129310344827585,27,20,47,5.064655172413793,336,290,626,67.45689655172413,339,307,646,69.61206896551724,377,298,675,72.73706896551724,317,272,589,63.4698275862069,312,260,572,61.63793103448276,326,257,583,62.82327586206896,335,273,608,65.51724137931035,230,157,387,41.702586206896555,359,311,670,72.19827586206897,422,363,785,84.59051724137932,395,321,716,77.15517241379311,268,210,478,51.508620689655174,235,187,422,45.474137931034484,235,187,422,46.0196292257361,40,33,73,14.83739837398374,0305404000,3rd
Candaba,2025,489,550,1039,46.3632307005801,253,234,487,19.788703778951646,122,118,240,9.752133279154815,721,698,1419,57.65948801300284,781,715,1496,60.78829744006501,811,755,1566,63.632669646485176,638,617,1255,50.99553027224706,673,615,1288,52.336448598130836,689,632,1321,53.67736692401463,716,690,1406,57.131247460381964,724,684,1408,57.21251523770825,973,901,1874,76.14790735473385,1095,1023,2118,86.06257618854124,1125,1132,2257,91.7106867127184,817,730,1547,62.860625761885416,851,777,1628,66.15197074360016,851,777,1628,66.88578471651603,31,21,52,6.139315230224321,0305405000,1st
Floridablanca,2025,877,836,1713,65.03416856492026,279,336,615,21.495980426424328,186,221,407,14.22579517651171,1026,1002,2028,70.88430618664803,1077,1003,2080,72.70185249912619,1186,1103,2289,80.0069905627403,909,868,1777,62.11114994757077,937,881,1818,63.544215309332394,979,910,1889,66.0258650821391,1100,999,2099,73.36595595945474,1085,1066,2151,75.1835022719329,1075,1012,2087,72.9465221950367,1310,1201,2511,87.76651520447396,1427,1360,2787,97.41349178608878,1133,1083,2216,77.45543516253058,1137,1065,2202,76.96609577070954,1137,1065,2202,77.5079197465681,39,26,65,9.15492957746479,0305406000,1st
Guagua,2025,1007,1008,2015,89.59537572254335,28,34,62,2.5420254202542023,21,14,35,1.4350143501435015,1107,1104,2211,90.6519065190652,1106,1100,2206,90.44690446904468,1140,1148,2288,93.80893808938089,1078,1067,2145,87.94587945879458,1070,1047,2117,86.79786797867979,1082,1090,2172,89.0528905289053,1140,1152,2292,93.9729397293973,1128,1117,2245,92.0459204592046,1109,1109,2218,90.9389093890939,1295,1216,2511,102.95202952029521,1252,1269,2521,103.3620336203362,1128,1116,2244,92.00492004920049,1088,1131,2219,90.979909799098,1088,1131,2219,91.50515463917526,6,3,9,4.205607476635514,0305407000,1st
Lubao,2025,1130,1109,2239,62.17717300749792,146,148,294,7.530737704918032,106,118,224,5.737704918032787,1401,1346,2747,70.36372950819673,1385,1394,2779,71.18340163934425,1522,1494,3016,77.25409836065575,1380,1344,2724,69.77459016393442,1351,1338,2689,68.8780737704918,1450,1411,2861,73.28381147540983,1467,1418,2885,73.8985655737705,1402,1359,2761,70.72233606557377,1392,1340,2732,69.97950819672131,1533,1520,3053,78.20184426229508,1599,1581,3180,81.45491803278688,1423,1336,2759,70.67110655737704,1642,1568,3210,82.22336065573771,1642,1568,3210,83.05304010349288,58,50,108,10.23696682464455,0305408000,1st
Mabalacat City,2025,1713,1755,3468,63.78517564833548,942,1014,1956,32.84634760705289,698,676,1374,23.07304785894207,2146,2078,4224,70.93198992443325,2134,2059,4193,70.41141897565072,2262,2185,4447,74.67674223341729,2115,1993,4108,68.9840470193115,1997,1919,3916,65.75986565910999,1986,1876,3862,64.85306465155331,2087,1973,4060,68.17800167926113,1742,1779,3521,59.126784214945424,2012,1972,3984,66.90176322418137,2246,2103,4349,73.03106633081444,1825,1818,3643,61.175482787573465,1907,1880,3787,63.5936188077246,1888,1901,3789,63.6272040302267,1741,1734,3475,59.028367589604215,258,276,534,30.272108843537417,0305409000,3rd
Macabebe,2025,384,373,757,48.18586887332909,156,125,281,16.568396226415093,107,78,185,10.908018867924527,447,425,872,51.41509433962265,462,465,927,54.65801886792453,527,515,1042,61.438679245283026,442,403,845,49.82311320754717,438,441,879,51.82783018867924,447,459,906,53.41981132075472,454,467,921,54.30424528301887,459,436,895,52.77122641509434,521,472,993,58.54952830188679,615,612,1227,72.34669811320755,783,580,1363,80.36556603773585,460,441,901,53.125,438,427,865,51.00235849056604,438,427,865,51.45746579417013,26,24,50,6.234413965087282,0305410000,1st
Magalang,2025,587,571,1158,47.43957394510446,443,448,891,33.737220749716016,403,402,805,30.480878455130632,915,847,1762,66.7171525937145,996,874,1870,70.80651268458918,1057,952,2009,76.06967057932602,752,703,1455,55.0927678909504,790,717,1507,57.061719045815984,802,710,1512,57.25104127224536,937,861,1798,68.08027262400606,814,722,1536,58.1597879591064,1035,910,1945,73.64634608102992,1207,1077,2284,86.48239303294206,1066,980,2046,77.47065505490345,858,764,1622,61.41613025369178,831,721,1552,58.76561908368042,820,717,1537,58.821278224263295,55,46,101,9.0990990990991,0305411000,1st
Masantol,2025,185,198,383,29.7360248447205,37,32,69,4.956896551724138,0,0,0,0.0,360,343,703,50.50287356321839,382,340,722,51.86781609195402,411,372,783,56.25,354,335,689,49.497126436781606,360,332,692,49.712643678160916,345,324,669,48.060344827586206,338,318,656,47.12643678160919,294,302,596,42.81609195402299,374,357,731,52.514367816091955,470,422,892,64.08045977011494,365,372,737,52.945402298850574,313,310,623,44.75574712643678,305,299,604,43.39080459770115,305,296,601,43.83661560904449,10,23,33,4.526748971193416,0305412000,2nd
Mexico,2025,841,769,1610,49.22042188933048,884,822,1706,47.706935123042506,806,740,1546,43.23266219239373,1500,1383,2883,80.62080536912751,1566,1497,3063,85.65436241610739,1670,1577,3247,90.79977628635348,1316,1232,2548,71.25279642058166,1345,1290,2635,73.68568232662193,1417,1342,2759,77.15324384787472,1540,1441,2981,83.36129753914989,1231,1243,2474,69.1834451901566,1594,1478,3072,85.90604026845638,1831,1728,3559,99.52460850111858,1873,1862,3735,104.4463087248322,1359,1315,2674,74.77628635346755,1470,1381,2851,79.72595078299777,1468,1380,2848,80.61137843192753,49,46,95,7.8707539353769675,0305413000,1st
Minalin,2025,257,237,494,46.86907020872865,25,26,51,4.469763365468887,19,16,35,3.067484662576687,310,285,595,52.14723926380368,331,293,624,54.688869412795796,394,352,746,65.38124452234881,263,240,503,44.08413672217353,294,245,539,47.239263803680984,299,255,554,48.55390008764242,333,298,631,55.30236634531113,342,300,642,56.26643295354952,326,301,627,54.951796669588084,447,410,857,75.10955302366345,496,474,970,85.0131463628396,341,291,632,55.39000876424189,325,321,646,56.61700262927257,325,321,646,57.11759504862953,3,2,5,1.0964912280701753,0305414000,4th
Porac,2025,799,779,1578,55.232761638081904,127,105,232,7.483870967741936,120,107,227,7.32258064516129,1185,1105,2290,73.87096774193549,1237,1144,2381,76.80645161290323,1406,1366,2772,89.41935483870968,1017,996,2013,64.93548387096774,1012,979,1991,64.2258064516129,1035,981,2016,65.03225806451613,1135,1085,2220,71.61290322580646,1107,1007,2114,68.19354838709677,1250,1142,2392,77.16129032258064,1605,1465,3070,99.03225806451613,1531,1472,3003,96.87096774193549,1115,1026,2141,69.06451612903226,984,905,1889,60.935483870967744,981,904,1885,61.76277850589778,78,96,174,18.729817007534987,0305415000,1st
City of San Fernando ,2025,1755,1670,3425,51.410987691383966,915,922,1837,25.446737775315142,877,888,1765,24.449369718797616,2732,2552,5284,73.19573348109157,2908,2666,5574,77.21291037539825,3026,2717,5743,79.55395484139078,2695,2516,5211,72.18451309045574,2763,2532,5295,73.34810915639285,2769,2466,5235,72.51696910929492,2815,2470,5285,73.20958581520986,2625,2340,4965,68.77683889735421,2996,2798,5794,80.26042388142402,3284,3140,6424,88.98739437595235,3074,2806,5880,81.45172461559773,2789,2483,5272,73.02950547167197,3035,2997,6032,83.55727940157917,3035,2997,6032,84.60028050490884,133,94,227,19.79075850043592,0305416000,1st
San Luis,2025,312,269,581,63.15217391304348,91,77,168,16.454456415279136,81,60,141,13.809990205680705,393,413,806,78.94221351616063,415,430,845,82.76199804113614,462,507,969,94.90695396669932,315,315,630,61.70421155729677,314,332,646,63.27130264446621,319,346,665,65.13222331047992,380,398,778,76.1998041136141,372,387,759,74.3388834476004,393,402,795,77.86483839373165,504,511,1015,99.41234084231147,588,588,1176,115.18119490695398,367,395,762,74.63271302644466,358,416,774,75.80803134182175,358,416,774,76.86196623634558,3,3,6,8.108108108108109,0305417000,3rd
San Simon,2025,227,190,417,34.46280991735537,47,50,97,7.382039573820395,15,15,30,2.28310502283105,443,397,840,63.926940639269404,481,437,918,69.86301369863014,525,505,1030,78.38660578386606,393,351,744,56.62100456621004,410,388,798,60.73059360730594,402,386,788,59.96955859969558,482,419,901,68.56925418569254,398,384,782,59.51293759512938,433,429,862,65.60121765601218,527,493,1020,77.6255707762557,525,508,1033,78.61491628614917,419,426,845,64.30745814307458,526,501,1027,78.15829528158295,526,501,1027,79.12172573189522,69,55,124,29.594272076372313,0305418000,3rd*
Santa Ana,2025,293,291,584,54.024051803885285,17,16,33,2.7848101265822782,3,2,5,0.42194092827004215,409,412,821,69.28270042194093,353,385,738,62.278481012658226,400,424,824,69.53586497890295,409,409,818,69.02953586497891,340,381,721,60.84388185654008,400,424,824,69.53586497890295,400,424,824,69.53586497890295,441,459,900,75.9493670886076,421,426,847,71.47679324894514,464,459,923,77.89029535864978,549,561,1110,93.67088607594937,441,459,900,75.9493670886076,452,463,915,77.21518987341773,452,463,915,77.87234042553192,2,1,3,0.9523809523809524,0305419000,3rd
Santa Rita,2025,253,216,469,53.84615384615385,13,17,30,3.1779661016949152,5,8,13,1.3771186440677965,290,247,537,56.88559322033898,313,252,565,59.85169491525424,357,269,626,66.3135593220339,237,203,440,46.61016949152542,256,202,458,48.516949152542374,277,211,488,51.69491525423729,322,251,573,60.69915254237288,336,255,591,62.605932203389834,379,297,676,71.61016949152543,511,407,918,97.2457627118644,494,401,895,94.8093220338983,329,261,590,62.5,327,251,578,61.228813559322035,326,251,577,61.71122994652406,25,29,54,19.78021978021978,0305420000,4th
Sto. Tomas,2025,255,219,474,64.31478968792402,84,53,137,16.892725030826142,66,38,104,12.82367447595561,313,236,549,67.69420468557337,325,255,580,71.5166461159063,354,272,626,77.18865598027126,289,223,512,63.13193588162762,285,220,505,62.26880394574599,297,235,532,65.5980271270037,308,243,551,67.94081381011098,329,234,563,69.42046855733662,357,271,628,77.43526510480888,425,330,755,93.09494451294698,423,363,786,96.9173859432799,341,244,585,72.13316892725031,281,257,538,66.33785450061652,279,257,536,66.4188351920694,20,13,33,12.5,0305421000,4th
Sasmuan,2025,49,47,96,18.250950570342205,0,0,0,0.0,0,0,0,0.0,277,268,545,94.45407279029463,296,294,590,102.25303292894282,342,304,646,111.95840554592722,239,232,471,81.62911611785096,234,214,448,77.64298093587522,258,231,489,84.74870017331023,316,291,607,105.19930675909879,306,262,568,98.44020797227037,329,284,613,106.23916811091854,368,357,725,125.64991334488735,386,328,714,123.74350086655113,304,265,569,98.61351819757365,320,288,608,105.37261698440207,320,288,608,107.42049469964665,0,0,0,0.0,0305422000,4th
Tarlac,2025,7884,7865,15749,52.73396952954964,5356,5029,10385,32.08217485325919,3774,3597,7371,22.771084337349397,12030,11365,23395,72.27371022551745,12493,11899,24392,75.35372258263826,13788,13247,27035,83.51869014519617,11971,11382,23353,72.14396045721347,12062,11550,23612,72.94408402842137,12400,12070,24470,75.59468643805994,12432,11821,24253,74.92431263515601,11985,11613,23598,72.90083410565337,13307,12862,26169,80.8433734939759,15138,14662,29800,92.0605498918752,14961,14683,29644,91.57862218103182,12653,12230,24883,76.8705591597158,15467,15301,30768,95.05097312326228,15395,15244,30639,95.30904905589946,366,301,667,22.741220593249235,0306900000,1st
Anao,2025,38,34,72,49.6551724137931,21,17,38,24.516129032258064,30,19,49,31.61290322580645,74,62,136,87.74193548387098,76,57,133,85.80645161290322,83,64,147,94.83870967741936,73,62,135,87.09677419354838,77,57,134,86.45161290322581,82,60,142,91.61290322580645,81,63,144,92.90322580645162,73,70,143,92.25806451612904,83,77,160,103.2258064516129,113,92,205,132.25806451612902,113,89,202,130.32258064516128,74,66,140,90.32258064516128,78,82,160,103.2258064516129,78,82,160,103.2258064516129,0,0,0,0.0,0306901000,5th
Bamban,2025,325,324,649,39.0728476821192,402,382,784,43.798882681564244,201,187,388,21.675977653631286,724,691,1415,79.05027932960894,769,723,1492,83.35195530726257,861,805,1666,93.07262569832402,717,657,1374,76.75977653631286,736,693,1429,79.83240223463687,786,743,1529,85.41899441340782,767,743,1510,84.35754189944134,766,577,1343,75.02793296089385,806,723,1529,85.41899441340782,920,899,1819,101.62011173184358,941,903,1844,103.0167597765363,753,683,1436,80.22346368715084,861,842,1703,95.13966480446928,836,827,1663,93.74295377677565,19,13,32,9.63855421686747,0306902000,2nd
Camiling,2025,94,74,168,11.699164345403899,111,132,243,15.527156549520768,87,80,167,10.670926517571885,478,460,938,59.93610223642173,490,453,943,60.25559105431309,545,517,1062,67.8594249201278,468,467,935,59.7444089456869,454,431,885,56.54952076677316,458,499,957,61.15015974440895,424,478,902,57.635782747603834,445,393,838,53.546325878594246,545,531,1076,68.75399361022365,675,665,1340,85.62300319488818,571,623,1194,76.29392971246006,376,399,775,49.52076677316294,774,760,1534,98.01916932907349,760,744,1504,96.10223642172524,10,14,24,15.686274509803921,0306903000,1st
Capas,2025,1212,1144,2356,67.37203317128969,1317,1243,2560,67.70695583179052,825,807,1632,43.16318434276646,1451,1286,2737,72.38825707484793,1441,1325,2766,73.15524993387993,1685,1509,3194,84.4750066120074,1536,1346,2882,76.22322137000793,1527,1386,2913,77.04311028828353,1626,1483,3109,82.22692409415498,1544,1355,2899,76.67283787357842,1553,1443,2996,79.23829674689236,1652,1479,3131,82.80878074583443,1879,1762,3641,96.29727585294896,1943,1841,3784,100.07934408886538,1617,1500,3117,82.43850833112933,1984,1871,3855,101.9571541920127,1972,1866,3838,102.7301927194861,42,23,65,2166.666666666667,0306904000,1st
Concepcion,2025,1183,1218,2401,65.26229953791791,1006,988,1994,50.08791760864104,687,670,1357,34.086912835970864,1730,1718,3448,86.61140416980658,1711,1741,3452,86.71188143682492,1879,1943,3822,96.0060286360211,1720,1654,3374,84.75257472996735,1669,1680,3349,84.12459181110273,1727,1736,3463,86.98819392112534,1767,1733,3500,87.91760864104496,1747,1685,3432,86.20949510173324,1806,1807,3613,90.75609143431299,2015,2011,4026,101.13036925395629,2035,2032,4067,102.16026124089426,1869,1789,3658,91.88646068826928,1961,1862,3823,96.03114795277568,1957,1858,3815,96.70468948035487,14,6,20,3.780718336483932,0306905000,1st
Gerona,2025,339,326,665,40.10856453558504,238,228,466,25.86015538290788,188,186,374,20.754716981132077,611,522,1133,62.87458379578247,644,567,1211,67.2031076581576,661,640,1301,72.19755826859046,594,516,1110,61.59822419533852,624,568,1192,66.14872364039955,626,600,1226,68.03551609322975,629,605,1234,68.47946725860156,567,535,1102,61.1542730299667,672,580,1252,69.47835738068812,880,795,1675,92.95227524972253,910,845,1755,97.39178690344062,623,573,1196,66.37069922308547,913,840,1753,97.28079911209767,913,840,1753,97.28079911209767,0,1,1,0.3546099290780142,0306906000,1st
La Paz,2025,64,83,147,10.84070796460177,44,36,80,5.4274084124830395,12,7,19,1.289009497964722,504,497,1001,67.91044776119402,532,538,1070,72.59158751696066,564,599,1163,78.90094979647219,519,515,1034,70.1492537313433,483,517,1000,67.84260515603799,488,527,1015,68.86024423337857,489,497,986,66.89280868385346,458,477,935,63.43283582089553,695,742,1437,97.48982360922659,777,832,1609,109.15875169606512,716,801,1517,102.91723202170964,483,504,987,66.9606512890095,641,705,1346,91.31614654002713,641,705,1346,91.87713310580205,0,0,0,0.0,0306907000,2nd
Mayantoc,2025,31,41,72,14.663951120162933,62,61,123,23.03370786516854,37,52,89,16.666666666666664,166,172,338,63.29588014981273,193,179,372,69.66292134831461,211,224,435,81.46067415730337,178,182,360,67.41573033707866,193,199,392,73.40823970037454,194,207,401,75.09363295880149,195,199,394,73.78277153558052,184,181,365,68.35205992509363,205,198,403,75.46816479400749,279,285,564,105.61797752808988,284,301,585,109.5505617977528,198,185,383,71.72284644194757,269,257,526,98.50187265917603,269,257,526,98.50187265917603,0,0,0,0.0,0306908000,3rd
Moncada,2025,331,333,664,61.367837338262476,269,260,529,45.25235243798118,322,320,642,54.91873396065012,491,459,950,81.26603934987169,524,494,1018,87.08297690333619,566,582,1148,98.20359281437125,527,511,1038,88.79384088964927,554,527,1081,92.47219846022242,577,605,1182,101.11206159110351,552,541,1093,93.49871685201026,563,583,1146,98.03250641573995,489,518,1007,86.142001710864,538,523,1061,90.76133447390933,563,587,1150,98.37467921300257,590,590,1180,100.94097519247221,587,588,1175,100.51325919589394,586,585,1171,100.1710863986313,1,3,4,133.33333333333331,0306909000,1st
Paniqui,2025,630,605,1235,66.75675675675676,579,536,1115,55.417495029821076,542,505,1047,52.037773359840955,671,669,1340,66.6003976143141,807,790,1597,79.37375745526839,907,893,1800,89.46322067594433,711,745,1456,72.36580516898609,728,720,1448,71.96819085487077,740,727,1467,72.91252485089463,757,751,1508,74.95029821073558,745,723,1468,72.96222664015905,921,932,1853,92.09741550695824,1096,1097,2193,108.99602385685884,1150,1131,2281,113.36978131212723,774,763,1537,76.39165009940358,1005,952,1957,97.26640159045725,1002,950,1952,97.01789264413519,22,11,33,8.270676691729323,0306910000,1st
Pura,2025,84,70,154,40.10416666666667,35,33,68,16.152019002375297,32,30,62,14.726840855106888,134,144,278,66.0332541567696,138,153,291,69.12114014251782,186,194,380,90.26128266033254,136,146,282,66.9833729216152,142,155,297,70.54631828978623,154,161,315,74.82185273159145,153,156,309,73.39667458432304,157,165,322,76.48456057007125,197,203,400,95.01187648456056,248,246,494,117.3396674584323,271,268,539,128.02850356294536,182,180,362,85.98574821852732,213,194,407,96.67458432304038,213,192,405,96.42857142857143,0,0,0,0.0,0306911000,4th
Ramos,2025,24,13,37,8.705882352941176,61,49,110,23.809523809523807,48,34,82,17.74891774891775,144,130,274,59.307359307359306,154,124,278,60.17316017316018,170,129,299,64.71861471861472,131,136,267,57.7922077922078,161,117,278,60.17316017316018,147,131,278,60.17316017316018,148,121,269,58.22510822510822,165,134,299,64.71861471861472,190,165,355,76.83982683982684,240,183,423,91.55844155844156,244,192,436,94.37229437229438,159,136,295,63.85281385281385,203,184,387,83.76623376623377,203,184,387,83.76623376623377,4,5,9,11.842105263157894,0306912000,5th
San Clemente,2025,17,13,30,17.142857142857142,23,23,46,23.83419689119171,11,10,21,10.880829015544041,68,82,150,77.720207253886,66,84,150,77.720207253886,76,88,164,84.97409326424871,71,83,154,79.79274611398964,72,91,163,84.4559585492228,70,90,160,82.90155440414507,73,82,155,80.31088082901555,88,68,156,80.82901554404145,81,102,183,94.81865284974094,94,106,200,103.62694300518133,96,101,197,102.07253886010363,85,73,158,81.86528497409327,85,87,172,89.11917098445595,85,87,172,89.11917098445595,0,0,0,0.0,0306913000,5th
San Manuel,2025,145,135,280,51.85185185185185,102,99,201,34.183673469387756,58,57,115,19.5578231292517,185,194,379,64.45578231292517,172,181,353,60.03401360544217,196,212,408,69.38775510204081,203,218,421,71.5986394557823,195,205,400,68.02721088435374,202,194,396,67.3469387755102,214,208,422,71.7687074829932,234,241,475,80.78231292517006,198,202,400,68.02721088435374,202,210,412,70.06802721088435,210,223,433,73.63945578231292,254,260,514,87.41496598639455,276,282,558,94.89795918367348,276,282,558,94.89795918367348,1,1,2,7.4074074074074066,0306914000,4th
Santa Ignacia,2025,98,104,202,22.595078299776286,232,212,444,45.867768595041326,107,108,215,22.210743801652892,415,419,834,86.15702479338843,433,430,863,89.15289256198346,462,464,926,95.66115702479338,408,405,813,83.98760330578511,406,422,828,85.53719008264463,417,416,833,86.05371900826447,423,421,844,87.19008264462809,430,462,892,92.14876033057851,456,484,940,97.10743801652893,511,526,1037,107.12809917355372,552,592,1144,118.18181818181819,422,461,883,91.21900826446281,470,529,999,103.20247933884296,470,529,999,103.20247933884296,0,0,0,0.0,0306915000,2nd
City of Tarlac ,2025,2795,2841,5636,67.83822821376985,380,314,694,7.718829941052164,134,133,267,2.9696363029696364,3250,3000,6250,69.5139584028473,3425,3169,6594,73.34000667334001,3739,3470,7209,80.18018018018019,3053,2849,5902,65.64342119897675,3123,2930,6053,67.32287843398954,3186,3018,6204,69.00233566900233,3234,2935,6169,68.6130575019464,2978,3079,6057,67.36736736736736,3325,3182,6507,72.37237237237237,3563,3390,6953,77.33288844399956,3296,3149,6445,71.68279390501613,3283,3194,6477,72.0387053720387,3969,4084,8053,89.56734512290068,3959,4078,8037,90.45582442318513,250,220,470,61.43790849673203,0306916000,1st
Victoria,2025,186,253,439,32.688011913626205,186,150,336,22.98221614227086,165,127,292,19.972640218878247,484,416,900,61.55950752393981,473,463,936,64.0218878248974,521,485,1006,68.80984952120383,475,401,876,59.91792065663475,486,434,920,62.927496580027366,479,456,935,63.95348837209303,548,525,1073,73.39261285909713,399,397,796,54.44596443228454,514,464,978,66.89466484268127,629,559,1188,81.25854993160054,606,593,1199,82.0109439124487,488,474,962,65.80027359781123,690,696,1386,94.8016415868673,688,692,1380,94.39124487004104,3,4,7,3.3980582524271843,0306917000,2nd
San Jose,2025,288,254,542,57.59829968119023,288,266,554,54.20743639921722,288,265,553,54.109589041095894,450,444,894,87.47553816046967,445,428,873,85.42074363992172,476,429,905,88.5518590998043,451,489,940,91.97651663405088,432,418,850,83.17025440313111,441,417,858,83.95303326810176,434,408,842,82.38747553816047,433,400,833,81.5068493150685,472,473,945,92.46575342465754,479,481,960,93.9334637964775,460,412,872,85.32289628180038,423,400,823,80.52837573385519,488,486,974,95.30332681017613,487,486,973,96.14624505928853,0,0,0,0.0,0306918000,3rd
Zambales,2025,2980,3075,6055,50.852439741328624,3083,3001,6084,46.98432311375396,2070,2108,4178,32.26503977141092,4382,4158,8540,65.95103869024635,4531,4397,8928,68.94740906633717,4942,4678,9620,74.29145107730328,4245,4037,8282,63.9586068422272,4243,4011,8254,63.74237392848868,4183,4009,8192,63.26357247663912,4152,3866,8018,61.91983936983551,3507,3347,6854,52.93072824156305,4505,4310,8815,68.07475480732103,4923,4780,9703,74.93242721445671,4731,4506,9237,71.33369372152289,4233,3904,8137,62.83882925322418,4595,4451,9046,69.85867634566377,4540,4401,8941,69.68823070927513,170,131,301,8.824391673995896,0307100000,2nd
Botolan,2025,341,359,700,50.0,418,414,832,54.521625163827004,309,343,652,42.72608125819135,497,496,993,65.07208387942333,485,534,1019,66.77588466579292,527,550,1077,70.57667103538662,488,487,975,63.892529488859765,459,491,950,62.254259501965926,442,465,907,59.43643512450853,447,454,901,59.04325032765399,431,431,862,56.4875491480996,520,513,1033,67.69331585845347,558,572,1130,74.04980340760157,542,523,1065,69.7903014416776,465,450,915,59.96068152031455,506,539,1045,68.47968545216251,501,535,1036,68.42800528401585,15,16,31,6.498951781970649,0307101000,1st
Cabangan,2025,182,147,329,57.82073813708261,178,155,333,54.41176470588235,140,117,257,41.993464052287585,189,174,363,59.31372549019608,180,185,365,59.64052287581699,219,208,427,69.77124183006535,188,172,360,58.82352941176471,175,184,359,58.66013071895425,184,187,371,60.62091503267973,185,192,377,61.60130718954249,167,167,334,54.57516339869281,191,173,364,59.47712418300654,228,238,466,76.1437908496732,229,226,455,74.34640522875817,208,190,398,65.0326797385621,229,203,432,70.58823529411765,229,203,432,70.81967213114754,5,1,6,3.75,0307102000,4th
Candelaria,2025,130,167,297,50.33898305084745,210,181,391,61.18935837245696,136,136,272,42.56651017214397,182,195,377,58.99843505477308,199,188,387,60.56338028169014,209,209,418,65.41471048513301,181,193,374,58.52895148669796,197,180,377,58.99843505477308,193,184,377,58.99843505477308,190,199,389,60.876369327073554,165,172,337,52.738654147104846,192,199,391,61.18935837245696,208,193,401,62.75430359937402,210,207,417,65.25821596244131,201,191,392,61.34585289514867,228,225,453,70.89201877934272,228,225,453,72.59615384615384,15,2,17,10.179640718562874,0307103000,3rd
Castillejos,2025,264,300,564,44.374508261211645,293,275,568,40.92219020172911,225,218,443,31.9164265129683,439,470,909,65.48991354466858,454,475,929,66.93083573487031,459,458,917,66.06628242074927,411,432,843,60.73487031700289,402,433,835,60.15850144092219,384,400,784,56.48414985590778,400,374,774,55.763688760806915,317,289,606,43.65994236311239,452,456,908,65.4178674351585,443,518,961,69.23631123919309,422,425,847,61.023054755043226,449,409,858,61.815561959654175,512,458,970,69.88472622478386,512,448,960,70.02188183807439,37,28,65,15.853658536585366,0307104000,3rd
Iba ,2025,257,280,537,54.35222672064778,283,302,585,54.82661668228679,188,212,400,37.488284910965326,367,369,736,68.9784442361762,400,397,797,74.6954076850984,447,444,891,83.50515463917526,369,364,733,68.69728209934397,379,378,757,70.94657919400188,385,397,782,73.2895970009372,390,377,767,71.88378631677601,361,361,722,67.66635426429241,382,379,761,71.32146204311152,478,469,947,88.7535145267104,489,486,975,91.37769447047798,403,416,819,76.7572633552015,443,477,920,86.22305529522023,443,477,920,87.12121212121212,4,11,15,8.670520231213873,0307105000,2nd
Masinloc,2025,162,193,355,33.177570093457945,190,224,414,35.751295336787564,166,177,343,29.620034542314333,378,359,737,63.64421416234888,369,368,737,63.64421416234888,384,396,780,67.35751295336787,363,343,706,60.96718480138169,342,337,679,58.63557858376511,342,338,680,58.72193436960277,337,326,663,57.2538860103627,312,276,588,50.77720207253886,425,415,840,72.53886010362694,410,446,856,73.92055267702936,347,347,694,59.930915371329874,366,303,669,57.77202072538861,386,345,731,63.12607944732297,381,342,723,63.14410480349345,23,16,39,20.0,0307106000,1st
Palauig,2025,247,218,465,65.86402266288952,275,224,499,64.72114137483787,191,171,362,46.952010376134886,301,264,565,73.28145265888456,314,280,594,77.04280155642024,325,245,570,73.92996108949417,272,266,538,69.77950713359273,302,227,529,68.61219195849546,279,234,513,66.53696498054474,261,195,456,59.143968871595334,246,205,451,58.49546044098574,302,295,597,77.431906614786,370,281,651,84.43579766536965,336,261,597,77.431906614786,312,249,561,72.76264591439688,278,265,543,70.42801556420234,278,265,543,70.6111833550065,5,10,15,6.912442396313365,0307108000,3rd
San Antonio,2025,131,125,256,42.524916943521596,175,155,330,50.847457627118644,154,138,292,44.99229583975347,248,172,420,64.71494607087827,270,202,472,72.72727272727273,287,221,508,78.27426810477658,251,162,413,63.63636363636363,254,180,434,66.87211093990754,241,175,416,64.09861325115563,235,169,404,62.249614791987675,191,160,351,54.08320493066255,251,187,438,67.4884437596302,290,233,523,80.58551617873651,242,216,458,70.57010785824345,224,201,425,65.48536209553158,260,239,499,76.88751926040062,257,236,493,76.31578947368422,3,3,6,5.217391304347826,0307109000,2nd
San Felipe,2025,105,132,237,63.36898395721925,118,131,249,60.43689320388349,94,107,201,48.786407766990294,142,149,291,70.63106796116504,159,183,342,83.00970873786407,184,196,380,92.23300970873787,137,145,282,68.44660194174757,148,170,318,77.18446601941747,161,184,345,83.7378640776699,150,143,293,71.11650485436894,111,118,229,55.582524271844655,138,158,296,71.84466019417476,157,176,333,80.8252427184466,130,146,276,66.99029126213593,129,119,248,60.19417475728155,187,186,373,90.53398058252428,166,169,335,81.31067961165049,21,16,37,49.333333333333336,0307110000,4th
San Marcelino,2025,276,241,517,88.37606837606837,251,232,483,74.079754601227,173,160,333,51.07361963190185,261,243,504,77.30061349693251,249,243,492,75.4601226993865,245,245,490,75.15337423312883,248,228,476,73.00613496932516,233,206,439,67.33128834355828,201,200,401,61.50306748466258,209,196,405,62.11656441717791,153,146,299,45.858895705521476,260,239,499,76.53374233128835,273,272,545,83.58895705521472,251,236,487,74.69325153374233,201,197,398,61.04294478527608,238,239,477,73.15950920245399,238,239,477,73.83900928792569,12,7,19,14.84375,0307111000,1st
San Narciso,2025,88,99,187,45.27845036319613,110,106,216,48.10690423162583,80,78,158,35.18930957683742,149,137,286,63.69710467706013,140,140,280,62.360801781737194,164,148,312,69.48775055679288,145,151,296,65.92427616926503,146,138,284,63.25167037861915,154,133,287,63.91982182628062,148,135,283,63.02895322939867,97,94,191,42.53897550111358,149,141,290,64.58797327394208,162,164,326,72.60579064587974,166,165,331,73.71937639198218,124,129,253,56.347438752783965,172,150,322,71.71492204899778,172,150,322,71.71492204899778,0,0,0,0.0,0307112000,4th
Santa Cruz,2025,284,297,581,51.23456790123457,226,252,478,38.8302193338749,124,150,274,22.258326563769295,434,403,837,67.99350121852153,474,437,911,74.00487408610886,592,524,1116,90.65800162469537,431,389,820,66.61251015434605,437,397,834,67.7497969130788,480,429,909,73.84240454914703,466,410,876,71.16165718927701,358,356,714,58.001624695369614,464,410,874,70.99918765231519,509,460,969,78.71649065800163,539,488,1027,83.4281072298944,421,405,826,67.09991876523151,445,434,879,71.40536149471974,425,422,847,69.25592804578903,11,4,15,5.747126436781609,0307113000,1st
Subic,2025,513,517,1030,46.71201814058957,356,350,706,29.478079331941544,90,101,191,7.974947807933194,795,727,1522,63.5490605427975,838,765,1603,66.93110647181628,900,834,1734,72.40083507306889,761,705,1466,61.21085594989562,769,690,1459,60.91858037578288,737,683,1420,59.2901878914405,734,696,1430,59.707724425887264,598,572,1170,48.8517745302714,779,745,1524,63.63256784968685,837,758,1595,66.59707724425887,828,780,1608,67.13987473903967,730,645,1375,57.41127348643006,711,691,1402,58.53862212943633,710,690,1400,59.19661733615222,19,17,36,3.640040444893832,0307114000,1st
Aurora,2025,1280,1255,2535,54.56306500215239,301,272,573,11.353279175747968,222,226,448,8.876560332871012,1749,1649,3398,67.32712502476718,1890,1716,3606,71.44838517931444,1911,1785,3696,73.23162274618585,1703,1599,3302,65.42500495343768,1826,1672,3498,69.30850009906875,1824,1683,3507,69.4868238557559,1803,1678,3481,68.9716663364375,1811,1654,3465,68.65464632454923,1746,1633,3379,66.95066376064989,2011,1789,3800,75.29225282345948,1945,1837,3782,74.9356053100852,1916,1757,3673,72.77590647909649,2219,2154,4373,86.64553199920745,2219,2154,4373,87.86417520594736,36,26,62,15.270935960591133,0307700000,3rd
Baler ,2025,197,188,385,45.294117647058826,37,30,67,7.282608695652174,44,42,86,9.347826086956522,290,289,579,62.93478260869565,331,276,607,65.97826086956522,346,337,683,74.23913043478261,265,252,517,56.19565217391305,295,255,550,59.78260869565217,291,271,562,61.08695652173913,291,275,566,61.52173913043478,328,320,648,70.43478260869566,309,296,605,65.76086956521739,356,304,660,71.73913043478261,331,323,654,71.08695652173913,363,346,709,77.06521739130436,428,442,870,94.56521739130434,428,442,870,95.7095709570957,14,4,18,257.14285714285717,0307701000,3rd
Casiguran,2025,122,118,240,42.47787610619469,46,40,86,14.285714285714285,29,32,61,10.132890365448505,165,171,336,55.81395348837209,174,173,347,57.64119601328903,191,174,365,60.631229235880404,163,168,331,54.98338870431893,168,178,346,57.475083056478404,184,171,355,58.97009966777409,175,175,350,58.139534883720934,193,163,356,59.136212624584715,142,128,270,44.85049833887043,153,155,308,51.162790697674424,168,151,319,52.99003322259136,201,165,366,60.797342192691026,232,245,477,79.2358803986711,232,245,477,80.71065989847716,1,3,4,3.2,0307702000,2nd
Dilasag,2025,112,95,207,54.473684210526315,16,15,31,7.451923076923077,20,14,34,8.173076923076923,132,130,262,62.980769230769226,141,147,288,69.23076923076923,148,140,288,69.23076923076923,132,132,264,63.46153846153846,144,148,292,70.1923076923077,147,141,288,69.23076923076923,147,138,285,68.50961538461539,154,133,287,68.99038461538461,132,133,265,63.70192307692307,144,147,291,69.95192307692307,149,140,289,69.47115384615384,152,131,283,68.02884615384616,187,163,350,84.13461538461539,187,163,350,84.9514563106796,1,0,1,1.5151515151515151,0307703000,3rd
Dinalungan,2025,80,96,176,77.87610619469027,15,24,39,15.66265060240964,12,22,34,13.654618473895583,98,94,192,77.10843373493977,101,96,197,79.11646586345381,97,106,203,81.52610441767068,98,94,192,77.10843373493977,98,96,194,77.91164658634538,93,100,193,77.51004016064257,88,94,182,73.09236947791165,98,105,203,81.52610441767068,99,94,193,77.51004016064257,100,96,196,78.714859437751,95,101,196,78.714859437751,98,105,203,81.52610441767068,108,104,212,85.14056224899599,108,104,212,87.24279835390946,0,0,0,0.0,0307704000,4th
Dingalan,2025,212,191,403,76.47058823529412,95,90,185,32.06239168110919,75,71,146,25.30329289428076,268,206,474,82.14904679376083,285,203,488,84.57538994800693,263,208,471,81.62911611785096,267,208,475,82.32235701906413,286,205,491,85.09532062391682,262,207,469,81.28249566724438,264,204,468,81.10918544194108,217,176,393,68.1109185441941,257,205,462,80.06932409012131,311,219,530,91.85441941074524,284,234,518,89.77469670710572,223,171,394,68.2842287694974,244,212,456,79.02946273830156,244,212,456,80.14059753954305,3,6,9,39.130434782608695,0307705000,3rd
Dipaculao,2025,173,199,372,50.81967213114754,31,24,55,6.962025316455696,10,14,24,3.0379746835443036,257,269,526,66.58227848101265,286,273,559,70.75949367088607,281,279,560,70.88607594936708,259,265,524,66.32911392405063,286,271,557,70.50632911392405,275,262,537,67.97468354430379,274,256,530,67.08860759493672,301,286,587,74.30379746835443,275,280,555,70.25316455696202,307,292,599,75.82278481012659,291,297,588,74.43037974683544,307,293,600,75.9493670886076,342,371,713,90.25316455696203,342,371,713,92.0,10,3,13,86.66666666666667,0307706000,3rd
Maria Aurora,2025,231,211,442,49.275362318840585,34,24,58,5.93654042988741,19,17,36,3.68474923234391,303,272,575,58.853633572159666,323,314,637,65.19959058341863,338,307,645,66.01842374616172,292,268,560,57.31832139201638,314,299,613,62.74309109518935,335,310,645,66.01842374616172,322,301,623,63.76663254861822,310,266,576,58.95598771750256,298,268,566,57.932446264073704,359,312,671,68.67963152507677,356,337,693,70.93142272262027,340,312,652,66.73490276356192,417,368,785,80.34800409416582,417,368,785,81.01135190918473,0,2,2,1.0256410256410255,0307707000,2nd
San Luis,2025,153,157,310,66.09808102345416,27,25,52,10.077519379844961,13,14,27,5.232558139534884,236,218,454,87.98449612403101,249,234,483,93.6046511627907,247,234,481,93.21705426356588,227,212,439,85.07751937984496,235,220,455,88.17829457364341,237,221,458,88.75968992248062,242,235,477,92.44186046511628,210,205,415,80.42635658914729,234,229,463,89.72868217054264,281,264,545,105.6201550387597,271,254,525,101.74418604651163,232,234,466,90.31007751937985,261,249,510,98.83720930232558,261,249,510,100.19646365422396,7,8,15,-55.55555555555556,0307708000,2nd
City of Angeles,2025,1633,1701,3334,35.7725321888412,612,636,1248,12.234094696598373,246,266,512,5.019115772963435,3328,3197,6525,63.964317223801594,3553,3500,7053,69.14028036467013,3874,3925,7799,76.45328889324577,2990,2968,5958,58.406038623664344,2832,2833,5665,55.53377119890207,2738,2853,5591,54.80835212234094,3114,3040,6154,60.32741888050192,2670,2537,5207,51.04401529261837,3567,3384,6951,68.14037839427507,4145,4145,8290,81.26654249583373,4018,4056,8074,79.1491030291148,3257,3090,6347,62.21939025585726,3350,3237,6587,64.57210077443388,3191,3050,6241,61.767616785431514,428,362,790,20.487551867219917,0330100000,1st
City of Olongapo,2025,1421,1311,2732,58.930112165660056,332,338,670,13.343955387373033,226,221,447,8.902609042023501,1775,1705,3480,69.30890260904202,1768,1729,3497,69.64748058155746,1955,1839,3794,75.56263692491537,1458,1356,2814,56.04461262696674,1412,1367,2779,55.34754033061143,1433,1325,2758,54.929296952798246,1478,1409,2887,57.49850627365066,1506,1379,2885,57.458673571001796,1761,1712,3473,69.16948814977097,1735,1674,3409,67.89484166500696,1721,1653,3374,67.19776936865166,1458,1333,2791,55.58653654650468,1717,1582,3299,65.70404301931886,1703,1571,3274,65.59807653776798,111,99,210,15.395894428152493,0331400000,1st
Region 4A,2025,82898,80433,163331,52.179260683856256,95526,91181,186707,54.86525164486734,84517,81212,165729,48.700709078139646,114466,107730,222196,65.29396034686938,117605,111193,228798,67.23400754038337,122184,115584,237768,69.86990928619076,95575,90063,185638,54.551117980846364,96523,92385,188908,55.51203199520425,97901,93021,190922,56.10386099364973,108114,102692,210806,61.94692345893782,94686,89544,184230,54.13736662542866,120722,113345,234067,68.78234269073556,132291,123131,255422,75.05766953373632,124472,118409,242881,71.37240266705064,111839,104003,215842,63.4267898125483,111209,104968,216177,63.52523207395806,101490,96284,197774,58.6549697196173,13512,12279,25791,19.431176071724554,0400000000,
Batangas ,2025,16462,15990,32452,60.16649053525409,17086,16400,33486,56.92477688057799,15911,15413,31324,53.249468763280916,20095,18865,38960,66.23034424139396,21267,20187,41454,70.47003824904378,22760,21561,44321,75.34381640458989,15317,14544,29861,50.76243093922652,15841,15081,30922,52.566085847853806,16256,15417,31673,53.84275393115172,17866,16877,34743,59.06162345941352,15553,14685,30238,51.40331491712708,21868,20373,42241,71.80790480237994,24390,22985,47375,80.53548661283469,23042,21988,45030,76.54908627284318,20206,18560,38766,65.90055248618785,19662,18323,37985,64.57288567785805,18291,17043,35334,60.56668780747013,2460,2338,4798,20.735554691213967,0401000000,1st
Agoncillo,2025,234,248,482,70.88235294117648,234,248,482,64.43850267379679,234,248,482,64.43850267379679,261,250,511,68.31550802139037,278,264,542,72.45989304812835,290,269,559,74.73262032085562,224,224,448,59.893048128342244,239,206,445,59.491978609625676,235,220,455,60.82887700534759,240,212,452,60.42780748663101,243,189,432,57.75401069518716,372,357,729,97.45989304812835,432,384,816,109.09090909090908,414,353,767,102.54010695187165,292,239,531,70.98930481283422,284,245,529,70.72192513368985,280,243,523,70.96336499321573,0,0,0,0.0,0401001000,4th
Alitagtag,2025,114,108,222,42.94003868471953,113,109,222,39.29203539823009,113,107,220,38.93805309734513,157,145,302,53.451327433628315,149,149,298,52.743362831858406,152,145,297,52.56637168141592,75,68,143,25.309734513274336,70,66,136,24.07079646017699,89,84,173,30.619469026548675,168,154,322,56.99115044247788,152,139,291,51.50442477876106,193,179,372,65.84070796460178,146,129,275,48.67256637168141,89,91,180,31.858407079646017,158,153,311,55.04424778761062,159,141,300,53.09734513274337,133,114,247,43.87211367673179,16,20,36,12.45674740484429,0401002000,4th
Balayan,2025,447,534,981,57.84198113207547,450,539,989,53.45945945945946,430,508,938,50.70270270270271,597,558,1155,62.43243243243243,761,689,1450,78.37837837837837,784,701,1485,80.27027027027027,430,431,861,46.54054054054054,481,421,902,48.75675675675676,458,409,867,46.86486486486486,454,418,872,47.13513513513514,449,412,861,46.54054054054054,765,714,1479,79.94594594594595,809,783,1592,86.05405405405405,747,709,1456,78.7027027027027,597,522,1119,60.48648648648649,665,586,1251,67.62162162162161,518,474,992,54.03050108932462,172,147,319,27.148936170212767,0401003000,1st
Balete,2025,118,95,213,40.41745730550284,138,118,256,44.52173913043478,109,87,196,34.08695652173913,180,135,315,54.78260869565217,176,152,328,57.04347826086956,194,150,344,59.82608695652174,83,72,155,26.956521739130434,82,75,157,27.304347826086957,92,80,172,29.91304347826087,173,127,300,52.17391304347826,130,115,245,42.608695652173914,163,135,298,51.82608695652174,225,156,381,66.26086956521739,211,169,380,66.08695652173913,157,125,282,49.04347826086956,172,155,327,56.869565217391305,166,151,317,55.809859154929576,15,12,27,8.256880733944955,0401004000,5th
Batangas City ,2025,1711,1669,3380,54.29718875502007,1755,1675,3430,50.57505160719552,1724,1646,3370,49.69035682689472,2002,1916,3918,57.77056915364199,1976,1957,3933,57.99174284871719,2046,1979,4025,59.348274845178416,1703,1687,3390,49.98525508699498,1744,1728,3472,51.19433795340608,1822,1719,3541,52.211736950751984,2040,1945,3985,58.75847832497788,2010,1807,3817,56.281332940135655,2215,2123,4338,63.963432615747564,2185,2102,4287,63.2114420524919,2168,2016,4184,61.692716012975524,2057,1848,3905,57.57888528457682,2004,1893,3897,57.460925980536715,2004,1892,3896,57.709968893497255,0,4,4,0.144248106743599,0401005000,1st
Bauan,2025,694,696,1390,99.4277539341917,692,696,1388,90.54142204827136,691,694,1385,90.3457273320287,752,761,1513,98.69536855838226,765,837,1602,104.50097847358121,858,862,1720,112.1983039791259,676,676,1352,88.19308545335942,679,739,1418,92.49836921069797,709,733,1442,94.06392694063926,696,714,1410,91.97651663405088,755,753,1508,98.36921069797782,812,831,1643,107.17547292889759,1048,1055,2103,137.1819960861057,991,1032,2023,131.96347031963472,773,804,1577,102.87018917155903,820,761,1581,103.13111545988258,819,757,1576,103.07390451275342,0,1,1,-0.9708737864077669,0401006000,1st
City of Calaca,2025,782,817,1599,93.56348741954359,781,817,1598,86.0064585575888,781,816,1597,85.95263724434876,822,779,1601,86.16792249730894,826,775,1601,86.16792249730894,839,769,1608,86.54467168998924,823,780,1603,86.27556512378902,825,776,1601,86.16792249730894,836,771,1607,86.4908503767492,827,768,1595,85.84499461786868,814,784,1598,86.0064585575888,797,803,1600,86.11410118406889,816,788,1604,86.32938643702907,827,778,1605,86.38320775026911,842,766,1608,86.54467168998924,881,881,1762,94.83315392895587,881,881,1762,96.07415485278081,8,1,9,7.086614173228346,0401007000,1st (as Mun)
Calatagan,2025,335,324,659,61.07506950880445,356,342,698,59.152542372881356,338,327,665,56.355932203389834,401,394,795,67.37288135593221,453,427,880,74.57627118644068,505,478,983,83.30508474576271,271,268,539,45.67796610169491,285,280,565,47.88135593220339,298,292,590,50.0,338,328,666,56.440677966101696,188,180,368,31.186440677966104,402,364,766,64.91525423728814,401,413,814,68.98305084745763,410,393,803,68.05084745762711,373,367,740,62.71186440677966,368,360,728,61.694915254237294,278,277,555,47.35494880546075,82,85,167,30.81180811808118,0401008000,2nd
Cuenca,2025,199,169,368,55.6732223903177,205,171,376,52.29485396383866,202,172,374,52.01668984700974,242,203,445,61.891515994436716,281,220,501,69.68011126564673,308,258,566,78.72044506258693,142,118,260,36.16133518776078,133,133,266,36.99582753824757,150,131,281,39.082058414464534,255,209,464,64.53407510431154,190,173,363,50.48678720445062,388,315,703,97.77468706536857,357,298,655,91.09874826147427,275,277,552,76.77329624478443,250,209,459,63.83866481223922,187,190,377,52.43393602225312,188,187,375,52.52100840336135,47,32,79,22.253521126760564,0401009000,4th
Ibaan,2025,208,203,411,36.72922252010724,280,281,561,46.21087314662273,234,251,485,39.9505766062603,391,376,767,63.17957166392092,447,395,842,69.35749588138385,455,445,900,74.13509060955519,362,338,700,57.66062602965404,372,322,694,57.166392092257,363,335,698,57.49588138385503,203,209,412,33.93739703459638,107,113,220,18.12191103789127,423,355,778,64.08566721581549,467,384,851,70.0988467874794,448,390,838,69.02800658978583,416,387,803,66.14497528830313,346,359,705,58.07248764415156,333,355,688,57.190357439733994,89,81,170,21.879021879021877,0401010000,2nd
Laurel,2025,214,213,427,48.96788990825688,215,214,429,45.49310710498409,203,201,404,42.84199363732768,284,272,556,58.96076352067868,319,310,629,66.70201484623541,373,380,753,79.85153764581125,192,188,380,40.29692470837752,208,223,431,45.705196182396605,219,236,455,48.25026511134676,192,199,391,41.46341463414634,140,118,258,27.359490986214208,296,294,590,62.566277836691405,408,416,824,87.38069989395547,386,389,775,82.18451749734889,305,282,587,62.24814422057264,289,266,555,58.85471898197243,276,257,533,56.883671291355384,75,72,147,24.378109452736318,0401011000,3rd
Lemery,2025,499,483,982,59.8780487804878,495,478,973,54.20612813370474,494,482,976,54.373259052924794,608,609,1217,67.79944289693593,695,665,1360,75.76601671309191,770,698,1468,81.78272980501393,366,364,730,40.66852367688023,408,381,789,43.95543175487465,422,387,809,45.069637883008355,550,485,1035,57.66016713091921,411,362,773,43.06406685236769,614,579,1193,66.46239554317549,633,613,1246,69.4150417827298,534,484,1018,56.713091922005574,600,527,1127,62.78551532033426,577,514,1091,60.77994428969359,563,499,1062,59.52914798206278,62,54,116,15.084525357607282,0401012000,1st
Lian,2025,310,362,672,62.80373831775701,316,371,687,58.86889460154242,301,348,649,55.612682090831186,349,388,737,63.15338474721508,408,407,815,69.83718937446443,427,406,833,71.3796058269066,170,174,344,29.477292202227932,201,185,386,33.07626392459297,194,192,386,33.07626392459297,242,194,436,37.36075407026564,132,155,287,24.5929734361611,333,308,641,54.92716366752356,331,330,661,56.64095972579263,277,308,585,50.128534704370175,412,374,786,67.3521850899743,389,362,751,64.35304198800343,238,251,489,42.30103806228374,142,117,259,30.650887573964496,0401013000,3rd
City of Lipa,2025,2456,2284,4740,64.80721903199344,2518,2266,4784,59.98746081504702,2359,2152,4511,56.56426332288401,2920,2722,5642,70.74608150470219,3224,3102,6326,79.32288401253919,3393,3257,6650,83.38557993730407,2019,1906,3925,49.21630094043887,2121,2013,4134,51.83699059561129,2286,2249,4535,56.86520376175549,2615,2521,5136,64.4012539184953,2097,1997,4094,51.33542319749216,3640,3408,7048,88.37617554858934,3858,3661,7519,94.28213166144201,3695,3589,7284,91.33542319749216,2717,2627,5344,67.00940438871473,2376,2255,4631,58.06896551724138,2280,2161,4441,56.265044976561505,489,456,945,27.367506516072982,0401014000,1st
Lobo,2025,196,175,371,54.39882697947213,208,170,378,50.33288948069241,170,156,326,43.40878828229028,247,220,467,62.18375499334221,282,228,510,67.90945406125167,297,270,567,75.49933422103862,193,160,353,47.003994673768304,199,162,361,48.06924101198402,195,182,377,50.19973368841545,140,132,272,36.21837549933422,127,124,251,33.422103861517975,287,248,535,71.23834886817576,348,297,645,85.88548601864181,339,302,641,85.35286284953395,280,219,499,66.44474034620505,274,232,506,67.37683089214381,262,223,485,64.58055925432757,12,7,19,6.884057971014493,0401015000,3rd
Mabini,2025,228,223,451,53.30969267139481,228,223,451,48.546824542518834,228,223,451,48.546824542518834,271,245,516,55.543595263724434,277,263,540,58.1270182992465,326,290,616,66.30785791173305,233,218,451,48.546824542518834,242,219,461,49.6232508073197,258,223,481,51.77610333692142,268,239,507,54.57481162540366,270,251,521,56.08180839612486,268,244,512,55.113024757804084,361,304,665,71.58234660925726,397,371,768,82.66953713670614,289,269,558,60.06458557588805,301,279,580,62.43272335844995,290,278,568,61.14101184068891,8,1,9,2.2167487684729066,0401016000,1st
Malvar,2025,386,373,759,60.526315789473685,379,349,728,53.45080763582967,361,344,705,51.76211453744494,405,358,763,56.02055800293686,405,331,736,54.03817914831131,452,372,824,60.4992657856094,381,338,719,52.79001468428781,387,377,764,56.093979441997064,382,305,687,50.440528634361236,354,277,631,46.328928046989724,193,277,470,34.50807635829663,383,325,708,51.98237885462555,474,419,893,65.56534508076358,456,424,880,64.61086637298091,466,404,870,63.87665198237885,447,419,866,63.582966226138026,448,416,864,64.14253897550111,48,41,89,21.76039119804401,0401017000,2nd
Mataasnakahoy,2025,214,139,353,69.2156862745098,215,144,359,64.4524236983842,213,139,352,63.19569120287253,217,186,403,72.35188509874327,225,187,412,73.96768402154399,238,221,459,82.40574506283662,149,152,301,54.039497307001795,164,169,333,59.78456014362658,175,167,342,61.40035906642729,215,195,410,73.60861759425494,198,166,364,65.35008976660683,251,215,466,83.66247755834829,275,274,549,98.56373429084381,276,268,544,97.66606822262118,228,177,405,72.71095152603232,214,186,400,71.8132854578097,213,185,398,72.49544626593807,18,19,37,35.92233009708738,0401018000,4th
Nasugbu,2025,814,786,1600,54.108894149475816,909,870,1779,55.40330115228901,851,817,1668,51.94643413266895,982,925,1907,59.38959825599501,1053,948,2001,62.317035191529115,1136,1035,2171,67.61133603238866,1023,951,1974,61.476175646216134,1056,972,2028,63.1578947368421,1054,973,2027,63.1267517907194,923,837,1760,54.811585175957646,643,577,1220,37.994394269697914,1073,993,2066,64.34132668950483,1417,1294,2711,84.42852693864839,1388,1278,2666,83.02709436312675,1052,919,1971,61.38274680784802,1008,893,1901,59.202740579258794,999,885,1884,59.208045254556886,22,6,28,2.4734982332155475,0401019000,1st
Padre Garcia,2025,320,328,648,65.19114688128774,319,324,643,59.09926470588235,310,320,630,57.904411764705884,389,387,776,71.32352941176471,394,410,804,73.89705882352942,438,409,847,77.84926470588235,237,242,479,44.025735294117645,233,266,499,45.86397058823529,229,234,463,42.55514705882353,248,247,495,45.49632352941176,154,161,315,28.952205882352942,346,337,683,62.77573529411765,363,353,716,65.80882352941177,271,297,568,52.20588235294118,376,340,716,65.80882352941177,371,345,716,65.80882352941177,371,345,716,66.66666666666666,6,7,13,3.324808184143223,0401020000,2nd
Rosario,2025,838,716,1554,65.37652503155238,828,707,1535,59.26640926640927,760,661,1421,54.864864864864856,869,754,1623,62.664092664092664,896,838,1734,66.94980694980694,1063,1029,2092,80.77220077220078,661,601,1262,48.72586872586873,673,630,1303,50.30888030888031,684,649,1333,51.46718146718147,561,538,1099,42.432432432432435,501,463,964,37.22007722007722,784,690,1474,56.91119691119692,931,880,1811,69.92277992277992,917,831,1748,67.49034749034749,919,841,1760,67.95366795366795,889,850,1739,67.14285714285714,713,658,1371,53.471138845553824,150,198,348,32.01471941122355,0401021000,1st
San Jose,2025,554,506,1060,74.49051300070273,534,498,1032,66.02687140115164,509,457,966,61.80422264875239,530,477,1007,64.42738323736404,558,521,1079,69.03390914907229,608,558,1166,74.6001279590531,331,289,620,39.667306461932185,333,319,652,41.71465131158029,338,314,652,41.71465131158029,549,495,1044,66.79462571976967,464,421,885,56.62188099808061,401,371,772,49.39219449776072,412,377,789,50.479846449136275,367,333,700,44.785668586052466,544,473,1017,65.06717850287907,497,434,931,59.564939219449776,418,348,766,49.41935483870968,99,99,198,121.47239263803682,0401022000,1st
San Juan,2025,664,610,1274,59.228265922826594,668,615,1283,54.61898680289485,590,527,1117,47.55214985100042,809,731,1540,65.55981268624946,824,770,1594,67.85866326096212,921,856,1777,75.64921243082162,396,366,762,32.43933588761175,423,389,812,34.5679012345679,436,439,875,37.24989357173265,484,511,995,42.358450404427415,491,429,920,39.16560238399319,795,742,1537,65.4320987654321,1006,926,1932,82.24776500638569,910,925,1835,78.11834823329076,799,749,1548,65.90038314176245,716,668,1384,58.91868880374628,706,650,1356,58.44827586206897,104,101,205,24.492234169653525,0401023000,1st
San Luis,2025,159,162,321,56.613756613756614,159,162,321,51.2779552715655,159,162,321,51.2779552715655,199,187,386,61.66134185303515,207,213,420,67.0926517571885,207,208,415,66.29392971246007,120,115,235,37.53993610223642,141,132,273,43.61022364217252,143,126,269,42.97124600638978,199,208,407,65.01597444089457,176,139,315,50.319488817891376,232,221,453,72.36421725239617,279,262,541,86.4217252396166,258,237,495,79.07348242811501,234,193,427,68.21086261980831,232,172,404,64.5367412140575,204,149,353,56.38977635782748,71,54,125,33.42245989304813,0401024000,4th
San Nicolas,2025,103,107,210,56.30026809651475,103,107,210,51.21951219512195,102,107,209,50.97560975609756,112,106,218,53.170731707317074,106,120,226,55.1219512195122,114,132,246,60.0,110,105,215,52.4390243902439,87,108,195,47.5609756097561,91,107,198,48.292682926829265,96,113,209,50.97560975609756,88,96,184,44.87804878048781,156,159,315,76.82926829268293,132,157,289,70.48780487804878,136,130,266,64.8780487804878,101,112,213,51.951219512195124,136,151,287,70.0,136,150,286,69.7560975609756,0,1,1,1.1764705882352942,0401025000,5th
San Pascual,2025,315,289,604,46.93084693084693,344,322,666,47.94816414686825,335,317,652,46.940244780417565,415,383,798,57.45140388768899,440,434,874,62.922966162706985,522,499,1021,73.50611951043916,279,243,522,37.580993520518355,281,268,549,39.524838012958966,308,267,575,41.3966882649388,401,382,783,56.371490280777536,359,334,693,49.892008639308855,605,552,1157,83.29733621310295,579,554,1133,81.56947444204464,527,530,1057,76.09791216702664,387,372,759,54.64362850971922,370,373,743,53.49172066234701,349,336,685,49.53000723065799,43,58,101,17.06081081081081,0401026000,1st
Santa Teresita,2025,89,109,198,56.09065155807366,89,110,199,51.688311688311686,65,90,155,40.25974025974026,125,126,251,65.1948051948052,130,139,269,69.87012987012987,128,149,277,71.94805194805195,108,120,228,59.22077922077922,108,114,222,57.66233766233766,113,120,233,60.51948051948052,117,116,233,60.51948051948052,111,102,213,55.32467532467532,165,175,340,88.31168831168831,147,178,325,84.4155844155844,148,136,284,73.76623376623377,125,101,226,58.7012987012987,116,131,247,64.15584415584415,102,119,221,57.4025974025974,14,11,25,13.88888888888889,0401027000,5th
City of Sto. Tomas,2025,950,997,1947,45.77944980014107,964,1000,1964,42.27292294446836,929,972,1901,40.916917778734394,1646,1490,3136,67.49892380542401,1687,1582,3269,70.36160137752906,1785,1760,3545,76.302195436935,1054,964,2018,43.43521308652604,1112,985,2097,45.1356005165734,1091,1034,2125,45.738269479121826,1465,1398,2863,61.62290142057684,1381,1380,2761,59.427464485578994,1588,1419,3007,64.72234179939733,1714,1668,3382,72.79380111924236,1453,1405,2858,61.515281962978904,1541,1446,2987,64.29186396900559,1423,1395,2818,60.654326302195436,1188,1181,2369,51.61220043572985,291,278,569,25.188136343514827,0401028000,1st (as Mun)
Taal,2025,356,354,710,68.07286673058485,354,348,702,61.95939982347749,338,348,686,60.54721977052074,400,386,786,69.37334510150043,422,414,836,73.7864077669903,458,442,900,79.4351279788173,211,221,432,38.128861429832305,217,249,466,41.1297440423654,260,254,514,45.36628420123566,419,399,818,72.19770520741395,409,378,787,69.46160635481023,441,411,852,75.19858781994704,509,460,969,85.5251544571933,453,424,877,77.40511915269197,448,402,850,75.02206531332745,473,412,885,78.11120917917034,473,412,885,78.18021201413427,9,5,14,8.484848484848486,0401029000,3rd
Talisay,2025,239,244,483,57.29537366548043,256,239,495,54.03930131004366,239,245,484,52.838427947598255,263,270,533,58.18777292576419,294,288,582,63.53711790393013,328,313,641,69.97816593886463,250,261,511,55.786026200873366,272,270,542,59.1703056768559,294,259,553,60.37117903930132,271,249,520,56.76855895196506,237,231,468,51.09170305676856,276,276,552,60.26200873362445,376,334,710,77.51091703056768,373,362,735,80.24017467248909,250,234,484,52.838427947598255,177,169,346,37.77292576419214,177,169,346,38.1057268722467,109,100,209,36.474694589877835,0401030000,3rd
City of Tanauan,2025,1094,1118,2212,60.73585941790225,1347,1333,2680,67.43834927025667,927,943,1870,47.05586311021641,1539,1504,3043,76.57272269753396,1533,1479,3012,75.79265223955713,1484,1477,2961,74.5093105183694,1358,1298,2656,66.83442375440363,1345,1269,2614,65.7775541016608,1296,1300,2596,65.32460996477101,1440,1452,2892,72.7730246602919,1321,1320,2641,66.45697030699547,1639,1570,3209,80.7498741821842,1986,1914,3900,98.13789632611977,1964,1951,3915,98.51534977352793,1494,1488,2982,75.03774534474081,1661,1550,3211,80.80020130850528,1488,1370,2858,72.66717518433765,218,229,447,37.28106755629692,0401031000,2nd
Taysan,2025,283,224,507,72.22222222222221,287,227,514,67.01434159061279,278,217,495,64.53715775749674,273,255,528,68.83963494132985,290,285,575,74.96740547588006,318,298,616,80.3129074315515,271,254,525,68.44850065189048,277,265,542,70.66492829204694,263,249,512,66.7535853976532,239,230,469,61.14732724902217,197,215,412,53.71577574967405,278,258,536,69.88265971316818,327,295,622,81.09517601043025,299,285,584,76.14080834419818,279,246,525,68.44850065189048,338,305,643,83.83311603650587,338,302,640,84.32147562582345,13,8,21,16.666666666666664,0401032000,2nd
Tingloy,2025,72,72,144,43.50453172205438,82,75,157,43.611111111111114,69,77,146,40.55555555555556,92,75,167,46.38888888888889,91,77,168,46.666666666666664,85,88,173,48.05555555555556,79,64,143,39.72222222222222,77,70,147,40.833333333333336,75,73,148,41.11111111111111,73,64,137,38.05555555555556,58,52,110,30.555555555555557,102,86,188,52.22222222222223,120,101,221,61.38888888888889,102,100,202,56.111111111111114,77,69,146,40.55555555555556,75,64,139,38.611111111111114,69,61,130,36.11111111111111,5,3,8,3.686635944700461,0401033000,5th
Tuy,2025,267,253,520,61.75771971496437,265,252,517,56.50273224043716,265,252,517,56.50273224043716,346,292,638,69.72677595628414,395,311,706,77.1584699453552,458,358,816,89.18032786885246,337,288,625,68.30601092896174,366,300,666,72.78688524590164,398,304,702,76.72131147540983,411,312,723,79.01639344262294,357,272,629,68.7431693989071,385,316,701,76.6120218579235,518,426,944,103.16939890710381,536,421,957,104.59016393442624,368,276,644,70.38251366120218,427,327,754,82.40437158469945,390,307,697,76.5934065934066,23,30,53,10.927835051546392,0401034000,3rd
Cavite,2025,20393,19952,40345,50.85974333761945,24206,23245,47451,54.98250330235685,22868,22048,44916,52.04514379736275,28513,26957,55470,64.27429260040324,29199,27621,56820,65.83856689300363,30401,28477,58878,68.22321614794559,25617,24254,49871,57.786609812055346,26117,24826,50943,59.028759472549886,26696,25219,51915,60.15503696322217,28615,26595,55210,63.97302495886537,25893,24562,50455,58.46330328381729,30267,28604,58871,68.21510509605802,35235,31613,66848,77.45822808277907,32470,30687,63157,73.18138629463975,29178,27203,56381,65.32988806748395,29138,27311,56449,65.40868114296309,27842,26067,53909,63.058099683007576,2676,2409,5085,15.942437923250562,0402100000,1st
Alfonso,2025,347,316,663,70.75773745997866,352,315,667,65.13671875,342,308,650,63.4765625,411,372,783,76.46484375,406,366,772,75.390625,389,366,755,73.73046875,365,312,677,66.11328125,360,339,699,68.26171875,358,334,692,67.578125,377,350,727,70.99609375,378,318,696,67.96875,419,366,785,76.66015625,444,415,859,83.88671875,447,435,882,86.1328125,390,324,714,69.7265625,404,363,767,74.90234375,351,304,655,64.3418467583497,51,50,101,25.12437810945274,0402101000,1st
Amadeo,2025,155,147,302,44.02332361516035,212,186,398,53.42281879194631,215,196,411,55.16778523489933,269,248,517,69.39597315436241,266,246,512,68.7248322147651,274,251,525,70.46979865771812,215,203,418,56.10738255033557,216,200,416,55.83892617449664,209,202,411,55.16778523489933,189,195,384,51.54362416107383,166,170,336,45.100671140939596,272,249,521,69.93288590604027,307,295,602,80.80536912751678,344,339,683,91.6778523489933,265,251,516,69.26174496644295,246,245,491,65.90604026845638,228,239,467,63.27913279132791,33,15,48,16.10738255033557,0402102000,4th
City of Bacoor,2025,2625,2636,5261,43.35036255767963,3180,3174,6354,48.290013679890556,3026,2933,5959,45.288037695698435,3711,3684,7395,56.201550387596896,3866,3777,7643,58.086335309317526,4120,3920,8040,61.10351117191063,3706,3656,7362,55.95075239398085,3667,3691,7358,55.92035263717891,3619,3548,7167,54.46876424988601,3682,3537,7219,54.8639610883113,3178,3029,6207,47.17282261741906,3954,3800,7754,58.92992856057152,4198,3987,8185,62.20550235598116,3909,3700,7609,57.82793737650099,3528,3375,6903,52.46238030095759,3229,2980,6209,47.18802249582003,2912,2687,5599,42.94370302193588,588,503,1091,13.815372926427758,0402103000,1st (as Mun)
Carmona,2025,412,435,847,41.11650485436893,580,517,1097,49.01697944593387,506,463,969,43.297587131367294,705,581,1286,57.46201966041108,720,624,1344,60.05361930294906,743,654,1397,62.42180518319928,620,523,1143,51.07238605898124,633,526,1159,51.78731009830205,636,560,1196,53.440571939231454,757,643,1400,62.55585344057194,678,599,1277,57.059874888293116,787,692,1479,66.08579088471849,898,768,1666,74.44146559428061,844,786,1630,72.83288650580876,693,604,1297,57.953529937444145,1102,954,2056,91.86773905272565,1062,921,1983,89.485559566787,40,28,68,25.757575757575758,0402104000,1st (as Mun)
City of Cavite,2025,339,341,680,39.78935049736688,399,393,792,42.741500269832706,361,350,711,38.370210469508905,536,466,1002,54.074473826227745,539,461,1000,53.96654074473827,563,488,1051,56.718834322719914,527,468,995,53.696708041014574,522,466,988,53.3189422558014,540,462,1002,54.074473826227745,539,465,1004,54.182406907717215,521,421,942,50.83648138154344,637,552,1189,64.16621694549379,598,510,1108,59.79492714516999,551,466,1017,54.88397193739881,557,443,1000,53.96654074473827,474,440,914,49.32541824069077,402,384,786,42.41770102536427,33,29,62,6.418219461697723,0402105000,4th
City of Dasmariñas,2025,3761,3741,7502,61.71945701357466,4027,3977,8004,60.393873085339166,3882,3866,7748,58.462234965668145,4450,4186,8636,65.16260469327699,4438,4315,8753,66.0454236776579,4694,4495,9189,69.3352448502226,3668,3531,7199,54.31977665434241,3774,3648,7422,56.00241454764959,3911,3784,7695,58.06232551120502,4617,4375,8992,67.84878895344451,4027,3931,7958,60.04678186071079,5135,4891,10026,75.65079604617823,5281,5126,10407,78.52561684146985,4803,4592,9395,70.88960989964536,4564,4399,8963,67.62997057270051,5254,4829,10083,76.08088734626122,5042,4618,9660,73.44332091538051,411,375,786,24.485981308411215,0402106000,1st (as Mun)
General Emilio Aguinaldo,2025,147,119,266,61.29032258064516,167,136,303,63.92405063291139,164,128,292,61.60337552742617,163,143,306,64.55696202531645,170,130,300,63.29113924050633,175,125,300,63.29113924050633,161,141,302,63.71308016877637,163,126,289,60.970464135021096,179,128,307,64.76793248945147,174,128,302,63.71308016877637,186,140,326,68.77637130801688,168,143,311,65.61181434599156,214,157,371,78.27004219409282,234,168,402,84.81012658227847,187,146,333,70.25316455696202,182,130,312,65.82278481012658,182,130,312,67.3866090712743,1,1,2,1.4492753623188406,0402107000,5th
City of General Trias,2025,2209,2101,4310,51.1633428300095,2650,2369,5019,54.63154457385436,2533,2317,4850,52.79198867965603,3116,2921,6037,65.71241972352236,3271,2982,6253,68.06356808533798,3535,3270,6805,74.0720583433112,2850,2657,5507,59.94339828017851,2948,2683,5631,61.293131598998585,3072,2806,5878,63.98171329051922,3303,2985,6288,68.44454119952105,3099,2893,5992,65.22259714814412,3259,2973,6232,67.83498421682813,3972,3611,7583,82.5405464242952,4052,3666,7718,84.01001415042995,3221,2986,6207,67.5628605638402,2982,2893,5875,63.949058452160656,2833,2748,5581,61.39038609613904,263,245,508,14.2296918767507,0402108000,1st (as Mun)
City of Imus,2025,1431,1330,2761,35.70412517780939,2039,1927,3966,46.90715552927262,1858,1745,3603,42.61383796570077,2271,2156,4427,52.359550561797754,2398,2222,4620,54.642223536369016,2553,2338,4891,57.84742755765819,2245,2148,4393,51.957421643997634,2388,2220,4608,54.5002956830278,2493,2272,4765,56.3571850975754,2499,2268,4767,56.38083973979894,2270,2112,4382,51.827321111768185,2491,2382,4873,57.63453577764637,2970,2700,5670,67.06091070372561,3038,2780,5818,68.81135422826729,2431,2234,4665,55.17445298639858,2260,2038,4298,50.833826138379656,2166,1958,4124,49.14789655583363,247,226,473,10.485479937929505,0402109000,3rd
Indang,2025,281,289,570,55.33980582524271,348,357,705,62.55545696539485,329,348,677,60.07098491570542,396,436,832,73.82431233362911,406,405,811,71.96095829636202,417,430,847,75.15527950310559,397,427,824,73.11446317657497,408,403,811,71.96095829636202,398,405,803,71.2511091393079,404,399,803,71.2511091393079,376,441,817,72.49334516415263,427,431,858,76.13132209405501,521,548,1069,94.8535936113576,491,522,1013,89.88464951197871,424,395,819,72.67080745341616,442,445,887,78.70452528837622,427,434,861,76.66963490650045,15,12,27,8.91089108910891,0402110000,1st
Kawit,2025,402,397,799,40.476190476190474,465,462,927,43.07620817843866,442,430,872,40.520446096654275,555,548,1103,51.2546468401487,589,573,1162,53.99628252788104,623,593,1216,56.50557620817844,550,529,1079,50.139405204460964,589,565,1154,53.624535315985135,615,576,1191,55.34386617100372,622,591,1213,56.36617100371747,570,560,1130,52.5092936802974,567,533,1100,51.11524163568774,691,677,1368,63.56877323420075,770,763,1533,71.2360594795539,615,592,1207,56.08736059479554,609,610,1219,56.6449814126394,570,566,1136,53.084112149532714,44,49,93,9.064327485380117,0402111000,1st
Magallanes,2025,161,128,289,61.62046908315565,166,153,319,62.3046875,157,143,300,58.59375,172,168,340,66.40625,167,176,343,66.9921875,178,172,350,68.359375,98,101,199,38.8671875,112,105,217,42.3828125,116,125,241,47.0703125,157,173,330,64.453125,128,146,274,53.515625,206,172,378,73.828125,177,237,414,80.859375,210,232,442,86.328125,176,190,366,71.484375,195,206,401,78.3203125,169,158,327,64.75247524752476,25,12,37,17.703349282296653,0402112000,4th
Maragondon,2025,240,174,414,50.859950859950864,262,196,458,52.104664391353815,258,190,448,50.96700796359499,307,236,543,61.774744027303754,321,247,568,64.6188850967008,305,272,577,65.64277588168373,231,190,421,47.89533560864619,230,203,433,49.26052332195677,250,229,479,54.49374288964732,324,280,604,68.71444823663253,244,238,482,54.83503981797497,312,242,554,63.026166097838455,396,319,715,81.34243458475541,421,392,813,92.4914675767918,301,285,586,66.66666666666666,309,301,610,69.39704209328784,309,301,610,69.87399770904925,15,5,20,10.152284263959391,0402113000,3rd
Mendez,2025,173,143,316,52.14521452145215,181,144,325,49.61832061068702,183,145,328,50.0763358778626,222,181,403,61.52671755725191,225,194,419,63.969465648854964,216,199,415,63.358778625954194,145,114,259,39.541984732824424,158,148,306,46.717557251908396,156,156,312,47.63358778625954,203,184,387,59.083969465648856,163,158,321,49.00763358778626,222,180,402,61.37404580152672,235,201,436,66.5648854961832,266,253,519,79.23664122137404,213,203,416,63.51145038167939,224,189,413,63.05343511450382,225,188,413,63.44086021505376,1,0,1,0.4273504273504274,0402114000,4th
Naic,2025,655,652,1307,41.28237523689198,1115,1032,2147,62.28604583695968,779,752,1531,44.415433710472875,1817,1682,3499,101.50855816652162,1874,1735,3609,104.69973890339426,1862,1680,3542,102.7560197272991,1410,1292,2702,78.38700319118074,1475,1407,2882,83.60893530606324,1519,1400,2919,84.6823324630113,1723,1530,3253,94.37191760951552,1424,1365,2789,80.91093704670728,1840,1833,3673,106.5564258775747,2084,1945,4029,116.88424717145345,1787,1752,3539,102.66898752538441,1787,1703,3490,101.24746156077748,1583,1574,3157,91.58688714824486,1582,1574,3156,92.82352941176471,226,212,438,61.430575035063114,0402115000,1st
Noveleta,2025,270,268,538,63.518299881936244,267,266,533,58.06100217864923,259,267,526,57.29847494553377,256,254,510,55.55555555555556,262,262,524,57.08061002178649,273,265,538,58.605664488017425,230,206,436,47.49455337690632,236,214,450,49.01960784313725,236,226,462,50.326797385620914,267,245,512,55.773420479302835,273,220,493,53.70370370370371,276,272,548,59.694989106753816,324,314,638,69.49891067538127,374,342,716,77.99564270152506,296,263,559,60.893246187363836,269,253,522,56.86274509803921,260,248,508,55.88558855885588,37,39,76,21.052631578947366,0402116000,3rd
Rosario,2025,564,518,1082,56.00414078674948,659,598,1257,59.686609686609685,595,549,1144,54.32098765432099,765,662,1427,67.7587844254511,806,673,1479,70.22792022792022,843,706,1549,73.55175688509021,578,494,1072,50.902184235517566,609,501,1110,52.70655270655271,631,541,1172,55.65052231718899,715,592,1307,62.060778727445395,630,578,1208,57.35992402659069,809,701,1510,71.69990503323837,966,820,1786,84.80531813865147,939,813,1752,83.1908831908832,720,656,1376,65.33713200379867,664,608,1272,60.3988603988604,658,606,1264,60.62350119904076,86,85,171,25.036603221083453,0402117000,1st
Silang,2025,1428,1397,2825,48.208191126279864,1573,1545,3118,49.17205488093361,1511,1480,2991,47.16921621195395,2220,1994,4214,66.45639489039583,2229,2072,4301,67.828418230563,2240,2108,4348,68.56962624191767,2160,1985,4145,65.36823844819429,2159,2010,4169,65.74672764548178,2186,2029,4215,66.47216527361614,2108,1910,4018,63.365399779214634,2007,1820,3827,60.353256584134996,2136,1993,4129,65.1159123166693,3952,2101,6053,95.45812963255007,2286,2208,4494,70.87210219208326,2365,2091,4456,70.2728276297114,2325,2130,4455,70.2570572464911,2304,2095,4399,70.07008601465435,130,112,242,19.26751592356688,0402118000,1st
City of Tagaytay,2025,757,750,1507,94.601381042059,759,750,1509,87.17504332755632,756,746,1502,86.77065280184864,776,780,1556,89.89023685730791,756,796,1552,89.65915655690353,759,790,1549,89.48584633160023,737,740,1477,85.3264009243212,718,755,1473,85.09532062391682,711,753,1464,84.57538994800693,762,787,1549,89.48584633160023,806,831,1637,94.56961294049682,776,785,1561,90.1790872328134,760,803,1563,90.29462738301561,761,785,1546,89.31253610629693,816,838,1654,95.55170421721549,856,820,1676,96.82264586943963,856,820,1676,97.32868757259001,0,1,1,2.4390243902439024,0402119000,2nd
Tanza,2025,1854,1866,3720,59.188544152744626,2130,2147,4277,62.629960462732456,2087,2119,4206,61.590276760872754,2333,2308,4641,67.96016986381608,2339,2324,4663,68.28232537706839,2395,2312,4707,68.926636403573,1941,1879,3820,55.93791184653683,1908,1904,3812,55.82076438717235,1944,1882,3826,56.025772441060184,2181,2091,4272,62.55674330062967,1930,1929,3859,56.509005710938645,2433,2411,4844,70.93278664518962,2533,2528,5061,74.11041148045102,2380,2329,4709,68.95592326841413,2328,2196,4524,66.24688827061063,2290,2291,4581,67.08156391858252,2104,2106,4210,62.47217688084285,210,224,434,17.44372990353698,0402120000,1st
Ternate,2025,140,106,246,53.36225596529284,144,112,256,50.693069306930695,105,81,186,36.83168316831683,185,152,337,66.73267326732673,194,175,369,73.06930693069307,210,178,388,76.83168316831683,141,120,261,51.68316831683168,146,129,275,54.45544554455446,156,152,308,60.99009900990099,199,160,359,71.08910891089108,168,168,336,66.53465346534654,180,157,337,66.73267326732673,228,202,430,85.14851485148515,208,207,415,82.17821782178217,192,213,405,80.19801980198021,221,222,443,87.72277227722772,187,191,378,75.6,30,24,54,34.83870967741935,0402121000,4th
City of Trece Martires ,2025,1190,1214,2404,54.131952263003825,1641,1581,3222,66.70807453416148,1638,1564,3202,66.29399585921325,1751,1743,3494,72.33954451345755,1810,1795,3605,74.63768115942028,1807,1796,3603,74.59627329192546,1764,1728,3492,72.29813664596273,1784,1778,3562,73.74741200828157,1813,1796,3609,74.72049689440993,1787,1781,3568,73.87163561076605,1787,1683,3470,71.84265010351967,1857,1871,3728,77.18426501035196,2091,2099,4190,86.74948240165632,2070,2038,4108,85.05175983436854,1829,1726,3555,73.6024844720497,1796,1700,3496,72.38095238095238,1795,1700,3495,73.40894770006301,121,93,214,14.728148657949072,0402122000,4th
Gen. Mariano Alvarez,2025,852,884,1736,48.57302742025741,890,908,1798,46.30440381148597,882,928,1810,46.613443214009784,1126,1056,2182,56.193664692248255,1147,1071,2218,57.12078289981972,1227,1069,2296,59.12953901622456,878,810,1688,43.471542621684264,914,805,1719,44.26989441153747,948,853,1801,46.38166366211692,1026,926,1952,50.27040947720835,884,812,1696,43.67756889003348,1104,975,2079,53.54107648725213,1395,1250,2645,68.11743497295906,1285,1119,2404,61.910893638938965,1280,1090,2370,61.035281998454806,1222,1090,2312,59.541591552923,1218,1091,2309,60.06763787721123,69,69,138,9.072978303747535,0402123000,1st
Laguna,2025,18054,17485,35539,56.85421299332896,19421,18595,38016,56.00306414071476,17609,16980,34589,50.95459768421673,24916,23813,48729,71.78486196635338,25837,24387,50224,73.98721310509413,26841,25721,52562,77.43142512006128,22267,21076,43343,63.85050528858902,22571,21894,44465,65.50337350107539,22695,21795,44490,65.5402021154356,23821,23497,47318,69.70625497186293,21017,19979,40996,60.3930349724522,25310,23931,49241,72.53911198845054,26280,24849,51129,75.32040894493386,24975,23802,48777,71.85557290592499,23974,22450,46424,68.38926372234171,23982,22691,46673,68.75607672136942,21756,20733,42489,63.13560581295135,3194,2846,6040,29.87584705940545,0403400000,1st
Alaminos,2025,251,262,513,55.399568034557234,297,305,602,59.01960784313726,292,286,578,56.666666666666664,373,397,770,75.49019607843137,400,400,800,78.43137254901961,376,384,760,74.50980392156863,202,218,420,41.17647058823529,213,221,434,42.549019607843135,226,254,480,47.05882352941176,300,324,624,61.1764705882353,290,289,579,56.76470588235294,329,345,674,66.07843137254902,343,364,707,69.31372549019608,324,364,688,67.45098039215686,356,351,707,69.31372549019608,306,284,590,57.84313725490197,291,287,578,56.945812807881765,59,55,114,26.027397260273972,0403401000,3rd
Bay,2025,177,191,368,26.47482014388489,206,185,391,26.153846153846157,55,54,109,7.290969899665551,441,411,852,56.98996655518395,490,443,933,62.408026755852845,472,426,898,60.06688963210702,368,337,705,47.15719063545151,378,332,710,47.491638795986624,366,341,707,47.290969899665555,379,352,731,48.89632107023411,301,292,593,39.66555183946488,421,362,783,52.374581939799334,428,376,804,53.77926421404682,420,376,796,53.24414715719064,360,367,727,48.62876254180602,343,357,700,46.82274247491639,260,278,538,36.253369272237194,98,103,201,19.667318982387474,0403402000,2nd
City of Biñan,2025,2640,2617,5257,81.65579372475923,2832,2823,5655,79.83905124947056,2606,2601,5207,73.5140477198927,3188,3120,6308,89.0583086262883,3329,3287,6616,93.40674855287307,3411,3358,6769,95.56685020471551,3043,2971,6014,84.90752506000283,3138,3456,6594,93.09614570097416,3143,3100,6243,88.14061838204151,3222,3185,6407,90.45602145983341,3036,2920,5956,84.0886629959057,3050,2928,5978,84.3992658478046,3108,3068,6176,87.19469151489481,3133,3074,6207,87.63235916984328,3305,3006,6311,89.10066356063815,3564,3457,7021,99.12466469010306,3492,3328,6820,97.34513274336283,443,402,845,296.49122807017545,0403403000,1st (as Mun)
City of Cabuyao,2025,2677,2539,5216,80.81809730399752,2645,2551,5196,73.89078498293516,2559,2403,4962,70.56313993174061,3371,3196,6567,93.38737201365188,3318,3109,6427,91.39647326507395,3386,3243,6629,94.26905574516496,3365,3192,6557,93.24516496018202,3313,3113,6426,91.38225255972696,3349,3217,6566,93.3731513083049,3165,3767,6932,98.57792946530148,2400,2286,4686,66.6382252559727,3343,3227,6570,93.43003412969283,3505,3235,6740,95.84755403868031,3352,3176,6528,92.83276450511946,3271,3063,6334,90.07394766780432,3212,3053,6265,89.09271899886234,2917,2781,5698,81.83254344391784,682,675,1357,502.5925925925926,0403404000,1st (as Mun)
City of Calamba,2025,2949,2719,5668,55.6668630917305,2456,2257,4713,42.59761388286334,2213,1997,4210,38.05133767172813,3911,3614,7525,68.01337671728128,4140,3805,7945,71.80947216196674,4592,4293,8885,80.30549530007231,3300,3002,6302,56.95950831525669,3376,3127,6503,58.77621113521331,3467,3216,6683,60.403109182935644,3945,3643,7588,68.5827910339841,3578,3325,6903,62.391540130151846,4809,4465,9274,83.82140274765003,5173,4684,9857,89.09074475777295,4587,4283,8870,80.16992046276211,3866,3585,7451,67.34454085321764,3866,3504,7370,66.61243673174259,3274,3002,6276,57.38844184345282,574,482,1056,35.51967709384461,0403405000,1st
Calauan,2025,528,525,1053,67.5,576,572,1148,66.82188591385332,482,469,951,55.35506402793946,790,767,1557,90.62863795110594,848,772,1620,94.29569266589057,803,781,1584,92.20023282887078,543,545,1088,63.329452852153665,563,519,1082,62.9802095459837,580,547,1127,65.59953434225844,701,721,1422,82.77066356228173,638,627,1265,73.63213038416764,678,696,1374,79.976717112922,736,687,1423,82.82887077997671,720,659,1379,80.26775320139697,720,701,1421,82.71245634458673,748,750,1498,87.19441210710129,730,741,1471,86.12412177985948,39,42,81,20.876288659793815,0403406000,2nd
Cavinti,2025,94,110,204,49.51456310679612,92,99,191,42.72930648769575,96,94,190,42.505592841163306,146,128,274,61.297539149888145,147,149,296,66.2192393736018,158,161,319,71.36465324384787,124,111,235,52.57270693512305,130,119,249,55.70469798657718,126,125,251,56.152125279642064,148,131,279,62.41610738255034,149,124,273,61.07382550335571,141,128,269,60.178970917225946,152,140,292,65.32438478747203,142,134,276,61.74496644295302,160,136,296,66.2192393736018,135,136,271,60.62639821029083,117,117,234,52.702702702702695,13,9,22,10.0,0403407000,3rd
Famy,2025,92,94,186,48.4375,105,105,210,50.23923444976076,89,93,182,43.54066985645933,134,121,255,61.004784688995215,138,137,275,65.78947368421053,139,129,268,64.11483253588517,131,118,249,59.569377990430624,131,130,261,62.44019138755981,134,120,254,60.76555023923444,135,132,267,63.8755980861244,134,103,237,56.698564593301434,134,120,254,60.76555023923444,135,134,269,64.35406698564593,132,126,258,61.72248803827751,143,108,251,60.04784688995215,111,101,212,50.717703349282296,92,83,175,42.4757281553398,19,19,38,19.19191919191919,0403408000,5th
Kalayaan,2025,148,124,272,52.207293666026864,143,117,260,45.85537918871252,112,105,217,38.2716049382716,192,144,336,59.25925925925925,212,159,371,65.4320987654321,222,173,395,69.66490299823633,153,89,242,42.68077601410935,156,118,274,48.32451499118166,155,116,271,47.795414462081126,152,121,273,48.148148148148145,181,157,338,59.61199294532628,177,136,313,55.20282186948854,198,145,343,60.49382716049383,188,143,331,58.377425044091716,186,158,344,60.670194003527335,187,146,333,58.730158730158735,182,133,315,55.75221238938053,2,3,5,3.3557046979865772,0403409000,3rd
Liliw,2025,160,149,309,49.047619047619044,196,175,371,53.768115942028984,186,173,359,52.028985507246375,239,204,443,64.20289855072464,271,232,503,72.89855072463767,267,237,504,73.04347826086956,198,163,361,52.31884057971015,191,179,370,53.62318840579711,183,172,355,51.449275362318836,203,195,398,57.68115942028985,206,185,391,56.666666666666664,239,201,440,63.76811594202898,246,206,452,65.5072463768116,242,210,452,65.5072463768116,228,194,422,61.15942028985507,194,198,392,56.811594202898554,184,188,372,53.91304347826087,19,23,42,15.909090909090908,0403410000,4th
Los Baños,2025,422,412,834,42.50764525993883,416,422,838,39.472444653791804,389,395,784,36.92887423457372,641,649,1290,60.76307112576542,729,700,1429,67.31040979745643,794,738,1532,72.16203485633538,515,544,1059,49.882242110221384,592,579,1171,55.15779557230335,631,584,1215,57.23033443240697,672,651,1323,62.31747527084315,630,566,1196,56.33537447008949,610,616,1226,57.74846914743288,627,645,1272,59.9152143193594,652,587,1239,58.360810174281674,684,610,1294,60.9514837494112,666,609,1275,60.05652378709374,549,538,1087,51.49218379914733,101,68,169,14.850615114235502,0403411000,1st
Luisiana,2025,82,87,169,44.827586206896555,90,87,177,43.48894348894349,87,83,170,41.76904176904177,110,96,206,50.61425061425061,106,113,219,53.8083538083538,116,123,239,58.72235872235873,96,88,184,45.20884520884521,89,96,185,45.45454545454545,86,96,182,44.717444717444714,97,103,200,49.14004914004914,82,98,180,44.22604422604422,110,96,206,50.61425061425061,98,102,200,49.14004914004914,93,108,201,49.385749385749385,101,94,195,47.91154791154791,95,95,190,46.68304668304668,79,82,161,39.851485148514854,20,16,36,14.69387755102041,0403412000,4th
Lumban,2025,160,171,331,51.96232339089482,164,173,337,49.053857350800584,159,159,318,46.288209606986904,189,211,400,58.22416302765647,217,230,447,65.06550218340611,232,245,477,69.43231441048034,173,195,368,53.56622998544396,188,209,397,57.78748180494906,192,210,402,58.515283842794766,201,205,406,59.09752547307132,205,181,386,56.186317321688506,185,202,387,56.33187772925764,196,220,416,60.55312954876274,205,224,429,62.44541484716157,208,182,390,56.76855895196506,207,197,404,58.806404657933044,205,194,399,58.16326530612245,15,7,22,7.28476821192053,0403413000,3rd
Mabitac,2025,113,115,228,48.0,137,141,278,54.08560311284047,149,151,300,58.36575875486382,166,146,312,60.70038910505836,178,147,325,63.22957198443579,191,159,350,68.09338521400778,146,122,268,52.14007782101168,147,127,274,53.30739299610895,157,136,293,57.003891050583654,175,154,329,64.00778210116731,147,129,276,53.69649805447471,162,141,303,58.949416342412455,172,149,321,62.45136186770428,174,156,330,64.2023346303502,158,131,289,56.22568093385214,144,130,274,53.30739299610895,150,127,277,54.74308300395256,20,11,31,14.622641509433961,0403414000,5th
Magdalena,2025,125,146,271,46.724137931034484,128,160,288,45.933014354066984,135,159,294,46.889952153110045,150,196,346,55.183413078149925,173,195,368,58.69218500797449,185,221,406,64.75279106858054,140,186,326,51.993620414673046,149,171,320,51.03668261562998,160,197,357,56.9377990430622,160,195,355,56.61881977671451,130,140,270,43.0622009569378,146,181,327,52.15311004784689,145,170,315,50.23923444976076,138,177,315,50.23923444976076,146,155,301,48.006379585326954,151,164,315,50.23923444976076,128,136,264,42.51207729468599,25,27,52,16.30094043887147,0403415000,4th
Majayjay,2025,103,95,198,35.869565217391305,124,102,226,38.24027072758037,111,102,213,36.04060913705584,188,149,337,57.021996615905245,201,156,357,60.40609137055838,227,184,411,69.54314720812182,186,141,327,55.32994923857868,199,155,354,59.89847715736041,194,165,359,60.74450084602368,189,155,344,58.206429780033844,159,149,308,52.115059221658214,183,153,336,56.852791878172596,224,151,375,63.45177664974619,202,170,372,62.944162436548226,187,159,346,58.544839255499156,182,145,327,55.32994923857868,151,124,275,46.7687074829932,29,24,53,13.451776649746192,0403416000,4th
Nagcarlan,2025,305,254,559,46.7000835421888,323,265,588,45.54608830364059,308,264,572,44.306738962044925,457,369,826,63.981409759876065,485,405,890,68.93880712625872,490,421,911,70.56545313710302,250,207,457,35.39891556932611,276,232,508,39.34934159566228,296,239,535,41.44074360960496,376,314,690,53.446940356312936,276,238,514,39.814097598760654,378,304,682,52.8272656855151,414,323,737,57.08752904725019,403,321,724,56.08055770720372,403,333,736,57.01006971340047,410,349,759,58.79163439194423,408,343,751,58.307453416149066,2,1,3,0.7772020725388601,0403417000,2nd
Paete,2025,122,136,258,52.760736196319016,90,88,178,33.58490566037736,38,46,84,15.849056603773585,153,141,294,55.471698113207545,157,144,301,56.79245283018868,156,148,304,57.35849056603774,130,118,248,46.79245283018868,128,117,245,46.22641509433962,126,114,240,45.28301886792453,125,111,236,44.528301886792455,145,147,292,55.094339622641506,154,142,296,55.84905660377358,153,142,295,55.660377358490564,150,141,291,54.90566037735849,145,148,293,55.283018867924525,137,139,276,52.075471698113205,137,139,276,52.47148288973384,16,12,28,13.592233009708737,0403418000,4th
Pagsanjan,2025,237,207,444,50.05636978579482,247,206,453,47.33542319749217,234,201,435,45.45454545454545,279,278,557,58.202716823406476,289,287,576,60.18808777429467,273,282,555,57.993730407523515,213,202,415,43.364681295715776,215,211,426,44.5141065830721,218,222,440,45.97701149425287,249,258,507,52.97805642633229,227,252,479,50.052246603970744,273,268,541,56.53082549634274,278,266,544,56.84430512016719,261,267,528,55.172413793103445,234,282,516,53.91849529780565,239,233,472,49.32079414838035,237,232,469,49.524815205913406,19,18,37,7.773109243697479,0403419000,3rd
Pakil,2025,90,136,226,48.18763326226013,67,84,151,29.96031746031746,76,114,190,37.698412698412696,146,155,301,59.72222222222222,158,137,295,58.53174603174603,166,189,355,70.43650793650794,143,149,292,57.936507936507944,157,134,291,57.738095238095234,161,173,334,66.26984126984127,160,173,333,66.07142857142857,165,137,302,59.92063492063492,143,149,292,57.936507936507944,158,134,292,57.936507936507944,161,173,334,66.26984126984127,165,138,303,60.11904761904761,145,120,265,52.57936507936508,117,101,218,43.86317907444668,30,25,55,17.080745341614907,0403420000,5th
Pangil,2025,171,158,329,62.19281663516069,182,165,347,61.09154929577465,164,146,310,54.5774647887324,198,168,366,64.43661971830986,204,177,381,67.0774647887324,212,181,393,69.19014084507043,146,122,268,47.183098591549296,150,129,279,49.11971830985916,154,136,290,51.056338028169016,162,136,298,52.46478873239436,166,144,310,54.5774647887324,197,167,364,64.08450704225352,197,174,371,65.3169014084507,204,175,379,66.72535211267606,180,157,337,59.33098591549296,171,156,327,57.570422535211264,167,149,316,56.02836879432624,9,7,16,6.22568093385214,0403421000,4th
Pila,2025,258,239,497,44.65408805031446,273,249,522,43.609022556390975,259,233,492,41.10275689223057,369,422,791,66.08187134502924,405,402,807,67.41854636591479,419,405,824,68.83876357560568,238,218,456,38.095238095238095,239,228,467,39.01420217209691,254,260,514,42.9406850459482,328,309,637,53.216374269005854,360,331,691,57.727652464494575,347,337,684,57.14285714285714,351,395,746,62.322472848788635,350,355,705,58.89724310776943,355,324,679,56.72514619883041,333,319,652,54.469507101086045,322,305,627,52.911392405063296,13,14,27,5.133079847908745,0403422000,3rd
Rizal,2025,88,75,163,48.51190476190476,58,38,96,26.740947075208915,26,23,49,13.649025069637883,122,94,216,60.16713091922006,128,90,218,60.724233983286915,132,113,245,68.24512534818942,112,86,198,55.15320334261838,117,87,204,56.824512534818936,116,85,201,55.98885793871866,122,95,217,60.44568245125348,98,93,191,53.2033426183844,118,90,208,57.938718662952645,128,91,219,61.00278551532033,128,101,229,63.788300835654596,108,101,209,58.21727019498607,98,109,207,57.66016713091921,94,108,202,56.582633053221286,8,7,15,8.982035928143713,0403423000,5th
City of San Pablo,2025,1423,1423,2846,52.958689988835125,1548,1483,3031,51.89179934942647,1533,1514,3047,52.16572504708098,1991,1892,3883,66.47834274952919,2094,1943,4037,69.11487758945385,2286,2254,4540,77.72641670946756,1861,1769,3630,62.14689265536724,1868,1757,3625,62.061290874850194,1859,1804,3663,62.71186440677966,1999,1876,3875,66.34137990070194,1758,1636,3394,58.10648861496319,2101,1974,4075,69.76545112138332,2275,2143,4418,75.63773326485192,2051,1971,4022,68.85807224790275,1991,1833,3824,65.46824173942818,1939,1832,3771,64.56086286594761,1795,1735,3530,60.83060485955541,137,90,227,9.671921602045163,0403424000,1st
City of San Pedro,2025,1236,1178,2414,40.32743067156699,2036,2005,4041,62.69976726144297,1720,1750,3470,53.84018619084562,2199,2225,4424,68.6423584173778,2287,2265,4552,70.62839410395657,2447,2402,4849,75.2366175329713,2208,2142,4350,67.49418153607448,2152,2190,4342,67.3700543056633,2167,2085,4252,65.97362296353762,2079,2057,4136,64.17377812257564,1819,1844,3663,56.83475562451513,2162,2086,4248,65.91155934833203,2170,2122,4292,66.59425911559347,2164,2171,4335,67.26144297905353,2046,2020,4066,63.087664856477886,2145,2046,4191,65.02715283165244,1873,1804,3677,57.47108471397312,305,269,574,26.210045662100455,0403425000,3rd
Santa Cruz ,2025,441,391,832,36.73289183222958,580,543,1123,45.42880258899677,568,474,1042,42.152103559870554,886,792,1678,67.88025889967638,917,844,1761,71.2378640776699,894,782,1676,67.79935275080906,507,450,957,38.713592233009706,611,553,1164,47.0873786407767,578,511,1089,44.05339805825243,689,616,1305,52.79126213592234,392,359,751,30.380258899676377,742,653,1395,56.432038834951456,731,663,1394,56.391585760517806,669,593,1262,51.05177993527508,675,648,1323,53.51941747572816,632,582,1214,49.11003236245955,342,311,653,26.577126577126574,285,248,533,31.078717201166178,0403426000,1st
Santa Maria,2025,134,158,292,45.482866043613704,124,149,273,39.11174785100287,134,151,285,40.83094555873926,171,170,341,48.853868194842406,188,199,387,55.44412607449857,196,173,369,52.865329512893986,170,163,333,47.70773638968481,183,193,376,53.86819484240688,176,161,337,48.28080229226361,174,156,330,47.277936962750715,157,141,298,42.693409742120345,174,166,340,48.71060171919771,182,194,376,53.86819484240688,176,163,339,48.567335243553,175,158,333,47.70773638968481,185,160,345,49.4269340974212,150,143,293,42.279942279942276,20,17,37,9.973045822102426,0403427000,4th
City of Santa Rosa,2025,2465,2484,4949,62.267237040764975,2892,2729,5621,65.35286594582026,2505,2462,4967,57.74909894198349,3178,3055,6233,72.46831763748402,3086,2946,6032,70.13138007208464,3003,2948,5951,69.18962911289384,3163,3011,6174,71.78235088943146,3071,2981,6052,70.3639111731194,2990,2964,5954,69.22450877804907,3015,2874,5889,68.46878269968609,2743,2665,5408,62.87640971980002,3281,3100,6381,74.18904778514126,3241,3228,6469,75.21218462969422,3049,2900,5949,69.16637600279037,2912,2835,5747,66.81781188233926,2905,2856,5761,66.98058365306359,2857,2813,5670,66.5414857411102,133,119,252,19.35483870967742,0403428000,1st
Siniloan,2025,173,134,307,35.656213704994194,198,158,356,38.23845327604726,154,130,284,30.50483351235231,272,258,530,56.9280343716434,264,271,535,57.46509129967776,289,294,583,62.620837808807735,220,206,426,45.757250268528466,216,233,449,48.22771213748657,225,241,466,50.05370569280344,224,247,471,50.5907626208378,233,210,443,47.58324382384533,258,253,511,54.88721804511278,258,259,517,55.53168635875403,251,266,517,55.53168635875403,264,236,500,53.70569280343717,270,231,501,53.81310418904404,224,199,423,45.77922077922078,16,21,37,7.170542635658915,0403429000,2nd
Victoria,2025,190,156,346,37.08467309753483,196,159,355,35.32338308457712,170,148,318,31.64179104477612,266,245,511,50.84577114427861,278,243,521,51.840796019900495,307,274,581,57.810945273631845,223,211,434,43.18407960199005,235,198,433,43.084577114427866,226,204,430,42.78606965174129,275,241,516,51.34328358208955,212,211,423,42.08955223880597,265,245,510,50.74626865671642,258,239,497,49.45273631840796,254,238,492,48.95522388059702,242,237,479,47.66169154228856,262,233,495,49.25373134328358,232,212,444,44.44444444444444,43,32,75,12.116316639741518,0403430000,4th
Quezon,2025,10142,9948,20090,48.62993803253292,10881,10543,21424,47.69898697539797,9090,8955,18045,40.175887788044086,13721,12699,26420,58.82221974841367,14375,13495,27870,62.05053990871646,15278,14273,29551,65.79316486697094,6565,6018,12583,28.015139708337973,6507,6180,12687,28.246688188801066,6642,6401,13043,29.039296448847825,11992,11331,23323,51.92697317154625,9985,9220,19205,42.75854391628632,15167,14024,29191,64.99165089613714,15708,14870,30578,68.07970611154403,14815,13863,28678,63.849493487698986,13416,12308,25724,57.27262607146832,12850,11996,24846,55.31782255371257,10609,10034,20643,46.37209093359691,2117,1822,3939,17.314285714285717,0405600000,1st
Agdangan,2025,57,45,102,35.66433566433567,79,79,158,51.298701298701296,64,66,130,42.2077922077922,86,100,186,60.3896103896104,88,110,198,64.28571428571429,90,111,201,65.25974025974025,54,60,114,37.01298701298701,52,59,111,36.038961038961034,53,56,109,35.38961038961039,82,85,167,54.22077922077923,76,81,157,50.97402597402597,98,121,219,71.1038961038961,108,126,234,75.97402597402598,94,116,210,68.18181818181817,88,90,178,57.7922077922078,93,87,180,58.44155844155844,71,79,150,49.83388704318937,24,14,38,20.76502732240437,0405601000,5th
Alabat,2025,98,82,180,93.26424870466322,105,84,189,85.52036199095022,99,84,183,82.80542986425338,137,99,236,106.78733031674209,135,117,252,114.02714932126696,159,127,286,129.41176470588235,76,59,135,61.085972850678736,63,49,112,50.678733031674206,53,47,100,45.248868778280546,103,104,207,93.66515837104072,93,76,169,76.47058823529412,131,99,230,104.07239819004526,133,123,256,115.8371040723982,136,111,247,111.76470588235294,120,94,214,96.83257918552036,113,94,207,93.66515837104072,104,89,193,87.33031674208145,7,4,11,22.0,0405602000,5th
Atimonan,2025,317,357,674,55.51894563426688,333,376,709,53.75284306292646,326,362,688,52.16072782410917,381,388,769,58.30174374526156,411,383,794,60.19711902956786,437,371,808,61.25852918877938,114,103,217,16.45185746777862,134,112,246,18.65049279757392,162,121,283,21.455648218347235,399,324,723,54.814253222137985,357,296,653,49.50720242608037,382,374,756,57.31614859742229,425,381,806,61.10689916603488,394,361,755,57.24033358605004,402,318,720,54.58680818802123,383,325,708,53.67702805155421,341,294,635,48.547400611620795,47,30,77,11.596385542168674,0405603000,1st
Buenavista,2025,209,176,385,62.297734627831716,196,161,357,52.42290748898678,162,146,308,45.22760646108664,252,178,430,63.1424375917768,254,224,478,70.19089574155653,260,233,493,72.3935389133627,77,70,147,21.58590308370044,77,78,155,22.760646108663728,71,79,150,22.026431718061673,215,187,402,59.03083700440529,100,109,209,30.690161527165934,259,194,453,66.51982378854625,274,218,492,72.24669603524228,254,214,468,68.72246696035242,213,209,422,61.96769456681351,191,172,363,53.30396475770925,151,142,293,43.536404160475485,32,20,52,22.90748898678414,0405605000,4th
Burdeos,2025,157,145,302,57.088846880907376,196,172,368,62.79863481228669,142,133,275,46.92832764505119,210,188,398,67.91808873720136,208,202,410,69.96587030716724,222,186,408,69.6245733788396,44,61,105,17.918088737201366,64,65,129,22.013651877133107,71,81,152,25.938566552901023,169,144,313,53.412969283276446,101,96,197,33.617747440273035,225,216,441,75.25597269624573,245,211,456,77.81569965870307,227,186,413,70.4778156996587,182,169,351,59.89761092150171,165,153,318,54.26621160409556,104,98,202,34.94809688581315,72,53,125,35.2112676056338,0405606000,4th
Calauag,2025,296,302,598,40.32366824005395,323,296,619,38.20987654320987,221,198,419,25.864197530864196,456,437,893,55.12345679012346,506,471,977,60.30864197530864,552,519,1071,66.11111111111111,256,247,503,31.049382716049383,283,271,554,34.19753086419753,298,301,599,36.97530864197531,396,408,804,49.629629629629626,407,353,760,46.913580246913575,463,432,895,55.24691358024691,499,473,972,60.0,484,462,946,58.395061728395056,478,425,903,55.74074074074075,439,411,850,52.46913580246913,375,346,721,44.75481067659839,62,77,139,13.748763600395646,0405607000,1st
Candelaria,2025,761,721,1482,50.945342041938815,758,695,1453,46.17095646647601,694,651,1345,42.739116619002225,955,845,1800,57.19733079122974,1035,948,1983,63.01239275500477,1174,1109,2283,72.54528122020972,326,295,621,19.73307912297426,319,304,623,19.796631712742293,330,318,648,20.59103908484271,783,727,1510,47.98220527486495,741,645,1386,44.0419447092469,1343,1241,2584,82.10994598029869,1294,1172,2466,78.36034318398475,1234,1088,2322,73.78455672068637,1006,960,1966,62.47219574197649,981,913,1894,60.18430251032729,801,731,1532,49.29214929214929,84,88,172,12.509090909090908,0405608000,1st
Catanauan,2025,391,455,846,51.93370165745856,407,459,866,48.76126126126126,350,387,737,41.49774774774775,527,526,1053,59.29054054054054,587,529,1116,62.83783783783784,640,552,1192,67.11711711711712,135,120,255,14.358108108108109,155,129,284,15.99099099099099,171,142,313,17.623873873873876,411,371,782,44.031531531531535,278,240,518,29.166666666666668,570,554,1124,63.288288288288285,645,591,1236,69.5945945945946,602,572,1174,66.1036036036036,537,473,1010,56.86936936936937,513,433,946,53.26576576576577,391,320,711,40.42069357589539,95,93,188,17.76937618147448,0405610000,1st
Dolores,2025,154,151,305,48.48966613672496,154,151,305,44.918998527245954,154,151,305,44.918998527245954,212,207,419,61.70839469808542,210,232,442,65.09572901325478,255,240,495,72.90132547864506,75,69,144,21.207658321060382,66,59,125,18.409425625920473,82,68,150,22.091310751104565,206,213,419,61.70839469808542,148,148,296,43.59351988217968,204,208,412,60.67746686303387,240,236,476,70.10309278350515,261,246,507,74.66863033873344,238,211,449,66.12665684830633,246,220,466,68.63033873343151,194,179,373,55.50595238095239,45,37,82,27.609427609427613,0405615000,4th
General Luna,2025,108,66,174,33.72093023255814,108,69,177,31.161971830985912,110,67,177,31.161971830985912,188,156,344,60.56338028169014,191,175,366,64.43661971830986,207,170,377,66.37323943661971,68,54,122,21.47887323943662,42,51,93,16.37323943661972,56,59,115,20.246478873239436,158,149,307,54.04929577464789,109,112,221,38.90845070422535,191,159,350,61.61971830985915,245,212,457,80.45774647887323,203,185,388,68.30985915492957,156,172,328,57.74647887323944,149,168,317,55.809859154929576,130,136,266,47.246891651865006,22,26,48,16.72473867595819,0405616000,4th
General Nakar,2025,206,178,384,40.421052631578945,240,207,447,43.48249027237354,151,142,293,28.501945525291827,303,265,568,55.252918287937746,299,295,594,57.78210116731517,308,316,624,60.70038910505836,229,213,442,42.996108949416346,201,208,409,39.78599221789883,171,195,366,35.60311284046693,221,250,471,45.81712062256809,184,189,373,36.284046692607,298,285,583,56.71206225680934,298,305,603,58.65758754863813,242,250,492,47.85992217898833,243,270,513,49.90272373540856,202,237,439,42.704280155642024,187,207,394,38.93280632411067,32,49,81,16.007905138339922,0405617000,1st
Guinayangan,2025,161,119,280,33.69434416365824,176,144,320,35.35911602209944,167,135,302,33.370165745856355,209,199,408,45.0828729281768,239,234,473,52.26519337016574,271,252,523,57.790055248618785,72,86,158,17.458563535911605,71,78,149,16.464088397790057,91,88,179,19.77900552486188,209,188,397,43.86740331491713,84,71,155,17.12707182320442,315,290,605,66.85082872928176,317,306,623,68.83977900552486,271,276,547,60.44198895027625,225,180,405,44.751381215469614,202,184,386,42.651933701657455,170,152,322,35.9375,39,33,72,12.56544502617801,0405618000,3rd
Gumaca,2025,351,359,710,46.833773087071236,387,376,763,46.43944004869142,261,266,527,32.075471698113205,495,451,946,57.57760194765672,508,451,959,58.36883749239197,516,478,994,60.49908703590992,180,150,330,20.085209981740718,188,157,345,20.998174071819843,186,177,363,22.093730979914792,481,456,937,57.02982349360926,345,311,656,39.926962872793666,519,481,1000,60.86427267194156,616,577,1193,72.6110772976263,598,539,1137,69.20267802799756,520,433,953,58.003651856360314,450,404,854,51.9780888618381,419,381,800,48.92966360856269,52,39,91,11.518987341772153,0405619000,1st
Infanta,2025,368,408,776,46.38374178123132,369,410,779,42.84928492849285,278,310,588,32.34323432343234,508,487,995,54.73047304730473,558,509,1067,58.69086908690869,647,622,1269,69.80198019801979,350,307,657,36.13861386138614,397,328,725,39.87898789878988,454,407,861,47.35973597359736,508,470,978,53.79537953795379,318,306,624,34.32343234323432,645,539,1184,65.12651265126512,647,633,1280,70.40704070407041,647,572,1219,67.05170517051705,518,459,977,53.74037403740374,484,479,963,52.97029702970298,382,386,768,42.714126807563964,103,83,186,18.128654970760234,0405620000,1st
Jomalig,2025,37,27,64,29.629629629629626,53,56,109,46.58119658119658,46,49,95,40.598290598290596,65,62,127,54.27350427350427,73,60,133,56.837606837606835,69,66,135,57.692307692307686,51,42,93,39.743589743589745,43,27,70,29.914529914529915,29,29,58,24.786324786324787,55,50,105,44.871794871794876,57,47,104,44.44444444444444,88,81,169,72.22222222222221,99,76,175,74.78632478632478,77,65,142,60.68376068376068,64,45,109,46.58119658119658,68,48,116,49.572649572649574,40,32,72,31.4410480349345,25,20,45,33.33333333333333,0405621000,5th
Lopez,2025,497,453,950,47.09965294992563,478,435,913,41.84234647112741,384,353,737,33.77635197066911,664,617,1281,58.70760769935839,676,650,1326,60.76993583868011,689,626,1315,60.265811182401464,250,223,473,21.67736021998167,242,213,455,20.85242896425298,231,218,449,20.577451879010084,551,496,1047,47.98350137488543,503,468,971,44.50045829514207,691,613,1304,59.76168652612282,737,712,1449,66.40696608615949,722,635,1357,62.190650779101745,570,518,1088,49.86251145737855,511,475,986,45.18790100824931,467,437,904,41.678192715537115,47,34,81,8.307692307692308,0405622000,1st
Lucban,2025,232,257,489,51.910828025477706,246,266,512,49.66052376333657,219,254,473,45.877788554801164,291,291,582,56.45004849660524,291,307,598,58.001939864209504,352,343,695,67.41028128031039,79,90,169,16.39185257032008,80,73,153,14.83996120271581,98,102,200,19.398642095053344,277,294,571,55.3831231813773,274,247,521,50.53346265761397,307,314,621,60.23278370514063,298,298,596,57.807953443258974,289,299,588,57.03200775945684,308,276,584,56.64403491755577,305,287,592,57.4199806013579,244,265,509,49.70703125,50,24,74,15.611814345991561,0405623000,2nd
Macalelon,2025,116,105,221,41.23134328358209,154,126,280,47.45762711864407,96,104,200,33.89830508474576,194,155,349,59.152542372881356,194,136,330,55.932203389830505,176,129,305,51.69491525423729,86,65,151,25.593220338983052,87,67,154,26.101694915254235,61,63,124,21.01694915254237,161,126,287,48.644067796610166,110,103,213,36.10169491525424,195,150,345,58.47457627118644,226,186,412,69.83050847457626,192,146,338,57.28813559322033,175,147,322,54.57627118644067,141,139,280,47.45762711864407,110,104,214,36.51877133105802,20,23,43,15.579710144927535,0405625000,4th
Mauban,2025,413,408,821,48.379493223335295,415,406,821,44.83888585472419,396,382,778,42.49044238121245,561,478,1039,56.74494811578372,562,504,1066,58.2195521572911,559,542,1101,60.13107591480066,263,242,505,27.5805570726379,241,229,470,25.66903331512835,261,247,508,27.74440196613872,473,448,921,50.3003823047515,466,422,888,48.49808847624249,574,463,1037,56.63571818678318,588,541,1129,61.6602949208083,559,512,1071,58.49262697979246,594,465,1059,57.837247405789185,582,534,1116,60.950300382304754,504,483,987,54.47019867549668,51,49,100,12.360939431396787,0405627000,1st
Mulanay,2025,285,288,573,46.967213114754095,317,292,609,45.892991710625466,251,275,526,39.63828183873399,422,406,828,62.396382818387345,418,380,798,60.13564431047476,432,433,865,65.1846269781462,200,179,379,28.560663149962323,196,187,383,28.86209495101733,230,185,415,31.273549359457427,337,354,691,52.0723436322532,295,248,543,40.91936699321778,455,453,908,68.42501883948756,485,461,946,71.28862094951018,433,436,869,65.4860587792012,391,353,744,56.0663149962321,389,318,707,53.27807083647325,279,239,518,39.45163747143945,96,72,168,23.076923076923077,0405628000,1st
Padre Burgos,2025,107,97,204,49.63503649635037,103,94,197,43.4878587196468,108,93,201,44.370860927152314,154,124,278,61.36865342163355,146,126,272,60.04415011037527,153,122,275,60.70640176600441,80,75,155,34.216335540838855,83,59,142,31.346578366445915,73,68,141,31.125827814569533,132,111,243,53.64238410596026,124,112,236,52.09713024282561,152,123,275,60.70640176600441,147,124,271,59.82339955849889,154,116,270,59.60264900662252,138,124,262,57.836644591611474,144,132,276,60.9271523178808,135,122,257,57.111111111111114,9,11,20,12.987012987012985,0405629000,4th
Pagbilao,2025,453,406,859,53.05744286596664,450,408,858,48.91676168757127,455,414,869,49.54389965792475,606,512,1118,63.740022805017105,632,578,1210,68.98517673888256,645,581,1226,69.89737742303306,355,276,631,35.97491448118586,295,279,574,32.725199543899656,281,266,547,31.185860889395666,553,464,1017,57.98175598631698,462,431,893,50.91220068415051,594,515,1109,63.226909920182436,588,513,1101,62.770809578107176,565,472,1037,59.122006841505126,515,476,991,56.49942987457241,508,478,986,56.21436716077537,462,425,887,50.801832760595644,45,49,94,13.564213564213565,0405630000,1st
Panukulan,2025,58,65,123,28.341013824884794,64,68,132,28.26552462526767,26,31,57,12.205567451820128,97,105,202,43.25481798715203,114,128,242,51.82012847965739,122,118,240,51.39186295503212,50,58,108,23.126338329764454,54,65,119,25.481798715203425,45,51,96,20.556745182012847,99,101,200,42.82655246252677,26,44,70,14.989293361884368,95,107,202,43.25481798715203,105,120,225,48.17987152034261,110,125,235,50.32119914346895,92,95,187,40.04282655246253,90,83,173,37.04496788008566,53,47,100,21.69197396963124,42,30,72,21.75226586102719,0405631000,4th
Patnanungan,2025,32,50,82,20.918367346938776,92,97,189,44.26229508196721,53,82,135,31.61592505854801,142,114,256,59.95316159250586,156,123,279,65.33957845433255,152,112,264,61.82669789227167,112,70,182,42.62295081967213,89,67,156,36.53395784543326,76,66,142,33.25526932084309,64,52,116,27.166276346604217,62,56,118,27.634660421545664,137,99,236,55.26932084309133,137,120,257,60.187353629976585,117,105,222,51.99063231850117,109,91,200,46.8384074941452,109,100,209,48.94613583138173,93,68,161,38.061465721040186,43,29,72,20.689655172413794,0405632000,5th
Perez,2025,74,84,158,62.20472440944882,74,85,159,56.98924731182796,70,83,153,54.83870967741935,78,100,178,63.799283154121866,105,111,216,77.41935483870968,99,139,238,85.30465949820788,34,29,63,22.58064516129032,59,88,147,52.68817204301075,49,63,112,40.14336917562724,80,101,181,64.87455197132617,55,79,134,48.028673835125446,87,104,191,68.45878136200717,110,131,241,86.37992831541219,104,124,228,81.72043010752688,99,123,222,79.56989247311827,101,122,223,79.92831541218638,63,96,159,56.98924731182796,22,19,41,34.166666666666664,0405633000,5th
Pitogo,2025,127,124,251,61.0705596107056,126,128,254,57.20720720720721,84,96,180,40.54054054054054,159,148,307,69.14414414414415,172,154,326,73.42342342342343,174,152,326,73.42342342342343,98,91,189,42.567567567567565,113,98,211,47.52252252252252,124,96,220,49.549549549549546,163,136,299,67.34234234234235,118,98,216,48.64864864864865,145,148,293,65.990990990991,162,154,316,71.17117117117117,176,154,330,74.32432432432432,158,136,294,66.21621621621621,165,135,300,67.56756756756756,154,139,293,65.990990990991,9,6,15,8.064516129032258,0405634000,4th
Plaridel,2025,48,47,95,63.33333333333333,57,52,109,65.26946107784431,51,42,93,55.688622754491014,70,51,121,72.45508982035929,63,61,124,74.25149700598801,55,66,121,72.45508982035929,51,43,94,56.287425149700596,42,35,77,46.10778443113773,35,42,77,46.10778443113773,49,55,104,62.27544910179641,29,42,71,42.51497005988024,67,53,120,71.8562874251497,65,59,124,74.25149700598801,62,66,128,76.64670658682635,58,69,127,76.04790419161677,62,63,125,74.8502994011976,47,47,94,56.287425149700596,11,15,26,32.098765432098766,0405635000,5th
Polillo,2025,199,173,372,48.4375,168,166,334,40.04796163069545,202,173,375,44.96402877697842,242,193,435,52.15827338129496,225,207,432,51.798561151079134,239,219,458,54.91606714628298,104,82,186,22.302158273381295,93,89,182,21.822541966426858,117,112,229,27.45803357314149,186,170,356,42.68585131894484,119,118,237,28.41726618705036,263,215,478,57.31414868105516,284,260,544,65.22781774580336,280,264,544,65.22781774580336,214,203,417,50.0,226,217,443,53.11750599520384,200,192,392,47.45762711864407,13,19,32,8.311688311688311,0405636000,3rd
Quezon,2025,70,54,124,43.66197183098591,75,63,138,45.09803921568628,64,49,113,36.9281045751634,90,89,179,58.496732026143796,100,107,207,67.64705882352942,124,115,239,78.10457516339869,50,56,106,34.64052287581699,46,43,89,29.08496732026144,50,48,98,32.02614379084967,99,90,189,61.76470588235294,62,60,122,39.869281045751634,93,99,192,62.745098039215684,97,109,206,67.3202614379085,98,103,201,65.68627450980392,103,92,195,63.725490196078425,87,87,174,56.86274509803921,70,72,142,46.40522875816993,11,12,23,19.166666666666668,0405637000,5th
Real,2025,224,227,451,51.075877689694224,290,292,582,60.4989604989605,238,239,477,49.58419958419958,273,277,550,57.17255717255717,286,274,560,58.21205821205822,310,303,613,63.721413721413725,197,194,391,40.644490644490645,185,189,374,38.87733887733888,196,194,390,40.54054054054054,207,210,417,43.34719334719335,190,158,348,36.17463617463618,349,349,698,72.55717255717255,382,367,749,77.85862785862786,327,310,637,66.21621621621621,285,256,541,56.237006237006234,330,292,622,64.65696465696466,313,284,597,62.44769874476987,19,6,25,8.503401360544217,0405638000,1st
Sampaloc,2025,72,44,116,43.609022556390975,70,45,115,40.069686411149824,71,44,115,40.069686411149824,72,67,139,48.43205574912892,88,65,153,53.31010452961672,96,70,166,57.8397212543554,48,38,86,29.965156794425084,25,31,56,19.51219512195122,27,26,53,18.466898954703833,78,56,134,46.68989547038328,38,42,80,27.874564459930312,70,66,136,47.386759581881535,86,68,154,53.65853658536586,83,58,141,49.12891986062718,82,94,176,61.32404181184668,91,94,185,64.45993031358886,79,79,158,55.24475524475524,9,18,27,18.120805369127517,0405639000,5th
San Andres,2025,149,194,343,39.066059225512525,277,358,635,66.21480709071949,130,148,278,28.988529718456725,276,317,593,61.83524504692388,280,311,591,61.626694473409806,294,298,592,61.73096976016684,269,313,582,60.68821689259646,271,315,586,61.10531803962461,266,292,558,58.185610010427524,254,282,536,55.89155370177268,169,164,333,34.72367049009385,352,396,748,77.99791449426486,319,317,636,66.31908237747653,257,276,533,55.57872784150156,245,248,493,51.407716371220026,235,243,478,49.84358706986444,194,211,405,42.45283018867924,68,51,119,22.284644194756552,0405640000,4th
San Antonio,2025,189,170,359,48.6449864498645,213,178,391,48.81398252184769,205,185,390,48.68913857677903,255,232,487,60.79900124843945,291,259,550,68.66416978776529,321,278,599,74.78152309612985,152,135,287,35.830212234706615,151,157,308,38.45193508114856,151,163,314,39.20099875156055,216,220,436,54.43196004993758,256,234,490,61.173533083645445,245,208,453,56.55430711610487,262,263,525,65.54307116104869,280,243,523,65.29338327091136,271,236,507,63.29588014981273,261,239,500,62.421972534332085,261,237,498,63.43949044585987,10,6,16,5.333333333333334,0405641000,4th
San Francisco,2025,308,331,639,41.040462427745666,439,398,837,49.43886591848789,225,217,442,26.107501476668638,524,486,1010,59.657412876550495,521,479,1000,59.06674542232723,511,488,999,59.00767867690491,181,176,357,21.08682811577082,178,170,348,20.555227406969877,161,163,324,19.13762551683402,372,374,746,44.063792085056114,267,251,518,30.596574128765504,660,574,1234,72.88836385115181,587,545,1132,66.86355581807443,499,464,963,56.88127584170112,432,419,851,50.26580035440047,347,353,700,41.34672179562906,268,281,549,32.62032085561498,95,90,185,16.95692025664528,0405642000,2nd
San Narciso,2025,274,254,528,42.82238442822384,227,222,449,33.58264771877337,34,37,71,5.310396409872849,427,381,808,60.43380703066566,463,407,870,65.07105459985041,497,424,921,68.88556469708303,154,125,279,20.867614061331338,168,127,295,22.064323111443528,167,126,293,21.914734480179508,358,281,639,47.793567688855646,261,207,468,35.0037397157816,597,512,1109,82.94689603590128,542,481,1023,76.51458489154824,484,408,892,66.71652954375467,399,327,726,54.30067314884069,337,290,627,46.8960359012715,209,180,389,29.358490566037737,86,67,153,17.133258678611423,0405644000,3rd
Sariaya,2025,1023,1018,2041,59.64348334307422,1014,1003,2017,54.24959655728886,986,989,1975,53.11995696611081,1049,1087,2136,57.450242065626675,1139,1159,2298,61.807423345884885,1256,1269,2525,67.91285637439483,438,425,863,23.211403980634753,470,469,939,25.25551371705218,453,474,927,24.932759548144162,964,965,1929,51.88273265196342,1001,934,1935,52.04410973641743,1134,1247,2381,64.03980634749865,1198,1217,2415,64.95427649273803,1200,1236,2436,65.51909628832706,1226,1178,2404,64.65841850457235,1204,1113,2317,62.31845077998924,1082,991,2073,56.438878301116254,120,106,226,14.294750158127767,0405645000,1st
Tagkawayan,2025,255,241,496,44.32529043789097,367,332,699,56.78310316815597,245,232,477,38.74898456539399,454,370,824,66.9374492282697,482,433,915,74.3298131600325,475,446,921,74.81722177091795,161,139,300,24.37043054427295,140,146,286,23.23314378554021,161,132,293,23.801787164906578,381,308,689,55.97075548334687,291,264,555,45.08529650690495,505,420,925,75.14216084484158,479,465,944,76.68562144597888,423,404,827,67.18115353371243,428,363,791,64.25670186839967,310,301,611,49.63444354183591,275,260,535,43.780687397708675,137,111,248,30.884184308841846,0405646000,1st
City of Tayabas,2025,613,567,1180,53.321283325802085,614,578,1192,49.70809007506255,607,572,1179,49.16597164303586,795,696,1491,62.1768140116764,810,726,1536,64.0533778148457,863,786,1649,68.76563803169307,662,585,1247,52.001668056713925,648,591,1239,51.66805671392828,655,617,1272,53.044203502919096,719,678,1397,58.256880733944946,712,698,1410,58.798999165971644,812,689,1501,62.59382819015846,833,768,1601,66.76396997497915,787,757,1544,64.38698915763136,739,749,1488,62.05170975813178,759,739,1498,62.46872393661385,568,565,1133,47.64507989907486,193,174,367,29.289704708699123,0405647000,6th
Tiaong,2025,526,573,1099,49.95454545454546,536,586,1122,47.0440251572327,540,594,1134,47.54716981132076,712,665,1377,57.73584905660377,715,707,1422,59.62264150943396,713,681,1394,58.44863731656184,281,248,529,22.18029350104822,287,299,586,24.570230607966455,282,290,572,23.9832285115304,665,665,1330,55.76519916142557,560,508,1068,44.77987421383648,716,670,1386,58.11320754716981,745,765,1510,63.312368972746334,735,733,1468,61.55136268343816,656,615,1271,53.29140461215933,733,673,1406,58.9517819706499,490,496,986,41.69133192389006,154,123,277,19.743406985032074,0405648000,1st
Unisan,2025,127,127,254,53.36134453781513,131,130,261,50.28901734104046,125,120,245,47.20616570327553,130,150,280,53.94990366088632,144,163,307,59.15221579961464,164,181,345,66.47398843930635,103,125,228,43.93063583815029,109,119,228,43.93063583815029,114,129,243,46.82080924855491,158,168,326,62.813102119460495,137,152,289,55.68400770712909,141,163,304,58.57418111753372,161,186,347,66.85934489402698,155,174,329,63.39113680154143,139,147,286,55.10597302504817,144,161,305,58.76685934489403,129,142,271,52.215799614643544,16,12,28,12.068965517241379,0405649000,4th
Rizal,2025,16414,15679,32093,46.09539950878302,22491,21021,43512,57.59059745347699,17606,16438,34044,45.05916298276729,25022,23340,48362,64.00984726156128,24660,23418,48078,63.633957169706434,24570,23325,47895,63.391746300659136,23927,22450,46377,61.382587288561815,23643,22688,46331,61.32170368213463,23825,22445,46270,61.240966725785526,23811,22474,46285,61.26082007570744,20626,19610,40236,53.25462583053181,25923,24407,50330,66.61460677131588,28368,26659,55027,72.83135241019669,27041,26005,53046,70.20938666384308,22976,21538,44514,58.91680122826058,23088,22226,45314,59.975646557429116,20592,20074,40666,54.38157771566884,2896,2711,5607,17.06329884357882,0405800000,1st
Angono,2025,850,823,1673,62.49533059394845,901,835,1736,59.96545768566494,847,759,1606,55.47495682210708,930,821,1751,60.483592400690846,902,865,1767,61.03626943005182,918,873,1791,61.86528497409326,914,819,1733,59.86183074265976,912,864,1776,61.34715025906736,924,877,1801,62.21070811744387,892,833,1725,59.58549222797927,838,792,1630,56.303972366148535,914,821,1735,59.930915371329874,934,859,1793,61.93436960276338,968,889,1857,64.14507772020725,961,872,1833,63.3160621761658,1003,888,1891,65.31951640759931,986,882,1868,65.10979435343324,88,84,172,16.059757236227824,0405801000,1st
City of Antipolo ,2025,3937,3579,7516,38.49423815620999,6112,5652,11764,55.50627536095121,2892,2723,5615,26.493347173728417,8002,7534,15536,73.30376521657072,7682,7273,14955,70.5624233273568,7039,6647,13686,64.57487968292914,6947,6599,13546,63.914315372275176,6759,6448,13207,62.314806077191655,6426,6108,12534,59.139379069547985,6561,6232,12793,60.36142304425781,5217,4923,10140,47.84372935736529,8016,7524,15540,73.32263848258941,8977,8436,17413,82.16004529583844,7837,7553,15390,72.61489100688874,5843,5420,11263,53.14239879211098,5323,5245,10568,49.86316882136454,4446,4383,8829,42.191532065373224,872,788,1660,16.009258366284115,0405802000,1st
Baras,2025,478,484,962,45.24929444967074,582,597,1179,50.88476478204574,485,503,988,42.64134656883902,677,696,1373,59.257660768234786,741,755,1496,64.56624946050928,830,797,1627,70.22011221406991,677,694,1371,59.17134225291325,747,758,1505,64.95468277945619,818,786,1604,69.22744928787225,809,801,1610,69.48640483383686,740,751,1491,64.35045317220543,703,719,1422,61.372464393612425,823,827,1650,71.2127751402676,883,862,1745,75.31290461804056,885,872,1757,75.83081570996978,1081,1107,2188,94.4324557617609,1056,1075,2131,93.09742245522062,47,56,103,26.14213197969543,0405803000,4th
Binangonan,2025,1682,1795,3477,54.66981132075471,2176,2105,4281,62.26003490401396,2026,1961,3987,57.98429319371727,2168,2063,4231,61.53286794648051,2147,2077,4224,61.43106457242583,2100,2155,4255,61.88190808609657,2168,2066,4234,61.57649796393252,2127,2051,4178,60.76207097149505,2107,2048,4155,60.42757417102966,2141,2073,4214,61.28563118091914,1936,1835,3771,54.84293193717278,2300,2199,4499,65.4304828388598,2313,2192,4505,65.51774287376382,2235,2226,4461,64.87783595113437,2093,2029,4122,59.947643979057595,2096,2028,4124,59.976730657358935,1737,1740,3477,50.94505494505495,411,378,789,27.301038062283737,0405804000,1st
Cainta,2025,1680,1729,3409,50.19140164899882,1857,1914,3771,51.29216539717084,1684,1733,3417,46.477149075081606,2088,2174,4262,57.97062023939065,2114,2171,4285,58.28346028291621,2212,2295,4507,61.303046789989125,2085,2186,4271,58.0930359085963,2125,2157,4282,58.24265505984766,2185,2275,4460,60.66376496191512,2202,2284,4486,61.01741022850925,2094,2193,4287,58.31066376496191,2178,2317,4495,61.13982589771491,2259,2291,4550,61.88792165397171,2246,2351,4597,62.5272034820457,2208,2209,4417,60.078890097932536,2179,2133,4312,58.65070729053319,1865,1891,3756,51.51556713756686,327,331,658,22.411444141689373,0405805000,1st
Cardona,2025,267,211,478,46.6796875,377,312,689,62.1841155234657,375,305,680,61.371841155234655,382,323,705,63.628158844765345,370,338,708,63.898916967509024,381,331,712,64.25992779783394,382,329,711,64.16967509025271,364,334,698,62.996389891696744,384,330,714,64.4404332129964,381,339,720,64.98194945848375,385,337,722,65.16245487364621,388,318,706,63.718411552346566,372,342,714,64.4404332129964,383,339,722,65.16245487364621,408,354,762,68.7725631768953,410,355,765,69.04332129963899,380,332,712,64.78616924476796,27,22,49,13.841807909604519,0405806000,3rd
Jala-Jala,2025,174,169,343,47.57281553398058,198,184,382,48.41571609632446,170,157,327,41.44486692015209,228,210,438,55.51330798479087,240,237,477,60.45627376425855,228,238,466,59.062103929024076,224,213,437,55.38656527249684,229,240,469,59.442332065906214,232,234,466,59.062103929024076,223,219,442,56.020278833967055,208,203,411,52.09125475285171,228,213,441,55.893536121673,241,258,499,63.244613434727505,233,243,476,60.329531051964516,225,217,442,56.020278833967055,227,235,462,58.55513307984791,200,200,400,51.28205128205128,24,39,63,19.20731707317073,0405807000,4th
Rodriguez,2025,2064,1823,3887,40.15910734580019,3199,2828,6027,57.339929597564456,2541,2222,4763,45.31443249928646,3232,2798,6030,57.36847112548759,3105,2789,5894,56.07458852630578,3107,2745,5852,55.67500713538198,3248,2826,6074,57.78708020169346,3108,2777,5885,55.98896394253639,3093,2725,5818,55.35153648558653,3156,2810,5966,56.75958519646085,2433,2282,4715,44.85776805251641,3613,3162,6775,64.45628389306441,4058,3648,7706,73.31367139187518,4033,3646,7679,73.05679764056703,2915,2726,5641,53.667586338121964,2740,2606,5346,50.86100275901436,2566,2448,5014,48.155973876296585,269,221,490,8.211831741243506,0405808000,1st
Morong,2025,397,366,763,57.934700075930145,549,483,1032,71.51767151767152,533,477,1010,69.99306999307,550,489,1039,72.00277200277199,569,539,1108,76.78447678447678,627,544,1171,81.15038115038115,542,499,1041,72.14137214137214,583,529,1112,77.06167706167706,624,536,1160,80.38808038808038,651,560,1211,83.92238392238393,640,574,1214,84.13028413028412,555,590,1145,79.34857934857935,592,534,1126,78.03187803187804,631,549,1180,81.77408177408178,663,597,1260,87.31808731808732,697,626,1323,91.68399168399168,654,598,1252,87.30822873082286,49,34,83,21.899736147757256,0405809000,2nd
Pililla,2025,451,441,892,54.52322738386308,580,550,1130,63.87789711701526,447,407,854,48.275862068965516,574,549,1123,63.48219332956473,538,523,1061,59.97738835500282,500,555,1055,59.638213680045226,576,562,1138,64.33013001695873,539,522,1061,59.97738835500282,499,549,1048,59.24250989259468,488,500,988,55.85076314301865,475,457,932,52.685132843414365,569,545,1114,62.97343131712832,543,520,1063,60.0904465799887,513,550,1063,60.0904465799887,541,512,1053,59.525155455059355,647,626,1273,71.9615602035048,584,571,1155,66.0,84,66,150,25.597269624573375,0405810000,1st
San Mateo,2025,1085,1034,2119,39.778486953256994,1743,1590,3333,57.6643598615917,1684,1526,3210,55.536332179930795,1723,1536,3259,56.3840830449827,1739,1559,3298,57.05882352941176,1803,1609,3412,59.031141868512115,1718,1557,3275,56.660899653979236,1726,1771,3497,60.50173010380623,1916,1607,3523,60.9515570934256,1787,1568,3355,58.04498269896193,1486,1452,2938,50.83044982698962,1921,1715,3636,62.90657439446367,2259,2061,4320,74.74048442906575,2093,2167,4260,73.70242214532871,1619,1571,3190,55.19031141868512,1565,1546,3111,53.8235294117647,1346,1448,2794,48.760907504363,283,310,593,17.60688836104513,0405811000,1st
Tanay,2025,679,618,1297,39.56680902989628,937,879,1816,51.111736560652965,807,744,1551,43.653250773993804,990,899,1889,53.16633830565719,952,963,1915,53.89811426963129,965,910,1875,52.77230509428652,1017,888,1905,53.6166619757951,951,955,1906,53.64480720517872,955,889,1844,51.899802983394316,915,898,1813,51.02730087250211,900,878,1778,50.04221784407543,997,913,1910,53.7573881227132,955,969,1924,54.15142133408387,948,901,1849,52.04052913031241,943,923,1866,52.51899802983394,957,961,1918,53.982549957782155,877,874,1751,49.786750071083304,107,108,215,14.909847434119278,0405812000,1st
Taytay,2025,2159,2161,4320,55.29246128247792,2713,2616,5329,62.716252795104154,2574,2457,5031,59.209132635047666,2876,2749,5625,66.19983523596564,2954,2831,5785,68.08285277156644,3258,3083,6341,74.62633870777921,2832,2712,5544,65.24655760856774,2877,2794,5671,66.74120277745087,3090,2943,6033,71.00152995174767,3010,2835,5845,68.78898434741674,2651,2401,5052,59.45627868659527,2935,2867,5802,68.28292338472403,3384,3189,6573,77.35671413440038,3413,3159,6572,77.34494527480287,3019,2667,5686,66.91773567141344,3515,3261,6776,79.74579263269389,3310,3074,6384,75.96382674916707,247,222,469,19.189852700491,0405813000,1st
Teresa,2025,511,446,957,70.99406528189911,567,476,1043,70.95238095238095,541,464,1005,68.36734693877551,602,499,1101,74.89795918367346,607,498,1105,75.17006802721087,602,543,1145,77.89115646258503,597,500,1097,74.62585034013605,596,488,1084,73.74149659863946,572,538,1110,75.51020408163265,595,522,1117,75.98639455782313,623,532,1155,78.57142857142857,606,504,1110,75.51020408163265,658,533,1191,81.0204081632653,625,570,1195,81.29251700680273,653,569,1222,83.12925170068027,648,609,1257,85.51020408163265,585,558,1143,78.6648313833448,61,52,113,34.036144578313255,0405814000,2nd
City of Lucena ,2025,1433,1379,2812,44.550063371356146,1441,1377,2818,41.301480287263665,1433,1378,2811,41.19888612047487,2199,2056,4255,62.362597098050706,2267,2085,4352,63.78425912355269,2334,2227,4561,66.84742781767551,1882,1721,3603,52.80668327715081,1844,1716,3560,52.176461966876744,1787,1744,3531,51.75142899018027,2009,1918,3927,57.555327568518244,1612,1488,3100,45.434559577898284,2187,2006,4193,61.45390590649274,2310,2155,4465,65.44042210171479,2129,2064,4193,61.45390590649274,2089,1944,4033,59.10889637989154,2489,2421,4910,71.96247984757437,2400,2333,4733,70.02515164965232,169,153,322,17.237687366167023,0431200000,2nd
Region 5,2025,29842,29267,59109,42.7344433439129,41974,40250,82224,54.67166679964892,35985,34427,70412,46.8177345142158,49834,47254,97088,64.55490837522274,55559,51994,107553,71.51320513843453,61604,58513,120117,79.86715072209367,32691,30856,63547,42.2531184340009,33553,31918,65471,43.53240777680257,34945,33441,68386,45.47062421872922,44608,41959,86567,57.559376579164336,42192,40053,82245,54.68562993696641,56968,53126,110094,73.20274475384984,61887,58668,120555,80.1583818718583,57612,55173,112785,74.99202106439002,47117,43909,91026,60.52421606957632,46102,42684,88786,59.03481475571159,43247,40859,84106,56.61454371663783,7187,6558,13745,17.738001522796782,0500000000,
Albay,2025,7231,7069,14300,51.069604656976544,8313,7971,16284,53.362170664569405,7469,7177,14646,47.99449469130948,10279,9759,20038,65.6639140123214,11567,10613,22180,72.68318259273823,12942,12356,25298,82.90077336479223,7336,6818,14154,46.38222571765631,7523,7055,14578,47.77166076812164,8014,7674,15688,51.409096867217194,9014,8574,17588,57.63533883864203,8832,8261,17093,56.01323895661292,11802,10697,22499,73.72853585004587,13204,12352,25556,83.74623148512256,12111,11552,23663,77.54292829990824,10005,9276,19281,63.18324813212741,10995,10225,21220,69.53729191243939,10397,9757,20154,66.82582313737193,1127,1077,2204,17.020619352845777,0500500000,1st
Bacacay,2025,243,260,503,33.4664005322688,286,316,602,36.70731707317073,263,293,556,33.90243902439025,481,480,961,58.59756097560975,565,490,1055,64.32926829268293,701,577,1278,77.92682926829269,364,318,682,41.58536585365854,407,333,740,45.1219512195122,439,352,791,48.231707317073166,468,419,887,54.08536585365854,498,425,923,56.28048780487804,594,532,1126,68.65853658536587,765,638,1403,85.54878048780488,719,589,1308,79.75609756097562,523,454,977,59.573170731707314,625,491,1116,68.04878048780488,523,471,994,61.169230769230765,75,82,157,17.158469945355193,0500501000,2nd
Camalig,2025,402,454,856,60.66619418851879,419,452,871,56.52173913043478,406,455,861,55.87280986372486,578,555,1133,73.52368591823492,609,563,1172,76.05451005840364,664,786,1450,94.09474367293966,479,460,939,60.9344581440623,504,444,948,61.51849448410124,488,519,1007,65.3471771576898,572,538,1110,72.03114860480207,627,636,1263,81.95976638546398,678,660,1338,86.82673588578845,825,808,1633,105.97014925373134,830,865,1695,109.9935107073329,611,567,1178,76.44386761842959,642,587,1229,79.75340687865022,622,603,1225,80.2226588081205,65,66,131,34.11458333333333,0500502000,1st
Daraga,2025,452,399,851,33.34639498432602,636,671,1307,46.82909351486922,636,671,1307,46.82909351486922,784,841,1625,58.2228591902544,947,908,1855,66.46363310641347,1083,1072,2155,77.21246864922968,462,448,910,32.60480114654246,474,455,929,33.285560730920814,561,569,1130,40.48728054460767,652,679,1331,47.68900035829452,710,746,1456,52.16768183446793,894,877,1771,63.453959154424936,1104,1100,2204,78.96811178788965,1060,1093,2153,77.1408097456109,734,779,1513,54.209960587603014,957,934,1891,67.75349337155141,950,912,1862,67.43933357479173,4,6,10,1.7241379310344827,0500503000,1st
Guinobatan,2025,447,430,877,50.37334865020103,459,399,858,45.56558682952735,465,401,866,45.99044078597982,547,526,1073,56.98353690918747,592,514,1106,58.7360594795539,701,590,1291,68.56080722251725,441,389,830,44.07859798194371,469,417,886,47.052575677110994,479,407,886,47.052575677110994,585,541,1126,59.798194370685074,725,674,1399,74.29633563462559,763,635,1398,74.24322889006903,799,694,1493,79.28836962294211,747,668,1415,75.14604354753054,627,552,1179,62.61285183218269,640,599,1239,65.79925650557621,644,573,1217,65.28969957081546,22,9,31,4.711246200607903,0500504000,1st
Jovellar,2025,57,68,125,38.69969040247678,68,72,140,39.6600566572238,51,49,100,28.328611898016998,120,126,246,69.68838526912181,149,138,287,81.30311614730878,144,139,283,80.16997167138811,99,125,224,63.45609065155807,134,111,245,69.40509915014165,135,122,257,72.80453257790369,106,91,197,55.80736543909348,85,82,167,47.30878186968839,144,153,297,84.13597733711048,149,169,318,90.08498583569406,131,129,260,73.65439093484419,108,104,212,60.05665722379604,141,148,289,81.86968838526913,124,144,268,76.57142857142857,33,22,55,31.79190751445087,0500505000,4th
City of Legazpi ,2025,1342,1304,2646,58.944085542437065,1310,1278,2588,53.24007405883563,1204,1185,2389,49.14626620037029,2052,1870,3922,80.68298703970378,2067,2064,4131,84.98251388603168,2184,2209,4393,90.37235136803126,1471,1459,2930,60.27566344373586,1450,1503,2953,60.74881711581979,1491,1545,3036,62.4562847150792,1544,1556,3100,63.77288623739972,1409,1304,2713,55.811561407117885,1724,1526,3250,66.8586710553384,1652,1613,3265,67.16724953713228,1621,1540,3161,65.02777206336144,1761,1648,3409,70.12960296235342,1800,1729,3529,72.59823081670437,1718,1706,3424,71.33333333333334,231,235,466,22.179914326511184,0500506000,2nd
Libon,2025,153,166,319,19.53459889773423,263,279,542,30.466554243957276,65,70,135,7.588532883642496,599,578,1177,66.16076447442384,641,612,1253,70.43282743114109,666,642,1308,73.52445193929174,291,283,574,32.26531759415402,297,317,614,34.51377178189994,284,294,578,32.49016301292861,441,455,896,50.36537380550872,359,382,741,41.65261382799326,652,616,1268,71.27599775154582,648,655,1303,73.2433951658235,515,602,1117,62.78808319280495,480,469,949,53.34457560427206,526,541,1067,59.97751545812255,488,434,922,52.44596131968146,132,138,270,24.15026833631485,0500507000,1st
City of Ligao,2025,1200,1143,2343,95.78904333605888,1647,1510,3157,118.41710427606901,1531,1420,2951,110.69017254313577,914,893,1807,67.7794448612153,1020,982,2002,75.09377344336085,1172,1163,2335,87.58439609902476,697,635,1332,49.962490622655665,720,652,1372,51.46286571642911,774,746,1520,57.01425356339085,910,852,1762,66.09152288072018,697,666,1363,51.12528132033008,1144,1098,2242,84.0960240060015,1328,1268,2596,97.37434358589647,1263,1196,2459,92.23555888972244,978,925,1903,71.38034508627157,1098,1021,2119,79.48237059264817,1094,1014,2108,80.0,26,32,58,11.646586345381527,0500508000,4th
Malilipot,2025,236,210,446,52.408930669800235,301,255,556,60.17316017316018,285,253,538,58.22510822510822,315,307,622,67.31601731601732,348,280,628,67.96536796536796,378,370,748,80.95238095238095,236,205,441,47.72727272727273,253,205,458,49.56709956709957,256,220,476,51.515151515151516,294,250,544,58.87445887445888,292,250,542,58.658008658008654,428,371,799,86.47186147186147,455,377,832,90.04329004329004,417,353,770,83.33333333333334,311,260,571,61.79653679653679,337,286,623,67.42424242424242,330,280,610,66.73960612691467,34,37,71,15.919282511210762,0500509000,4th
Malinao,2025,346,343,689,71.6961498439126,362,354,716,68.51674641148325,327,313,640,61.24401913875598,305,331,636,60.86124401913876,461,399,860,82.29665071770334,485,483,968,92.63157894736842,218,184,402,38.4688995215311,218,202,420,40.19138755980861,235,252,487,46.60287081339713,324,288,612,58.56459330143541,248,245,493,47.177033492822964,428,375,803,76.84210526315789,564,499,1063,101.7224880382775,483,439,922,88.22966507177034,334,297,631,60.38277511961723,387,339,726,69.47368421052632,352,334,686,66.4085188770571,91,83,174,26.126126126126124,0500510000,3rd
Manito,2025,161,167,328,54.57570715474209,171,183,354,54.29447852760736,160,169,329,50.4601226993865,194,193,387,59.355828220858896,214,196,410,62.88343558282209,254,214,468,71.77914110429448,188,174,362,55.52147239263804,180,177,357,54.75460122699386,178,163,341,52.30061349693251,196,187,383,58.742331288343564,203,197,400,61.34969325153374,208,228,436,66.87116564417178,293,278,571,87.57668711656443,292,267,559,85.7361963190184,190,178,368,56.44171779141104,203,200,403,61.809815950920246,193,191,384,59.62732919254658,22,10,32,8.443271767810026,0500511000,4th
Oas,2025,234,203,437,34.355345911949684,231,176,407,29.365079365079367,128,123,251,18.10966810966811,423,373,796,57.43145743145743,601,486,1087,78.42712842712842,655,408,1063,76.6955266955267,332,265,597,43.073593073593074,342,295,637,45.95959595959596,356,287,643,46.39249639249639,376,302,678,48.917748917748916,393,288,681,49.134199134199136,692,539,1231,88.81673881673882,709,631,1340,96.68109668109668,539,451,990,71.42857142857143,432,364,796,57.43145743145743,490,401,891,64.28571428571429,411,340,751,54.65793304221251,23,16,39,6.018518518518518,0500512000,1st
Pio Duran,2025,315,299,614,60.19607843137255,330,322,652,58.68586858685868,300,289,589,53.01530153015301,422,382,804,72.36723672367236,550,437,987,88.83888388838884,575,550,1125,101.26012601260126,273,229,502,45.184518451845186,290,239,529,47.61476147614761,293,275,568,51.125112511251125,389,342,731,65.7965796579658,371,313,684,61.56615661566157,513,444,957,86.13861386138613,587,534,1121,100.9000900090009,540,506,1046,94.14941494149414,389,342,731,65.7965796579658,395,346,741,66.6966696669667,351,306,657,60.16483516483516,67,67,134,24.587155963302752,0500513000,3rd
Polangui,2025,363,382,745,45.371498172959804,394,349,743,40.801757276221856,354,315,669,36.73805601317957,637,617,1254,68.86326194398681,724,694,1418,77.86930258099946,889,838,1727,94.83800109829764,405,347,752,41.29599121361889,429,391,820,45.03020318506315,436,412,848,46.56781987918726,570,534,1104,60.62602965403624,626,609,1235,67.81987918725974,677,646,1323,72.65238879736408,924,839,1763,96.81493684788578,823,801,1624,89.18176825919825,644,587,1231,67.60021965952772,640,615,1255,68.91817682591982,573,539,1112,62.15762996087199,151,123,274,31.603229527104958,0500514000,1st
Rapu-Rapu,2025,106,99,205,24.818401937046005,239,202,441,49.328859060402685,85,63,148,16.55480984340045,316,290,606,67.78523489932886,387,331,718,80.31319910514542,401,419,820,91.72259507829978,259,241,500,55.92841163310962,271,224,495,55.369127516778526,246,218,464,51.90156599552572,249,215,464,51.90156599552572,241,217,458,51.23042505592841,342,311,653,73.04250559284117,262,266,528,59.06040268456376,188,173,361,40.380313199105146,276,248,524,58.61297539149888,292,295,587,65.6599552572707,260,265,525,59.59137343927355,47,40,87,14.846416382252558,0500515000,3rd
Santo Domingo,2025,158,164,322,49.235474006116206,158,151,309,43.27731092436975,128,115,243,34.03361344537815,213,204,417,58.40336134453782,235,201,436,61.06442577030813,259,234,493,69.04761904761905,182,167,349,48.87955182072829,188,165,353,49.43977591036415,199,169,368,51.540616246498594,211,197,408,57.14285714285714,216,205,421,58.96358543417367,251,240,491,68.76750700280112,303,303,606,84.87394957983193,332,313,645,90.33613445378151,210,189,399,55.88235294117647,235,227,462,64.70588235294117,235,227,462,65.34653465346535,9,8,17,8.585858585858585,0500516000,4th
City of Tabaco,2025,671,648,1319,45.719237435008665,654,617,1271,40.298034242232085,684,642,1326,42.04185161699429,946,804,1750,55.48509828788839,1007,916,1923,60.97019657577679,1165,1131,2296,72.79644895370959,692,630,1322,41.91502853519341,641,657,1298,41.154090044388084,884,852,1736,55.041217501585294,763,768,1531,48.541534559289786,747,644,1391,44.10272669625872,1028,882,1910,60.5580215599239,1144,1039,2183,69.21369689283449,1039,1012,2051,65.0285351934052,951,911,1862,59.036144578313255,1136,1048,2184,69.24540266328472,1093,1014,2107,67.53205128205128,61,75,136,8.441961514587213,0500517000,4th
Tiwi,2025,345,330,675,56.67506297229219,385,385,770,59.18524212144505,397,351,748,57.49423520368947,433,389,822,63.18216756341276,450,402,852,65.48808608762491,566,531,1097,84.31975403535742,247,259,506,38.89315910837817,256,268,524,40.27671022290546,280,272,552,42.428900845503456,364,360,724,55.64950038431975,385,378,763,58.647194465795536,642,564,1206,92.69792467332822,693,641,1334,102.53651037663336,572,555,1127,86.62567255956957,446,402,848,65.18063028439663,451,418,869,66.79477325134512,436,404,840,65.36964980544747,34,28,62,10.76388888888889,0500518000,1st
Camarines Norte,2025,2965,3056,6021,39.84514592019059,4832,4880,9712,59.20868133877949,4394,4390,8784,53.55117966225691,5284,5176,10460,63.76882277632141,6008,5733,11741,71.57836981040053,6782,6496,13278,80.94860696214107,2494,2564,5058,30.835822715356947,2702,2701,5403,32.93909650673657,2713,2596,5309,32.36603060415778,4661,4316,8977,54.72779369627507,4469,4265,8734,53.246357373651165,5751,5580,11331,69.07882704383344,6653,6321,12974,79.09528744741814,6034,5871,11905,72.57818691702738,4953,4554,9507,57.95890995549594,4607,4379,8986,54.7826617082241,4118,4115,8233,50.93732599146198,977,910,1887,18.736967530533214,0501600000,2nd
Basud,2025,127,97,224,21.705426356589147,315,343,658,58.43694493783303,305,334,639,56.749555950266426,377,352,729,64.7424511545293,443,439,882,78.3303730017762,506,520,1026,91.1190053285968,167,180,347,30.817051509769094,176,185,361,32.06039076376554,196,159,355,31.527531083481346,348,326,674,59.85790408525755,305,334,639,56.749555950266426,399,357,756,67.14031971580818,492,498,990,87.92184724689164,442,455,897,79.66252220248667,347,332,679,60.30195381882771,347,347,694,61.63410301953819,303,279,582,52.52707581227437,78,66,144,30.37974683544304,0501601000,3rd
Capalonga,2025,160,142,302,38.131313131313135,293,290,583,67.32101616628175,240,222,462,53.34872979214781,304,293,597,68.93764434180139,345,297,642,74.13394919168591,348,340,688,79.44572748267899,139,129,268,30.94688221709007,157,139,296,34.18013856812933,142,136,278,32.10161662817552,233,229,462,53.34872979214781,218,186,404,46.65127020785219,315,312,627,72.40184757505773,390,373,763,88.10623556581986,350,334,684,78.9838337182448,263,234,497,57.39030023094688,224,209,433,50.0,210,207,417,48.771929824561404,54,33,87,13.488372093023257,0501602000,3rd
Daet ,2025,708,706,1414,63.09683177153057,1295,1371,2666,109.44170771756978,1290,1365,2655,108.99014778325122,777,725,1502,61.65845648604269,893,816,1709,70.1559934318555,958,915,1873,76.88834154351396,304,283,587,24.09688013136289,326,299,625,25.656814449917896,332,297,629,25.82101806239737,754,663,1417,58.16912972085386,691,674,1365,56.03448275862068,824,760,1584,65.02463054187191,961,872,1833,75.24630541871922,877,825,1702,69.86863711001642,763,724,1487,61.04269293924466,709,690,1399,57.43021346469622,649,673,1322,54.99168053244592,111,95,206,17.413355874894336,0501603000,1st
San Lorenzo Ruiz,2025,81,89,170,50.74626865671642,95,86,181,49.72527472527473,74,70,144,39.56043956043956,104,131,235,64.56043956043956,123,143,266,73.07692307692307,158,169,327,89.83516483516483,49,59,108,29.67032967032967,48,66,114,31.318681318681318,53,62,115,31.59340659340659,122,118,240,65.93406593406593,102,110,212,58.24175824175825,123,121,244,67.03296703296702,157,157,314,86.26373626373626,124,141,265,72.8021978021978,121,108,229,62.91208791208791,92,106,198,54.395604395604394,95,93,188,52.22222222222223,22,39,61,20.677966101694913,0501604000,5th
Jose Panganiban,2025,221,259,480,27.350427350427353,435,399,834,44.0337909186906,348,332,680,35.90285110876452,578,591,1169,61.721224920802534,611,652,1263,66.68426610348469,621,628,1249,65.94508975712777,349,376,725,38.278775079197466,379,405,784,41.39387539598733,335,383,718,37.90918690601901,524,485,1009,53.27349524815206,491,474,965,50.95036958817318,614,623,1237,65.31151003167899,659,651,1310,69.16578669482577,623,615,1238,65.36430834213304,490,458,948,50.05279831045406,439,461,900,47.51847940865892,468,405,873,46.75950723085163,118,122,240,17.316017316017316,0501605000,2nd
Labo,2025,408,431,839,31.085587254538716,576,539,1115,38.002726653033406,504,463,967,32.958418541240626,1045,972,2017,68.74573960463532,1141,1043,2184,74.43762781186093,1320,1288,2608,88.88888888888889,427,414,841,28.663940013633265,446,494,940,32.03817314246762,449,461,910,31.01567825494206,884,864,1748,59.57736877982277,839,833,1672,56.987048398091346,1126,1077,2203,75.08520790729379,1229,1217,2446,83.36741649625085,1083,1056,2139,72.9038854805726,870,862,1732,59.03203817314247,832,772,1604,54.66939331970006,712,762,1474,51.091854419410744,216,174,390,19.50975487743872,0501606000,1st
Mercedes,2025,353,340,693,49.00990099009901,459,462,921,60.039113428943935,390,401,791,51.56453715775749,413,438,851,55.47588005215124,525,463,988,64.40677966101694,691,607,1298,84.61538461538461,185,180,365,23.79400260756193,219,200,419,27.314211212516298,248,210,458,29.85658409387223,401,339,740,48.23989569752282,437,390,827,53.91134289439374,454,470,924,60.234680573663624,575,528,1103,71.90352020860496,547,532,1079,70.33898305084746,474,390,864,56.32333767926988,471,421,892,58.148631029986966,364,376,740,48.97418927862343,107,84,191,22.0554272517321,0501607000,2nd
Paracale,2025,381,397,778,46.06275902901125,548,546,1094,59.91237677984665,506,472,978,53.559693318729465,615,587,1202,65.82694414019716,739,661,1400,76.67031763417306,808,703,1511,82.74917853231106,346,330,676,37.02081051478642,356,304,660,36.144578313253014,306,270,576,31.544359255202632,462,418,880,48.19277108433735,446,418,864,47.31653888280395,716,661,1377,75.41073384446878,792,692,1484,81.27053669222344,671,636,1307,71.57721796276013,608,552,1160,63.52683461117196,562,531,1093,59.85761226725083,506,501,1007,56.19419642857143,80,83,163,14.81818181818182,0501608000,3rd
San Vicente,2025,27,38,65,25.1937984496124,88,78,166,58.45070422535211,101,58,159,55.98591549295775,85,94,179,63.02816901408451,103,105,208,73.23943661971832,119,114,233,82.04225352112677,47,54,101,35.563380281690144,56,61,117,41.19718309859155,62,63,125,44.014084507042256,96,84,180,63.38028169014085,87,78,165,58.098591549295776,88,108,196,69.01408450704226,136,126,262,92.25352112676056,140,122,262,92.25352112676056,100,77,177,62.323943661971825,96,97,193,67.95774647887323,92,90,182,65.70397111913357,5,10,15,11.627906976744185,0501609000,5th
Santa Elena,2025,238,260,498,47.42857142857143,261,283,544,47.55244755244755,247,268,515,45.01748251748251,406,353,759,66.34615384615384,438,418,856,74.82517482517483,504,458,962,84.0909090909091,155,179,334,29.195804195804197,171,149,320,27.972027972027973,162,138,300,26.223776223776223,298,273,571,49.91258741258741,279,245,524,45.8041958041958,433,388,821,71.76573426573427,480,409,889,77.70979020979021,425,388,813,71.06643356643356,313,275,588,51.39860139860139,249,236,485,42.39510489510489,218,236,454,40.28393966282165,79,84,163,23.453237410071942,0501610000,3rd
Talisay,2025,115,171,286,47.587354409317804,137,169,306,46.86064318529862,132,167,299,45.78866768759571,175,224,399,61.102603369065854,192,240,432,66.15620214395099,236,268,504,77.18223583460949,91,115,206,31.546707503828486,100,128,228,34.915773353751916,120,118,238,36.447166921898926,166,169,335,51.301684532924966,186,202,388,59.41807044410413,201,252,453,69.37212863705973,244,302,546,83.61408882082695,235,283,518,79.32618683001532,195,207,402,61.56202143950995,191,165,356,54.517611026033684,176,162,338,52.160493827160494,32,25,57,13.225058004640372,0501611000,4th
Vinzons,2025,146,126,272,21.847389558232933,330,314,644,47.988077496274215,257,238,495,36.885245901639344,405,416,821,61.17734724292101,455,456,911,67.88375558867362,513,486,999,74.44113263785394,235,265,500,37.257824143070046,268,271,539,40.16393442622951,308,299,607,45.23099850968703,373,348,721,53.725782414307,388,321,709,52.831594634873326,458,451,909,67.73472429210135,538,496,1034,77.04918032786885,517,484,1001,74.59016393442623,409,335,744,55.439642324888226,395,344,739,55.06706408345753,325,331,656,49.36042136945071,75,95,170,19.5852534562212,0501612000,3rd
Camarines Sur,2025,6194,6054,12248,27.58185830743593,12543,11814,24357,50.45782234007292,10932,10215,21147,43.80800464037123,15717,14636,30353,62.87910175671196,17030,15816,32846,68.04358634405038,18900,17916,36816,76.26781571097116,9032,8369,17401,36.047812396420284,9185,8721,17906,37.093967517401396,9673,9115,18788,38.92111368909513,13398,12662,26060,53.985747431223075,12361,11885,24246,50.22787537288698,19861,18385,38246,79.23019555850182,19222,18158,37380,77.43619489559165,17705,16816,34521,71.5135067948293,14333,13235,27568,57.10971163407358,13271,11848,25119,52.03637719588996,12352,11586,23938,50.20869601694737,2920,2592,5512,19.101746603825895,0501700000,1st
Baao,2025,357,345,702,57.58818703855619,331,319,650,48.83546205860255,427,413,840,63.11044327573253,559,530,1089,81.81818181818183,628,553,1181,88.73027798647634,660,593,1253,94.1397445529677,308,271,579,43.501126972201355,292,274,566,42.5244177310293,310,267,577,43.350864012021034,472,418,890,66.86701728024043,385,344,729,54.77084898572502,693,615,1308,98.27197595792637,676,635,1311,98.49737039819685,628,581,1209,90.83395942900076,423,381,804,60.405709992486855,396,316,712,53.49361382419233,368,292,660,50.15197568389058,216,237,453,46.943005181347154,0501701000,3rd
Balatan,2025,28,51,79,9.518072289156626,281,269,550,61.452513966480446,326,302,628,70.16759776536313,313,292,605,67.59776536312849,323,316,639,71.39664804469274,327,335,662,73.96648044692738,172,173,345,38.547486033519554,184,193,377,42.12290502793296,177,183,360,40.22346368715084,251,250,501,55.977653631284916,192,203,395,44.134078212290504,377,345,722,80.67039106145252,356,365,721,80.55865921787709,333,316,649,72.51396648044692,243,247,490,54.7486033519553,205,207,412,46.03351955307263,199,222,421,47.89533560864619,60,48,108,17.763157894736842,0501702000,4th
Bato,2025,252,197,449,35.050741608118656,363,319,682,49.06474820143885,316,272,588,42.302158273381295,461,446,907,65.25179856115108,576,550,1126,81.00719424460432,551,526,1077,77.4820143884892,242,212,454,32.66187050359712,257,231,488,35.10791366906475,265,228,493,35.46762589928058,338,286,624,44.89208633093525,291,289,580,41.726618705035975,564,539,1103,79.35251798561151,548,528,1076,77.41007194244605,497,459,956,68.77697841726619,379,332,711,51.15107913669065,367,318,685,49.280575539568346,277,262,539,39.114658925979676,188,189,377,31.976251060220527,0501703000,3rd
Bombon,2025,81,96,177,43.06569343065693,186,184,370,82.95964125560538,190,183,373,83.6322869955157,117,102,219,49.10313901345291,129,100,229,51.34529147982063,142,118,260,58.29596412556054,75,52,127,28.475336322869953,79,53,132,29.596412556053814,71,53,124,27.802690582959645,124,92,216,48.4304932735426,110,91,201,45.06726457399103,140,117,257,57.62331838565022,148,107,255,57.17488789237668,146,107,253,56.72645739910314,119,84,203,45.51569506726457,133,87,220,49.327354260089685,125,82,207,47.04545454545455,6,7,13,7.18232044198895,0501704000,5th
Buhi,2025,171,177,348,18.143899895724715,525,476,1001,48.10187409899087,505,479,984,47.28495915425277,614,574,1188,57.087938491110044,655,647,1302,62.566074002883234,720,714,1434,68.90917827967323,442,411,853,40.98990869774147,434,430,864,41.5185007208073,428,441,869,41.75876982220086,516,516,1032,49.59154252763094,521,546,1067,51.27342623738588,746,695,1441,69.24555502162421,806,819,1625,78.08745795290726,753,738,1491,71.64824603555982,542,547,1089,52.330610283517544,528,477,1005,48.29408938010572,568,539,1107,53.84241245136187,100,96,196,19.77800201816347,0501705000,1st
Bula,2025,519,456,975,54.106548279689235,749,628,1377,70.25510204081633,758,665,1423,72.60204081632654,771,686,1457,74.33673469387755,843,751,1594,81.3265306122449,996,910,1906,97.24489795918367,397,324,721,36.78571428571429,355,331,686,35.0,408,354,762,38.87755102040816,694,620,1314,67.04081632653062,600,535,1135,57.90816326530612,861,784,1645,83.92857142857143,838,761,1599,81.58163265306122,823,776,1599,81.58163265306122,672,612,1284,65.51020408163265,596,505,1101,56.173469387755105,488,433,921,47.523219814241486,110,111,221,17.56756756756757,0501706000,2nd
Cabusao,2025,95,77,172,36.36363636363637,267,248,515,99.61315280464217,247,229,476,92.06963249516441,146,150,296,57.25338491295938,172,166,338,65.37717601547389,172,170,342,66.15087040618955,75,75,150,29.013539651837522,73,82,155,29.980657640232106,66,88,154,29.78723404255319,128,133,261,50.483558994197296,103,110,213,41.19922630560928,172,167,339,65.57059961315281,171,160,331,64.02321083172147,153,148,301,58.22050290135397,113,110,223,43.133462282398455,97,103,200,38.684719535783366,91,98,189,36.84210526315789,24,17,41,12.386706948640484,0501707000,5th
Calabanga,2025,243,260,503,23.073394495412845,619,615,1234,52.13350232361639,673,662,1335,56.40050697084917,676,635,1311,55.38656527249684,695,666,1361,57.498943810730886,834,755,1589,67.13138994507815,370,298,668,28.22137727080693,382,336,718,30.33375580904098,391,370,761,32.15040135192226,648,613,1261,53.274186734262784,669,647,1316,55.59780312632023,874,790,1664,70.29995775242924,858,824,1682,71.0604140261935,939,894,1833,77.43979721166033,678,632,1310,55.34431770173215,636,593,1229,51.92226446979299,628,607,1235,52.93613373339049,75,61,136,10.734017363851619,0501708000,1st
Camaligan,2025,35,40,75,14.677103718199607,147,145,292,52.23613595706619,139,130,269,48.1216457960644,208,198,406,72.62969588550983,226,210,436,77.99642218246869,239,207,446,79.78533094812164,93,89,182,32.55813953488372,116,94,210,37.567084078711986,132,104,236,42.21824686940966,145,123,268,47.9427549194991,163,145,308,55.09838998211091,178,172,350,62.61180679785331,206,184,390,69.76744186046511,234,195,429,76.74418604651163,187,169,356,63.68515205724508,182,160,342,61.18067978533095,163,167,330,59.245960502692995,22,33,55,20.37037037037037,0501709000,5th
Canaman,2025,23,31,54,7.605633802816901,194,226,420,54.19354838709678,185,187,372,48.0,226,214,440,56.774193548387096,275,244,519,66.96774193548387,293,279,572,73.80645161290322,140,146,286,36.90322580645161,139,145,284,36.645161290322584,155,146,301,38.83870967741935,195,198,393,50.70967741935484,187,181,368,47.483870967741936,295,264,559,72.12903225806451,313,303,616,79.48387096774194,290,275,565,72.90322580645162,216,199,415,53.5483870967742,199,174,373,48.12903225806451,181,181,362,47.13541666666667,69,37,106,20.948616600790515,0501710000,4th
Caramoan,2025,171,199,370,28.11550151975684,453,406,859,60.23842917251052,230,249,479,33.59046283309958,544,444,988,69.28471248246845,561,490,1051,73.70266479663394,648,565,1213,85.06311360448808,342,280,622,43.61851332398317,346,309,655,45.93267882187938,371,326,697,48.87798036465638,472,391,863,60.51893408134642,400,351,751,52.664796633941094,697,603,1300,91.164095371669,645,549,1194,83.73071528751753,604,514,1118,78.40112201963534,460,381,841,58.97615708274895,421,398,819,57.43338008415147,374,354,728,51.85185185185185,139,127,266,26.232741617357004,0501711000,2nd
Del Gallego,2025,51,54,105,16.380655226209047,141,136,277,39.97113997113997,88,80,168,24.242424242424242,202,204,406,58.58585858585859,231,252,483,69.6969696969697,249,226,475,68.54256854256853,103,112,215,31.024531024531026,133,119,252,36.36363636363637,118,104,222,32.03463203463203,171,170,341,49.2063492063492,133,124,257,37.085137085137085,278,274,552,79.65367965367966,275,247,522,75.32467532467533,228,231,459,66.23376623376623,198,171,369,53.246753246753244,187,128,315,45.45454545454545,139,111,250,36.81885125184095,54,54,108,23.376623376623375,0501712000,4th
Gainza,2025,41,36,77,28.205128205128204,74,67,141,47.63513513513514,50,60,110,37.16216216216216,84,74,158,53.37837837837838,82,63,145,48.986486486486484,89,74,163,55.067567567567565,39,40,79,26.68918918918919,35,36,71,23.986486486486484,30,29,59,19.93243243243243,71,56,127,42.9054054054054,68,46,114,38.513513513513516,93,82,175,59.12162162162162,102,74,176,59.45945945945946,112,82,194,65.54054054054053,71,48,119,40.2027027027027,80,45,125,42.22972972972973,70,39,109,37.32876712328767,11,6,17,9.714285714285714,0501713000,5th
Garchitorena,2025,108,98,206,27.105263157894736,357,315,672,80.86642599277978,120,136,256,30.806257521058967,338,308,646,77.73766546329723,344,314,658,79.18170878459688,370,308,678,81.58844765342961,186,155,341,41.03489771359807,175,156,331,39.83152827918171,162,164,326,39.229843561973524,231,203,434,52.226233453670275,165,142,307,36.94344163658243,421,400,821,98.79663056558363,370,346,716,86.16125150421179,261,249,510,61.371841155234655,260,235,495,59.56678700361011,182,184,366,44.04332129963899,177,170,347,42.47246022031824,109,82,191,34.72727272727273,0501714000,4th
Goa,2025,329,325,654,38.02325581395349,377,368,745,39.690996270644646,389,381,770,41.02290889717635,615,597,1212,64.57112413425679,679,646,1325,70.59136920618008,809,778,1587,84.54981353223229,356,379,735,39.158231220031965,371,394,765,40.75652637187,414,412,826,44.00639318060735,545,529,1074,57.21896643580181,560,539,1099,58.550879062333514,781,771,1552,82.6851358550879,808,783,1591,84.76291955247736,747,730,1477,78.68939797549281,636,594,1230,65.53010122535962,672,572,1244,66.27597229621736,670,620,1290,69.88082340195017,26,18,44,6.395348837209303,0501715000,2nd
City of Iriga,2025,616,658,1274,53.3500837520938,981,1004,1985,76.22887864823349,668,601,1269,48.73271889400922,855,864,1719,66.01382488479263,865,833,1698,65.2073732718894,984,1054,2038,78.2642089093702,430,450,880,33.794162826420894,392,426,818,31.413210445468508,429,471,900,34.56221198156682,579,620,1199,46.044546850998465,519,544,1063,40.82181259600615,836,829,1665,63.94009216589862,892,882,1774,68.12596006144393,883,922,1805,69.31643625192012,802,808,1610,61.82795698924731,675,699,1374,52.764976958525345,588,604,1192,46.13003095975232,137,125,262,18.958031837916064,0501716000,4th
Lagonoy,2025,220,206,426,29.562803608605137,361,327,688,43.96166134185304,243,210,453,28.945686900958467,484,441,925,59.105431309904155,514,494,1008,64.40894568690095,585,591,1176,75.14376996805112,317,326,643,41.08626198083067,371,342,713,45.5591054313099,414,377,791,50.54313099041533,424,410,834,53.29073482428115,399,410,809,51.69329073482428,565,546,1111,70.99041533546327,561,535,1096,70.03194888178913,575,549,1124,71.82108626198082,459,449,908,58.019169329073485,483,440,923,58.977635782747605,473,455,928,59.83236621534493,55,46,101,12.066905615292713,0501717000,2nd
Libmanan,2025,212,187,399,15.47711404189294,531,467,998,35.55397221232633,502,465,967,34.44959030993944,987,898,1885,67.15354470965444,1191,1124,2315,82.47239045244032,1209,1157,2366,84.28927680798004,494,451,945,33.66583541147132,497,473,970,34.55646597791236,526,526,1052,37.47773423583897,776,765,1541,54.89846811542572,785,781,1566,55.78909868186677,1254,1140,2394,85.286783042394,1168,1111,2279,81.18988243676523,979,1007,1986,70.75169219807623,830,813,1643,58.532240826505166,824,771,1595,56.822230138938366,818,784,1602,57.729729729729726,79,46,125,9.057971014492754,0501718000,1st
Lupi,2025,26,23,49,6.363636363636363,152,133,285,34.090909090909086,119,110,229,27.392344497607656,271,259,530,63.397129186602875,269,252,521,62.32057416267942,305,270,575,68.77990430622009,185,153,338,40.430622009569376,191,145,336,40.19138755980861,202,166,368,44.01913875598086,238,201,439,52.511961722488046,209,186,395,47.248803827751196,350,275,625,74.76076555023924,321,263,584,69.85645933014354,327,291,618,73.92344497607655,255,204,459,54.90430622009569,193,180,373,44.61722488038278,191,180,371,44.75271411338962,42,47,89,17.45098039215686,0501719000,3rd
Magarao,2025,32,56,88,15.575221238938052,124,128,252,40.84278768233388,102,103,205,33.22528363047002,191,188,379,61.426256077795784,200,195,395,64.0194489465154,228,215,443,71.79902755267423,117,110,227,36.790923824959485,113,113,226,36.6288492706645,125,115,240,38.897893030794165,184,166,350,56.72609400324149,154,151,305,49.43273905996758,253,233,486,78.7682333873582,246,252,498,80.71312803889789,233,213,446,72.28525121555916,170,152,322,52.188006482982175,147,136,283,45.86709886547812,160,125,285,46.875,38,36,74,21.32564841498559,0501720000,4th
Milaor,2025,66,40,106,13.283208020050125,200,181,381,43.99538106235566,172,153,325,37.52886836027714,281,270,551,63.62586605080831,353,340,693,80.0230946882217,333,343,676,78.06004618937644,152,158,310,35.79676674364896,170,158,328,37.87528868360277,170,173,343,39.607390300230946,199,202,401,46.30484988452656,170,193,363,41.916859122401846,321,334,655,75.635103926097,347,339,686,79.21478060046189,328,313,641,74.01847575057737,223,220,443,51.15473441108544,212,193,405,46.76674364896074,177,180,357,41.901408450704224,88,96,184,32.3943661971831,0501721000,4th
Minalabac,2025,52,52,104,8.475957620211899,284,284,568,42.38805970149254,251,251,502,37.46268656716418,408,352,760,56.71641791044776,433,386,819,61.11940298507462,494,435,929,69.32835820895522,207,186,393,29.328358208955223,230,196,426,31.791044776119403,260,195,455,33.95522388059701,415,343,758,56.56716417910448,417,334,751,56.04477611940298,508,429,937,69.92537313432837,541,447,988,73.73134328358208,595,488,1083,80.82089552238806,433,346,779,58.134328358208954,407,308,715,53.35820895522389,372,293,665,50.30257186081695,66,41,107,13.860103626943005,0501722000,3rd
Nabua,2025,176,167,343,18.13855103120042,497,480,977,47.54257907542579,553,503,1056,51.386861313868614,608,577,1185,57.66423357664233,683,606,1289,62.72506082725061,806,755,1561,75.9610705596107,391,369,760,36.982968369829685,451,388,839,40.82725060827251,445,386,831,40.43795620437956,559,509,1068,51.97080291970803,585,511,1096,53.333333333333336,857,812,1669,81.21654501216545,832,737,1569,76.35036496350365,760,708,1468,71.43552311435522,603,570,1173,57.08029197080292,567,498,1065,51.82481751824818,545,507,1052,51.46771037181996,59,60,119,10.778985507246377,0501723000,1st
City of Naga,2025,853,827,1680,39.22484240018678,1197,1168,2365,50.904003443822646,1157,1120,2277,49.00990099009901,1356,1321,2677,57.61945759793371,1483,1491,2974,64.01205337925097,1609,1532,3141,67.60654326302196,1140,1097,2237,48.14894532931554,1208,1144,2352,50.62419285406802,1253,1180,2433,52.367628067154534,1427,1305,2732,58.80327163151098,1217,1177,2394,51.52819629789066,1495,1446,2941,63.30176495910461,1692,1683,3375,72.64313387860525,1672,1524,3196,68.79035729659923,1419,1323,2742,59.01851054670685,1419,1264,2683,57.74860094705123,1357,1203,2560,55.640078243860025,178,168,346,14.767392232180965,0501724000,2nd
Ocampo,2025,114,117,231,17.962674961119752,323,321,644,46.03288062902073,211,227,438,31.308077197998568,445,400,845,60.40028591851322,468,421,889,63.54538956397426,511,448,959,68.54896354538957,179,177,356,25.44674767691208,182,159,341,24.37455325232309,198,175,373,26.66190135811294,391,340,731,52.251608291636884,324,323,647,46.24731951393853,625,547,1172,83.77412437455325,531,494,1025,73.26661901358112,432,414,846,60.47176554681916,406,375,781,55.82558970693352,350,330,680,48.60614724803431,323,303,626,45.16594516594517,108,90,198,20.412371134020617,0501725000,3rd
Pamplona,2025,248,263,511,51.825557809330626,304,294,598,55.73159366262814,290,286,576,53.68126747437092,308,321,629,58.620689655172406,342,322,664,61.88257222739981,353,359,712,66.35601118359739,164,178,342,31.873252562907734,177,168,345,32.152842497670086,184,172,356,33.178005591798694,247,252,499,46.50512581547064,214,206,420,39.142590866728796,442,404,846,78.84436160298229,389,389,778,72.50698974836905,311,299,610,56.849953401677546,289,249,538,50.13979496738118,271,206,477,44.45479962721342,248,200,448,42.30406043437205,105,65,170,21.879021879021877,0501726000,4th
Pasacao,2025,91,117,208,16.049382716049383,307,289,596,42.120141342756185,284,278,562,39.71731448763251,457,479,936,66.14840989399293,526,513,1039,73.42756183745584,613,610,1223,86.43109540636043,258,285,543,38.37455830388692,303,307,610,43.109540636042404,331,310,641,45.30035335689046,435,440,875,61.83745583038869,375,374,749,52.93286219081273,623,623,1246,88.0565371024735,586,559,1145,80.91872791519434,419,436,855,60.42402826855123,454,405,859,60.70671378091873,396,342,738,52.15547703180212,380,349,729,52.40833932422717,99,94,193,21.11597374179431,0501727000,3rd
Pili ,2025,200,210,410,17.069109075770193,616,648,1264,48.61538461538461,482,479,961,36.96153846153846,810,794,1604,61.69230769230769,819,848,1667,64.11538461538461,946,1003,1949,74.96153846153845,522,523,1045,40.19230769230769,488,531,1019,39.19230769230769,550,560,1110,42.69230769230769,676,739,1415,54.42307692307692,549,576,1125,43.269230769230774,1030,984,2014,77.46153846153845,1038,1036,2074,79.76923076923077,922,929,1851,71.1923076923077,766,730,1496,57.53846153846154,694,657,1351,51.96153846153846,575,555,1130,44.17513682564503,206,193,399,22.722095671981776,0501728000,1st
Presentacion,2025,27,34,61,11.338289962825279,173,161,334,57.388316151202744,95,94,189,32.47422680412371,214,183,397,68.21305841924399,233,214,447,76.80412371134021,278,249,527,90.54982817869416,165,142,307,52.749140893470795,139,159,298,51.20274914089347,154,162,316,54.29553264604811,160,183,343,58.93470790378007,165,173,338,58.075601374570454,257,235,492,84.5360824742268,221,219,440,75.60137457044674,229,213,442,75.94501718213058,165,185,350,60.13745704467354,171,181,352,60.48109965635739,153,165,318,55.400696864111495,49,48,97,24.871794871794872,0501729000,4th
Ragay,2025,240,227,467,31.790333560245067,433,368,801,50.282485875706215,419,365,784,49.215317011927176,518,455,973,61.0797237915882,567,508,1075,67.48273697426241,672,587,1259,79.03327055869428,371,321,692,43.44005021971123,375,332,707,44.38166980539862,406,378,784,49.215317011927176,474,468,942,59.133709981167605,500,458,958,60.13810420590081,682,614,1296,81.35593220338984,673,585,1258,78.97049591964847,645,553,1198,75.20401757689893,516,450,966,60.64030131826742,500,397,897,56.30885122410546,453,409,862,54.869509866327185,80,71,151,15.828092243186584,0501730000,1st
Sagñay,2025,74,103,177,19.8876404494382,233,267,500,51.33470225872689,203,222,425,43.634496919917865,283,266,549,56.365503080082135,287,287,574,58.932238193018485,374,414,788,80.9034907597536,196,194,390,40.04106776180698,181,208,389,39.93839835728953,199,215,414,42.50513347022588,219,250,469,48.15195071868583,225,234,459,47.125256673511295,349,354,703,72.17659137577002,314,364,678,69.60985626283367,322,356,678,69.60985626283367,277,276,553,56.77618069815195,274,256,530,54.41478439425052,245,253,498,51.87500000000001,59,41,100,20.04008016032064,0501731000,4th
San Fernando,2025,133,107,240,25.31645569620253,236,208,444,43.190661478599225,241,206,447,43.48249027237354,290,264,554,53.89105058365759,312,296,608,59.143968871595334,342,316,658,64.00778210116731,228,208,436,42.4124513618677,220,221,441,42.8988326848249,224,228,452,43.96887159533074,259,256,515,50.09727626459144,300,334,634,61.673151750972764,425,404,829,80.6420233463035,439,423,862,83.85214007782102,416,387,803,78.11284046692607,295,306,601,58.463035019455255,283,275,558,54.280155642023345,277,259,536,52.704031465093415,23,27,50,8.103727714748784,0501732000,4th
San Jose,2025,223,195,418,37.15555555555555,395,375,770,63.270336894001645,321,295,616,50.61626951520132,402,347,749,61.54478225143796,419,355,774,63.59901396877567,504,462,966,79.37551355792934,247,194,441,36.2366474938373,222,189,411,33.77156943303204,229,190,419,34.42892358258012,408,350,758,62.28430566967954,323,321,644,52.917009038619554,548,474,1022,83.97699260476583,520,473,993,81.59408381265408,489,437,926,76.08874281018899,375,343,718,58.9975349219392,359,319,678,55.71076417419884,332,311,643,53.53871773522065,46,36,82,12.058823529411764,0501733000,4th
Sipocot,2025,207,196,403,25.0,190,180,370,21.118721461187214,166,143,309,17.636986301369863,523,554,1077,61.47260273972602,563,546,1109,63.299086757990864,627,630,1257,71.74657534246576,306,303,609,34.76027397260274,308,300,608,34.70319634703196,315,327,642,36.64383561643836,502,500,1002,57.1917808219178,463,493,956,54.5662100456621,809,859,1668,95.2054794520548,791,834,1625,92.75114155251141,667,741,1408,80.36529680365297,528,511,1039,59.30365296803652,468,475,943,53.824200913242,470,517,987,56.789413118527044,38,30,68,8.405438813349814,0501734000,1st
Siruma,2025,84,92,176,38.427947598253276,139,147,286,57.54527162977867,101,91,192,38.6317907444668,197,184,381,76.65995975855131,206,192,398,80.08048289738431,227,200,427,85.91549295774648,92,106,198,39.839034205231385,111,109,220,44.26559356136821,128,99,227,45.67404426559356,164,146,310,62.37424547283702,158,123,281,56.53923541247485,271,217,488,98.18913480885311,232,216,448,90.14084507042254,219,193,412,82.897384305835,199,141,340,68.41046277665997,159,120,279,56.13682092555332,140,117,257,52.556237218813905,66,41,107,29.805013927576603,0501735000,4th
Tigaon,2025,292,264,556,33.86114494518879,440,358,798,44.78114478114478,336,290,626,35.1290684624018,589,479,1068,59.93265993265994,587,508,1095,61.44781144781145,632,573,1205,67.62065095398428,306,266,572,32.098765432098766,344,298,642,36.02693602693603,352,334,686,38.49607182940517,513,434,947,53.142536475869804,447,400,847,47.53086419753087,806,711,1517,85.12906846240179,707,657,1364,76.5432098765432,609,542,1151,64.59034792368126,466,409,875,49.10213243546577,410,332,742,41.63860830527497,396,374,770,43.82470119521912,97,86,183,15.91304347826087,0501736000,3rd
Tinambac,2025,357,298,655,31.935641150658217,560,473,1033,46.40610961365678,530,415,945,42.45283018867924,722,607,1329,59.703504043126685,774,608,1382,62.08445642407907,778,687,1465,65.81311769991015,365,252,617,27.717879604672056,349,316,665,29.874213836477985,334,287,621,27.897574123989216,575,490,1065,47.84366576819407,533,467,1000,44.923629829290206,880,743,1623,72.911051212938,753,658,1411,63.38724168912848,597,530,1127,50.62893081761006,625,551,1176,52.83018867924528,547,466,1013,45.50763701707098,518,469,987,44.96583143507973,171,150,321,19.621026894865526,0501737000,1st
Catanduanes,2025,1686,1485,3171,58.066288225599706,1820,1582,3402,57.15725806451613,1448,1257,2705,45.446908602150536,1910,1694,3604,60.5510752688172,1964,1775,3739,62.81922043010753,2058,1902,3960,66.53225806451613,1352,1195,2547,42.792338709677416,1384,1244,2628,44.153225806451616,1383,1282,2665,44.77486559139785,1821,1665,3486,58.568548387096776,1701,1691,3392,56.98924731182796,2227,1979,4206,70.66532258064517,2653,2492,5145,86.44153225806451,2595,2463,5058,84.97983870967742,1784,1732,3516,59.07258064516129,1760,1694,3454,58.030913978494624,1751,1685,3436,58.375806999660206,63,58,121,6.1577608142493645,0502000000,3rd
Bagamanoc,2025,26,31,57,25.221238938053098,44,52,96,39.34426229508197,20,14,34,13.934426229508196,55,61,116,47.540983606557376,56,59,115,47.13114754098361,54,71,125,51.229508196721305,36,38,74,30.327868852459016,29,46,75,30.737704918032787,35,51,86,35.24590163934426,45,62,107,43.85245901639344,54,54,108,44.26229508196721,66,66,132,54.09836065573771,79,86,165,67.62295081967213,71,84,155,63.52459016393443,62,53,115,47.13114754098361,65,71,136,55.73770491803278,65,71,136,55.73770491803278,0,0,0,0.0,0502001000,5th
Baras,2025,81,67,148,58.730158730158735,100,72,172,63.70370370370371,75,65,140,51.85185185185185,89,70,159,58.88888888888889,93,69,162,60.0,101,67,168,62.22222222222222,73,50,123,45.55555555555556,77,52,129,47.77777777777778,79,49,128,47.40740740740741,92,65,157,58.14814814814815,83,62,145,53.70370370370371,109,81,190,70.37037037037037,134,98,232,85.92592592592592,130,102,232,85.92592592592592,88,78,166,61.48148148148148,100,70,170,62.96296296296296,100,70,170,63.90977443609023,3,4,7,10.76923076923077,0502002000,5th
Bato,2025,119,122,241,59.50617283950618,131,122,253,57.89473684210527,97,94,191,43.7070938215103,134,124,258,59.03890160183066,138,128,266,60.86956521739131,143,135,278,63.61556064073226,119,113,232,53.08924485125858,126,108,234,53.546910755148744,119,112,231,52.8604118993135,130,123,253,57.89473684210527,121,137,258,59.03890160183066,151,157,308,70.48054919908466,196,182,378,86.49885583524028,192,181,373,85.35469107551488,124,139,263,60.18306636155606,130,141,271,62.013729977116704,130,139,269,61.9815668202765,1,3,4,3.0534351145038165,0502003000,5th
Caramoran,2025,238,189,427,55.23932729624838,247,193,440,52.25653206650831,187,142,329,39.073634204275535,264,204,468,55.58194774346793,281,217,498,59.14489311163895,295,226,521,61.87648456057006,188,139,327,38.836104513064136,197,160,357,42.39904988123516,206,164,370,43.942992874109265,275,214,489,58.076009501187656,241,213,454,53.919239904988125,315,243,558,66.270783847981,367,312,679,80.64133016627079,350,296,646,76.72209026128266,238,213,451,53.56294536817102,234,213,447,53.087885985748215,234,213,447,53.66146458583433,8,13,21,7.023411371237458,0502004000,3rd
Gigmoto,2025,43,39,82,50.0,49,47,96,52.74725274725275,56,43,99,54.395604395604394,61,42,103,56.59340659340659,67,45,112,61.53846153846154,66,48,114,62.637362637362635,50,33,83,45.604395604395606,48,37,85,46.7032967032967,44,44,88,48.35164835164835,47,39,86,47.25274725274725,49,55,104,57.14285714285714,69,50,119,65.38461538461539,94,70,164,90.10989010989012,82,72,154,84.61538461538461,55,56,111,60.98901098901099,54,64,118,64.83516483516483,51,63,114,63.33333333333333,6,2,8,11.428571428571429,0502005000,5th
Pandan,2025,109,106,215,51.55875299760192,134,135,269,58.73362445414847,104,107,211,46.069868995633186,163,159,322,70.3056768558952,166,186,352,76.85589519650655,184,185,369,80.56768558951966,111,92,203,44.32314410480349,99,110,209,45.633187772925766,108,104,212,46.288209606986904,152,153,305,66.5938864628821,140,145,285,62.227074235807855,192,180,372,81.22270742358079,221,246,467,101.9650655021834,237,248,485,105.89519650655022,158,165,323,70.52401746724891,171,154,325,70.96069868995633,171,154,325,71.7439293598234,1,2,3,2.7777777777777777,0502006000,4th
Panganiban,2025,61,45,106,63.85542168674698,85,54,139,79.42857142857143,67,44,111,63.42857142857142,77,53,130,74.28571428571429,66,46,112,64.0,77,61,138,78.85714285714286,58,39,97,55.42857142857143,54,32,86,49.142857142857146,55,46,101,57.714285714285715,62,52,114,65.14285714285715,74,53,127,72.57142857142857,98,77,175,100.0,101,84,185,105.71428571428572,102,78,180,102.85714285714285,77,55,132,75.42857142857143,82,51,133,76.0,82,50,132,75.86206896551724,0,1,1,1.6129032258064515,0502007000,5th
San Andres,2025,267,250,517,65.77608142493638,287,264,551,64.29404900816803,239,207,446,52.04200700116686,322,284,606,70.7117852975496,332,293,625,72.92882147024504,315,304,619,72.2287047841307,199,166,365,42.5904317386231,224,169,393,45.85764294049008,196,171,367,42.82380396732789,288,254,542,63.243873978996504,255,265,520,60.67677946324388,370,315,685,79.92998833138857,401,369,770,89.84830805134189,377,386,763,89.03150525087514,268,255,523,61.026837806301046,228,230,458,53.44224037339556,222,227,449,53.19905213270142,28,22,50,14.409221902017292,0502008000,3rd
San Miguel,2025,93,85,178,59.53177257525084,99,79,178,54.601226993865026,89,80,169,51.84049079754601,98,88,186,57.05521472392638,107,92,199,61.04294478527608,117,109,226,69.32515337423312,74,68,142,43.558282208588956,81,76,157,48.15950920245399,80,91,171,52.45398773006135,105,95,200,61.34969325153374,87,93,180,55.21472392638037,113,121,234,71.77914110429448,141,132,273,83.74233128834356,139,137,276,84.66257668711657,97,98,195,59.8159509202454,83,115,198,60.73619631901841,83,115,198,61.6822429906542,4,1,5,4.032258064516129,0502009000,5th
Viga,2025,173,129,302,64.94623655913978,144,116,260,51.181102362204726,69,49,118,23.228346456692915,143,128,271,53.34645669291339,162,131,293,57.677165354330704,165,148,313,61.61417322834646,134,112,246,48.4251968503937,118,104,222,43.7007874015748,120,101,221,43.503937007874015,137,125,262,51.574803149606296,133,116,249,49.01574803149607,176,134,310,61.023622047244096,215,184,399,78.54330708661418,220,175,395,77.75590551181102,139,116,255,50.196850393700785,142,114,256,50.39370078740157,142,112,254,50.49701789264414,1,2,3,2.097902097902098,0502010000,4th
Virac ,2025,476,422,898,59.54907161803713,500,448,948,57.3502722323049,445,412,857,51.84513006654568,504,481,985,59.588626739261954,496,509,1005,60.798548094373864,541,548,1089,65.88021778584393,310,345,655,39.624924379915306,331,350,681,41.1978221415608,341,349,690,41.74228675136116,488,483,971,58.74168179068361,464,498,962,58.19721718088324,568,555,1123,67.93708408953418,704,729,1433,86.6908650937689,695,704,1399,84.63399879007865,478,504,982,59.407138535995166,471,471,942,56.98729582577132,471,471,942,57.6499388004896,11,8,19,3.6398467432950192,0502011000,1st
Masbate,2025,5856,5773,11629,51.105251593056465,7290,7126,14416,58.34075273168757,5673,5471,11144,45.09915014164306,8906,8569,17475,70.720356131121,10681,10017,20698,83.7636584378794,11502,10942,22444,90.8296236341562,6465,6084,12549,50.785107244030755,6523,6269,12792,51.768514771347625,6625,6638,13263,53.674625657628496,7900,7374,15274,61.813031161473084,7381,6931,14312,57.919870497774184,9004,8551,17555,71.04411169566977,10351,9772,20123,81.43666531768515,9533,9259,18792,76.05018211250506,8049,7612,15661,63.379198704977746,7737,7234,14971,60.58680696074463,7231,6790,14021,57.40194874314255,1287,1206,2493,20.012844183992936,0504100000,1st
Aroroy,2025,772,753,1525,59.87436199450333,837,838,1675,60.55676066522053,705,683,1388,50.180766449746926,875,875,1750,63.26825741142444,1061,1036,2097,75.81344902386117,1219,1250,2469,89.26247288503254,594,627,1221,44.143167028199564,668,697,1365,49.34924078091106,688,733,1421,51.373825018076644,857,879,1736,62.76211135213304,794,808,1602,57.9175704989154,954,979,1933,69.88430947216196,1104,1157,2261,81.74258857556038,973,1027,2000,72.30657989877078,843,841,1684,60.88214027476501,784,807,1591,57.51988430947216,800,813,1613,58.86861313868613,170,167,337,20.71296865396435,0504101000,1st
Baleno,2025,141,162,303,46.687211093990754,189,220,409,58.01418439716311,157,172,329,46.666666666666664,261,255,516,73.19148936170212,320,302,622,88.22695035460994,389,368,757,107.3758865248227,178,179,357,50.638297872340424,177,207,384,54.46808510638298,170,190,360,51.06382978723404,220,221,441,62.5531914893617,176,189,365,51.77304964539007,257,237,494,70.0709219858156,310,296,606,85.95744680851064,268,294,562,79.71631205673759,213,242,455,64.53900709219859,229,212,441,62.5531914893617,199,186,385,55.31609195402298,36,39,75,21.73913043478261,0504102000,4th
Balud,2025,234,262,496,53.104925053533194,345,355,700,68.29268292682927,122,136,258,25.170731707317074,441,481,922,89.95121951219512,529,535,1064,103.8048780487805,499,504,1003,97.85365853658536,267,287,554,54.04878048780488,290,289,579,56.48780487804878,283,302,585,57.073170731707314,315,324,639,62.34146341463415,268,269,537,52.390243902439025,382,425,807,78.73170731707317,490,472,962,93.85365853658536,408,414,822,80.19512195121952,339,341,680,66.34146341463415,288,264,552,53.85365853658537,236,238,474,46.88427299703264,83,78,161,34.475374732334046,0504103000,4th*
Batuan,2025,100,93,193,59.5679012345679,108,102,210,58.98876404494382,64,52,116,32.58426966292135,131,105,236,66.29213483146067,156,131,287,80.6179775280899,179,184,363,101.96629213483146,97,79,176,49.43820224719101,95,86,181,50.84269662921348,96,96,192,53.93258426966292,114,103,217,60.95505617977528,117,136,253,71.06741573033707,130,104,234,65.73033707865169,131,108,239,67.13483146067416,113,126,239,67.13483146067416,107,128,235,66.01123595505618,130,128,258,72.47191011235955,127,125,252,70.78651685393258,4,2,6,5.0,0504104000,5th
Cataingan,2025,297,307,604,50.37531276063386,355,351,706,54.141104294478524,305,297,602,46.16564417177914,444,446,890,68.25153374233128,542,501,1043,79.98466257668711,564,568,1132,86.80981595092024,358,356,714,54.75460122699386,368,341,709,54.37116564417178,365,359,724,55.52147239263804,409,378,787,60.35276073619632,330,316,646,49.5398773006135,470,445,915,70.16871165644172,604,569,1173,89.95398773006134,535,492,1027,78.75766871165644,405,382,787,60.35276073619632,409,357,766,58.742331288343564,405,352,757,59.27956147220047,16,11,27,4.212168486739469,0504105000,2nd
Cawayan,2025,567,556,1123,69.83830845771143,650,624,1274,72.55125284738041,463,422,885,50.39863325740319,717,680,1397,79.55580865603645,901,807,1708,97.26651480637814,972,873,1845,105.06833712984054,518,453,971,55.29612756264237,532,489,1021,58.14350797266514,551,501,1052,59.90888382687927,665,616,1281,72.9498861047836,692,588,1280,72.89293849658314,698,649,1347,76.70842824601367,752,671,1423,81.03644646924829,928,821,1749,99.60136674259681,688,591,1279,72.83599088838268,637,570,1207,68.73576309794989,586,532,1118,64.32681242807826,127,123,250,29.797377830750893,0504106000,2nd
Claveria,2025,235,224,459,47.8125,311,313,624,59.372026641294006,256,235,491,46.7174119885823,402,383,785,74.69077069457659,452,411,863,82.11227402473834,479,432,911,86.67935299714557,233,197,430,40.913415794481445,238,203,441,41.96003805899144,239,219,458,43.57754519505233,333,291,624,59.372026641294006,318,291,609,57.94481446241675,408,366,774,73.64414843006661,451,393,844,80.30447193149382,399,371,770,73.26355851569933,334,305,639,60.79923882017126,324,303,627,59.65746907706946,307,299,606,58.21325648414985,34,33,67,16.666666666666664,0504107000,3rd
Dimasalang,2025,168,124,292,53.77532228360957,185,125,310,52.27655986509275,158,103,261,44.01349072512647,212,157,369,62.22596964586846,224,165,389,65.59865092748736,226,164,390,65.7672849915683,113,73,186,31.365935919055648,108,80,188,31.703204047217536,106,82,188,31.703204047217536,219,160,379,63.91231028667791,166,141,307,51.77065767284992,161,126,287,48.397976391231026,150,104,254,42.83305227655986,159,133,292,49.24114671163575,188,148,336,56.66104553119731,164,159,323,54.468802698145026,160,155,315,53.57142857142857,31,32,63,17.307692307692307,0504108000,4th
Esperanza,2025,79,61,140,38.35616438356164,108,89,197,49.497487437185924,73,69,142,35.678391959798994,156,143,299,75.12562814070351,214,176,390,97.98994974874373,197,169,366,91.95979899497488,129,120,249,62.562814070351756,115,108,223,56.03015075376885,105,109,214,53.768844221105525,110,108,218,54.773869346733676,83,72,155,38.94472361809046,145,141,286,71.85929648241206,211,175,386,96.98492462311557,198,157,355,89.19597989949749,129,111,240,60.30150753768844,105,112,217,54.52261306532663,96,94,190,47.73869346733669,25,19,44,17.599999999999998,0504109000,5th
Mandaon,2025,262,274,536,45.00419815281276,367,376,743,57.596899224806194,327,337,664,51.47286821705427,421,424,845,65.50387596899225,533,518,1051,81.47286821705426,666,652,1318,102.17054263565892,328,321,649,50.310077519379846,336,337,673,52.17054263565891,347,350,697,54.031007751937985,378,394,772,59.84496124031008,442,441,883,68.44961240310077,483,457,940,72.86821705426357,637,640,1277,98.9922480620155,586,598,1184,91.7829457364341,443,444,887,68.75968992248062,480,411,891,69.06976744186046,473,409,882,68.90625,40,33,73,14.484126984126986,0504110000,3rd
City of Masbate ,2025,911,923,1834,61.153717905968655,996,990,1986,61.58139534883721,858,881,1739,53.922480620155035,1171,1125,2296,71.1937984496124,1351,1276,2627,81.45736434108527,1481,1349,2830,87.75193798449612,932,848,1780,55.19379844961241,961,909,1870,57.984496124031004,1020,904,1924,59.65891472868216,1102,955,2057,63.7829457364341,1071,950,2021,62.66666666666667,1012,931,1943,60.248062015503876,1014,926,1940,60.15503875968993,957,905,1862,57.736434108527135,1123,1011,2134,66.17054263565892,1149,1034,2183,67.68992248062015,1043,965,2008,62.94670846394984,114,74,188,14.63035019455253,0504111000,4th
Milagros,2025,426,410,836,52.911392405063296,532,534,1066,62.44874048037493,406,400,806,47.21734036321031,662,637,1299,76.09841827768014,773,730,1503,88.04920913884007,802,809,1611,94.37609841827768,570,565,1135,66.49091974223784,603,602,1205,70.59168131224371,596,591,1187,69.53719976567076,557,520,1077,63.09314586994728,461,453,914,53.54422964264792,689,655,1344,78.73462214411248,808,746,1554,91.03690685413005,694,667,1361,79.73052138254248,577,564,1141,66.84241359109548,580,531,1111,65.08494434680726,542,495,1037,61.652794292508915,84,80,164,17.10114702815433,0504112000,1st
Mobo,2025,236,199,435,45.12448132780083,358,302,660,62.205466540999055,361,310,671,63.242224316682375,466,427,893,84.16588124410933,572,545,1117,105.2780395852969,517,503,1020,96.13572101790764,366,336,702,66.16399622997172,350,322,672,63.33647502356268,316,320,636,59.943449575871824,401,374,775,73.04429783223374,350,339,689,64.93873704052781,522,466,988,93.11969839773798,593,556,1149,108.29406220546653,530,504,1034,97.45523091423186,355,358,713,67.20075400565504,371,377,748,70.4995287464656,287,285,572,54.736842105263165,62,61,123,17.22689075630252,0504113000,4th
Monreal,2025,146,155,301,52.5305410122164,195,206,401,63.95534290271132,94,109,203,32.37639553429027,214,234,448,71.45135566188198,297,246,543,86.60287081339713,311,272,583,92.98245614035088,141,133,274,43.70015948963317,146,129,275,43.859649122807014,150,128,278,44.33811802232855,198,169,367,58.53269537480064,243,190,433,69.05901116427432,240,259,499,79.58532695374801,273,262,535,85.32695374800639,252,235,487,77.67145135566189,243,191,434,69.21850079744817,213,181,394,62.83891547049441,207,177,384,61.7363344051447,21,18,39,14.338235294117647,0504114000,4th
Palanas,2025,152,146,298,50.94017094017094,219,202,421,64.96913580246914,168,155,323,49.84567901234568,234,220,454,70.06172839506173,252,280,532,82.09876543209876,299,326,625,96.4506172839506,125,142,267,41.2037037037037,115,142,257,39.660493827160494,135,144,279,43.05555555555556,222,245,467,72.0679012345679,229,231,460,70.98765432098766,230,231,461,71.14197530864197,268,305,573,88.42592592592592,320,361,681,105.09259259259258,232,265,497,76.69753086419753,227,242,469,72.37654320987654,222,232,454,71.04851330203444,31,33,64,21.40468227424749,0504115000,4th
Pio V. Corpuz,2025,141,127,268,53.069306930693074,176,160,336,60.98003629764065,147,114,261,47.368421052631575,231,208,439,79.67332123411978,288,278,566,102.72232304900182,301,288,589,106.89655172413792,132,126,258,46.82395644283122,124,133,257,46.64246823956443,137,128,265,48.09437386569873,190,162,352,63.883847549909255,189,201,390,70.78039927404718,233,206,439,79.67332123411978,304,291,595,107.98548094373865,290,294,584,105.98911070780399,200,199,399,72.41379310344827,180,188,368,66.78765880217786,164,166,330,60.66176470588235,70,77,147,45.0920245398773,0504116000,4th
Placer,2025,252,282,534,34.63035019455253,280,311,591,35.4954954954955,297,308,605,36.33633633633634,492,485,977,58.67867867867867,587,574,1161,69.72972972972973,648,601,1249,75.01501501501502,381,337,718,43.12312312312312,328,329,657,39.45945945945946,394,626,1020,61.261261261261254,461,447,908,54.534534534534544,407,407,814,48.888888888888886,467,466,933,56.03603603603604,556,554,1110,66.66666666666666,411,434,845,50.750750750750754,399,395,794,47.687687687687685,386,360,746,44.8048048048048,350,325,675,41.23396456933415,98,87,185,17.874396135265698,0504117000,2nd
San Fernando,2025,34,30,64,15.686274509803921,97,90,187,42.59681093394077,66,60,126,28.701594533029613,148,130,278,63.32574031890661,210,177,387,88.15489749430525,238,226,464,105.69476082004556,139,107,246,56.03644646924829,127,110,237,53.98633257403189,149,151,300,68.3371298405467,150,145,295,67.19817767653758,153,113,266,60.59225512528473,176,144,320,72.89293849658314,196,193,389,88.61047835990888,188,204,392,89.29384965831434,152,119,271,61.731207289293856,120,121,241,54.89749430523918,102,106,208,47.380410022779046,19,16,35,21.21212121212121,0504118000,5th*
San Jacinto,2025,125,120,245,34.26573426573427,184,173,357,46.36363636363636,136,157,293,38.05194805194805,239,226,465,60.3896103896104,285,257,542,70.3896103896104,317,297,614,79.74025974025975,189,180,369,47.92207792207792,198,168,366,47.53246753246753,202,176,378,49.09090909090909,230,190,420,54.54545454545454,211,195,406,52.72727272727272,225,218,443,57.532467532467535,243,216,459,59.61038961038961,218,200,418,54.285714285714285,213,202,415,53.896103896103895,229,209,438,56.88311688311688,229,209,438,57.40498034076016,8,4,12,3.7151702786377707,0504119000,4th
San Pascual,2025,215,222,437,40.38817005545287,326,312,638,54.62328767123288,224,220,444,38.013698630136986,402,388,790,67.63698630136986,442,414,856,73.28767123287672,487,445,932,79.7945205479452,279,243,522,44.69178082191781,222,202,424,36.3013698630137,144,147,291,24.914383561643834,328,293,621,53.167808219178085,284,249,533,45.63356164383562,559,509,1068,91.43835616438356,545,469,1014,86.81506849315068,484,429,913,78.16780821917808,351,288,639,54.70890410958904,254,214,468,40.06849315068493,254,214,468,40.625,69,73,142,26.996197718631176,0504120000,3rd
Uson,2025,363,343,706,47.638326585695005,472,453,925,57.63239875389408,286,251,537,33.45794392523365,587,540,1127,70.21806853582554,692,658,1350,84.11214953271028,711,662,1373,85.54517133956386,396,375,771,48.03738317757009,422,386,808,50.34267912772585,432,382,814,50.716510903426794,441,400,841,52.398753894081,397,352,749,46.666666666666664,563,537,1100,68.53582554517133,711,669,1380,85.98130841121495,622,593,1215,75.70093457943925,515,487,1002,62.42990654205608,478,454,932,58.068535825545176,442,413,855,53.841309823677584,145,146,291,29.275653923541245,0504121000,3rd
Sorsogon,2025,5057,5003,10060,54.97267759562842,5979,5709,11688,58.74252399859275,4912,4797,9709,48.79630094989194,6382,6099,12481,62.72804945469166,6826,6549,13375,67.22118912398855,7811,7369,15180,76.29290847866513,4872,4729,9601,48.253505553601045,5028,4784,9812,49.31396692968789,5284,4956,10240,51.46504498165553,6387,6063,12450,62.57224707242298,6231,5843,12074,60.68251495200282,6828,6488,13316,66.92466200934814,8112,7890,16002,80.42418455043475,7962,7688,15650,78.65507362919033,6574,6177,12751,64.0850379454189,6313,6040,12353,62.08473639242097,6041,5723,11764,59.8768259785209,635,547,1182,13.358951175406872,0506200000,2nd
Barcelona,2025,102,145,247,72.43401759530792,111,157,268,71.27659574468085,96,141,237,63.03191489361703,118,151,269,71.54255319148936,128,157,285,75.79787234042553,144,162,306,81.38297872340425,93,109,202,53.72340425531915,119,128,247,65.69148936170212,110,135,245,65.1595744680851,134,157,291,77.3936170212766,120,123,243,64.62765957446808,136,159,295,78.45744680851064,164,195,359,95.47872340425532,164,184,348,92.5531914893617,137,129,266,70.74468085106383,130,130,260,69.14893617021278,130,130,260,69.14893617021278,0,0,0,0.0,0506202000,5th
Bulan,2025,719,700,1419,58.03680981595092,763,720,1483,55.58470764617691,690,666,1356,50.82458770614693,848,779,1627,60.98200899550225,893,833,1726,64.69265367316342,1034,968,2002,75.03748125937032,578,539,1117,41.86656671664168,580,543,1123,42.091454272863565,639,597,1236,46.326836581709145,829,783,1612,60.41979010494752,827,793,1620,60.71964017991005,899,830,1729,64.80509745127436,1078,1020,2098,78.63568215892055,1024,983,2007,75.22488755622189,836,805,1641,61.506746626686656,833,824,1657,62.10644677661169,822,815,1637,62.26702168124763,39,29,68,7.38327904451683,0506203000,1st
Bulusan,2025,141,139,280,62.78026905829597,156,136,292,60.33057851239669,130,129,259,53.51239669421488,141,148,289,59.71074380165289,135,150,285,58.88429752066116,172,160,332,68.59504132231406,103,107,210,43.388429752066116,114,106,220,45.45454545454545,126,105,231,47.72727272727273,155,137,292,60.33057851239669,164,136,300,61.98347107438017,146,150,296,61.15702479338842,169,158,327,67.56198347107438,186,180,366,75.6198347107438,170,146,316,65.28925619834712,142,146,288,59.50413223140496,133,146,279,57.64462809917356,22,10,32,9.907120743034056,0506204000,4th
Casiguran,2025,244,207,451,53.05882352941177,258,206,464,50.54466230936819,248,199,447,48.69281045751634,325,249,574,62.527233115468405,335,287,622,67.75599128540306,402,325,727,79.19389978213508,309,235,544,59.25925925925925,293,219,512,55.773420479302835,311,247,558,60.78431372549019,304,247,551,60.02178649237473,211,229,440,47.930283224400874,338,266,604,65.79520697167756,373,314,687,74.83660130718954,374,334,708,77.12418300653596,286,288,574,62.527233115468405,286,311,597,65.0326797385621,252,278,530,58.43439911797134,52,46,98,19.103313840155945,0506205000,4th
Castilla,2025,443,489,932,67.68336964415396,598,621,1219,81.5930388219545,384,434,818,54.75234270414994,550,558,1108,74.16331994645248,584,625,1209,80.92369477911646,670,747,1417,94.84605087014725,444,492,936,62.65060240963856,439,462,901,60.30789825970548,445,483,928,62.11512717536814,550,565,1115,74.63186077643908,513,559,1072,71.75368139223562,592,597,1189,79.58500669344043,705,783,1488,99.59839357429718,680,745,1425,95.38152610441767,517,587,1104,73.89558232931726,468,533,1001,67.00133868808568,468,533,1001,68.23449216087253,66,68,134,17.562254259501966,0506206000,3rd
Donsol,2025,299,288,587,47.07297514033681,457,397,854,63.63636363636363,333,288,621,46.274217585692995,452,404,856,63.785394932935915,471,418,889,66.24441132637854,556,481,1037,77.27272727272727,348,322,670,49.92548435171386,349,333,682,50.81967213114754,357,322,679,50.59612518628912,460,396,856,63.785394932935915,445,403,848,63.189269746646794,520,424,944,70.34277198211625,644,574,1218,90.76005961251863,620,555,1175,87.5558867362146,467,413,880,65.57377049180327,461,411,872,64.97764530551416,456,412,868,65.55891238670695,23,18,41,8.649789029535865,0506207000,3rd
Gubat,2025,287,248,535,48.1981981981982,302,276,578,48.046550290939315,255,228,483,40.14962593516209,341,309,650,54.03158769742311,332,301,633,52.618453865336654,361,329,690,57.356608478803,279,243,522,43.391521197007485,276,254,530,44.05652535328346,293,268,561,46.633416458852864,344,315,659,54.77971737323358,344,307,651,54.11471321695761,346,323,669,55.61097256857855,454,436,890,73.98171238570241,485,452,937,77.88861180382376,365,322,687,57.107231920199496,390,314,704,58.520365752285954,381,310,691,57.87269681742043,14,6,20,4.11522633744856,0506208000,2nd
Irosin,2025,470,428,898,62.49130132219902,523,433,956,60.81424936386769,424,380,804,51.14503816793893,519,485,1004,63.8676844783715,564,543,1107,70.41984732824427,634,604,1238,78.7531806615776,379,390,769,48.918575063613225,396,399,795,50.57251908396947,409,393,802,51.01781170483461,484,492,976,62.086513994910945,508,471,979,62.27735368956743,542,543,1085,69.0203562340967,633,630,1263,80.34351145038168,612,584,1196,76.08142493638677,529,483,1012,64.3765903307888,490,446,936,59.541984732824424,464,427,891,57.483870967741936,61,50,111,14.23076923076923,0506209000,2nd
Juban,2025,217,220,437,50.172215843857636,233,212,445,47.29011689691817,212,197,409,43.4643995749203,252,257,509,54.091392136025505,278,272,550,58.44845908607864,301,305,606,64.39957492029755,231,225,456,48.45908607863974,234,216,450,47.82146652497343,234,232,466,49.52178533475027,261,260,521,55.366631243358135,245,239,484,51.434643995749205,278,262,540,57.38575982996812,321,311,632,67.1625929861849,317,314,631,67.05632306057385,283,255,538,57.17321997874601,254,247,501,53.24123273113709,239,233,472,50.9719222462203,36,35,71,13.653846153846153,0506210000,4th
Magallanes,2025,223,208,431,48.4814398200225,340,306,646,67.4321503131524,262,203,465,48.53862212943633,321,313,634,66.17954070981212,378,367,745,77.76617954070981,394,348,742,77.45302713987473,229,219,448,46.764091858037574,241,232,473,49.373695198329855,265,241,506,52.81837160751566,327,329,656,68.4759916492693,323,291,614,64.09185803757829,365,338,703,73.38204592901879,399,399,798,83.29853862212944,389,375,764,79.74947807933194,338,315,653,68.16283924843424,310,300,610,63.67432150313152,310,300,610,64.48202959830867,12,14,26,8.09968847352025,0506211000,3rd
Matnog,2025,281,298,579,63.41730558598029,305,305,610,61.06106106106106,258,278,536,53.653653653653656,356,365,721,72.17217217217218,397,389,786,78.67867867867868,459,448,907,90.7907907907908,275,249,524,52.45245245245245,275,250,525,52.552552552552555,289,287,576,57.65765765765766,355,356,711,71.17117117117117,375,319,694,69.46946946946947,401,390,791,79.17917917917919,472,446,918,91.8918918918919,425,412,837,83.78378378378379,378,332,710,71.07107107107107,351,291,642,64.26426426426426,331,281,612,62.19512195121951,45,37,82,19.617224880382775,0506212000,3rd
Pilar,2025,309,330,639,39.42011104256632,501,542,1043,58.95986433013002,395,422,817,46.184284906726965,580,609,1189,67.21311475409836,640,667,1307,73.88355002826455,717,723,1440,81.40192198982476,451,484,935,52.85472018089315,472,500,972,54.94629734313171,500,506,1006,56.86828716789146,585,583,1168,66.02600339174674,543,541,1084,61.27755794234031,608,647,1255,70.944036178632,661,697,1358,76.76653476540419,643,696,1339,75.69248162803845,595,611,1206,68.17410966647823,615,576,1191,67.32617297908423,503,479,982,56.24284077892325,117,115,232,21.245421245421245,0506213000,1st
Prieto Diaz,2025,156,123,279,63.55353075170843,159,135,294,61.25000000000001,143,125,268,55.833333333333336,158,139,297,61.875,171,144,315,65.625,184,152,336,70.0,116,105,221,46.041666666666664,127,110,237,49.375,132,108,240,50.0,167,144,311,64.79166666666667,179,135,314,65.41666666666667,155,141,296,61.66666666666667,171,148,319,66.45833333333333,170,150,320,66.66666666666666,179,129,308,64.16666666666667,156,235,391,81.45833333333333,156,135,291,62.17948717948718,19,10,29,14.427860696517413,0506214000,5th
Santa Magdalena,2025,77,100,177,58.80398671096345,79,92,171,51.97568389057751,74,81,155,47.11246200607903,110,108,218,66.26139817629179,129,108,237,72.03647416413374,164,130,294,89.36170212765957,111,107,218,66.26139817629179,115,99,214,65.04559270516718,119,95,214,65.04559270516718,119,106,225,68.38905775075987,129,93,222,67.47720364741642,119,114,233,70.82066869300911,132,113,245,74.46808510638297,125,113,238,72.3404255319149,129,98,227,68.9969604863222,125,95,220,66.8693009118541,127,93,220,67.07317073170732,7,3,10,8.47457627118644,0506215000,5th
City of Sorsogon ,2025,1089,1080,2169,54.04933964615001,1194,1171,2365,54.19340054995418,1008,1026,2034,46.608615948670945,1311,1225,2536,58.111824014665444,1391,1288,2679,61.38863428047663,1619,1487,3106,71.17323556370303,926,903,1829,41.91109074243813,998,933,1931,44.24839596700275,1055,937,1992,45.646196150320804,1313,1193,2506,57.4243813015582,1305,1204,2509,57.493125572868934,1383,1304,2687,61.57195233730523,1736,1666,3402,77.95600366636114,1748,1611,3359,76.97066911090742,1365,1264,2629,60.242896425297886,1302,1181,2483,56.89734188817599,1269,1151,2420,56.04446503010653,122,106,228,12.527472527472527,0506216000,3rd
Region 6,2025,21703,20239,41942,48.98507392959753,22834,21035,43869,47.14612730926716,21358,19916,41274,44.35727412438607,28159,26241,54400,58.463820137776864,29217,27556,56773,61.014089350772174,30884,29218,60102,64.59177422648283,28112,26104,54216,58.26607486378145,28590,26921,55511,59.65781469978183,28991,27483,56474,60.69275328052961,25626,24050,49676,53.38692516845963,22859,21240,44099,47.393308901761436,28777,26889,55666,59.824393599071456,30909,29251,60160,64.65410697589442,31137,29689,60826,65.36985889155176,28962,26929,55891,60.066201678685424,30887,29291,60178,64.67345162226353,30684,29064,59748,64.5931307365485,747,722,1469,5.130264720262625,0600000000,
Aklan,2025,2567,2463,5030,44.2275564934494,2652,2456,5108,41.39384116693679,2506,2356,4862,39.40032414910859,3490,3234,6724,54.489465153970826,3673,3450,7123,57.72285251215558,3858,3652,7510,60.85899513776337,3462,3236,6698,54.27876823338735,3525,3277,6802,55.12155591572123,3458,3305,6763,54.80551053484602,3505,3331,6836,55.39708265802269,3179,2837,6016,48.752025931928685,3598,3354,6952,56.33711507293355,4006,3813,7819,63.36304700162074,4028,3720,7748,62.78768233387358,3459,3174,6633,53.752025931928685,3386,3092,6478,52.49594813614262,3310,3028,6338,51.7979731938542,304,273,577,11.79476696647588,0600400000,2nd
Altavas,2025,98,99,197,42.27467811158798,66,61,127,25.298804780876495,105,102,207,41.235059760956176,129,112,241,48.007968127490045,135,106,241,48.007968127490045,167,120,287,57.171314741035864,130,111,241,48.007968127490045,129,101,230,45.81673306772908,144,105,249,49.60159362549801,144,105,249,49.60159362549801,143,102,245,48.80478087649402,126,110,236,47.01195219123506,127,102,229,45.61752988047809,147,103,250,49.800796812749006,143,105,248,49.40239043824701,147,98,245,48.80478087649402,144,96,240,48.09619238476954,17,17,34,11.447811447811448,0600401000,4th
Balete,2025,96,92,188,37.903225806451616,93,90,183,33.826247689463955,96,92,188,34.750462107208875,151,125,276,51.01663585951941,159,140,299,55.26802218114602,157,172,329,60.81330868761553,149,129,278,51.386321626617374,145,137,282,52.12569316081331,127,144,271,50.09242144177449,134,154,288,53.23475046210721,152,114,266,49.16820702402958,161,135,296,54.71349353049908,178,179,357,65.98890942698706,177,203,380,70.24029574861368,156,144,300,55.45286506469501,155,168,323,59.70425138632163,153,163,316,58.62708719851577,18,22,40,20.0,0600402000,4th
Banga,2025,114,121,235,37.53993610223642,130,141,271,39.852941176470594,128,142,270,39.705882352941174,176,182,358,52.64705882352941,188,205,393,57.79411764705882,226,211,437,64.26470588235294,175,180,355,52.20588235294118,190,197,387,56.91176470588235,200,183,383,56.3235294117647,199,162,361,53.088235294117645,148,138,286,42.05882352941177,173,188,361,53.088235294117645,234,246,480,70.58823529411765,240,215,455,66.91176470588235,210,188,398,58.529411764705884,198,175,373,54.852941176470594,194,174,368,54.19734904270987,25,23,48,15.335463258785943,0600403000,3rd
Batan,2025,86,94,180,37.344398340248965,116,100,216,40.909090909090914,85,84,169,32.00757575757576,144,131,275,52.083333333333336,172,156,328,62.121212121212125,183,169,352,66.66666666666666,143,117,260,49.24242424242424,149,126,275,52.083333333333336,142,118,260,49.24242424242424,141,126,267,50.56818181818182,155,122,277,52.46212121212122,131,126,257,48.67424242424242,155,131,286,54.166666666666664,155,134,289,54.734848484848484,156,137,293,55.49242424242424,149,132,281,53.21969696969697,132,122,254,48.10606060606061,23,27,50,21.09704641350211,0600404000,4th
Buruanga,2025,93,116,209,68.30065359477125,97,120,217,64.39169139465875,92,114,206,61.12759643916914,101,119,220,65.28189910979229,111,122,233,69.13946587537092,126,130,256,75.96439169139467,99,121,220,65.28189910979229,111,117,228,67.65578635014838,111,109,220,65.28189910979229,112,113,225,66.76557863501483,103,105,208,61.72106824925816,102,113,215,63.798219584569736,123,127,250,74.1839762611276,119,116,235,69.73293768545994,106,100,206,61.12759643916914,97,85,182,54.00593471810089,97,85,182,54.00593471810089,8,12,20,16.129032258064516,0600405000,5th
Ibajay,2025,211,193,404,39.920948616600796,192,157,349,31.785063752276866,172,156,328,29.87249544626594,300,313,613,55.82877959927141,312,326,638,58.1056466302368,339,327,666,60.65573770491803,294,291,585,53.278688524590166,297,307,604,55.009107468123865,288,307,595,54.189435336976324,290,303,593,54.007285974499084,285,238,523,47.63205828779599,307,312,619,56.3752276867031,357,348,705,64.20765027322405,360,346,706,64.29872495446266,305,267,572,52.09471766848816,278,232,510,46.44808743169399,266,216,482,44.22018348623853,33,27,60,11.904761904761903,0600406000,3rd
Kalibo ,2025,286,351,637,38.466183574879224,299,322,621,34.82893998878295,264,286,550,30.84688726864834,466,489,955,53.5614133482894,493,498,991,55.580482333146385,490,504,994,55.74873808188446,461,479,940,52.72013460459899,484,465,949,53.22490185081323,437,449,886,49.69153112731352,441,460,901,50.53280987100393,421,394,815,45.70947840717891,474,485,959,53.785754346606836,503,522,1025,57.48738081884465,459,454,913,51.20583286595626,437,424,861,48.2893998878295,463,426,889,49.8597868760516,468,430,898,50.73446327683616,34,31,65,19.345238095238095,0600407000,1st
Lezo,2025,62,66,128,52.459016393442624,62,71,133,50.18867924528302,61,60,121,45.660377358490564,75,74,149,56.22641509433962,69,69,138,52.075471698113205,71,79,150,56.60377358490566,74,76,150,56.60377358490566,68,66,134,50.56603773584906,71,70,141,53.20754716981132,69,80,149,56.22641509433962,41,64,105,39.62264150943396,73,77,150,56.60377358490566,71,74,145,54.71698113207547,74,78,152,57.35849056603774,48,88,136,51.320754716981135,53,66,119,44.905660377358494,52,66,118,44.528301886792455,8,10,18,25.352112676056336,0600408000,5th
Libacao,2025,16,21,37,6.630824372759856,104,72,176,29.13907284768212,20,29,49,8.112582781456954,157,115,272,45.033112582781456,156,130,286,47.35099337748344,156,131,287,47.51655629139073,150,114,264,43.70860927152318,135,122,257,42.549668874172184,137,123,260,43.04635761589404,145,129,274,45.36423841059602,112,80,192,31.788079470198678,159,122,281,46.52317880794702,169,137,306,50.66225165562914,175,137,312,51.65562913907284,130,84,214,35.430463576158935,103,86,189,31.29139072847682,94,72,166,27.85234899328859,40,34,74,18.271604938271604,0600409000,3rd
Madalag,2025,91,101,192,60.0,91,98,189,54.78260869565217,89,99,188,54.492753623188406,93,117,210,60.86956521739131,92,119,211,61.15942028985507,87,112,199,57.68115942028985,99,106,205,59.42028985507246,84,109,193,55.94202898550724,85,106,191,55.362318840579704,85,111,196,56.811594202898554,88,90,178,51.59420289855072,90,102,192,55.65217391304348,110,141,251,72.7536231884058,96,121,217,62.89855072463768,91,93,184,53.333333333333336,108,100,208,60.28985507246377,108,98,206,60.23391812865497,4,2,6,5.263157894736842,0600410000,4th
Makato,2025,134,153,287,51.4336917562724,134,153,287,47.20394736842105,124,140,264,43.42105263157895,171,197,368,60.526315789473685,198,196,394,64.80263157894737,216,223,439,72.20394736842105,171,195,366,60.19736842105263,192,196,388,63.81578947368421,200,203,403,66.2828947368421,200,203,403,66.2828947368421,216,184,400,65.78947368421053,185,200,385,63.32236842105263,262,238,500,82.23684210526315,268,234,502,82.56578947368422,232,205,437,71.875,255,216,471,77.4671052631579,255,216,471,79.15966386554622,0,0,0,0.0,0600411000,4th
Malay,2025,251,207,458,33.951074870274276,271,237,508,34.794520547945204,244,198,442,30.273972602739725,415,366,781,53.493150684931514,414,383,797,54.58904109589041,433,379,812,55.61643835616439,418,367,785,53.76712328767124,408,380,788,53.97260273972603,426,377,803,55.00000000000001,428,380,808,55.342465753424655,381,384,765,52.3972602739726,420,370,790,54.109589041095894,441,414,855,58.56164383561644,475,413,888,60.82191780821918,392,390,782,53.56164383561644,353,351,704,48.21917808219178,338,341,679,47.054747054747054,39,35,74,11.802232854864434,0600412000,1st
Malinao,2025,105,74,179,44.08866995073892,104,73,177,40.22727272727273,117,77,194,44.09090909090909,143,97,240,54.54545454545454,133,104,237,53.86363636363637,145,116,261,59.31818181818181,139,97,236,53.63636363636364,126,99,225,51.13636363636363,128,98,226,51.36363636363637,130,88,218,49.54545454545455,105,93,198,45.0,144,98,242,55.00000000000001,148,129,277,62.95454545454545,164,132,296,67.27272727272727,142,112,254,57.72727272727273,119,113,232,52.72727272727272,104,107,211,47.95454545454545,35,16,51,18.81918819188192,0600413000,4th
Nabas,2025,225,230,455,50.16538037486218,210,215,425,43.1910569105691,216,225,441,44.81707317073171,282,256,538,54.67479674796748,318,292,610,61.99186991869918,326,334,660,67.07317073170732,275,261,536,54.47154471544715,302,267,569,57.82520325203252,273,296,569,57.82520325203252,295,297,592,60.16260162601627,230,204,434,44.105691056910565,327,278,605,61.483739837398375,341,311,652,66.26016260162602,322,326,648,65.85365853658537,270,263,533,54.166666666666664,302,255,557,56.605691056910565,302,255,557,57.24563206577595,6,5,11,2.989130434782609,0600414000,4th
New Washington,2025,371,254,625,64.56611570247934,362,258,620,59.16030534351145,373,256,629,60.01908396946565,349,248,597,56.965648854961835,342,304,646,61.641221374045806,344,329,673,64.2175572519084,347,297,644,61.45038167938931,334,300,634,60.49618320610687,323,323,646,61.641221374045806,339,324,663,63.26335877862596,285,274,559,53.33969465648855,378,336,714,68.12977099236642,388,379,767,73.18702290076335,379,378,757,72.2328244274809,301,299,600,57.25190839694656,293,317,610,58.206106870229014,293,317,610,58.88030888030889,5,3,8,1.8433179723502304,0600415000,3rd
Numancia,2025,202,164,366,60.0,201,165,366,55.203619909502265,198,171,369,55.65610859728507,207,165,372,56.10859728506787,221,180,401,60.48265460030166,228,193,421,63.49924585218702,208,167,375,56.56108597285068,217,177,394,59.42684766214178,214,186,400,60.33182503770739,213,194,407,61.38763197586727,187,159,346,52.1870286576169,209,164,373,56.25942684766214,216,186,402,60.633484162895925,226,185,411,61.990950226244344,196,167,363,54.75113122171946,175,164,339,51.13122171945701,172,162,334,50.99236641221374,9,8,17,5.198776758409786,0600416000,4th
Tangalan,2025,126,127,253,61.858190709046454,120,123,243,53.524229074889874,122,125,247,54.40528634361234,131,128,259,57.048458149779734,160,120,280,61.67400881057269,164,123,287,63.21585903083701,130,128,258,56.82819383259912,154,111,265,58.370044052863435,152,108,260,57.268722466960355,140,102,242,53.30396475770925,127,92,219,48.23788546255506,139,138,277,61.013215859030836,183,149,332,73.12775330396477,192,145,337,74.22907488986785,144,108,252,55.50660792951542,138,108,246,54.18502202643172,138,108,246,54.78841870824054,0,1,1,0.5988023952095809,0600417000,5th
Antique,2025,2885,2668,5553,46.581662612196965,3229,2913,6142,47.542379441133214,2393,2205,4598,35.59099001470702,4074,3682,7756,60.035606471089096,4289,3943,8232,63.72010217509095,4918,4517,9435,73.03196841860824,4023,3658,7681,59.455066181593,4080,3734,7814,60.484557628299406,4169,3829,7998,61.90881647186315,4126,3711,7837,60.66258998374487,3428,3141,6569,50.84758882266429,4472,3969,8441,65.33787444848672,4658,4321,8979,69.50228345847201,4389,4125,8514,65.90293366359626,4047,3684,7731,59.84209304125706,4183,3976,8159,63.15504295998142,4136,3927,8063,62.523263027295286,113,124,237,5.410958904109589,0600600000,2nd
Anini-Y,2025,63,61,124,36.15160349854227,60,51,111,29.67914438502674,31,35,66,17.647058823529413,111,96,207,55.3475935828877,115,97,212,56.68449197860963,124,106,230,61.49732620320856,113,99,212,56.68449197860963,110,92,202,54.01069518716578,97,95,192,51.33689839572193,105,93,198,52.94117647058824,98,92,190,50.80213903743316,137,106,243,64.97326203208557,135,96,231,61.76470588235294,114,106,220,58.82352941176471,103,85,188,50.26737967914438,119,88,207,55.3475935828877,117,87,204,54.54545454545454,3,7,10,6.134969325153374,0600601000,4th
Barbaza,2025,141,133,274,78.06267806267806,108,96,204,54.400000000000006,88,81,169,45.06666666666666,134,140,274,73.06666666666666,133,160,293,78.13333333333333,162,162,324,86.4,136,137,273,72.8,128,164,292,77.86666666666666,145,152,297,79.2,144,152,296,78.93333333333334,140,128,268,71.46666666666667,116,130,246,65.60000000000001,140,148,288,76.8,116,122,238,63.46666666666667,138,124,262,69.86666666666666,144,145,289,77.06666666666668,144,147,291,77.60000000000001,0,1,1,1.1363636363636365,0600602000,4th
Belison,2025,48,56,104,45.02164502164502,42,47,89,34.63035019455253,10,19,29,11.284046692607005,65,68,133,51.75097276264592,64,73,137,53.30739299610895,67,69,136,52.918287937743195,61,70,131,50.97276264591439,63,70,133,51.75097276264592,58,65,123,47.85992217898833,58,64,122,47.47081712062256,39,42,81,31.517509727626457,74,77,151,58.754863813229576,75,81,156,60.70038910505836,56,71,127,49.416342412451364,69,73,142,55.252918287937746,94,70,164,63.81322957198443,74,72,146,56.809338521400775,3,1,4,2.941176470588235,0600603000,5th
Bugasong,2025,169,158,327,46.25176803394625,156,135,291,38.39050131926121,129,120,249,32.849604221635886,226,192,418,55.145118733509236,228,218,446,58.839050131926115,300,275,575,75.85751978891821,220,194,414,54.61741424802111,221,208,429,56.596306068601585,241,218,459,60.554089709762536,248,230,478,63.06068601583114,185,200,385,50.79155672823219,251,217,468,61.74142480211082,270,242,512,67.54617414248021,275,266,541,71.37203166226914,222,222,444,58.575197889182064,223,228,451,59.49868073878628,221,221,442,58.31134564643799,10,7,17,5.279503105590062,0600604000,3rd
Caluya,2025,105,109,214,19.384057971014492,253,241,494,41.269841269841265,137,134,271,22.639933166248955,375,362,737,61.57059314954052,423,436,859,71.76274018379281,537,501,1038,86.71679197994987,358,348,706,58.980785296574766,375,356,731,61.06934001670844,410,390,800,66.83375104427736,398,372,770,64.32748538011695,349,360,709,59.23141186299081,419,357,776,64.82873851294903,385,382,767,64.07685881370092,341,344,685,57.22639933166249,367,348,715,59.732664995822894,418,444,862,72.01336675020885,407,428,835,70.46413502109705,12,12,24,7.361963190184049,0600605000,1st
Culasi,2025,297,250,547,61.80790960451977,237,224,461,47.97086368366285,280,228,508,52.86160249739854,315,270,585,60.87408949011447,320,298,618,64.30801248699271,354,343,697,72.52861602497399,315,268,583,60.66597294484911,308,275,583,60.66597294484911,326,277,603,62.7471383975026,331,278,609,63.371488033298654,290,253,543,56.50364203954214,342,294,636,66.18106139438086,377,326,703,73.15296566077004,349,331,680,70.75962539021852,304,277,581,60.45785639958376,290,284,574,59.72944849115505,283,278,561,58.376690946930275,14,24,38,12.025316455696203,0600606000,3rd
Tobias Fornier,2025,146,136,282,48.28767123287671,94,85,179,28.41269841269841,115,111,226,35.87301587301587,168,148,316,50.15873015873016,168,157,325,51.587301587301596,196,182,378,60.0,168,148,316,50.15873015873016,163,157,320,50.79365079365079,168,159,327,51.90476190476191,166,161,327,51.90476190476191,168,150,318,50.476190476190474,171,155,326,51.746031746031754,197,184,381,60.476190476190474,187,174,361,57.3015873015873,168,150,318,50.476190476190474,170,148,318,50.476190476190474,171,147,318,50.476190476190474,3,4,7,2.1739130434782608,0600607000,4th
Hamtic,2025,319,245,564,62.04620462046204,281,206,487,49.04330312185297,244,205,449,45.21651560926485,349,281,630,63.44410876132931,380,304,684,68.8821752265861,425,335,760,76.53575025176234,355,283,638,64.24974823766365,372,289,661,66.56596173212488,380,299,679,68.37865055387714,387,289,676,68.07653575025176,352,303,655,65.96173212487412,429,355,784,78.95266868076536,411,358,769,77.44209466263847,416,332,748,75.32729103726082,373,330,703,70.79556898288017,361,342,703,70.79556898288017,360,335,695,69.98992950654582,5,13,18,7.627118644067797,0600608000,3rd
Laua-An,2025,179,160,339,63.96226415094339,136,129,265,46.49122807017544,112,100,212,37.19298245614035,187,188,375,65.78947368421053,189,188,377,66.14035087719297,214,212,426,74.73684210526315,181,188,369,64.73684210526316,179,188,367,64.3859649122807,197,196,393,68.94736842105263,191,206,397,69.64912280701753,150,140,290,50.877192982456144,189,187,376,65.96491228070175,195,195,390,68.42105263157895,199,197,396,69.47368421052632,189,175,364,63.859649122807014,176,175,351,61.578947368421055,176,175,351,61.79577464788733,3,4,7,3.825136612021858,0600609000,4th
Libertad,2025,58,80,138,40.94955489614243,61,78,139,37.87465940054496,26,22,48,13.079019073569482,98,95,193,52.58855585831063,113,111,224,61.03542234332425,129,119,248,67.57493188010899,95,98,193,52.58855585831063,108,108,216,58.855585831062676,111,113,224,61.03542234332425,121,100,221,60.217983651226156,101,87,188,51.22615803814714,124,110,234,63.76021798365122,136,112,248,67.57493188010899,116,120,236,64.30517711171662,127,121,248,67.57493188010899,120,110,230,62.67029972752044,118,112,230,62.67029972752044,0,0,0,0.0,0600610000,5th
Pandan,2025,156,155,311,47.919876733436055,126,133,259,36.947218259629096,24,31,55,7.845934379457916,201,186,387,55.20684736091298,227,202,429,61.19828815977175,264,264,528,75.320970042796,194,187,381,54.350927246790306,217,188,405,57.77460770328102,220,206,426,60.770328102710415,231,216,447,63.7660485021398,181,217,398,56.77603423680456,253,241,494,70.47075606276746,276,257,533,76.0342368045649,253,267,520,74.17974322396577,195,222,417,59.486447931526385,210,212,422,60.19971469329529,199,199,398,56.77603423680456,29,15,44,16.793893129770993,0600611000,4th
Patnongon,2025,188,182,370,50.824175824175825,199,181,380,48.223350253807105,148,152,300,38.07106598984771,217,197,414,52.53807106598985,217,208,425,53.93401015228426,254,246,500,63.45177664974619,216,196,412,52.28426395939086,205,201,406,51.52284263959391,210,207,417,52.91878172588832,203,202,405,51.39593908629442,191,188,379,48.09644670050762,240,210,450,57.10659898477157,257,258,515,65.35532994923858,255,246,501,63.57868020304569,205,195,400,50.76142131979695,203,216,419,53.172588832487314,202,214,416,52.79187817258884,10,7,17,4.885057471264368,0600612000,3rd
San Jose ,2025,151,154,305,26.967285587975244,440,439,879,71.17408906882591,287,282,569,46.072874493927124,376,396,772,62.51012145748987,380,371,751,60.80971659919029,440,406,846,68.50202429149797,369,381,750,60.72874493927125,363,375,738,59.75708502024292,378,365,743,60.16194331983805,372,369,741,60.0,286,278,564,45.66801619433198,438,429,867,70.20242914979758,484,469,953,77.16599190283401,441,445,886,71.7408906882591,397,369,766,62.0242914979757,441,403,844,68.34008097165992,445,404,849,68.96831844029244,1,1,2,0.7326007326007326,0600613000,1st
San Remigio,2025,140,128,268,36.46258503401361,243,201,444,55.36159600997507,107,79,186,23.19201995012469,329,261,590,73.56608478802993,358,299,657,81.92019950124688,343,358,701,87.4064837905237,335,260,595,74.18952618453865,329,292,621,77.43142144638404,301,292,593,73.94014962593516,234,195,429,53.49127182044888,150,127,277,34.538653366583546,283,222,505,62.96758104738155,268,252,520,64.83790523690773,233,227,460,57.356608478803,269,229,498,62.094763092269325,290,279,569,70.94763092269328,289,278,567,70.875,6,10,16,10.32258064516129,0600614000,3rd
Sebaste,2025,86,66,152,40.75067024128686,115,75,190,47.02970297029702,113,86,199,49.257425742574256,135,90,225,55.693069306930695,129,88,217,53.71287128712871,137,102,239,59.15841584158416,135,93,228,56.43564356435643,128,84,212,52.475247524752476,126,85,211,52.22772277227723,139,87,226,55.940594059405946,84,56,140,34.65346534653465,134,94,228,56.43564356435643,139,111,250,61.88118811881188,138,101,239,59.15841584158416,125,113,238,58.91089108910891,112,118,230,56.930693069306926,112,118,230,56.930693069306926,3,2,5,2.6737967914438503,0600615000,4th
Sibalom,2025,366,331,697,54.83870967741935,400,342,742,54.239766081871345,308,305,613,44.80994152046784,447,395,842,61.549707602339176,463,402,865,63.23099415204678,525,455,980,71.6374269005848,436,402,838,61.25730994152047,464,381,845,61.76900584795322,425,384,809,59.1374269005848,441,376,817,59.72222222222222,366,258,624,45.614035087719294,517,451,968,70.76023391812866,532,494,1026,75.0,525,455,980,71.6374269005848,434,344,778,56.87134502923976,449,407,856,62.57309941520468,449,407,856,62.71062271062271,8,14,22,4.4989775051124745,0600616000,2nd
Tibiao,2025,175,148,323,52.18093699515347,176,142,318,47.604790419161674,183,140,323,48.35329341317365,191,173,364,54.49101796407185,222,179,401,60.02994011976048,263,212,475,71.10778443113772,191,167,358,53.59281437125748,196,164,360,53.89221556886228,209,174,383,57.33532934131736,202,169,371,55.53892215568862,165,134,299,44.76047904191617,186,170,356,53.293413173652695,209,186,395,59.13173652694611,206,163,369,55.23952095808383,199,170,369,55.23952095808383,193,165,358,53.59281437125748,194,165,359,53.74251497005989,2,1,3,0.9615384615384616,0600617000,4th
Valderrama,2025,98,116,214,49.30875576036866,102,108,210,44.5859872611465,51,75,126,26.751592356687897,150,144,294,62.42038216560509,160,152,312,66.2420382165605,184,170,354,75.15923566878982,145,139,284,60.29723991507431,151,142,293,62.20806794055201,167,152,319,67.72823779193206,155,152,307,65.18046709129511,133,128,261,55.4140127388535,169,164,333,70.70063694267516,172,170,342,72.61146496815286,169,158,327,69.42675159235668,163,137,300,63.69426751592356,170,142,312,66.2420382165605,175,140,315,66.87898089171973,1,1,2,1.3245033112582782,0600618000,4th
Capiz,2025,3588,3363,6951,49.73881932021467,4099,3906,8005,52.54693448864383,4308,4068,8376,54.98227648680582,4336,4031,8367,54.92319810949192,4453,4278,8731,57.312590258632014,4716,4554,9270,60.85072863332021,4318,3980,8298,54.47026388341867,4396,4220,8616,56.55769988184325,4526,4354,8880,58.29066561638441,4550,4375,8925,58.58605750295391,4344,4088,8432,55.34987527898123,4300,4034,8334,54.70657739267428,4688,4585,9273,60.87042142575817,4766,4700,9466,62.137324405934095,4480,4208,8688,57.03032690035447,4721,4562,9283,60.93606406721806,4710,4519,9229,61.04643471358645,165,175,340,6.64451827242525,0601900000,1st
Cuartero,2025,110,92,202,49.75369458128079,110,93,203,45.61797752808989,110,93,203,45.61797752808989,129,109,238,53.48314606741573,137,115,252,56.62921348314607,150,134,284,63.82022471910113,127,106,233,52.359550561797754,133,113,246,55.28089887640449,143,124,267,60.0,143,124,267,60.0,133,134,267,60.0,128,105,233,52.359550561797754,144,130,274,61.573033707865164,154,142,296,66.51685393258427,133,134,267,60.0,150,127,277,62.247191011235955,150,126,276,62.022471910112365,0,1,1,0.5714285714285714,0601901000,4th
Dao,2025,161,117,278,56.734693877551024,115,115,230,42.513863216266174,139,156,295,54.5286506469501,187,168,355,65.61922365988909,193,170,363,67.09796672828097,200,183,383,70.79482439926062,187,168,355,65.61922365988909,191,170,361,66.72828096118299,200,183,383,70.79482439926062,201,184,385,71.1645101663586,188,174,362,66.91312384473198,187,172,359,66.35859519408503,192,175,367,67.8373382624769,211,199,410,75.78558225508318,188,173,361,66.72828096118299,197,188,385,71.1645101663586,197,188,385,71.1645101663586,0,0,0,0.0,0601902000,4th
Dumalag,2025,101,85,186,37.5,33,27,60,11.152416356877323,13,15,28,5.204460966542751,118,95,213,39.5910780669145,126,105,231,42.93680297397769,143,110,253,47.026022304832715,118,93,211,39.21933085501858,124,106,230,42.75092936802974,142,110,252,46.84014869888476,140,107,247,45.91078066914498,128,111,239,44.42379182156134,115,96,211,39.21933085501858,146,116,262,48.698884758364315,149,123,272,50.55762081784386,128,111,239,44.42379182156134,123,110,233,43.30855018587361,123,110,233,43.30855018587361,0,0,0,0.0,0601903000,4th
Dumarao,2025,185,188,373,44.993968636911944,172,174,346,38.487208008898776,187,203,390,43.38153503893214,267,271,538,59.84427141268076,259,291,550,61.179087875417125,295,308,603,67.07452725250278,267,271,538,59.84427141268076,260,287,547,60.84538375973304,287,295,582,64.73859844271412,288,294,582,64.73859844271412,294,270,564,62.736373748609566,266,270,536,59.62180200222469,272,291,563,62.62513904338154,293,300,593,65.96218020022246,324,291,615,68.40934371523916,349,320,669,74.41601779755284,347,321,668,74.97194163860831,2,1,3,0.9523809523809524,0601904000,2nd
Ivisan,2025,112,106,218,39.78102189781022,157,156,313,52.166666666666664,157,156,313,52.166666666666664,189,182,371,61.83333333333333,184,164,348,57.99999999999999,193,170,363,60.5,180,169,349,58.166666666666664,182,166,348,57.99999999999999,188,162,350,58.333333333333336,188,162,350,58.333333333333336,160,159,319,53.166666666666664,182,164,346,57.666666666666664,203,183,386,64.33333333333333,199,179,378,63.0,160,159,319,53.166666666666664,141,141,282,47.0,139,141,280,47.377326565143825,16,19,35,16.50943396226415,0601905000,4th
Jamindan,2025,122,136,258,33.90275952693823,127,131,258,31.197097944377266,123,135,258,31.197097944377266,194,167,361,43.65175332527207,181,171,352,42.563482466747274,190,173,363,43.89359129383313,194,167,361,43.65175332527207,181,174,355,42.926239419588875,188,173,361,43.65175332527207,188,176,364,44.01451027811367,200,201,401,48.48851269649335,187,162,349,42.20072551390569,174,176,350,42.32164449818622,213,190,403,48.73035066505441,200,201,401,48.48851269649335,200,183,383,46.31197097944377,200,182,382,46.69926650366748,0,1,1,0.3067484662576687,0601906000,2nd
Ma-Ayon,2025,194,179,373,50.0,38,38,76,9.268292682926829,33,33,66,8.048780487804878,222,188,410,50.0,250,212,462,56.34146341463414,286,248,534,65.1219512195122,220,180,400,48.78048780487805,249,213,462,56.34146341463414,271,233,504,61.46341463414634,271,242,513,62.5609756097561,239,200,439,53.53658536585366,210,199,409,49.8780487804878,244,222,466,56.82926829268292,238,238,476,58.048780487804876,240,201,441,53.78048780487805,242,210,452,55.1219512195122,242,213,455,56.10357583230579,0,0,0,0.0,0601907000,3rd
Mambusao,2025,149,152,301,46.236559139784944,297,287,584,82.25352112676056,333,318,651,91.69014084507042,169,159,328,46.19718309859155,173,159,332,46.76056338028169,181,171,352,49.57746478873239,169,159,328,46.19718309859155,173,157,330,46.478873239436616,172,160,332,46.76056338028169,174,163,337,47.46478873239436,159,178,337,47.46478873239436,172,160,332,46.76056338028169,193,177,370,52.112676056338024,190,185,375,52.816901408450704,165,175,340,47.88732394366197,170,188,358,50.42253521126761,170,188,358,50.636492220650645,1,3,4,1.21580547112462,0601908000,3rd
Panay,2025,184,180,364,47.58169934640522,217,210,427,51.01553166069295,165,165,330,39.42652329749104,227,203,430,51.37395459976105,246,261,507,60.57347670250897,238,276,514,61.40979689366786,214,209,423,50.53763440860215,248,249,497,59.37873357228196,225,260,485,57.94504181600956,229,261,490,58.54241338112306,224,211,435,51.971326164874554,215,199,414,49.46236559139785,264,241,505,60.334528076463556,244,267,511,61.05137395459976,268,223,491,58.661887694145754,293,291,584,69.77299880525688,293,291,584,69.94011976047905,0,0,0,0.0,0601909000,3rd
Panitan,2025,172,152,324,48.4304932735426,3,4,7,0.9589041095890412,1,6,7,0.9589041095890412,198,211,409,56.02739726027397,193,212,405,55.47945205479452,204,218,422,57.80821917808219,198,211,409,56.02739726027397,193,212,405,55.47945205479452,196,216,412,56.43835616438356,196,216,412,56.43835616438356,182,200,382,52.32876712328767,198,211,409,56.02739726027397,214,240,454,62.19178082191781,222,235,457,62.6027397260274,182,200,382,52.32876712328767,190,207,397,54.38356164383562,190,197,387,53.30578512396694,2,1,3,1.0416666666666665,0601910000,3rd
Pilar,2025,226,217,443,44.883485309017225,53,77,130,12.160898035547241,37,40,77,7.202993451824134,246,239,485,45.36950420954163,238,259,497,46.49204864359214,256,286,542,50.701590271281574,245,237,482,45.088868101029,231,255,486,45.46304957904584,231,257,488,45.650140318054255,224,251,475,44.43405051449953,230,223,453,42.37605238540692,240,229,469,43.87277829747428,236,249,485,45.36950420954163,231,263,494,46.21141253507952,256,246,502,46.95977549111319,287,262,549,51.356407857811035,287,261,548,51.844843897824035,0,3,3,0.594059405940594,0601911000,3rd
Pontevedra,2025,212,210,422,46.17067833698031,259,251,510,51.41129032258065,355,326,681,68.6491935483871,276,247,523,52.721774193548384,298,252,550,55.443548387096776,307,258,565,56.95564516129033,283,251,534,53.83064516129033,303,254,557,56.1491935483871,298,259,557,56.1491935483871,298,259,557,56.1491935483871,317,243,560,56.451612903225815,278,249,527,53.125,325,284,609,61.391129032258064,314,292,606,61.08870967741935,315,237,552,55.64516129032258,313,257,570,57.45967741935484,320,266,586,59.311740890688256,0,0,0,0.0,0601912000,3rd
President Roxas,2025,115,111,226,37.41721854304636,66,73,139,21.06060606060606,87,91,178,26.969696969696972,177,189,366,55.45454545454545,179,209,388,58.78787878787879,216,203,419,63.48484848484849,179,180,359,54.39393939393939,177,208,385,58.333333333333336,202,199,401,60.75757575757576,210,207,417,63.18181818181819,175,159,334,50.60606060606061,167,178,345,52.27272727272727,156,209,365,55.3030303030303,177,201,378,57.27272727272727,183,190,373,56.515151515151516,199,208,407,61.66666666666667,199,208,407,62.32771822358346,4,3,7,2.681992337164751,0601913000,4th
City of Roxas ,2025,1048,966,2014,63.8149556400507,2220,2007,4227,123.77745241581259,2323,2126,4449,130.27818448023427,1080,1049,2129,62.34260614934114,1111,1118,2229,65.27086383601757,1155,1221,2376,69.57540263543191,1075,1042,2117,61.991215226939964,1075,1088,2163,63.33821376281112,1111,1147,2258,66.12005856515374,1112,1152,2264,66.29575402635432,1094,1091,2185,63.98243045387994,1106,1103,2209,64.68521229868229,1227,1286,2513,73.58711566617863,1205,1285,2490,72.91361639824304,1094,1094,2188,64.07027818448023,1187,1211,2398,70.21961932650073,1176,1197,2373,70.3528016602431,124,128,252,28.125,0601914000,3rd
Sapi-An,2025,127,117,244,49.897750511247445,23,24,47,8.768656716417912,15,15,30,5.597014925373134,170,141,311,58.02238805970149,174,148,322,60.07462686567165,176,164,340,63.43283582089553,171,136,307,57.276119402985074,174,144,318,59.32835820895522,179,159,338,63.059701492537314,178,155,333,62.126865671641795,181,159,340,63.43283582089553,173,140,313,58.3955223880597,176,156,332,61.940298507462686,177,161,338,63.059701492537314,188,166,354,66.04477611940298,206,216,422,78.73134328358209,209,193,402,75.28089887640449,0,0,0,0.0,0601915000,4th
Sigma,2025,150,140,290,59.42622950819673,96,149,245,45.62383612662943,136,124,260,48.4171322160149,163,149,312,58.10055865921788,184,148,332,61.82495344506518,196,168,364,67.78398510242086,161,149,310,57.72811918063314,180,147,327,60.893854748603346,184,163,347,64.61824953445065,187,163,350,65.17690875232775,143,135,278,51.76908752327747,151,139,290,54.00372439478585,199,166,365,67.97020484171323,205,159,364,67.78398510242086,147,140,287,53.445065176908756,185,188,373,69.45996275605214,185,188,373,69.71962616822431,1,0,1,1.0,0601916000,4th
Tapaz,2025,220,215,435,44.56967213114754,113,90,203,18.83116883116883,94,66,160,14.842300556586272,324,264,588,54.54545454545454,327,284,611,56.679035250463826,330,263,593,55.009276437847866,330,252,582,53.98886827458256,322,277,599,55.56586270871985,309,254,563,52.22634508348795,323,259,582,53.98886827458256,297,240,537,49.814471243042675,325,258,583,54.08163265306123,323,284,607,56.30797773654916,344,281,625,57.977736549165115,309,267,576,53.432282003710576,289,255,544,50.46382189239333,283,249,532,49.48837209302326,15,15,30,7.246376811594203,0601917000,1st
Iloilo,2025,9476,8639,18115,50.05664704744536,7779,7034,14813,37.6844408262949,7026,6388,13414,34.12536888165259,12468,11536,24004,61.0664495776941,12837,11991,24828,63.162714968963066,13117,12376,25493,64.85448254808182,12525,11479,24004,61.0664495776941,12683,11858,24541,62.43258369797496,12756,12071,24827,63.16017095756589,9532,8895,18427,46.87849801567111,8177,7682,15859,40.34547674773583,12616,11777,24393,62.056070011193654,13632,12691,26323,66.9660120077338,13857,13204,27061,68.84349241884604,12781,11919,24700,62.837081510125174,14056,13442,27498,69.9552253994098,13999,13379,27378,70.0616731069427,99,98,197,1.9044856921887083,0603000000,1st
Ajuy,2025,274,239,513,48.214285714285715,33,40,73,6.282271944922548,23,20,43,3.7005163511187606,321,327,648,55.76592082616179,340,323,663,57.056798623063685,362,333,695,59.810671256454384,299,305,604,51.97934595524957,309,297,606,52.151462994836486,332,313,645,55.50774526678141,231,215,446,38.38209982788296,243,194,437,37.607573149741825,322,334,656,56.454388984509464,388,380,768,66.09294320137694,410,398,808,69.53528399311531,381,344,725,62.392426850258175,385,319,704,60.58519793459553,385,319,704,60.952380952380956,3,0,3,0.7792207792207793,0603001000,2nd
Alimodian,2025,207,152,359,53.26409495548962,509,418,927,126.98630136986301,558,445,1003,137.39726027397262,227,164,391,53.56164383561644,221,178,399,54.657534246575345,218,175,393,53.83561643835616,224,164,388,53.15068493150685,217,173,390,53.42465753424658,215,180,395,54.109589041095894,152,123,275,37.67123287671233,148,114,262,35.89041095890411,225,165,390,53.42465753424658,225,175,400,54.794520547945204,220,176,396,54.24657534246575,245,200,445,60.95890410958904,252,202,454,62.19178082191781,251,201,452,61.917808219178085,4,5,9,2.3376623376623376,0603002000,3rd
Anilao,2025,148,148,296,54.41176470588235,43,41,84,14.261460101867574,24,22,46,7.809847198641766,182,147,329,55.85738539898133,178,149,327,55.51782682512734,192,157,349,59.25297113752123,174,143,317,53.82003395585738,169,139,308,52.29202037351443,180,144,324,55.00848896434635,110,100,210,35.653650254668925,109,102,211,35.82342954159593,181,148,329,55.85738539898133,179,155,334,56.7062818336163,176,152,328,55.68760611205433,190,161,351,59.59252971137521,173,166,339,57.555178268251275,173,166,339,58.04794520547946,0,0,0,0.0,0603003000,4th
Badiangan,2025,71,80,151,35.529411764705884,16,9,25,5.399568034557236,15,13,28,6.047516198704104,105,93,198,42.76457883369331,119,98,217,46.868250539956804,117,100,217,46.868250539956804,105,92,197,42.54859611231102,120,98,218,47.084233261339094,116,98,214,46.220302375809936,77,54,131,28.293736501079913,52,64,116,25.05399568034557,104,90,194,41.90064794816415,118,101,219,47.30021598272138,112,98,210,45.35637149028078,110,102,212,45.78833693304535,102,99,201,43.412526997840175,96,91,187,40.38876889848812,1,0,1,0.4524886877828055,0603004000,4th
Balasan,2025,206,149,355,56.43879173290938,193,147,340,49.2040520984081,49,35,84,12.156295224312592,210,164,374,54.12445730824892,215,183,398,57.59768451519537,227,204,431,62.37337192474675,210,171,381,55.137481910274964,208,171,379,54.848046309696095,207,189,396,57.3082489146165,150,139,289,41.823444283646886,117,136,253,36.61360347322721,216,169,385,55.7163531114327,229,200,429,62.08393632416788,245,214,459,66.42547033285095,216,213,429,62.08393632416788,233,216,449,64.97829232995659,233,216,449,65.16690856313497,0,0,0,0.0,0603005000,4th
Banate,2025,189,132,321,53.85906040268457,58,46,104,15.950920245398773,36,26,62,9.509202453987731,233,213,446,68.40490797546013,252,205,457,70.0920245398773,250,207,457,70.0920245398773,233,213,446,68.40490797546013,258,205,463,71.0122699386503,250,207,457,70.0920245398773,229,188,417,63.95705521472392,219,213,432,66.25766871165644,233,213,446,68.40490797546013,252,205,457,70.0920245398773,250,207,457,70.0920245398773,250,225,475,72.85276073619632,231,245,476,73.00613496932516,231,245,476,73.57032457496136,0,0,0,0.0,0603006000,4th
Barotac Nuevo,2025,412,388,800,77.07129094412332,534,459,993,87.56613756613757,443,401,844,74.42680776014109,446,421,867,76.45502645502646,473,435,908,80.0705467372134,500,474,974,85.89065255731923,452,420,872,76.89594356261023,473,438,911,80.33509700176367,503,469,972,85.71428571428571,335,302,637,56.17283950617284,187,177,364,32.098765432098766,441,419,860,75.83774250440916,485,431,916,80.77601410934744,539,521,1060,93.47442680776014,521,468,989,87.21340388007054,572,544,1116,98.4126984126984,572,544,1116,99.2,0,0,0,0.0,0603007000,2nd
Barotac Viejo,2025,208,189,397,40.18218623481781,376,332,708,66.35426429240863,191,194,385,36.08247422680412,290,297,587,55.01405810684161,293,330,623,58.38800374882849,324,319,643,60.26241799437676,296,311,607,56.888472352389876,286,313,599,56.13870665417057,286,316,602,56.41986879100281,227,235,462,43.29896907216495,143,149,292,27.366447985004687,316,316,632,59.231490159325205,336,363,699,65.5107778819119,326,371,697,65.32333645735707,285,305,590,55.295220243673846,275,332,607,56.888472352389876,275,319,594,56.14366729678639,0,0,0,0.0,0603008000,3rd
Batad,2025,79,86,165,50.45871559633027,15,24,39,10.773480662983426,12,13,25,6.906077348066299,114,114,228,62.98342541436463,127,142,269,74.30939226519338,128,124,252,69.61325966850829,107,111,218,60.22099447513812,128,140,268,74.03314917127072,124,118,242,66.85082872928176,85,81,166,45.85635359116022,72,56,128,35.35911602209944,132,153,285,78.72928176795581,148,147,295,81.49171270718232,170,142,312,86.1878453038674,120,112,232,64.08839779005525,153,127,280,77.34806629834254,144,125,269,74.51523545706371,0,0,0,0.0,0603009000,5th
Bingawan,2025,85,60,145,53.50553505535055,25,11,36,12.121212121212121,10,7,17,5.723905723905724,92,67,159,53.535353535353536,91,80,171,57.57575757575758,92,82,174,58.58585858585859,88,67,155,52.18855218855219,85,76,161,54.20875420875421,83,79,162,54.54545454545454,51,54,105,35.35353535353536,47,49,96,32.323232323232325,90,66,156,52.52525252525253,92,81,173,58.24915824915825,94,81,175,58.92255892255892,77,82,159,53.535353535353536,81,80,161,54.20875420875421,76,76,152,51.52542372881356,4,5,9,6.521739130434782,0603010000,5th
Cabatuan,2025,453,437,890,90.4471544715447,453,437,890,84.52041785375118,453,437,890,84.52041785375118,444,435,879,83.47578347578347,440,436,876,83.1908831908832,441,429,870,82.62108262108262,444,433,877,83.28584995251663,440,436,876,83.1908831908832,441,429,870,82.62108262108262,318,318,636,60.3988603988604,316,324,640,60.77872744539411,439,473,912,86.6096866096866,440,436,876,83.1908831908832,441,429,870,82.62108262108262,439,435,874,83.00094966761633,448,438,886,84.14055080721748,448,438,886,84.62273161413563,0,0,0,0.0,0603012000,2nd
Calinog,2025,321,331,652,57.09281961471103,335,336,671,54.24413904607922,314,295,609,49.232012934519,382,411,793,64.10670978172999,390,391,781,63.13662085691188,376,398,774,62.570735650767986,387,399,786,63.5408245755861,409,409,818,66.12772837510104,392,405,797,64.43007275666936,344,333,677,54.729183508488276,211,196,407,32.90218270008084,393,407,800,64.6725949878739,419,430,849,68.63379143088116,423,446,869,70.25060630557802,401,363,764,61.76232821341956,397,417,814,65.80436540016169,397,417,814,66.3406682966585,2,2,4,0.9456264775413712,0603013000,1st
Carles,2025,473,390,863,57.001321003963014,314,252,566,34.303030303030305,331,295,626,37.93939393939394,526,450,976,59.151515151515156,522,456,978,59.27272727272728,574,469,1043,63.21212121212121,532,466,998,60.484848484848484,522,480,1002,60.72727272727273,537,431,968,58.666666666666664,351,284,635,38.484848484848484,320,329,649,39.33333333333333,557,489,1046,63.39393939393939,586,546,1132,68.60606060606061,590,512,1102,66.78787878787878,511,454,965,58.484848484848484,494,471,965,58.484848484848484,475,454,929,56.680902989627825,35,38,73,16.367713004484305,0603014000,2nd
Concepcion,2025,216,162,378,41.86046511627907,90,73,163,16.615698267074414,94,83,177,18.04281345565749,332,230,562,57.28848114169215,321,239,560,57.08460754332314,334,258,592,60.34658511722731,313,224,537,54.74006116207951,325,247,572,58.307849133537204,325,245,570,58.103975535168196,256,208,464,47.298674821610604,167,135,302,30.784913353720693,332,252,584,59.53109072375128,375,286,661,67.38022426095822,379,308,687,70.03058103975535,286,247,533,54.332313965341484,296,245,541,55.14780835881753,290,243,533,54.8918640576725,9,13,22,5.5696202531645564,0603015000,3rd
Dingle,2025,173,178,351,52.544910179640716,7,6,13,1.7615176151761516,14,10,24,3.2520325203252036,204,191,395,53.5230352303523,218,210,428,57.994579945799465,224,227,451,61.111111111111114,204,192,396,53.65853658536586,218,209,427,57.859078590785906,224,225,449,60.84010840108402,161,160,321,43.49593495934959,127,110,237,32.113821138211385,219,202,421,57.04607046070461,251,233,484,65.58265582655827,248,246,494,66.93766937669376,225,215,440,59.62059620596206,238,229,467,63.27913279132791,238,229,467,63.36499321573948,1,2,3,1.1235955056179776,0603016000,3rd
Dueñas,2025,147,141,288,60.75949367088608,12,27,39,7.428571428571429,5,16,21,4.0,184,178,362,68.95238095238095,191,174,365,69.52380952380952,194,177,371,70.66666666666667,184,178,362,68.95238095238095,191,174,365,69.52380952380952,194,177,371,70.66666666666667,117,102,219,41.714285714285715,110,99,209,39.80952380952381,184,178,362,68.95238095238095,206,184,390,74.28571428571429,229,204,433,82.47619047619048,191,171,362,68.95238095238095,196,179,375,71.42857142857143,196,179,375,71.42857142857143,0,0,0,0.0,0603017000,4th
Dumangas,2025,235,244,479,39.29450369155045,207,172,379,28.241430700447097,249,206,455,33.904619970193735,422,401,823,61.3263785394933,456,388,844,62.891207153502236,488,408,896,66.76602086438153,418,401,819,61.028315946348734,450,385,835,62.22056631892697,482,385,867,64.60506706408346,372,296,668,49.77645305514158,276,244,520,38.74813710879285,442,422,864,64.38152011922503,501,442,943,70.26825633383011,530,448,978,72.87630402384501,381,354,735,54.76900149031296,368,349,717,53.42771982116245,366,349,715,53.477935676888556,1,2,3,0.7228915662650602,0603018000,1st
Estancia,2025,196,133,329,29.559748427672954,66,41,107,8.84297520661157,51,40,91,7.520661157024794,294,274,568,46.942148760330575,319,266,585,48.34710743801653,264,256,520,42.97520661157025,297,276,573,47.35537190082645,314,260,574,47.43801652892562,255,243,498,41.15702479338843,166,150,316,26.115702479338843,89,72,161,13.305785123966944,313,288,601,49.6694214876033,316,286,602,49.75206611570248,261,239,500,41.32231404958678,272,223,495,40.909090909090914,322,274,596,49.256198347107436,321,273,594,49.37655860349127,8,3,11,1.639344262295082,0603019000,2nd
Guimbal,2025,135,141,276,53.592233009708735,116,112,228,40.7871198568873,103,102,205,36.67262969588551,158,155,313,55.99284436493739,178,168,346,61.89624329159212,192,176,368,65.83184257602862,158,155,313,55.99284436493739,178,157,335,59.92844364937389,192,177,369,66.01073345259391,208,183,391,69.94633273703042,157,141,298,53.30948121645797,157,158,315,56.35062611806798,185,160,345,61.71735241502684,192,181,373,66.7262969588551,160,140,300,53.66726296958855,235,200,435,77.8175313059034,235,199,434,77.6386404293381,0,1,1,0.819672131147541,0603020000,4th
Igbaras,2025,165,128,293,62.47334754797441,166,131,297,58.46456692913385,168,129,297,58.46456692913385,179,136,315,62.00787401574803,175,150,325,63.976377952755904,177,154,331,65.15748031496062,178,136,314,61.811023622047244,175,150,325,63.976377952755904,176,154,330,64.96062992125984,111,110,221,43.503937007874015,87,79,166,32.677165354330704,178,138,316,62.20472440944882,186,154,340,66.92913385826772,188,160,348,68.50393700787401,161,146,307,60.43307086614173,161,143,304,59.84251968503938,161,143,304,59.84251968503938,1,0,1,0.641025641025641,0603021000,3rd
Janiuay,2025,292,275,567,47.607052896725435,286,258,544,41.9753086419753,286,263,549,42.36111111111111,406,356,762,58.79629629629629,398,389,787,60.7253086419753,430,407,837,64.58333333333334,402,360,762,58.79629629629629,392,375,767,59.1820987654321,418,388,806,62.191358024691354,344,294,638,49.2283950617284,293,271,564,43.51851851851852,406,369,775,59.79938271604939,421,414,835,64.42901234567901,452,425,877,67.66975308641975,431,356,787,60.7253086419753,460,398,858,66.20370370370371,460,398,858,66.30602782071098,0,0,0,0.0,0603023000,1st
Lambunao,2025,436,327,763,49.13071474565358,445,335,780,46.65071770334928,433,324,757,45.27511961722488,490,419,909,54.366028708133975,482,411,893,53.40909090909091,482,415,897,53.64832535885168,477,409,886,52.99043062200957,480,398,878,52.511961722488046,471,406,877,52.45215311004785,337,282,619,37.02153110047847,275,232,507,30.322966507177036,490,422,912,54.54545454545454,509,440,949,56.75837320574163,511,439,950,56.81818181818182,442,383,825,49.34210526315789,490,437,927,55.442583732057415,490,437,927,55.944477972238985,1,1,2,0.3795066413662239,0603025000,1st
Leganes,2025,120,113,233,39.625850340136054,43,51,94,14.506172839506174,51,52,103,15.895061728395063,180,198,378,58.333333333333336,204,193,397,61.26543209876543,198,193,391,60.339506172839506,159,180,339,52.31481481481482,187,178,365,56.32716049382716,164,177,341,52.623456790123456,148,140,288,44.44444444444444,126,115,241,37.191358024691354,200,204,404,62.34567901234568,226,219,445,68.67283950617285,220,216,436,67.28395061728395,190,200,390,60.18518518518518,200,205,405,62.5,200,204,404,63.026521060842434,1,1,2,1.0582010582010581,0603026000,4th
Lemery,2025,156,125,281,50.722021660649816,154,118,272,44.81054365733114,153,119,272,44.81054365733114,197,159,356,58.6490939044481,198,194,392,64.57990115321252,212,205,417,68.69851729818781,199,159,358,58.97858319604613,191,194,385,63.426688632619445,207,198,405,66.72158154859967,197,192,389,64.08566721581549,107,140,247,40.691927512355846,197,159,356,58.6490939044481,201,196,397,65.40362438220758,214,214,428,70.51070840197694,169,181,350,57.66062602965404,224,196,420,69.19275123558485,224,196,420,70.58823529411765,0,1,1,0.5128205128205128,0603027000,4th
Leon,2025,234,214,448,55.172413793103445,24,24,48,5.536332179930796,5,9,14,1.6147635524798154,289,256,545,62.86043829296425,307,301,608,70.12687427912341,323,310,633,73.01038062283737,279,253,532,61.36101499423299,302,304,606,69.8961937716263,302,283,585,67.47404844290658,219,198,417,48.09688581314879,174,190,364,41.9838523644752,320,285,605,69.78085351787774,321,292,613,70.70357554786621,317,313,630,72.66435986159169,285,270,555,64.01384083044984,262,346,608,70.12687427912341,262,346,608,70.20785219399538,0,2,2,0.5154639175257731,0603028000,2nd
Maasin,2025,183,166,349,45.561357702349866,32,27,59,7.125603864734299,12,16,28,3.3816425120772946,273,221,494,59.66183574879227,280,233,513,61.95652173913043,263,233,496,59.90338164251207,274,221,495,59.78260869565217,277,231,508,61.35265700483091,264,236,500,60.38647342995169,209,185,394,47.58454106280193,184,169,353,42.632850241545896,274,219,493,59.54106280193236,284,242,526,63.52657004830918,275,246,521,62.92270531400966,260,221,481,58.091787439613526,245,234,479,57.850241545893724,239,231,470,56.90072639225182,8,5,13,3.7142857142857144,0603029000,3rd
Miagao,2025,299,284,583,48.82747068676717,123,87,210,16.574585635359114,53,38,91,7.18232044198895,547,478,1025,80.89976322020522,555,525,1080,85.24072612470403,568,543,1111,87.68745067087609,546,479,1025,80.89976322020522,555,527,1082,85.39857932123125,566,538,1104,87.13496448303079,538,514,1052,83.03078137332281,562,492,1054,83.18863456985004,545,483,1028,81.13654301499605,584,527,1111,87.68745067087609,592,564,1156,91.23914759273876,574,529,1103,87.05603788476716,638,665,1303,102.84135753749013,638,665,1303,102.84135753749013,0,0,0,0.0,0603030000,1st
Mina,2025,91,87,178,52.19941348973607,92,95,187,50.54054054054053,80,83,163,44.054054054054056,116,109,225,60.810810810810814,123,103,226,61.08108108108108,108,98,206,55.67567567567567,115,106,221,59.72972972972973,122,104,226,61.08108108108108,109,112,221,59.72972972972973,100,85,185,50.0,100,99,199,53.783783783783775,121,102,223,60.27027027027027,127,114,241,65.13513513513513,117,119,236,63.78378378378379,148,113,261,70.54054054054055,149,129,278,75.13513513513513,149,129,278,75.13513513513513,0,0,0,0.0,0603031000,5th
New Lucena,2025,92,96,188,55.13196480938416,60,73,133,34.90813648293963,55,66,121,31.758530183727036,112,124,236,61.942257217847775,113,123,236,61.942257217847775,118,112,230,60.367454068241464,110,122,232,60.892388451443566,107,119,226,59.31758530183727,104,103,207,54.330708661417326,96,96,192,50.39370078740157,103,84,187,49.08136482939632,112,123,235,61.679790026246714,114,125,239,62.72965879265092,110,100,210,55.118110236220474,108,100,208,54.59317585301837,100,78,178,46.71916010498688,99,78,177,46.578947368421055,2,0,2,1.3333333333333335,0603032000,4th
Oton,2025,301,268,569,35.36357986326911,76,71,147,8.366533864541832,45,47,92,5.2361980648833235,518,481,999,56.85828116107,523,497,1020,58.05350028457599,590,557,1147,65.28173022196927,518,475,993,56.516789982925445,514,485,999,56.85828116107,556,534,1090,62.037564029595906,368,351,719,40.92202618099032,391,333,724,41.206602162777465,516,480,996,56.68753557199773,540,498,1038,59.07797381900968,582,565,1147,65.28173022196927,584,521,1105,62.89129197495731,712,683,1395,79.39669891861126,712,683,1395,79.7598627787307,0,0,0,0.0,0603034000,1st
City of Passi,2025,410,380,790,45.35017221584386,492,464,956,50.7700477960701,477,434,911,48.38024429102496,608,562,1170,62.13489113117367,609,582,1191,63.25013276686139,596,608,1204,63.94052044609665,598,544,1142,60.647902283590014,593,566,1159,61.55071694105151,592,593,1185,62.93149229952204,437,421,858,45.56558682952735,351,316,667,35.422198619224645,608,561,1169,62.0817843866171,634,595,1229,65.26818906001061,652,651,1303,69.19808815719597,550,555,1105,58.68295273499734,561,524,1085,57.62081784386617,570,523,1093,58.4179583110636,1,5,6,0.9244992295839755,0603035000,4th
Pavia,2025,226,232,458,39.21232876712329,130,134,264,20.738413197172033,111,121,232,18.224666142969365,475,473,948,74.46975648075413,496,489,985,77.37627651217596,472,494,966,75.88373919874313,475,473,948,74.46975648075413,496,489,985,77.37627651217596,472,494,966,75.88373919874313,260,293,553,43.44069128043991,257,221,478,37.5490966221524,443,463,906,71.17046347211313,515,480,995,78.1618224666143,497,513,1010,79.3401413982718,538,477,1015,79.73291437549096,590,575,1165,91.51610369206598,590,575,1165,92.31378763866877,0,0,0,0.0,0603036000,2nd
Pototan,2025,319,339,658,48.45360824742268,902,851,1753,118.36596893990547,902,851,1753,118.36596893990547,409,437,846,57.12356515867657,432,449,881,59.48683322079676,442,450,892,60.229574611748816,406,481,887,59.89196488858879,433,444,877,59.21674544226874,449,461,910,61.44496961512491,303,294,597,40.31060094530722,261,277,538,36.32680621201891,409,450,859,58.00135043889264,473,482,955,64.48345712356516,487,494,981,66.23902768399729,415,469,884,59.68939905469277,615,639,1254,84.67251856853477,615,639,1254,85.94928032899246,0,0,0,0.0,0603037000,1st
San Dionisio,2025,148,144,292,35.872235872235876,65,61,126,14.367160775370582,58,55,113,12.884834663625996,271,229,500,57.01254275940707,282,233,515,58.72291904218928,300,233,533,60.77537058152793,256,214,470,53.59179019384265,280,236,516,58.836944127708094,304,233,537,61.23147092360319,248,188,436,49.71493728620297,227,178,405,46.18015963511973,260,219,479,54.618015963511965,323,284,607,69.21322690992018,343,301,644,73.4321550741163,309,238,547,62.37172177879133,292,254,546,62.25769669327252,292,254,546,62.83084004602992,0,0,0,0.0,0603038000,4th
San Enrique,2025,219,208,427,58.333333333333336,44,47,91,11.417816813048933,8,5,13,1.631116687578419,272,280,552,69.25972396486826,298,304,602,75.53324968632371,305,314,619,77.66624843161857,265,276,541,67.87954830614805,290,301,591,74.15307402760351,288,306,594,74.52948557089084,174,202,376,47.17691342534505,172,189,361,45.29485570890841,274,273,547,68.63237139272272,317,312,629,78.92095357590966,289,316,605,75.90966122961103,319,354,673,84.44165621079046,397,436,833,104.51693851944792,397,436,833,105.30973451327435,0,0,0,0.0,0603039000,3rd
San Joaquin,2025,191,191,382,50.329380764163375,175,184,359,43.67396593673966,170,162,332,40.38929440389295,230,239,469,57.05596107055961,224,252,476,57.907542579075425,230,262,492,59.854014598540154,235,250,485,59.00243309002433,226,253,479,58.27250608272506,226,271,497,60.46228710462287,147,182,329,40.024330900243314,145,150,295,35.88807785888078,226,243,469,57.05596107055961,252,291,543,66.05839416058394,250,282,532,64.72019464720195,264,280,544,66.18004866180048,315,296,611,74.330900243309,310,291,601,73.11435523114356,1,0,1,0.7633587786259541,0603040000,2nd
San Miguel,2025,46,54,100,20.491803278688526,0,2,2,0.37453183520599254,0,2,2,0.37453183520599254,156,142,298,55.80524344569289,158,150,308,57.67790262172284,150,169,319,59.737827715355806,153,138,291,54.49438202247191,155,148,303,56.74157303370787,150,161,311,58.239700374531836,96,110,206,38.57677902621723,99,97,196,36.70411985018727,153,141,294,55.0561797752809,160,150,310,58.052434456928836,157,165,322,60.2996254681648,149,136,285,53.37078651685393,143,129,272,50.936329588014985,140,127,267,50.4725897920605,7,4,11,5.092592592592593,0603041000,4th
San Rafael,2025,107,90,197,56.12535612535613,23,25,48,12.56544502617801,12,19,31,8.115183246073299,116,94,210,54.973821989528794,121,92,213,55.75916230366492,114,104,218,57.06806282722513,116,94,210,54.973821989528794,112,87,199,52.09424083769634,99,92,191,50.0,79,80,159,41.62303664921466,77,80,157,41.09947643979058,116,94,210,54.973821989528794,114,89,203,53.141361256544506,99,91,190,49.73821989528796,101,93,194,50.78534031413613,99,91,190,49.73821989528796,99,91,190,50.131926121372025,0,0,0,0.0,0603042000,5th
Santa Barbara,2025,361,354,715,61.63793103448276,783,776,1559,123.92686804451509,689,684,1373,109.14149443561207,372,389,761,60.492845786963436,408,418,826,65.65977742448331,409,444,853,67.8060413354531,561,378,939,74.6422893481717,396,410,806,64.06995230524643,397,437,834,66.29570747217805,300,335,635,50.47694753577107,256,277,533,42.368839427662955,378,393,771,61.287758346581874,445,447,892,70.90620031796503,457,500,957,76.0731319554849,354,406,760,60.413354531001595,439,442,881,70.03179650238474,437,440,877,70.21617293835068,9,8,17,13.28125,0603043000,2nd
Sara,2025,258,233,491,44.314079422382676,241,216,457,38.14691151919866,246,224,470,39.23205342237062,346,324,670,55.926544240400666,353,316,669,55.84307178631052,372,354,726,60.60100166944908,346,328,674,56.26043405676127,350,315,665,55.509181969949914,351,327,678,56.594323873121866,279,247,526,43.906510851419036,227,216,443,36.97829716193656,362,327,689,57.512520868113526,381,356,737,61.51919866444074,422,394,816,68.11352253756262,345,317,662,55.25876460767947,571,551,1122,93.65609348914859,571,551,1122,94.68354430379748,0,0,0,0.0,0603044000,2nd
Tigbauan,2025,393,342,735,63.144329896907216,4,5,9,0.7182761372705506,5,3,8,0.6384676775738228,511,429,940,75.01995211492418,522,451,973,77.6536312849162,530,450,980,78.2122905027933,511,429,940,75.01995211492418,522,451,973,77.6536312849162,527,448,975,77.81324820430966,399,331,730,58.26017557861133,386,321,707,56.424581005586596,512,432,944,75.3391859537111,536,460,996,79.48922585794094,557,471,1028,82.04309656823622,568,459,1027,81.9632881085395,667,557,1224,97.6855546687949,667,557,1224,97.92,0,0,0,0.0,0603045000,2nd
Tubungan,2025,86,78,164,43.044619422572175,16,16,32,7.8817733990147785,31,22,53,13.054187192118228,116,124,240,59.11330049261084,104,118,222,54.679802955665025,104,115,219,53.94088669950739,108,108,216,53.20197044334976,100,118,218,53.69458128078818,103,108,211,51.970443349753694,82,64,146,35.960591133004925,59,56,115,28.32512315270936,105,108,213,52.463054187192114,102,119,221,54.43349753694581,104,113,217,53.44827586206896,108,102,210,51.724137931034484,104,109,213,52.463054187192114,104,109,213,52.463054187192114,0,0,0,0.0,0603046000,4th
Zarraga,2025,115,131,246,53.7117903930131,1,0,1,0.19960079840319359,1,0,1,0.19960079840319359,113,145,258,51.49700598802395,128,167,295,58.88223552894212,127,179,306,61.07784431137725,113,145,258,51.49700598802395,128,168,296,59.08183632734531,123,181,304,60.67864271457086,121,176,297,59.2814371257485,148,196,344,68.6626746506986,115,147,262,52.29540918163673,136,164,300,59.88023952095808,130,179,309,61.67664670658682,148,199,347,69.26147704590818,171,193,364,72.65469061876247,171,193,364,72.8,0,0,0,0.0,0603047000,4th
Guimaras,2025,1035,1005,2040,60.194747713189734,968,905,1873,50.66269948606978,955,900,1855,50.175818230998104,1056,1086,2142,57.93886935352989,1133,1111,2244,60.697863132269404,1292,1251,2543,68.7855017581823,1051,1083,2134,57.72247768460914,1093,1080,2173,58.77738707059778,1170,1129,2299,62.18555585609954,1144,1102,2246,60.75196104949959,1165,1119,2284,61.779821476873146,1057,1083,2140,57.8847714362997,1102,1075,2177,58.88558290505815,1180,1135,2315,62.61833919394103,1176,1118,2294,62.050311063024076,1271,1177,2448,66.21585068974845,1265,1172,2437,66.53016653016654,18,19,37,3.1092436974789917,0607900000,4th
Buenavista,2025,263,223,486,68.25842696629213,47,24,71,8.942065491183879,47,35,82,10.327455919395465,282,279,561,70.65491183879094,296,283,579,72.92191435768261,353,331,684,86.14609571788414,283,277,560,70.52896725440806,286,280,566,71.28463476070529,312,290,602,75.81863979848866,312,290,602,75.81863979848866,295,291,586,73.80352644836272,284,276,560,70.52896725440806,286,279,565,71.15869017632241,310,290,600,75.56675062972292,295,291,586,73.80352644836272,298,277,575,72.41813602015114,293,275,568,71.71717171717171,8,7,15,7.731958762886598,0607901000,2nd
Jordan ,2025,254,248,502,62.43781094527363,883,846,1729,198.50746268656715,881,841,1722,197.70378874856488,274,253,527,60.50516647531573,287,264,551,63.26061997703789,306,283,589,67.62342135476463,274,253,527,60.50516647531573,287,264,551,63.26061997703789,306,283,589,67.62342135476463,278,254,532,61.079219288174514,256,239,495,56.831228473019515,274,253,527,60.50516647531573,287,264,551,63.26061997703789,306,283,589,67.62342135476463,267,247,514,59.01262916188289,297,283,580,66.59012629161883,295,282,577,67.09302325581396,3,3,6,1.9933554817275747,0607902000,3rd
Nueva Valencia,2025,231,227,458,62.05962059620597,32,30,62,7.7018633540372665,25,22,47,5.838509316770186,224,228,452,56.149068322981364,254,225,479,59.50310559006211,299,262,561,69.68944099378882,225,230,455,56.52173913043478,241,218,459,57.018633540372676,270,231,501,62.2360248447205,271,231,502,62.36024844720497,281,255,536,66.58385093167702,226,230,456,56.64596273291925,248,217,465,57.7639751552795,275,229,504,62.60869565217392,281,255,536,66.58385093167702,329,282,611,75.90062111801242,329,282,611,76.6624843161857,0,1,1,0.4291845493562232,0607903000,3rd
San Lorenzo,2025,177,183,360,52.63157894736842,4,4,8,1.08991825613079,0,1,1,0.13623978201634876,169,177,346,47.13896457765668,193,187,380,51.771117166212534,210,211,421,57.35694822888283,164,177,341,46.45776566757493,175,176,351,47.82016348773842,178,183,361,49.182561307901906,181,184,365,49.72752043596731,205,189,394,53.67847411444142,165,177,342,46.59400544959128,177,176,353,48.09264305177112,183,185,368,50.13623978201635,205,189,394,53.67847411444142,206,187,393,53.54223433242507,205,187,392,53.6986301369863,6,6,12,3.8834951456310676,0607904000,5th
Sibunag,2025,110,124,234,51.88470066518847,2,1,3,0.6085192697768762,2,1,3,0.6085192697768762,107,149,256,51.926977687626774,103,152,255,51.724137931034484,124,164,288,58.41784989858012,105,146,251,50.91277890466531,104,142,246,49.89858012170386,104,142,246,49.89858012170386,102,143,245,49.69574036511156,128,145,273,55.375253549695735,108,147,255,51.724137931034484,104,139,243,49.290060851926974,106,148,254,51.52129817444219,128,136,264,53.54969574036511,141,148,289,58.620689655172406,143,146,289,59.71074380165289,1,2,3,1.9607843137254901,0607905000,4th
City of Iloilo ,2025,2152,2101,4253,48.46723646723647,4107,3821,7928,83.00701497225421,4170,3999,8169,85.53031096220292,2735,2672,5407,56.611873102292954,2832,2783,5615,58.78965553345199,2983,2868,5851,61.26060098419014,2733,2668,5401,56.549052455240286,2813,2752,5565,58.26615014134645,2912,2795,5707,59.752905454926186,2769,2636,5405,56.590932886608734,2566,2373,4939,51.71186263218511,2734,2672,5406,56.601402994450844,2823,2766,5589,58.517432729557115,2917,2805,5722,59.90995707255785,3019,2826,5845,61.19778033713747,3270,3042,6312,66.08732069940321,3264,3039,6303,66.28457251025345,48,33,81,2.987827369974179,0631000000,1st
Region 7,2025,38747,36936,75683,54.900837117530145,39917,37232,77149,51.55812477027434,33814,31476,65290,43.63283991044876,46149,42935,89084,59.53419988639021,48876,45528,94404,63.08951782671166,52735,49174,101909,68.10505563537941,46642,43446,90088,60.205165903699,46713,43584,90297,60.34483910849734,47167,44074,91241,60.97570755505062,47076,43810,90886,60.738463594747216,43974,41342,85316,57.0160724429445,46519,43186,89705,59.949209743709694,47444,44372,91816,61.35997594145755,46038,43231,89269,59.65783406288636,46725,43925,90650,60.580746483108896,45489,43255,88744,59.30698031877569,45046,42806,87852,59.35183996649079,3879,3523,7402,13.592625238724843,0700000000,
Bohol,2025,6340,5998,12338,46.7171525937145,7427,6873,14300,49.93016759776536,7227,6668,13895,48.516061452513966,8590,7934,16524,57.69553072625698,9243,8448,17691,61.77025139664805,9868,9012,18880,65.92178770949721,8792,8083,16875,58.92108938547486,8865,8088,16953,59.19343575418995,8891,8169,17060,59.567039106145245,8819,8171,16990,59.322625698324025,7990,7494,15484,54.064245810055866,7755,7144,14899,52.02164804469274,7370,6839,14209,49.612430167597765,7190,6719,13909,48.56494413407822,8653,8116,16769,58.550977653631286,7813,7334,15147,52.887569832402235,7667,7169,14836,52.20634808923922,1035,945,1980,14.965986394557824,0701200000,1st
Alicia,2025,106,112,218,43.51297405189621,57,59,116,21.323529411764707,45,55,100,18.38235294117647,145,149,294,54.04411764705882,157,163,320,58.82352941176471,171,162,333,61.21323529411765,149,160,309,56.80147058823529,155,156,311,57.16911764705882,146,141,287,52.75735294117647,146,137,283,52.02205882352941,117,116,233,42.830882352941174,138,151,289,53.125,111,133,244,44.85294117647059,111,133,244,44.85294117647059,137,132,269,49.44852941176471,124,127,251,46.13970588235294,128,122,250,46.21072088724584,2,8,10,3.7593984962406015,0701202000,4th
Anda,2025,70,49,119,42.04946996466431,62,41,103,33.33333333333333,58,39,97,31.3915857605178,104,81,185,59.8705501618123,99,88,187,60.517799352750814,109,108,217,70.22653721682848,105,88,193,62.45954692556634,102,83,185,59.8705501618123,107,100,207,66.99029126213593,110,100,210,67.96116504854369,103,111,214,69.25566343042071,95,79,174,56.310679611650485,97,71,168,54.36893203883495,97,82,179,57.92880258899677,107,118,225,72.81553398058253,109,114,223,72.168284789644,111,110,221,71.52103559870551,0,5,5,5.88235294117647,0701203000,5th
Antequera,2025,41,47,88,38.93805309734513,15,19,34,13.877551020408163,19,19,38,15.510204081632653,67,68,135,55.10204081632652,80,72,152,62.04081632653061,82,69,151,61.63265306122449,71,71,142,57.95918367346938,80,73,153,62.44897959183674,85,69,154,62.857142857142854,75,68,143,58.36734693877551,74,58,132,53.87755102040816,70,70,140,57.14285714285714,80,69,149,60.816326530612244,73,56,129,52.6530612244898,78,67,145,59.183673469387756,69,73,142,57.95918367346938,65,60,125,51.02040816326531,3,1,4,4.651162790697675,0701204000,4th
Baclayon,2025,39,38,77,20.157068062827225,30,41,71,17.067307692307693,23,21,44,10.576923076923077,99,115,214,51.442307692307686,107,117,224,53.84615384615385,100,105,205,49.27884615384615,106,130,236,56.730769230769226,112,114,226,54.32692307692307,100,107,207,49.75961538461539,111,112,223,53.605769230769226,63,83,146,35.09615384615385,92,109,201,48.31730769230769,73,79,152,36.53846153846153,73,87,160,38.46153846153847,89,96,185,44.47115384615385,96,96,192,46.15384615384615,92,100,192,46.15384615384615,13,4,17,7.456140350877193,0701205000,4th
Balilihan,2025,32,44,76,24.675324675324674,29,26,55,16.516516516516518,22,17,39,11.711711711711711,95,92,187,56.15615615615616,106,108,214,64.26426426426426,115,110,225,67.56756756756756,99,99,198,59.45945945945946,100,108,208,62.46246246246246,107,102,209,62.76276276276276,105,101,206,61.86186186186187,116,97,213,63.96396396396396,95,91,186,55.85585585585585,83,88,171,51.35135135135135,78,88,166,49.849849849849846,120,104,224,67.26726726726727,100,87,187,56.15615615615616,108,86,194,58.25825825825825,14,12,26,17.449664429530202,0701206000,4th
Batuan,2025,27,35,62,25.0,43,42,85,31.365313653136536,12,12,24,8.856088560885608,94,91,185,68.26568265682657,100,79,179,66.05166051660517,100,92,192,70.84870848708486,95,86,181,66.78966789667896,98,75,173,63.837638376383765,91,81,172,63.46863468634686,87,82,169,62.36162361623616,85,81,166,61.254612546125465,70,60,130,47.97047970479705,56,34,90,33.210332103321036,57,46,103,38.00738007380074,85,84,169,62.36162361623616,77,80,157,57.93357933579336,75,74,149,55.18518518518518,2,2,4,4.3478260869565215,0701207000,5th
Bilar,2025,34,33,67,20.364741641337385,48,52,100,27.77777777777778,39,38,77,21.38888888888889,79,84,163,45.27777777777778,95,78,173,48.05555555555556,89,89,178,49.44444444444444,91,79,170,47.22222222222222,93,76,169,46.94444444444444,87,81,168,46.666666666666664,83,81,164,45.55555555555556,88,97,185,51.388888888888886,86,81,167,46.38888888888889,74,63,137,38.05555555555556,59,64,123,34.166666666666664,88,113,201,55.833333333333336,61,91,152,42.22222222222222,65,79,144,40.11142061281337,21,26,47,25.405405405405407,0701208000,4th
Buenavista,2025,116,126,242,39.03225806451613,97,106,203,30.074074074074076,74,80,154,22.814814814814817,231,222,453,67.11111111111111,262,242,504,74.66666666666667,297,255,552,81.77777777777779,219,219,438,64.88888888888889,222,211,433,64.14814814814814,213,205,418,61.92592592592593,206,198,404,59.851851851851855,176,140,316,46.81481481481482,162,155,317,46.96296296296296,139,134,273,40.44444444444444,142,137,279,41.333333333333336,204,175,379,56.148148148148145,234,177,411,60.88888888888889,226,180,406,61.236802413273004,29,17,46,17.692307692307693,0701209000,4th
Calape,2025,175,161,336,56.56565656565656,135,125,260,40.310077519379846,142,132,274,42.480620155038764,201,170,371,57.519379844961236,198,170,368,57.054263565891475,208,170,378,58.6046511627907,204,168,372,57.674418604651166,197,169,366,56.74418604651162,201,168,369,57.20930232558139,200,168,368,57.054263565891475,185,165,350,54.263565891472865,209,171,380,58.91472868217055,220,189,409,63.410852713178286,237,195,432,66.97674418604652,199,160,359,55.65891472868218,183,158,341,52.86821705426357,181,146,327,50.93457943925234,17,19,36,11.842105263157894,0701210000,3rd
Candijay,2025,136,132,268,46.286701208981,89,93,182,28.888888888888886,40,56,96,15.238095238095239,134,148,282,44.761904761904766,151,153,304,48.25396825396825,173,174,347,55.07936507936508,147,162,309,49.047619047619044,153,153,306,48.57142857142857,148,162,310,49.2063492063492,159,169,328,52.06349206349207,132,133,265,42.06349206349206,128,144,272,43.17460317460318,115,142,257,40.79365079365079,131,141,272,43.17460317460318,154,158,312,49.523809523809526,163,171,334,53.01587301587302,161,169,330,52.38095238095239,28,18,46,15.699658703071673,0701211000,4th
Carmen,2025,225,221,446,42.80230326295585,297,234,531,46.701846965699204,408,371,779,68.51363236587511,358,278,636,55.93667546174142,371,302,673,59.19085312225154,398,301,699,61.477572559366756,366,293,659,57.959542656112575,363,294,657,57.78364116094987,370,278,648,56.99208443271768,369,277,646,56.81618293755497,300,283,583,51.27528583992964,315,250,565,49.69217238346526,279,227,506,44.50307827616535,280,249,529,46.5259454705365,318,299,617,54.26561125769569,265,268,533,46.877748460861916,256,270,526,46.92239072256913,39,44,83,13.810316139767053,0701212000,1st
Catigbian,2025,128,103,231,51.5625,84,59,143,29.303278688524593,102,86,188,38.52459016393443,134,126,260,53.278688524590166,142,131,273,55.942622950819676,153,154,307,62.909836065573764,145,129,274,56.14754098360656,137,126,263,53.893442622950815,135,130,265,54.30327868852459,129,132,261,53.48360655737705,152,131,283,57.99180327868852,121,107,228,46.72131147540984,109,104,213,43.64754098360656,101,102,203,41.59836065573771,159,136,295,60.45081967213115,123,116,239,48.97540983606557,111,109,220,45.643153526970956,27,20,47,17.60299625468165,0701213000,4th
Clarin,2025,125,104,229,62.39782016348774,59,52,111,27.339901477832512,58,62,120,29.55665024630542,138,106,244,60.09852216748769,161,139,300,73.89162561576354,166,141,307,75.61576354679804,142,123,265,65.27093596059113,150,123,273,67.24137931034483,133,112,245,60.3448275862069,136,114,250,61.57635467980296,124,109,233,57.389162561576356,131,108,239,58.86699507389162,106,87,193,47.53694581280788,90,78,168,41.37931034482759,127,118,245,60.3448275862069,106,98,204,50.24630541871922,98,86,184,46.0,35,18,53,27.040816326530614,0701214000,5th
Corella,2025,37,39,76,54.285714285714285,16,17,33,21.428571428571427,12,12,24,15.584415584415584,46,48,94,61.038961038961034,53,57,110,71.42857142857143,60,60,120,77.92207792207793,44,49,93,60.3896103896104,54,56,110,71.42857142857143,57,58,115,74.67532467532467,57,58,115,74.67532467532467,60,55,115,74.67532467532467,46,49,95,61.68831168831169,54,57,111,72.07792207792207,61,59,120,77.92207792207793,58,54,112,72.72727272727273,38,50,88,57.14285714285714,41,44,85,55.1948051948052,11,4,15,27.77777777777778,0701215000,5th
Cortes,2025,47,55,102,34.93150684931507,26,33,59,18.553459119496853,13,19,32,10.062893081761008,88,94,182,57.23270440251572,100,89,189,59.43396226415094,101,91,192,60.37735849056604,97,96,193,60.691823899371066,99,87,186,58.490566037735846,99,90,189,59.43396226415094,96,91,187,58.80503144654088,76,79,155,48.742138364779876,95,92,187,58.80503144654088,96,90,186,58.490566037735846,106,106,212,66.66666666666666,78,84,162,50.943396226415096,72,72,144,45.28301886792453,71,71,142,44.79495268138801,22,19,41,22.905027932960895,0701216000,5th
Dagohoy,2025,64,54,118,30.334190231362467,61,59,120,28.10304449648712,29,29,58,13.583138173302109,137,136,273,63.934426229508205,137,144,281,65.807962529274,145,153,298,69.78922716627635,130,138,268,62.76346604215457,132,138,270,63.23185011709602,124,145,269,62.997658079625296,126,134,260,60.88992974238876,106,79,185,43.32552693208431,116,120,236,55.26932084309133,114,113,227,53.161592505854806,91,98,189,44.26229508196721,145,108,253,59.250585480093676,117,95,212,49.64871194379391,104,86,190,45.346062052505964,14,11,25,12.953367875647666,0701217000,5th
Danao,2025,74,68,142,31.140350877192986,67,74,141,28.600405679513187,57,57,114,23.123732251521297,126,125,251,50.91277890466531,139,134,273,55.375253549695735,139,137,276,55.98377281947262,136,131,267,54.15821501014199,134,133,267,54.15821501014199,135,128,263,53.34685598377283,141,134,275,55.78093306288032,129,127,256,51.926977687626774,97,103,200,40.56795131845842,94,105,199,40.36511156186612,99,109,208,42.190669371196755,137,142,279,56.5922920892495,141,129,270,54.76673427991886,141,132,273,56.75675675675676,8,1,9,3.7344398340248963,0701218000,4th*
Dauis,2025,79,78,157,15.906788247213779,65,83,148,13.896713615023474,64,75,139,13.051643192488264,288,295,583,54.74178403755868,327,333,660,61.97183098591549,350,341,691,64.88262910798122,319,323,642,60.281690140845065,324,332,656,61.5962441314554,317,312,629,59.06103286384976,319,315,634,59.53051643192489,327,320,647,60.75117370892019,279,302,581,54.55399061032864,233,254,487,45.72769953051643,301,307,608,57.08920187793427,324,320,644,60.46948356807512,337,313,650,61.03286384976526,341,304,645,61.195445920303605,23,11,34,7.555555555555555,0701219000,4th
Dimiao,2025,41,31,72,29.38775510204082,41,31,72,28.346456692913385,34,25,59,23.228346456692915,91,57,148,58.26771653543307,95,61,156,61.417322834645674,89,61,150,59.055118110236215,99,63,162,63.77952755905512,91,62,153,60.23622047244095,88,60,148,58.26771653543307,88,60,148,58.26771653543307,60,56,116,45.66929133858268,97,65,162,63.77952755905512,94,61,155,61.023622047244096,86,56,142,55.90551181102362,64,59,123,48.4251968503937,54,60,114,44.881889763779526,52,54,106,41.732283464566926,0,0,0,0.0,0701220000,4th
Duero,2025,36,34,70,23.809523809523807,32,22,54,16.718266253869967,5,2,7,2.1671826625387,103,74,177,54.79876160990712,107,81,188,58.204334365325074,125,90,215,66.56346749226006,109,73,182,56.34674922600619,109,79,188,58.204334365325074,101,81,182,56.34674922600619,107,86,193,59.75232198142415,112,103,215,66.56346749226006,108,71,179,55.417956656346746,102,82,184,56.965944272445824,102,85,187,57.89473684210527,115,110,225,69.65944272445822,103,108,211,65.3250773993808,95,104,199,61.60990712074303,15,20,35,22.727272727272727,0701221000,4th
Garcia Hernandez,2025,48,45,93,24.86631016042781,35,27,62,15.196078431372548,15,15,30,7.352941176470589,106,111,217,53.18627450980392,110,124,234,57.35294117647059,131,133,264,64.70588235294117,110,117,227,55.63725490196079,113,122,235,57.59803921568627,125,128,253,62.00980392156863,128,123,251,61.51960784313726,108,116,224,54.90196078431373,106,105,211,51.71568627450981,100,108,208,50.98039215686274,103,99,202,49.50980392156863,110,112,222,54.41176470588235,101,107,208,50.98039215686274,96,105,201,49.26470588235294,17,15,32,15.53398058252427,0701222000,4th
Guindulman,2025,127,120,247,39.39393939393939,71,73,144,21.460506706408346,26,33,59,8.79284649776453,172,176,348,51.8628912071535,184,188,372,55.439642324888226,190,188,378,56.333830104321905,186,190,376,56.03576751117735,182,188,370,55.14157973174366,186,189,375,55.88673621460507,179,182,361,53.80029806259314,205,205,410,61.10283159463488,171,191,362,53.94932935916542,183,186,369,54.992548435171386,193,190,383,57.07898658718331,203,205,408,60.804769001490314,182,187,369,54.992548435171386,185,189,374,55.73770491803278,9,9,18,5.278592375366569,0701223000,4th
Inabanga,2025,171,174,345,37.82894736842105,109,117,226,22.759315206445116,124,109,233,23.464249748237663,246,254,500,50.35246727089627,265,276,541,54.481369587109775,302,307,609,61.329305135951664,270,255,525,52.87009063444109,241,255,496,49.9496475327291,277,274,551,55.48841893252769,250,262,512,51.560926485397786,207,224,431,43.40382678751259,222,239,461,46.42497482376636,206,199,405,40.78549848942598,182,193,375,37.764350453172206,234,252,486,48.94259818731118,262,228,490,49.345417925478344,257,223,480,48.484848484848484,21,24,45,10.739856801909307,0701224000,3rd
Jagna,2025,475,446,921,155.05050505050505,376,320,696,108.58034321372855,437,414,851,132.76131045241812,221,221,442,68.95475819032761,209,193,402,62.71450858034321,220,201,421,65.6786271450858,196,205,401,62.558502340093604,208,190,398,62.090483619344774,203,189,392,61.15444617784711,195,182,377,58.81435257410297,182,169,351,54.75819032761311,199,198,397,61.93447737909516,166,161,327,51.014040561622465,155,131,286,44.61778471138845,217,188,405,63.18252730109204,172,135,307,47.893915756630264,167,129,296,46.25,25,27,52,17.333333333333336,0701225000,3rd
Getafe,2025,205,166,371,42.25512528473804,150,135,285,30.063291139240505,102,94,196,20.675105485232066,243,228,471,49.68354430379747,294,281,575,60.654008438818565,324,305,629,66.35021097046413,249,230,479,50.527426160337555,263,236,499,52.63713080168776,242,249,491,51.793248945147674,247,245,492,51.89873417721519,207,200,407,42.93248945147679,239,228,467,49.26160337552742,250,244,494,52.109704641350206,204,216,420,44.303797468354425,218,229,447,47.151898734177216,184,173,357,37.65822784810127,187,168,355,37.927350427350426,57,66,123,21.280276816608996,0701226000,3rd
Lila,2025,23,24,47,26.111111111111114,8,8,16,8.290155440414509,11,11,22,11.398963730569948,44,27,71,36.787564766839374,38,41,79,40.932642487046635,42,43,85,44.04145077720207,45,29,74,38.34196891191709,39,38,77,39.89637305699482,42,40,82,42.487046632124354,42,39,81,41.968911917098445,40,40,80,41.45077720207254,48,32,80,41.45077720207254,38,39,77,39.89637305699482,53,39,92,47.66839378238342,48,34,82,42.487046632124354,37,29,66,34.196891191709845,41,36,77,39.89637305699482,3,1,4,3.0534351145038165,0701227000,5th
Loay,2025,39,61,100,36.76470588235294,25,13,38,13.10344827586207,6,8,14,4.827586206896552,78,80,158,54.48275862068965,92,84,176,60.689655172413794,100,86,186,64.13793103448275,78,79,157,54.137931034482754,95,82,177,61.03448275862069,99,86,185,63.793103448275865,95,91,186,64.13793103448275,97,85,182,62.758620689655174,84,82,166,57.24137931034483,96,83,179,61.724137931034484,100,81,181,62.41379310344828,106,92,198,68.27586206896552,92,90,182,62.758620689655174,93,87,180,62.06896551724138,9,8,17,12.878787878787879,0701228000,5th
Loboc,2025,64,59,123,43.77224199288256,29,28,57,19.453924914675767,9,6,15,5.1194539249146755,81,88,169,57.67918088737202,77,82,159,54.26621160409556,99,92,191,65.18771331058021,84,98,182,62.116040955631405,78,80,158,53.92491467576792,85,92,177,60.40955631399317,89,93,182,62.116040955631405,57,66,123,41.979522184300336,38,44,82,27.986348122866893,45,46,91,31.058020477815703,42,62,104,35.49488054607509,95,109,204,69.6245733788396,96,92,188,64.16382252559727,90,91,181,61.774744027303754,10,9,19,15.833333333333332,0701229000,4th
Loon,2025,153,117,270,39.647577092511014,96,61,157,21.506849315068493,97,56,153,20.958904109589042,229,168,397,54.38356164383562,239,189,428,58.63013698630137,239,201,440,60.273972602739725,239,180,419,57.397260273972606,234,181,415,56.849315068493155,227,193,420,57.534246575342465,224,191,415,56.849315068493155,253,195,448,61.369863013698634,232,166,398,54.52054794520548,193,148,341,46.71232876712329,170,153,323,44.24657534246575,252,197,449,61.50684931506849,236,174,410,56.16438356164384,226,167,393,53.83561643835616,15,11,26,8.934707903780069,0701230000,2nd
Mabini,2025,106,77,183,32.913669064748206,118,86,204,33.94342762063228,87,62,149,24.792013311148086,195,146,341,56.738768718802,225,154,379,63.061564059900164,251,182,433,72.04658901830283,217,147,364,60.56572379367721,213,152,365,60.732113144758735,241,177,418,69.55074875207987,243,177,420,69.88352745424294,214,150,364,60.56572379367721,180,129,309,51.41430948419301,152,113,265,44.09317803660566,171,130,301,50.08319467554077,231,158,389,64.72545757071548,197,132,329,54.742096505823625,197,129,326,54.333333333333336,15,22,37,13.454545454545455,0701231000,4th
Maribojoc,2025,109,92,201,59.11764705882353,41,29,70,18.766756032171582,30,26,56,15.013404825737265,121,78,199,53.35120643431635,140,89,229,61.3941018766756,140,93,233,62.466487935656836,133,88,221,59.24932975871313,139,87,226,60.58981233243968,138,85,223,59.78552278820375,136,85,221,59.24932975871313,112,91,203,54.42359249329759,125,82,207,55.49597855227882,99,66,165,44.23592493297587,99,59,158,42.35924932975871,114,92,206,55.22788203753352,110,99,209,56.03217158176944,108,95,203,54.42359249329759,0,0,0,0.0,0701232000,4th
Panglao,2025,235,241,476,57.557436517533255,130,141,271,30.11111111111111,53,43,96,10.666666666666668,284,263,547,60.77777777777777,307,279,586,65.11111111111111,322,308,630,70.0,296,277,573,63.66666666666667,303,272,575,63.888888888888886,286,270,556,61.77777777777778,286,267,553,61.44444444444444,242,259,501,55.666666666666664,210,205,415,46.111111111111114,226,232,458,50.888888888888886,283,256,539,59.88888888888889,311,299,610,67.77777777777779,265,243,508,56.44444444444444,251,245,496,55.85585585585585,50,48,98,20.040899795501023,0701233000,4th
Pilar,2025,169,147,316,56.732495511669654,91,95,186,30.491803278688522,78,69,147,24.098360655737704,161,154,315,51.63934426229508,189,161,350,57.377049180327866,207,182,389,63.77049180327868,171,156,327,53.60655737704918,182,145,327,53.60655737704918,185,151,336,55.08196721311476,175,159,334,54.75409836065573,163,136,299,49.01639344262295,181,160,341,55.9016393442623,189,166,355,58.19672131147541,174,135,309,50.65573770491804,179,161,340,55.73770491803278,140,133,273,44.75409836065574,145,131,276,46.07679465776294,35,29,64,21.843003412969285,0701234000,4th
President Carlos P. Garcia,2025,75,80,155,30.57199211045365,90,87,177,31.949458483754512,84,83,167,30.144404332129966,156,130,286,51.624548736462096,171,147,318,57.400722021660656,182,142,324,58.48375451263538,161,136,297,53.61010830324909,157,146,303,54.69314079422383,164,133,297,53.61010830324909,162,139,301,54.332129963898915,124,92,216,38.98916967509025,154,126,280,50.54151624548736,150,113,263,47.47292418772563,131,106,237,42.7797833935018,151,116,267,48.194945848375454,128,106,234,42.238267148014444,130,101,231,42.463235294117645,28,9,37,13.653136531365314,0701235000,4th
Sagbayan,2025,155,143,298,57.640232108317214,68,57,125,22.48201438848921,16,12,28,5.0359712230215825,146,137,283,50.89928057553957,174,161,335,60.251798561151084,192,176,368,66.18705035971223,157,161,318,57.194244604316545,165,161,326,58.63309352517986,171,166,337,60.61151079136691,168,165,333,59.89208633093526,158,143,301,54.13669064748201,139,132,271,48.74100719424461,147,127,274,49.280575539568346,143,120,263,47.302158273381295,164,143,307,55.2158273381295,116,106,222,39.92805755395683,120,111,231,41.92377495462795,30,38,68,21.72523961661342,0701236000,4th
San Isidro,2025,40,44,84,50.602409638554214,14,21,35,19.230769230769234,8,12,20,10.989010989010989,51,44,95,52.197802197802204,61,52,113,62.08791208791209,66,51,117,64.28571428571429,56,49,105,57.692307692307686,60,52,112,61.53846153846154,64,52,116,63.73626373626373,60,49,109,59.89010989010989,53,52,105,57.692307692307686,52,43,95,52.197802197802204,63,52,115,63.18681318681318,63,43,106,58.24175824175825,65,52,117,64.28571428571429,54,48,102,56.043956043956044,52,50,102,56.043956043956044,5,2,7,7.608695652173914,0701237000,5th*
San Miguel,2025,126,128,254,45.43828264758497,98,120,218,35.85526315789473,98,113,211,34.70394736842105,165,186,351,57.73026315789473,197,221,418,68.75,213,237,450,74.01315789473685,175,190,365,60.0328947368421,177,202,379,62.335526315789465,188,205,393,64.63815789473685,190,212,402,66.11842105263158,142,159,301,49.506578947368425,146,143,289,47.53289473684211,126,130,256,42.10526315789473,131,124,255,41.94078947368421,167,178,345,56.74342105263158,114,116,230,37.82894736842105,106,117,223,36.920529801324506,65,60,125,37.202380952380956,0701238000,4th
Sevilla,2025,48,43,91,52.90697674418605,42,41,83,43.684210526315795,41,36,77,40.526315789473685,45,48,93,48.94736842105264,48,61,109,57.36842105263158,51,63,114,60.0,49,58,107,56.315789473684205,47,59,106,55.78947368421052,50,57,107,56.315789473684205,53,56,109,57.36842105263158,37,63,100,52.63157894736842,48,59,107,56.315789473684205,48,62,110,57.89473684210527,46,58,104,54.736842105263165,41,62,103,54.21052631578947,41,68,109,57.36842105263158,39,67,106,55.78947368421052,1,0,1,1.1235955056179776,0701239000,5th
Sierra Bullones,2025,134,101,235,45.542635658914726,69,74,143,25.673249551166965,54,54,108,19.389587073608617,150,127,277,49.730700179533216,153,145,298,53.50089766606823,158,159,317,56.91202872531418,154,133,287,51.526032315978455,152,145,297,53.3213644524237,153,150,303,54.39856373429084,151,152,303,54.39856373429084,150,149,299,53.680430879712745,151,128,279,50.08976660682226,145,147,292,52.42369838420108,137,140,277,49.730700179533216,149,156,305,54.7576301615799,147,153,300,53.85996409335727,148,149,297,54.09836065573771,13,15,28,11.067193675889328,0701240000,3rd
Sikatuna,2025,5,16,21,26.582278481012654,11,17,28,33.33333333333333,10,11,21,25.0,28,43,71,84.52380952380952,32,42,74,88.09523809523809,38,38,76,90.47619047619048,31,49,80,95.23809523809523,32,40,72,85.71428571428571,39,38,77,91.66666666666666,39,37,76,90.47619047619048,48,26,74,88.09523809523809,29,35,64,76.19047619047619,28,26,54,64.28571428571429,26,17,43,51.19047619047619,45,27,72,85.71428571428571,40,21,61,72.61904761904762,40,21,61,72.61904761904762,0,0,0,0.0,0701241000,5th
City of Tagbilaran ,2025,562,510,1072,61.60919540229885,2024,1817,3841,204.3085106382979,2212,2035,4247,225.90425531914894,711,663,1374,73.08510638297872,752,677,1429,76.01063829787233,808,740,1548,82.34042553191489,790,722,1512,80.42553191489363,751,692,1443,76.75531914893618,781,705,1486,79.04255319148936,774,709,1483,78.88297872340425,743,688,1431,76.11702127659574,593,500,1093,58.13829787234043,569,523,1092,58.08510638297872,585,536,1121,59.62765957446808,744,711,1455,77.3936170212766,758,778,1536,81.70212765957446,754,781,1535,82.04168893639765,10,8,18,5.538461538461538,0701242000,3rd
Talibon,2025,418,372,790,48.73534855027761,551,460,1011,57.63968072976054,482,433,915,52.166476624857474,634,536,1170,66.70467502850627,665,596,1261,71.89281641961232,742,630,1372,78.22120866590649,559,460,1019,58.09578107183581,556,485,1041,59.350057012542756,563,476,1039,59.236031927023944,545,473,1018,58.0387685290764,505,440,945,53.87685290763968,497,445,942,53.70581527936146,518,458,976,55.644241733181296,460,428,888,50.62713797035347,554,498,1052,59.97719498289624,506,425,931,53.07867730900798,493,432,925,53.13038483630098,64,73,137,18.639455782312925,0701243000,1st
Trinidad,2025,182,184,366,48.73501997336884,148,134,282,34.60122699386503,79,78,157,19.263803680981596,255,225,480,58.895705521472394,272,236,508,62.33128834355828,275,263,538,66.0122699386503,248,222,470,57.668711656441715,244,222,466,57.17791411042945,245,240,485,59.50920245398773,235,243,478,58.65030674846625,202,196,398,48.83435582822086,216,191,407,49.938650306748464,200,198,398,48.83435582822086,189,171,360,44.171779141104295,223,202,425,52.14723926380368,213,188,401,49.20245398773006,200,183,383,47.400990099009896,13,10,23,5.693069306930694,0701244000,3rd
Tubigon,2025,245,250,495,59.42376950780313,148,180,328,35.96491228070175,178,221,399,43.75,263,269,532,58.333333333333336,279,278,557,61.074561403508774,290,296,586,64.25438596491229,270,284,554,60.74561403508771,282,279,561,61.51315789473685,281,287,568,62.28070175438597,285,300,585,64.14473684210526,271,301,572,62.71929824561403,263,281,544,59.64912280701754,267,282,549,60.19736842105263,248,279,527,57.78508771929825,272,315,587,64.3640350877193,270,320,590,64.69298245614034,261,291,552,60.726072607260726,5,5,10,3.6231884057971016,0701245000,1st
Ubay,2025,521,554,1075,52.69607843137255,1377,1312,2689,122.44990892531875,1508,1314,2822,128.5063752276867,711,676,1387,63.16029143897997,684,628,1312,59.74499089253188,729,674,1403,63.888888888888886,626,579,1205,54.87249544626594,653,609,1262,57.46812386156649,640,586,1226,55.82877959927141,629,578,1207,54.96357012750456,538,473,1011,46.03825136612022,544,515,1059,48.224043715846996,512,457,969,44.12568306010929,431,393,824,37.52276867030965,600,536,1136,51.73041894353369,482,418,900,40.98360655737705,458,402,860,39.77798334875116,168,147,315,22.13633169360506,0701246000,1st
Valencia,2025,75,73,148,34.4988344988345,47,46,93,19.871794871794872,30,34,64,13.675213675213676,120,108,228,48.717948717948715,146,120,266,56.837606837606835,128,125,253,54.059829059829056,137,115,252,53.84615384615385,145,119,264,56.41025641025641,128,123,251,53.63247863247863,130,125,255,54.48717948717948,123,131,254,54.27350427350427,129,117,246,52.56410256410257,141,126,267,57.05128205128205,98,108,206,44.01709401709402,125,131,256,54.700854700854705,104,95,199,42.52136752136752,101,98,199,42.52136752136752,18,18,36,15.254237288135593,0701247000,4th
Bien Unido,2025,144,131,275,51.11524163568774,92,90,182,30.952380952380953,86,76,162,27.55102040816326,162,143,305,51.87074829931972,187,159,346,58.843537414965986,186,176,362,61.564625850340136,172,148,320,54.421768707483,184,159,343,58.333333333333336,180,170,350,59.523809523809526,196,171,367,62.414965986394556,162,174,336,57.14285714285714,147,145,292,49.65986394557823,122,124,246,41.83673469387755,135,133,268,45.57823129251701,182,174,356,60.544217687074834,155,151,306,52.04081632653062,161,150,311,53.71329879101899,12,11,23,8.550185873605948,0701248000,4th
Cebu,2025,19178,18187,37365,50.713917315888054,19703,18435,38138,47.66594593243429,16488,15586,32074,40.086988039144615,23700,22069,45769,57.20338453462649,25473,23778,49251,61.55528614815463,27655,25907,53562,66.94329529689668,24029,22289,46318,57.88954018822412,24054,22537,46591,58.23074327279999,24141,22627,46768,58.45196285510742,24197,22526,46723,58.395720588419096,22458,21077,43535,54.41126845058805,24826,23038,47864,59.82177450600542,25830,24175,50005,62.49765657222132,24682,23287,47969,59.95300646161152,24182,22704,46886,58.599442576645714,23028,21861,44889,56.10353576383247,22819,21675,44494,56.224016578844285,2211,2021,4232,13.333333333333334,0702200000,1st
Alcantara,2025,96,81,177,46.21409921671018,86,74,160,38.7409200968523,55,58,113,27.36077481840194,124,117,241,58.35351089588377,116,112,228,55.205811138014525,116,116,232,56.17433414043583,127,125,252,61.016949152542374,117,108,225,54.47941888619855,108,105,213,51.57384987893463,115,110,225,54.47941888619855,87,63,150,36.31961259079903,129,128,257,62.227602905569015,121,116,237,57.384987893462466,101,99,200,48.426150121065376,107,101,208,50.363196125908,74,64,138,33.41404358353511,73,63,136,33.497536945812804,18,20,38,16.52173913043478,0702201000,5th
Alcoy,2025,117,142,259,70.95890410958904,50,56,106,26.5,36,30,66,16.5,133,136,269,67.25,137,143,280,70.0,153,152,305,76.25,137,134,271,67.75,132,138,270,67.5,134,122,256,64.0,133,122,255,63.74999999999999,132,117,249,62.25000000000001,137,138,275,68.75,145,142,287,71.75,133,137,270,67.5,135,129,264,66.0,118,95,213,53.25,114,94,208,53.06122448979592,21,24,45,25.71428571428571,0702202000,5th
Alegria,2025,132,95,227,41.57509157509158,98,75,173,29.322033898305083,66,56,122,20.677966101694913,164,129,293,49.66101694915254,167,129,296,50.16949152542372,172,149,321,54.40677966101695,168,121,289,48.983050847457626,165,127,292,49.49152542372882,163,141,304,51.52542372881356,161,149,310,52.54237288135594,165,143,308,52.20338983050847,167,125,292,49.49152542372882,163,124,287,48.644067796610166,156,133,289,48.983050847457626,173,152,325,55.08474576271186,178,160,338,57.28813559322033,176,155,331,56.678082191780824,0,1,1,0.4048582995951417,0702203000,4th
Aloguinsan,2025,259,254,513,67.85714285714286,82,72,154,18.59903381642512,61,61,122,14.734299516908212,228,206,434,52.41545893719807,244,217,461,55.67632850241546,273,251,524,63.28502415458937,235,207,442,53.3816425120773,238,210,448,54.106280193236714,240,219,459,55.434782608695656,236,213,449,54.227053140096615,236,224,460,55.55555555555556,236,206,442,53.3816425120773,239,214,453,54.710144927536234,241,223,464,56.038647342995176,241,230,471,56.88405797101449,223,215,438,52.89855072463768,223,215,438,53.349573690621185,31,30,61,21.70818505338078,0702204000,4th
Argao,2025,430,394,824,54.750830564784046,222,234,456,27.82184258694326,160,162,322,19.646125686394143,455,435,890,54.30140329469189,515,497,1012,61.74496644295302,605,558,1163,70.95790115924345,487,461,948,57.84014643075046,482,463,945,57.657107992678455,492,465,957,58.38926174496645,499,457,956,58.32824893227577,472,484,956,58.32824893227577,483,453,936,57.10799267846248,490,474,964,58.816351433801096,475,454,929,56.680902989627825,473,491,964,58.816351433801096,423,399,822,50.15253203172666,423,399,822,50.42944785276073,91,83,174,22.745098039215687,0702205000,1st
Asturias,2025,227,197,424,34.58401305057096,156,158,314,23.485415108451758,90,86,176,13.163799551234106,375,364,739,55.27299925205684,426,377,803,60.0598354525056,459,438,897,67.09050112191474,386,366,752,56.245325355273,397,354,751,56.17053103964099,408,381,789,59.012715033657436,368,362,730,54.599850411368735,319,320,639,47.793567688855646,420,379,799,59.76065818997757,431,402,833,62.30366492146597,421,412,833,62.30366492146597,383,389,772,57.74121166791324,357,365,722,54.00149588631265,352,349,701,52.90566037735849,30,13,43,7.570422535211267,0702206000,3rd
Badian,2025,255,209,464,46.916076845298285,161,175,336,31.16883116883117,175,198,373,34.601113172541744,282,301,583,54.08163265306123,313,314,627,58.16326530612245,351,349,700,64.93506493506493,295,284,579,53.71057513914656,292,305,597,55.38033395176253,290,300,590,54.73098330241187,298,298,596,55.287569573283854,284,299,583,54.08163265306123,290,282,572,53.06122448979592,295,312,607,56.30797773654916,291,279,570,52.875695732838594,292,303,595,55.1948051948052,305,319,624,57.88497217068645,304,319,623,58.44277673545967,0,0,0,0.0,0702207000,3rd
Balamban,2025,611,614,1225,58.44465648854962,1430,1320,2750,120.56115738711091,1322,1278,2600,113.98509425690486,783,769,1552,68.0403331871986,760,696,1456,63.83165278386672,864,755,1619,70.9776413853573,700,691,1391,60.98202542744411,701,662,1363,59.75449364313897,710,641,1351,59.228408592722495,709,648,1357,59.49145111793073,691,652,1343,58.877685225778166,707,674,1381,60.5436212187637,730,693,1423,62.384918895221396,712,656,1368,59.97369574747917,713,662,1375,60.280578693555455,664,637,1301,57.03638754932048,651,630,1281,56.807095343680714,85,66,151,14.847590953785645,0702208000,1st
Bantayan,2025,431,407,838,51.66461159062885,327,317,644,36.3021420518602,343,342,685,38.61330326944758,459,458,917,51.69109357384441,499,504,1003,56.53889515219842,511,508,1019,57.44081172491544,500,495,995,56.08793686583991,504,490,994,56.0315670800451,496,509,1005,56.65163472378805,501,499,1000,56.36978579481398,478,470,948,53.43855693348365,521,497,1018,57.384441939120634,556,548,1104,62.232243517474636,497,515,1012,57.04622322435174,494,474,968,54.56595264937994,482,466,948,53.43855693348365,482,466,948,53.92491467576792,16,15,31,4.492753623188406,0702209000,1st
Barili,2025,392,370,762,43.09954751131222,287,319,606,31.529656607700314,310,367,677,35.22372528616025,512,528,1040,54.11030176899063,570,573,1143,59.469302809573364,637,625,1262,65.66077003121748,537,507,1044,54.31841831425598,530,545,1075,55.93132154006244,514,508,1022,53.17377731529657,556,544,1100,57.232049947970864,567,550,1117,58.1165452653486,554,564,1118,58.16857440166493,567,593,1160,60.3537981269511,579,560,1139,59.26118626430801,607,579,1186,61.706555671175856,507,485,992,51.61290322580645,507,484,991,51.93920335429769,95,83,178,16.6044776119403,0702210000,2nd
City of Bogo,2025,373,361,734,35.56201550387597,1929,1808,3737,167.57847533632287,2165,1961,4126,185.02242152466368,839,709,1548,69.4170403587444,773,698,1471,65.96412556053811,839,765,1604,71.92825112107624,738,644,1382,61.973094170403584,729,661,1390,62.33183856502242,739,675,1414,63.408071748878925,784,716,1500,67.2645739910314,715,672,1387,62.19730941704036,838,733,1571,70.44843049327353,957,871,1828,81.97309417040358,892,821,1713,76.81614349775785,759,707,1466,65.73991031390135,728,662,1390,62.33183856502242,728,662,1390,62.83905967450272,52,51,103,11.356119073869902,0702211000,6th
Boljoon,2025,48,36,84,30.434782608695656,37,31,68,22.36842105263158,33,25,58,19.078947368421055,92,82,174,57.23684210526315,102,102,204,67.10526315789474,104,109,213,70.06578947368422,101,90,191,62.82894736842105,103,99,202,66.44736842105263,101,99,200,65.78947368421053,100,91,191,62.82894736842105,95,100,195,64.14473684210526,102,86,188,61.8421052631579,106,99,205,67.43421052631578,92,98,190,62.5,93,93,186,61.18421052631579,98,94,192,63.1578947368421,98,94,192,63.1578947368421,1,4,5,5.05050505050505,0702212000,5th
Borbon,2025,23,20,43,4.914285714285714,136,148,284,30.052910052910054,27,16,43,4.550264550264551,268,260,528,55.87301587301587,307,275,582,61.58730158730159,342,295,637,67.4074074074074,283,279,562,59.470899470899475,299,271,570,60.317460317460316,309,265,574,60.74074074074074,306,268,574,60.74074074074074,329,259,588,62.22222222222222,335,318,653,69.1005291005291,344,296,640,67.72486772486772,336,285,621,65.71428571428571,332,254,586,62.01058201058201,318,258,576,60.952380952380956,317,258,575,61.30063965884861,2,0,2,1.3793103448275863,0702213000,4th*
City of Carcar,2025,851,800,1651,50.784374038757306,2364,2213,4577,129.69679795976197,2275,2146,4421,125.27628223292717,1189,1100,2289,64.86256729951828,1163,1064,2227,63.105695664494185,1312,1211,2523,71.49334088977048,1078,975,2053,58.17512043071692,1075,980,2055,58.23179370926608,1078,1027,2105,59.64862567299518,1079,973,2052,58.14678379144234,921,890,1811,51.31765372626806,1123,1019,2142,60.69708132615472,1214,1117,2331,66.05270614905072,1103,1105,2208,62.56729951827713,1069,1023,2092,59.28024936242562,890,923,1813,51.37432700481723,888,920,1808,51.894374282433986,129,127,256,16.516129032258064,0702214000,5th
Carmen,2025,416,416,832,60.509090909090915,159,152,311,20.914593140551446,79,70,149,10.020174848688635,409,409,818,55.01008742434432,467,458,925,62.205783456624076,547,498,1045,70.27572293207801,430,419,849,57.09482178883658,437,427,864,58.10356422326832,449,406,855,57.49831876260928,453,408,861,57.90181573638198,455,401,856,57.565568258238066,428,421,849,57.09482178883658,446,437,883,59.38130464021519,444,385,829,55.74983187626093,453,400,853,57.36381977135171,397,314,711,47.81439139206456,394,310,704,47.79361846571623,54,77,131,22.703639514731368,0702215000,3rd
Catmon,2025,221,194,415,57.558945908460466,70,46,116,15.006468305304011,23,14,37,4.786545924967658,193,167,360,46.57179818887451,224,200,424,54.85122897800776,219,208,427,55.23932729624838,220,197,417,53.94566623544631,203,199,402,52.00517464424321,221,200,421,54.463130659767145,227,206,433,56.01552393272963,209,199,408,52.78137128072446,221,192,413,53.42820181112549,234,220,454,58.73221216041398,221,226,447,57.82664941785253,212,220,432,55.886157826649416,228,222,450,58.214747736093145,214,209,423,55.14993481095176,14,13,27,7.458563535911603,0702216000,4th
Compostela,2025,525,488,1013,79.45098039215686,227,215,442,32.00579290369298,171,172,343,24.837074583635047,524,451,975,70.60101375814627,573,529,1102,79.79724837074583,679,593,1272,92.10716871832005,530,478,1008,72.99058653149892,532,483,1015,73.49746560463433,553,491,1044,75.59739319333816,572,504,1076,77.9145546705286,589,516,1105,80.01448225923244,522,467,989,71.61477190441708,561,503,1064,77.04561911658219,570,486,1056,76.46632874728458,613,523,1136,82.25923244026067,641,563,1204,87.18320057929037,641,560,1201,87.98534798534799,43,38,81,137.28813559322032,0702218000,3rd
Consolacion,2025,1131,1143,2274,63.57282639083031,459,395,854,22.10144927536232,483,430,913,23.628364389233955,962,958,1920,49.68944099378882,1046,1058,2104,54.45134575569358,1145,1119,2264,58.59213250517599,1103,1116,2219,57.427536231884055,1101,1093,2194,56.78053830227743,1135,1095,2230,57.71221532091098,1148,1117,2265,58.618012422360245,1066,1023,2089,54.063146997929614,1120,1130,2250,58.22981366459628,1178,1172,2350,60.81780538302277,1251,1215,2466,63.81987577639752,1108,1046,2154,55.74534161490683,1053,968,2021,52.30331262939959,1040,958,1998,52.46848739495798,144,137,281,14.499484004127966,0702219000,1st
Cordova,2025,238,218,456,26.635514018691588,216,185,401,21.652267818574515,141,136,277,14.956803455723541,519,511,1030,55.61555075593952,633,610,1243,67.11663066954644,701,686,1387,74.89200863930886,545,517,1062,57.34341252699784,558,533,1091,58.909287257019436,551,548,1099,59.34125269978402,558,531,1089,58.8012958963283,516,488,1004,54.21166306695464,572,571,1143,61.717062634989205,602,577,1179,63.66090712742981,555,533,1088,58.747300215982726,544,514,1058,57.12742980561555,553,529,1082,58.42332613390929,555,532,1087,59.39890710382514,5,4,9,1.4851485148514851,0702220000,3rd
Daanbantayan,2025,514,492,1006,52.31409256370255,409,408,817,39.034878165312946,354,371,725,34.63927376970855,672,633,1305,62.350692785475395,695,698,1393,66.5551839464883,748,757,1505,71.90635451505017,674,618,1292,61.72957477305303,696,663,1359,64.93072145246059,664,658,1322,63.16292403248925,678,649,1327,63.40181557572861,634,641,1275,60.91734352603918,693,641,1334,63.73626373626373,729,725,1454,69.4696607740086,717,712,1429,68.27520305781175,683,674,1357,64.83516483516483,694,737,1431,68.37075967510751,694,736,1430,68.88246628131022,12,20,32,5.0,0702221000,1st
Dalaguete,2025,374,303,677,49.200581395348834,229,195,424,28.116710875331563,177,160,337,22.347480106100797,473,405,878,58.22281167108754,492,439,931,61.73740053050398,536,482,1018,67.50663129973475,479,401,880,58.355437665782496,474,399,873,57.89124668435013,467,404,871,57.758620689655174,463,394,857,56.83023872679045,445,406,851,56.43236074270557,473,405,878,58.22281167108754,480,393,873,57.89124668435013,450,384,834,55.30503978779841,460,418,878,58.22281167108754,380,386,766,50.795755968169765,373,376,749,50.16744809109176,62,55,117,16.690442225392296,0702222000,1st
Danao City,2025,1056,1057,2113,56.25665601703941,1838,1809,3647,89.82758620689654,1896,1848,3744,92.21674876847291,1179,1175,2354,57.98029556650246,1196,1176,2372,58.423645320197046,1291,1275,2566,63.20197044334975,1109,1117,2226,54.82758620689655,1137,1119,2256,55.56650246305419,1149,1148,2297,56.576354679802954,1151,1141,2292,56.453201970443345,1158,1098,2256,55.56650246305419,1163,1165,2328,57.33990147783251,1257,1242,2499,61.55172413793103,1184,1217,2401,59.13793103448276,1210,1152,2362,58.17733990147783,1126,1057,2183,53.76847290640394,1125,1055,2180,54.404791614674316,92,90,182,11.848958333333332,0702223000,3rd
Dumanjug,2025,281,219,500,39.55696202531646,148,126,274,19.855072463768117,143,127,270,19.565217391304348,370,335,705,51.08695652173913,399,373,772,55.94202898550724,430,414,844,61.15942028985507,402,345,747,54.130434782608695,385,360,745,53.985507246376805,366,357,723,52.391304347826086,372,353,725,52.53623188405797,395,332,727,52.68115942028986,398,343,741,53.69565217391305,403,363,766,55.507246376811594,376,342,718,52.028985507246375,402,343,745,53.985507246376805,321,271,592,42.89855072463768,319,272,591,43.328445747800586,62,62,124,17.86743515850144,0702224000,3rd
Ginatilan,2025,61,66,127,43.944636678200695,40,43,83,26.265822784810126,30,27,57,18.037974683544302,81,70,151,47.78481012658228,82,84,166,52.53164556962025,89,99,188,59.49367088607595,85,80,165,52.21518987341772,77,80,157,49.68354430379747,80,93,173,54.74683544303798,78,89,167,52.84810126582279,59,65,124,39.24050632911392,88,83,171,54.11392405063291,87,82,169,53.48101265822785,69,90,159,50.31645569620253,66,81,147,46.51898734177215,44,47,91,28.79746835443038,44,47,91,28.79746835443038,40,37,77,36.15023474178404,0702225000,5th
Liloan,2025,950,869,1819,56.96836830566865,273,277,550,15.813686026451984,193,197,390,11.213341000575044,1051,995,2046,58.82691201840138,1251,1175,2426,69.75273145485912,1306,1280,2586,74.35307648073606,1036,968,2004,57.61932144910868,1024,983,2007,57.70557791834388,1019,1017,2036,58.53939045428407,1017,1003,2020,58.07935595169638,1037,962,1999,57.47556066705003,1051,993,2044,58.76940770557791,1131,1056,2187,62.880966072455436,1066,1024,2090,60.09200690051754,1043,982,2025,58.223116733755035,936,904,1840,52.90396779758482,895,883,1778,51.6860465116279,170,116,286,16.240772288472456,0702227000,1st
Madridejos,2025,285,264,549,68.625,218,201,419,47.50566893424036,116,105,221,25.056689342403626,288,288,576,65.3061224489796,341,295,636,72.10884353741497,349,315,664,75.28344671201815,322,297,619,70.18140589569161,331,283,614,69.61451247165533,323,285,608,68.93424036281179,324,287,611,69.27437641723357,297,258,555,62.925170068027214,320,306,626,70.97505668934241,349,299,648,73.46938775510205,330,303,633,71.7687074829932,299,260,559,63.378684807256235,219,222,441,50.0,219,222,441,50.45766590389016,58,45,103,24.407582938388625,0702228000,4th
Malabuyoc,2025,170,166,336,97.10982658959537,90,87,177,45.854922279792746,73,80,153,39.637305699481864,141,129,270,69.94818652849742,163,129,292,75.64766839378238,185,152,337,87.30569948186529,145,139,284,73.57512953367875,158,126,284,73.57512953367875,169,140,309,80.05181347150258,170,140,310,80.31088082901555,165,129,294,76.16580310880829,145,138,283,73.31606217616581,161,126,287,74.35233160621762,156,127,283,73.31606217616581,163,127,290,75.12953367875647,157,122,279,72.279792746114,156,118,274,71.91601049868767,5,8,13,11.11111111111111,0702229000,5th
Medellin,2025,440,418,858,60.851063829787236,107,107,214,14.041994750656167,101,71,172,11.286089238845145,435,413,848,55.643044619422575,466,436,902,59.186351706036746,529,496,1025,67.25721784776903,453,430,883,57.939632545931765,442,431,873,57.28346456692913,459,422,881,57.808398950131235,484,431,915,60.03937007874016,461,402,863,56.62729658792651,560,502,1062,69.68503937007874,520,482,1002,65.74803149606299,472,432,904,59.31758530183727,460,412,872,57.21784776902887,473,422,895,58.72703412073491,473,422,895,59.50797872340425,6,4,10,1.5847860538827259,0702231000,2nd
Minglanilla,2025,1170,1128,2298,74.0096618357488,790,753,1543,45.78635014836795,601,541,1142,33.88724035608309,1224,1134,2358,69.97032640949556,1313,1184,2497,74.09495548961425,1371,1302,2673,79.31750741839762,1282,1129,2411,71.54302670623144,1257,1158,2415,71.66172106824926,1287,1256,2543,75.45994065281899,1300,1268,2568,76.20178041543026,1219,1203,2422,71.86943620178042,1271,1151,2422,71.86943620178042,1296,1199,2495,74.03560830860533,1298,1272,2570,76.26112759643917,1271,1280,2551,75.6973293768546,1558,1572,3130,92.87833827893175,1559,1573,3132,93.91304347826087,3,1,4,1.3745704467353952,0702232000,1st
Moalboal,2025,155,149,304,36.93803159173755,115,101,216,24.161073825503358,75,71,146,16.331096196868007,224,194,418,46.75615212527964,246,230,476,53.24384787472036,258,233,491,54.92170022371364,238,225,463,51.78970917225951,243,217,460,51.45413870246085,250,217,467,52.23713646532438,241,202,443,49.55257270693512,212,220,432,48.322147651006716,270,253,523,58.501118568232656,267,252,519,58.053691275167786,248,218,466,52.12527964205817,231,225,456,51.006711409395976,191,181,372,41.61073825503356,191,181,372,41.84476940382452,26,27,53,10.905349794238683,0702233000,4th
City of Naga,2025,1072,1011,2083,62.81664656212303,680,595,1275,35.574776785714285,593,525,1118,31.19419642857143,1154,977,2131,59.45870535714286,1291,1093,2384,66.51785714285714,1383,1222,2605,72.68415178571429,1201,1031,2232,62.27678571428571,1187,1003,2190,61.10491071428571,1174,1004,2178,60.77008928571429,1141,975,2116,59.04017857142857,1000,902,1902,53.06919642857143,1187,1023,2210,61.66294642857143,1233,1060,2293,63.97879464285714,1141,1005,2146,59.87723214285714,1037,973,2010,56.08258928571429,1029,969,1998,55.74776785714286,1019,950,1969,55.747451868629675,121,92,213,12.724014336917563,0702234000,5th
Oslob,2025,93,97,190,32.42320819112628,73,75,148,23.125,51,74,125,19.53125,149,136,285,44.53125,165,169,334,52.1875,178,168,346,54.0625,151,148,299,46.71875,164,170,334,52.1875,165,151,316,49.375,189,159,348,54.37499999999999,155,144,299,46.71875,150,153,303,47.34375,174,180,354,55.3125,176,170,346,54.0625,155,143,298,46.5625,152,156,308,48.125,147,151,298,46.781789638932494,9,4,13,3.951367781155015,0702235000,4th
Pilar,2025,22,33,55,30.05464480874317,25,45,70,35.35353535353536,18,27,45,22.727272727272727,48,59,107,54.04040404040404,54,67,121,61.111111111111114,63,68,131,66.16161616161617,41,50,91,45.95959595959596,42,49,91,45.95959595959596,43,49,92,46.464646464646464,60,64,124,62.62626262626263,48,46,94,47.474747474747474,50,60,110,55.55555555555556,54,64,118,59.59595959595959,51,56,107,54.04040404040404,57,57,114,57.57575757575758,49,34,83,41.91919191919192,49,34,83,41.91919191919192,12,14,26,23.423423423423422,0702236000,5th
Pinamungajan,2025,418,404,822,48.38140082401413,253,245,498,27.02116115029843,125,85,210,11.394465545306566,528,517,1045,56.70103092783505,608,565,1173,63.6462289744981,671,622,1293,70.15735214324471,570,554,1124,60.9875203472599,578,548,1126,61.09603906673902,581,548,1129,61.25881714595768,615,576,1191,64.6228974498101,572,551,1123,60.93326098752034,591,572,1163,63.10363537710255,595,577,1172,63.59196961475855,565,539,1104,59.9023331524688,584,555,1139,61.80141074335322,585,547,1132,61.42159522517634,583,546,1129,61.62663755458515,24,29,53,8.191653786707882,0702237000,2nd
Poro,2025,180,155,335,74.11504424778761,139,112,251,50.0998003992016,0,0,0,0.0,157,129,286,57.08582834331337,160,153,313,62.4750499001996,177,141,318,63.47305389221557,157,141,298,59.48103792415169,158,144,302,60.27944111776448,159,144,303,60.47904191616767,193,158,351,70.05988023952095,128,132,260,51.896207584830336,163,151,314,62.6746506986028,161,152,313,62.4750499001996,168,154,322,64.27145708582835,160,150,310,61.876247504990026,159,137,296,59.08183632734531,158,137,295,58.88223552894212,12,8,20,11.235955056179774,0702238000,4th
Ronda,2025,133,113,246,67.21311475409836,54,54,108,26.732673267326735,26,32,58,14.356435643564355,127,101,228,56.43564356435643,139,127,266,65.84158415841584,134,114,248,61.386138613861384,133,110,243,60.148514851485146,135,125,260,64.35643564356435,125,103,228,56.43564356435643,122,106,228,56.43564356435643,114,108,222,54.95049504950495,132,119,251,62.12871287128713,127,110,237,58.66336633663366,101,101,202,50.0,120,110,230,56.930693069306926,126,110,236,58.415841584158414,126,110,236,58.56079404466501,11,11,22,11.055276381909549,0702239000,5th*
Samboan,2025,71,60,131,34.38320209973753,52,39,91,21.927710843373493,22,33,55,13.253012048192772,85,73,158,38.0722891566265,112,81,193,46.50602409638554,131,93,224,53.975903614457835,91,74,165,39.75903614457831,103,78,181,43.6144578313253,112,78,190,45.78313253012048,120,78,198,47.71084337349398,119,90,209,50.36144578313253,89,73,162,39.036144578313255,101,78,179,43.132530120481924,105,78,183,44.096385542168676,123,91,214,51.566265060240966,90,91,181,43.6144578313253,91,88,179,43.132530120481924,38,17,55,21.153846153846153,0702240000,5th
San Fernando,2025,461,426,887,52.54739336492891,209,207,416,22.63329706202394,144,128,272,14.798694232861806,541,487,1028,55.930359085963,601,568,1169,63.60174102285092,696,625,1321,71.87159956474429,569,520,1089,59.24918389553863,557,518,1075,58.48748639825898,585,515,1100,59.847660500544066,554,487,1041,56.637649619151254,417,398,815,44.34167573449401,572,538,1110,60.39173014145811,598,553,1151,62.62241566920566,528,487,1015,55.223068552774755,527,506,1033,56.20239390642002,469,469,938,51.03373231773667,469,469,938,51.76600441501103,64,68,132,16.05839416058394,0702241000,2nd
San Francisco,2025,299,306,605,41.66666666666667,410,356,766,48.57324032974002,256,273,529,33.54470513633481,401,368,769,48.76347495244134,455,419,874,55.42168674698795,480,440,920,58.33861762840837,445,389,834,52.885225110970204,441,406,847,53.709575142675966,437,399,836,53.01204819277109,476,456,932,59.099556119213695,443,418,861,54.59733671528218,455,419,874,55.42168674698795,514,464,978,62.016487000634115,478,467,945,59.92390615091947,453,439,892,56.56309448319594,367,362,729,46.22701331642359,352,352,704,45.21515735388568,77,75,152,16.450216450216452,0702242000,3rd
San Remigio,2025,6,7,13,0.9870918754745633,120,102,222,15.611814345991561,30,38,68,4.781997187060478,441,372,813,57.17299578059072,494,431,925,65.0492264416315,556,491,1047,73.62869198312237,478,404,882,62.0253164556962,474,431,905,63.64275668073136,496,427,923,64.9085794655415,509,442,951,66.87763713080169,510,456,966,67.9324894514768,493,410,903,63.50210970464135,501,440,941,66.17440225035162,480,438,918,64.55696202531645,537,478,1015,71.37834036568213,556,481,1037,72.9254571026723,556,481,1037,74.07142857142858,4,2,6,1.7543859649122806,0702243000,3rd
Santa Fe,2025,198,215,413,53.63636363636364,184,193,377,45.04181600955795,88,120,208,24.850657108721624,248,246,494,59.02031063321386,282,259,541,64.63560334528077,286,267,553,66.06929510155317,257,250,507,60.57347670250897,258,253,511,61.05137395459976,259,243,502,59.976105137395464,271,255,526,62.84348864994026,241,219,460,54.95818399044205,298,288,586,70.01194743130227,278,283,561,67.02508960573476,264,247,511,61.05137395459976,260,239,499,59.61768219832736,231,199,430,51.37395459976105,231,198,429,51.68674698795181,34,32,66,17.5531914893617,0702244000,4th
Santander,2025,62,86,148,37.092731829573935,32,38,70,16.27906976744186,27,42,69,16.046511627906977,100,93,193,44.883720930232556,119,101,220,51.162790697674424,142,117,259,60.23255813953489,103,100,203,47.20930232558139,114,100,214,49.76744186046512,118,98,216,50.23255813953489,120,96,216,50.23255813953489,126,107,233,54.18604651162791,122,113,235,54.65116279069767,139,120,259,60.23255813953489,141,106,247,57.44186046511628,127,113,240,55.81395348837209,119,94,213,49.53488372093023,119,94,213,49.88290398126464,5,11,16,7.547169811320755,0702245000,4th
Sibonga,2025,320,316,636,56.08465608465608,161,135,296,23.890234059725586,127,113,240,19.37046004842615,351,323,674,54.398708635996776,396,350,746,60.20984665052461,462,378,840,67.79661016949152,375,356,731,58.999192897497984,378,342,720,58.111380145278446,404,337,741,59.80629539951574,408,349,757,61.097659402744156,443,381,824,66.5052461662631,398,369,767,61.904761904761905,403,360,763,61.5819209039548,411,365,776,62.631154156577885,441,384,825,66.58595641646488,431,390,821,66.2631154156578,428,390,818,66.721044045677,10,11,21,5.706521739130435,0702246000,3rd
Sogod,2025,238,215,453,50.89887640449439,97,91,188,19.542619542619544,173,164,337,35.03118503118503,229,201,430,44.6985446985447,262,235,497,51.66320166320166,302,263,565,58.731808731808734,250,222,472,49.064449064449065,241,224,465,48.33679833679834,254,230,484,50.311850311850314,251,230,481,50.0,264,215,479,49.79209979209979,285,251,536,55.71725571725572,298,289,587,61.018711018711016,289,257,546,56.75675675675676,281,223,504,52.390852390852395,290,243,533,55.4054054054054,287,241,528,55.05735140771637,1,2,3,0.6993006993006993,0702247000,4th*
Tabogon,2025,235,220,455,45.91321897073663,52,62,114,10.604651162790697,9,16,25,2.3255813953488373,214,214,428,39.81395348837209,273,248,521,48.46511627906977,286,290,576,53.58139534883721,237,234,471,43.81395348837209,253,241,494,45.95348837209302,253,233,486,45.2093023255814,246,227,473,44.0,207,202,409,38.04651162790697,241,238,479,44.55813953488372,264,247,511,47.53488372093023,241,226,467,43.44186046511628,260,244,504,46.883720930232556,193,201,394,36.651162790697676,193,199,392,36.63551401869159,58,42,100,16.863406408094438,0702248000,3rd
Tabuelan,2025,116,131,247,38.958990536277604,102,113,215,31.204644412191584,94,112,206,29.898403483309146,201,214,415,60.2322206095791,216,253,469,68.06966618287373,256,273,529,76.77793904208998,208,226,434,62.989840348330915,212,239,451,65.45718432510886,213,250,463,67.19883889695211,161,197,358,51.959361393323654,174,203,377,54.71698113207547,205,245,450,65.31204644412192,246,275,521,75.61683599419449,267,285,552,80.11611030478954,272,271,543,78.80986937590711,224,247,471,68.3599419448476,211,236,447,65.35087719298247,10,13,23,11.330049261083744,0702249000,4th
City of Talisay,2025,1579,1499,3078,54.788180847276614,3011,2649,5660,92.6198658157421,2667,2298,4965,81.24693176239568,2079,1883,3962,64.83390607101947,2022,1877,3899,63.80297823596792,2117,2018,4135,67.6648666339388,1927,1765,3692,60.41564392079856,1945,1833,3778,61.82294223531337,1888,1792,3680,60.219276714122074,1881,1794,3675,60.13745704467354,1766,1721,3487,57.061037473408604,1968,1758,3726,60.972017673048605,2013,1866,3879,63.47569955817378,1893,1797,3690,60.382916053019144,1904,1852,3756,61.462935689739815,1929,1918,3847,62.952053673703155,1883,1883,3766,62.34067207415991,173,175,348,34.489593657086225,0702250000,3rd
City of Toledo,2025,1098,1067,2165,39.456898122835796,1025,1006,2031,34.26113360323887,131,170,301,5.077597840755735,1511,1386,2897,48.869770580296894,1622,1547,3169,53.45816464237517,1641,1619,3260,54.99325236167342,1511,1420,2931,49.44331983805668,1491,1425,2916,49.19028340080971,1439,1385,2824,47.638326585695005,1387,1343,2730,46.05263157894737,1078,973,2051,34.59851551956815,1552,1433,2985,50.354251012145745,1507,1420,2927,49.375843454790825,1384,1269,2653,44.75371120107962,1303,1200,2503,42.223346828609984,1260,1133,2393,40.36774628879892,1260,1133,2393,41.01816935207405,127,124,251,8.173233474438293,0702251000,3rd
Tuburan,2025,317,234,551,38.423988842398884,234,195,429,27.412140575079874,131,127,258,16.48562300319489,431,388,819,52.332268370607025,458,407,865,55.27156549520767,509,449,958,61.21405750798722,443,398,841,53.73801916932908,438,388,826,52.77955271565495,445,392,837,53.48242811501598,367,320,687,43.89776357827476,221,207,428,27.3482428115016,486,421,907,57.9552715654952,500,456,956,61.08626198083067,495,449,944,60.319488817891376,436,398,834,53.29073482428115,390,382,772,49.329073482428115,389,383,772,50.162443144899285,39,31,70,11.74496644295302,0702252000,2nd
Tudela,2025,28,22,50,23.364485981308412,37,23,60,25.53191489361702,2,3,5,2.127659574468085,57,41,98,41.702127659574465,65,53,118,50.212765957446805,64,59,123,52.34042553191489,57,42,99,42.12765957446808,66,53,119,50.638297872340424,67,55,122,51.91489361702127,45,41,86,36.59574468085106,24,18,42,17.872340425531917,52,41,93,39.57446808510638,65,52,117,49.787234042553195,68,48,116,49.361702127659576,56,34,90,38.297872340425535,43,39,82,34.8936170212766,40,38,78,33.191489361702125,15,9,24,15.584415584415584,0702253000,5th
City of Cebu ,2025,5892,5589,11481,58.31767155991263,4228,3981,8209,38.35443629397748,3910,3628,7538,35.21936177171425,6654,6062,12716,59.41223193010325,6817,6386,13203,61.68761388590384,7314,6784,14098,65.86927066299117,6737,6251,12988,60.683081810961085,6560,6112,12672,59.20665327290566,6506,6088,12594,58.842218380600855,6497,6007,12504,58.4217165817876,6161,5809,11970,55.92673924216231,6796,6260,13056,61.000794281175544,6714,6214,12928,60.402747278418914,6302,5918,12220,57.09479979442135,6327,5930,12257,57.267672756155676,6193,5844,12037,56.23977947016774,6175,5822,11997,56.68856022303076,469,428,897,12.144597887896019,0730600000,1st
City of Lapu-Lapu,2025,3880,3853,7733,70.29360967184802,4293,3963,8256,69.24431770527552,2374,2190,4564,38.278956638429925,4516,4384,8900,74.64564287511533,4670,4450,9120,76.4908160697811,4989,4793,9782,82.0431099555481,4573,4486,9059,75.9791998658056,4569,4409,8978,75.29984064413318,4807,4583,9390,78.75534680868908,4735,4521,9256,77.63146859011994,4609,4423,9032,75.75274679191479,4659,4457,9116,76.45726746624172,4900,4715,9615,80.64245575777909,5168,4787,9955,83.49408705862619,4759,4594,9353,78.44502222594984,5315,5255,10570,88.6521848528055,5245,5183,10428,88.78671775223499,78,63,141,8.818011257035648,0731100000,1st
City of Mandaue,2025,3457,3309,6766,95.59197513421871,4266,3980,8246,107.6782449725777,3815,3404,7219,94.2674327500653,2689,2486,5175,67.5763907025333,2673,2466,5139,67.10629407155916,2909,2678,5587,72.9563854792374,2511,2337,4848,63.306346304518144,2665,2438,5103,66.63619744058501,2822,2607,5429,70.89318359885087,2828,2585,5413,70.68425176286237,2756,2539,5295,69.14337947244712,2483,2287,4770,62.28780360407416,2630,2429,5059,66.0616348916166,2696,2520,5216,68.11177853225385,2804,2581,5385,70.31862104988248,3140,2961,6101,79.66832071036825,3140,2957,6097,80.69084171519323,86,66,152,30.33932135728543,0731300000,1st
Region 8,2025,19572,18922,38494,40.690471660218606,27994,26688,54682,53.28850557910637,25419,23891,49310,48.053403498513866,34163,31848,66011,64.32880183209082,37452,35178,72630,70.77912585879257,42493,39796,82289,80.19197973005896,28035,26168,54203,52.82171222530819,28180,26375,54555,53.164741996784095,28259,26678,54937,53.53700726014715,29411,27586,56997,55.54451103639819,27040,25137,52177,50.84734200652926,37421,34011,71432,69.61165521609901,40819,38270,79089,77.07352726209619,37971,35712,73683,71.80529162403158,31920,29161,61081,59.524435998635674,29890,27718,57608,56.13994055449984,26339,24642,50981,50.139656562874954,5719,5183,10902,20.56476713259012,0800000000,
Eastern Samar,2025,2745,2570,5315,54.86168455821635,2930,2699,5629,53.809387247873055,2089,1941,4030,38.52404167861581,3671,3300,6971,66.63798872000764,4019,3638,7657,73.19567918937004,4633,4184,8817,84.28448523085747,2782,2546,5328,50.93203326641812,2862,2644,5506,52.633591434853265,2927,2606,5533,52.89169295478444,3204,2816,6020,57.547079629098555,2812,2573,5385,51.47691425293949,4374,3574,7948,75.9774400152949,4566,4123,8689,83.06089284007265,4155,3767,7922,75.72889781091673,3469,3038,6507,62.20246630341267,3100,2820,5920,56.59114807379792,2716,2429,5145,49.64299498263219,727,648,1375,26.981946624803765,0802600000,2nd
Arteche,2025,81,112,193,62.866449511400646,104,124,228,67.45562130177515,34,53,87,25.7396449704142,126,136,262,77.51479289940828,165,179,344,101.77514792899409,172,159,331,97.92899408284023,106,117,223,65.97633136094674,107,121,228,67.45562130177515,112,129,241,71.30177514792899,116,123,239,70.71005917159763,133,126,259,76.62721893491124,154,164,318,94.0828402366864,150,178,328,97.0414201183432,166,159,325,96.15384615384616,133,141,274,81.06508875739645,137,131,268,79.28994082840237,119,90,209,62.5748502994012,38,37,75,52.816901408450704,0802601000,3rd
Balangiga,2025,106,77,183,63.32179930795848,106,77,183,58.28025477707006,104,76,180,57.324840764331206,116,89,205,65.28662420382165,145,104,249,79.29936305732484,150,127,277,88.21656050955414,99,73,172,54.77707006369427,101,76,177,56.36942675159236,103,77,180,57.324840764331206,104,77,181,57.64331210191082,57,46,103,32.802547770700635,124,92,216,68.78980891719745,155,122,277,88.21656050955414,150,118,268,85.35031847133759,101,77,178,56.68789808917197,98,88,186,59.23566878980891,94,78,172,55.12820512820513,18,17,35,34.65346534653465,0802602000,4th
Balangkayan,2025,69,69,138,70.05076142131979,31,33,64,29.906542056074763,14,12,26,12.149532710280374,83,87,170,79.43925233644859,88,80,168,78.50467289719626,99,83,182,85.04672897196261,72,69,141,65.88785046728972,67,61,128,59.813084112149525,66,57,123,57.476635514018696,76,70,146,68.22429906542055,73,59,132,61.6822429906542,98,88,186,86.91588785046729,119,106,225,105.14018691588785,108,95,203,94.85981308411215,77,60,137,64.01869158878505,65,61,126,58.87850467289719,59,54,113,52.80373831775701,20,20,40,40.816326530612244,0802603000,5th
City of Borongan ,2025,398,331,729,51.51943462897527,457,365,822,53.9016393442623,447,377,824,54.0327868852459,535,512,1047,68.65573770491802,609,584,1193,78.22950819672131,672,705,1377,90.29508196721312,373,364,737,48.32786885245902,357,405,762,49.9672131147541,395,379,774,50.75409836065574,400,368,768,50.36065573770492,354,351,705,46.22950819672131,461,452,913,59.868852459016395,507,505,1012,66.36065573770492,435,455,890,58.36065573770492,479,448,927,60.78688524590164,441,446,887,58.16393442622952,370,388,758,50.265251989389924,92,82,174,29.692832764505116,0802604000,1st (as Mun)
Can-Avid,2025,132,151,283,52.89719626168225,161,172,333,58.1151832460733,92,118,210,36.64921465968586,180,183,363,63.35078534031413,182,207,389,67.88830715532286,236,258,494,86.2129144851658,115,135,250,43.63001745200698,117,135,252,43.97905759162304,128,139,267,46.596858638743456,147,181,328,57.24258289703316,184,193,377,65.79406631762653,497,202,699,121.98952879581151,219,252,471,82.19895287958116,205,264,469,81.84991273996509,172,196,368,64.22338568935427,158,177,335,58.46422338568935,138,155,293,52.04262877442274,25,43,68,25.954198473282442,0802605000,4th
Dolores,2025,243,212,455,40.516473731077475,283,267,550,45.04504504504504,81,79,160,13.104013104013104,397,331,728,59.62325962325963,438,329,767,62.81736281736282,498,405,903,73.95577395577395,261,220,481,39.39393939393939,268,206,474,38.82063882063882,263,213,476,38.98443898443899,331,252,583,47.74774774774775,307,252,559,45.78214578214578,441,367,808,66.17526617526617,468,384,852,69.77886977886978,408,311,719,58.88615888615889,359,269,628,51.433251433251435,265,246,511,41.85094185094185,212,195,407,33.83208645054032,108,93,201,28.34978843441467,0802606000,3rd*
General Macarthur,2025,90,68,158,51.633986928104584,98,88,186,56.53495440729483,50,44,94,28.57142857142857,119,93,212,64.43768996960486,128,115,243,73.86018237082067,165,129,294,89.36170212765957,117,92,209,63.525835866261396,114,95,209,63.525835866261396,127,100,227,68.9969604863222,121,103,224,68.08510638297872,121,94,215,65.34954407294833,158,121,279,84.80243161094225,172,140,312,94.83282674772036,146,113,259,78.72340425531915,122,98,220,66.8693009118541,100,86,186,56.53495440729483,90,72,162,49.693251533742334,26,30,56,35.44303797468354,0802607000,5th*
Giporlos,2025,57,77,134,51.93798449612403,73,92,165,59.13978494623656,71,85,156,55.91397849462365,91,100,191,68.45878136200717,101,96,197,70.60931899641577,116,109,225,80.64516129032258,74,77,151,54.121863799283155,74,75,149,53.40501792114696,83,78,161,57.70609318996416,81,90,171,61.29032258064516,86,88,174,62.365591397849464,125,115,240,86.02150537634408,124,121,245,87.81362007168458,118,117,235,84.22939068100358,84,89,173,62.00716845878136,89,68,157,56.272401433691755,77,63,140,50.35971223021583,21,19,40,24.242424242424242,0802608000,5th*
Guiuan,2025,303,259,562,52.47432306255836,293,257,550,47.82608695652174,189,169,358,31.130434782608695,367,293,660,57.391304347826086,368,327,695,60.43478260869565,470,422,892,77.56521739130436,309,252,561,48.78260869565217,297,254,551,47.91304347826087,291,258,549,47.73913043478261,284,258,542,47.130434782608695,242,241,483,42.0,387,328,715,62.17391304347826,441,364,805,70.0,383,336,719,62.52173913043478,353,300,653,56.78260869565217,315,296,611,53.130434782608695,277,249,526,46.05954465849387,78,69,147,26.678765880217785,0802609000,2nd
Hernani,2025,54,55,109,91.59663865546219,54,55,109,82.57575757575758,54,55,109,82.57575757575758,61,63,124,93.93939393939394,61,75,136,103.03030303030303,57,74,131,99.24242424242425,48,59,107,81.06060606060606,47,69,116,87.87878787878788,56,65,121,91.66666666666666,58,66,124,93.93939393939394,45,50,95,71.96969696969697,63,65,128,96.96969696969697,74,95,169,128.03030303030303,73,86,159,120.45454545454545,56,66,122,92.42424242424242,48,56,104,78.78787878787878,48,55,103,78.03030303030303,4,1,5,13.157894736842104,0802610000,5th
Jipapad,2025,83,81,164,86.31578947368422,86,99,185,90.68627450980392,56,67,123,60.29411764705882,84,79,163,79.90196078431373,88,86,174,85.29411764705883,105,95,200,98.0392156862745,67,56,123,60.29411764705882,70,56,126,61.76470588235294,63,75,138,67.64705882352942,60,66,126,61.76470588235294,65,54,119,58.333333333333336,122,104,226,110.78431372549021,132,115,247,121.078431372549,119,111,230,112.74509803921569,92,76,168,82.35294117647058,62,58,120,58.82352941176471,45,47,92,45.77114427860697,44,25,69,58.47457627118644,0802611000,5th
Lawaan,2025,69,59,128,48.484848484848484,85,60,145,51.41843971631206,73,60,133,47.16312056737589,94,71,165,58.51063829787234,100,73,173,61.347517730496456,105,66,171,60.63829787234043,95,69,164,58.156028368794324,99,71,170,60.28368794326241,99,62,161,57.09219858156028,97,61,158,56.02836879432624,76,62,138,48.93617021276596,109,83,192,68.08510638297872,144,105,249,88.29787234042553,125,97,222,78.72340425531915,92,69,161,57.09219858156028,89,81,170,60.28368794326241,89,80,169,61.23188405797102,0,0,0,0.0,0802612000,5th*
Llorente,2025,109,95,204,56.19834710743802,110,77,187,47.103274559193956,97,70,167,42.0654911838791,137,112,249,62.72040302267003,149,116,265,66.75062972292191,144,130,274,69.0176322418136,135,110,245,61.712846347607055,128,101,229,57.68261964735516,113,101,214,53.904282115869016,111,108,219,55.16372795969773,103,99,202,50.88161209068011,174,134,308,77.58186397984886,174,167,341,85.8942065491184,155,162,317,79.84886649874056,116,112,228,57.43073047858942,110,106,216,54.40806045340051,96,92,188,47.3551637279597,4,7,11,4.761904761904762,0802613000,3rd
Maslog,2025,37,33,70,45.16129032258064,38,40,78,47.85276073619632,27,26,53,32.515337423312886,55,51,106,65.03067484662577,59,60,119,73.00613496932516,65,58,123,75.4601226993865,49,54,103,63.190184049079754,56,57,113,69.32515337423312,49,48,97,59.50920245398773,54,47,101,61.963190184049076,53,43,96,58.895705521472394,66,66,132,80.98159509202453,81,70,151,92.63803680981594,78,63,141,86.50306748466258,55,49,104,63.80368098159509,56,40,96,58.895705521472394,54,35,89,55.9748427672956,4,1,5,6.25,0802614000,5th*
Maydolong,2025,119,104,223,62.64044943820225,142,121,263,68.13471502590673,139,118,257,66.58031088082902,154,143,297,76.94300518134715,179,149,328,84.97409326424871,203,185,388,100.51813471502591,125,113,238,61.6580310880829,136,107,243,62.95336787564767,127,102,229,59.32642487046632,149,121,270,69.94818652849742,141,116,257,66.58031088082902,167,142,309,80.05181347150258,209,179,388,100.51813471502591,197,164,361,93.52331606217616,155,124,279,72.279792746114,136,105,241,62.43523316062176,124,96,220,58.355437665782496,39,38,77,29.615384615384617,0802615000,4th*
Mercedes,2025,48,34,82,82.0,38,31,69,66.34615384615384,23,18,41,39.42307692307692,48,29,77,74.03846153846155,52,38,90,86.53846153846155,59,39,98,94.23076923076923,50,30,80,76.92307692307693,39,37,76,73.07692307692307,42,31,73,70.1923076923077,54,34,88,84.61538461538461,38,26,64,61.53846153846154,72,53,125,120.1923076923077,69,46,115,110.57692307692308,41,46,87,83.65384615384616,38,37,75,72.11538461538461,33,34,67,64.42307692307693,24,24,48,46.15384615384615,13,6,19,46.34146341463415,0802616000,5th*
Oras,2025,188,202,390,52.069425901201605,225,206,431,52.818627450980394,113,93,206,25.245098039215684,286,254,540,66.17647058823529,282,265,547,67.0343137254902,371,327,698,85.5392156862745,171,168,339,41.544117647058826,192,178,370,45.34313725490196,209,166,375,45.955882352941174,277,223,500,61.274509803921575,213,188,401,49.1421568627451,339,289,628,76.9607843137255,382,306,688,84.31372549019608,297,257,554,67.8921568627451,256,209,465,56.98529411764706,212,180,392,48.03921568627451,198,157,355,43.77311960542541,86,72,158,33.97849462365591,0802617000,3rd
Quinapondan,2025,92,98,190,74.21875,89,102,191,70.47970479704797,77,72,149,54.981549815498155,96,110,206,76.01476014760148,115,108,223,82.28782287822878,125,119,244,90.03690036900369,66,75,141,52.02952029520295,87,77,164,60.51660516605166,85,84,169,62.36162361623616,78,80,158,58.30258302583026,71,55,126,46.494464944649444,141,136,277,102.21402214022139,152,136,288,106.27306273062732,140,133,273,100.7380073800738,118,93,211,77.85977859778598,116,95,211,77.85977859778598,100,84,184,67.89667896678966,8,6,14,12.5,0802618000,5th
Salcedo,2025,110,105,215,57.02917771883289,120,116,236,58.415841584158414,108,95,203,50.24752475247525,145,129,274,67.82178217821783,167,130,297,73.51485148514851,188,160,348,86.13861386138613,117,102,219,54.207920792079214,134,108,242,59.900990099009896,139,124,263,65.0990099009901,173,144,317,78.46534653465346,136,123,259,64.10891089108911,170,134,304,75.24752475247524,196,182,378,93.56435643564357,210,178,388,96.03960396039604,163,132,295,73.01980198019803,158,121,279,69.05940594059405,138,114,252,62.531017369727046,4,3,7,3.167420814479638,0802619000,5th*
San Julian,2025,56,72,128,49.80544747081712,76,82,158,56.83453237410072,51,53,104,37.410071942446045,106,110,216,77.6978417266187,118,127,245,88.12949640287769,146,120,266,95.68345323741008,76,60,136,48.92086330935252,83,72,155,55.75539568345324,83,69,152,54.67625899280576,119,90,209,75.17985611510791,88,99,187,67.26618705035972,105,103,208,74.82014388489209,116,123,239,85.97122302158273,148,102,250,89.92805755395683,117,97,214,76.97841726618705,109,79,188,67.62589928057554,80,61,141,50.719424460431654,28,21,49,31.41025641025641,0802620000,5th
San Policarpo,2025,119,93,212,66.04361370716511,94,82,176,50.0,27,26,53,15.056818181818182,142,104,246,69.88636363636364,156,119,275,78.125,169,154,323,91.76136363636364,85,73,158,44.88636363636363,98,86,184,52.27272727272727,107,88,195,55.39772727272727,140,119,259,73.57954545454545,108,105,213,60.51136363636363,149,122,271,76.98863636363636,187,148,335,95.17045454545455,173,132,305,86.64772727272727,125,121,246,69.88636363636364,91,94,185,52.55681818181818,88,89,177,50.57142857142857,26,21,47,25.0,0802621000,5th*
Sulat,2025,59,67,126,45.48736462093863,59,55,114,38.25503355704698,43,53,96,32.21476510067114,113,83,196,65.77181208053692,113,98,211,70.80536912751678,148,99,247,82.88590604026845,76,76,152,51.006711409395976,78,74,152,51.006711409395976,81,61,142,47.651006711409394,89,81,170,57.04697986577181,69,64,133,44.63087248322148,122,91,213,71.47651006711409,140,137,277,92.9530201342282,145,133,278,93.28859060402685,91,80,171,57.38255033557047,91,63,154,51.67785234899329,85,60,145,48.65771812080537,11,5,16,13.793103448275861,0802622000,4th
Taft,2025,123,116,239,59.30521091811415,108,98,206,47.79582366589327,119,122,241,55.91647331786543,136,138,274,63.57308584686775,156,173,329,76.33410672853829,170,161,331,76.79814385150812,96,102,198,45.93967517401392,113,123,236,54.75638051044084,106,100,206,47.79582366589327,85,54,139,32.25058004640371,49,39,88,20.417633410672853,130,123,253,58.70069605568445,155,142,297,68.90951276102089,135,135,270,62.64501160092807,115,95,210,48.72389791183295,121,109,230,53.36426914153132,111,91,202,47.306791569086656,30,32,62,29.245283018867923,0802623000,4th
Leyte,2025,6488,6460,12948,40.66327491991709,7558,7370,14928,42.997868540814565,6818,6512,13330,38.39506884037099,11230,10446,21676,62.43447203179907,12581,11788,24369,70.19125525663921,14061,13290,27351,78.7804597039,7818,7382,15200,43.78132380897517,7911,7402,15313,44.10680338729189,7737,7580,15317,44.11832478829425,8939,8639,17578,50.63079670487931,8412,7870,16282,46.89786278011406,11625,10786,22411,64.55152946598307,12995,12058,25053,72.16141482804309,12115,11422,23537,67.79480384814794,10329,9600,19929,57.40250014401751,9493,8923,18416,53.04453021487413,8174,7784,15958,46.43407920388745,2165,1903,4068,22.403348386386167,0803700000,1st
Abuyog,2025,295,333,628,53.859348198970835,292,303,595,46.557120500782474,308,326,634,49.60876369327074,379,308,687,53.755868544600936,383,338,721,56.41627543035994,433,449,882,69.01408450704226,226,192,418,32.70735524256651,225,211,436,34.11580594679186,218,240,458,35.83724569640063,259,242,501,39.201877934272304,216,223,439,34.350547730829426,389,322,711,55.633802816901415,406,366,772,60.40688575899843,415,375,790,61.815336463223794,327,290,617,48.27856025039124,286,293,579,45.305164319248824,266,264,530,41.47104851330204,56,52,108,14.380825565912117,0803701000,1st*
Alangalang,2025,157,178,335,27.800829875518673,160,186,346,26.371951219512198,151,176,327,24.923780487804876,411,365,776,59.14634146341463,448,394,842,64.17682926829268,553,511,1064,81.09756097560977,221,234,455,34.67987804878049,232,204,436,33.23170731707317,215,202,417,31.78353658536585,279,263,542,41.3109756097561,240,233,473,36.051829268292686,449,429,878,66.92073170731707,506,442,948,72.2560975609756,477,409,886,67.53048780487805,364,337,701,53.42987804878049,352,378,730,55.640243902439025,332,364,696,53.41519570222564,112,98,210,41.832669322709165,0803702000,2nd
Albuera,2025,248,260,508,46.26593806921676,325,350,675,56.53266331658291,275,253,528,44.221105527638194,554,548,1102,92.29480737018424,540,509,1049,87.85594639865997,475,440,915,76.63316582914574,338,330,668,55.9463986599665,338,309,647,54.187604690117254,305,330,635,53.18257956448911,320,339,659,55.1926298157454,303,289,592,49.58123953098828,399,383,782,65.49413735343383,477,469,946,79.22948073701842,393,468,861,72.11055276381909,369,328,697,58.37520938023451,342,342,684,57.286432160804026,229,223,452,38.33757421543681,195,210,405,69.11262798634812,0803703000,3rd*
Babatngon,2025,108,95,203,33.889816360601,68,75,143,21.83206106870229,86,83,169,25.80152671755725,248,217,465,70.99236641221374,286,252,538,82.13740458015268,346,299,645,98.47328244274809,161,138,299,45.648854961832065,176,134,310,47.32824427480916,164,123,287,43.81679389312977,187,185,372,56.79389312977099,220,171,391,59.69465648854961,292,209,501,76.4885496183206,285,227,512,78.16793893129771,274,218,492,75.1145038167939,230,193,423,64.58015267175573,227,192,419,63.969465648854964,184,164,348,54.037267080745345,46,35,81,21.372031662269126,0803705000,4th*
Barugo,2025,138,115,253,37.987987987987985,125,103,228,31.318681318681318,121,106,227,31.181318681318682,210,222,432,59.34065934065934,277,273,550,75.54945054945054,347,337,684,93.95604395604396,143,128,271,37.22527472527473,137,142,279,38.324175824175825,147,130,277,38.04945054945055,153,174,327,44.917582417582416,0,0,0,0.0,252,238,490,67.3076923076923,252,223,475,65.24725274725274,244,217,461,63.324175824175825,233,203,436,59.89010989010989,233,230,463,63.598901098901095,219,209,428,59.11602209944752,39,31,70,25.0,0803706000,4th
Bato,2025,152,144,296,34.10138248847927,180,171,351,37.42004264392324,105,87,192,20.46908315565032,284,252,536,57.14285714285714,348,326,674,71.85501066098081,397,366,763,81.34328358208955,151,154,305,32.51599147121535,162,138,300,31.982942430703627,168,146,314,33.47547974413646,228,186,414,44.136460554371006,237,202,439,46.80170575692964,252,233,485,51.70575692963752,309,265,574,61.19402985074627,311,273,584,62.26012793176972,254,216,470,50.10660980810234,239,226,465,49.57356076759062,210,196,406,43.84449244060475,66,65,131,19.610778443113773,0803707000,4th*
City of Baybay,2025,862,831,1693,82.42453748782863,787,744,1531,68.28724353256021,848,832,1680,74.93309545049064,779,713,1492,66.54772524531668,863,793,1656,73.86262265834077,989,954,1943,86.66369313113292,578,569,1147,51.15967885816235,596,570,1166,52.007136485281,572,559,1131,50.44603033006244,639,635,1274,56.824264049955396,693,615,1308,58.34076717216771,733,656,1389,61.95361284567351,836,765,1601,71.40945584299733,805,742,1547,69.00089206066012,739,684,1423,63.47011596788582,689,640,1329,59.27743086529884,642,635,1277,57.44489428699955,78,60,138,14.886731391585762,0803708000,1st (as Mun)
Burauen,2025,235,282,517,45.79273693534101,252,286,538,43.52750809061489,293,299,592,47.896440129449836,437,392,829,67.07119741100324,475,473,948,76.69902912621359,575,482,1057,85.51779935275081,248,232,480,38.83495145631068,241,200,441,35.67961165048544,246,219,465,37.62135922330097,187,198,385,31.148867313915858,201,171,372,30.097087378640776,474,456,930,75.24271844660194,465,445,910,73.62459546925567,464,430,894,72.33009708737865,384,362,746,60.35598705501618,411,376,787,63.673139158576056,335,306,641,52.41210139002453,91,103,194,32.11920529801324,0803710000,1st
Calubian,2025,164,156,320,62.86836935166994,191,184,375,67.3249551166966,221,239,460,82.58527827648115,231,233,464,83.30341113105925,266,253,519,93.17773788150808,287,256,543,97.48653500897666,218,210,428,76.84021543985638,214,198,412,73.96768402154399,212,202,414,74.32675044883304,217,201,418,75.04488330341114,203,173,376,67.50448833034112,225,214,439,78.81508078994614,250,230,480,86.17594254937163,228,211,439,78.81508078994614,219,193,412,73.96768402154399,192,146,338,60.68222621184919,152,118,270,48.473967684021545,38,31,69,28.512396694214875,0803713000,4th
Capoocan,2025,87,83,170,20.481927710843372,133,112,245,27.071823204419886,98,89,187,20.662983425414364,253,213,466,51.49171270718232,286,263,549,60.66298342541436,317,289,606,66.96132596685082,183,151,334,36.9060773480663,192,176,368,40.66298342541437,193,192,385,42.5414364640884,219,191,410,45.30386740331492,173,176,349,38.56353591160221,278,247,525,58.011049723756905,336,312,648,71.60220994475138,301,278,579,63.97790055248619,259,237,496,54.80662983425414,213,211,424,46.850828729281766,170,177,347,38.641425389755014,61,46,107,20.576923076923077,0803714000,4th
Carigara,2025,249,257,506,46.12579762989973,279,266,545,45.53049289891395,277,272,549,45.86466165413533,361,326,687,57.393483709273184,367,351,718,59.983291562238925,374,443,817,68.25396825396825,289,249,538,44.94569757727652,284,249,533,44.52798663324979,291,249,540,45.11278195488722,339,308,647,54.051796157059314,317,313,630,52.63157894736842,345,352,697,58.22890559732665,459,440,899,75.10442773600668,426,431,857,71.59565580618212,342,349,691,57.727652464494575,309,344,653,54.5530492898914,283,313,596,50.551314673452076,19,19,38,7.5098814229249005,0803715000,2nd
Dagami,2025,124,136,260,36.312849162011176,162,190,352,45.30244530244531,39,37,76,9.78120978120978,230,246,476,61.261261261261254,293,276,569,73.23037323037323,319,292,611,78.63577863577864,141,148,289,37.194337194337194,153,142,295,37.96653796653796,150,153,303,38.996138996138995,177,180,357,45.94594594594595,180,177,357,45.94594594594595,256,255,511,65.76576576576578,314,291,605,77.86357786357786,301,266,567,72.97297297297297,237,204,441,56.75675675675676,169,128,297,38.22393822393823,169,117,286,37.142857142857146,79,69,148,30.265848670756647,0803717000,3rd
Dulag,2025,246,180,426,43.292682926829265,224,179,403,37.523277467411546,246,180,426,39.66480446927375,381,338,719,66.94599627560521,440,399,839,78.11918063314711,498,457,955,88.91992551210429,288,279,567,52.79329608938548,294,293,587,54.655493482309126,285,315,600,55.865921787709496,289,311,600,55.865921787709496,294,292,586,54.56238361266295,420,377,797,74.20856610800745,438,420,858,79.88826815642457,396,392,788,73.3705772811918,343,329,672,62.56983240223464,310,297,607,56.51769087523277,259,267,526,49.48259642521167,52,44,96,18.39080459770115,0803718000,3rd*
Hilongos,2025,279,304,583,44.605967865340475,302,327,629,44.32699083861875,301,287,588,41.43763213530655,375,374,749,52.78365045806906,481,443,924,65.11627906976744,503,468,971,68.42847075405216,230,249,479,33.756166314305844,257,247,504,35.517970401691336,253,246,499,35.16560958421424,316,304,620,43.69274136715997,340,339,679,47.85059901338971,372,377,749,52.78365045806906,431,409,840,59.19661733615222,416,412,828,58.350951374207185,363,399,762,53.69978858350951,358,334,692,48.766737138830166,307,293,600,42.765502494654314,61,55,116,15.2832674571805,0803719000,2nd
Hindang,2025,47,40,87,24.30167597765363,82,61,143,36.666666666666664,55,37,92,23.589743589743588,118,106,224,57.43589743589743,124,118,242,62.05128205128205,142,119,261,66.92307692307692,85,76,161,41.28205128205128,83,82,165,42.30769230769231,83,77,160,41.02564102564102,102,92,194,49.743589743589745,92,69,161,41.28205128205128,123,109,232,59.48717948717949,143,140,283,72.56410256410255,153,111,264,67.6923076923077,123,87,210,53.84615384615385,114,83,197,50.51282051282051,106,77,183,47.16494845360825,4,3,7,4.487179487179487,0803720000,5th
Inopacan,2025,44,30,74,20.61281337047354,60,53,113,28.607594936708864,39,27,66,16.70886075949367,122,107,229,57.974683544303794,115,96,211,53.417721518987335,116,129,245,62.0253164556962,78,73,151,38.22784810126582,77,76,153,38.734177215189874,62,80,142,35.949367088607595,113,88,201,50.8860759493671,79,79,158,40.0,119,109,228,57.72151898734177,122,118,240,60.75949367088608,117,103,220,55.69620253164557,133,105,238,60.25316455696203,132,104,236,59.74683544303797,91,74,165,41.77215189873418,47,43,90,43.90243902439025,0803721000,4th
Isabel,2025,167,219,386,40.12474012474013,222,234,456,43.51145038167939,204,217,421,40.17175572519084,286,292,578,55.152671755725194,296,298,594,56.6793893129771,330,332,662,63.167938931297705,241,248,489,46.660305343511446,251,266,517,49.33206106870229,235,278,513,48.95038167938932,250,272,522,49.80916030534351,262,261,523,49.904580152671755,309,337,646,61.641221374045806,393,393,786,75.0,334,371,705,67.27099236641222,358,387,745,71.08778625954199,264,277,541,51.62213740458015,194,147,341,32.78846153846154,55,42,97,17.47747747747748,0803722000,1st
Jaro,2025,131,96,227,24.647122692725297,148,125,273,27.056491575817642,132,107,239,23.68681863230922,362,307,669,66.30327056491576,435,400,835,82.7552031714569,465,417,882,87.41328047571854,231,169,400,39.64321110009911,215,177,392,38.85034687809713,201,192,393,38.949454905847375,276,232,508,50.34687809712587,237,228,465,46.08523290386521,346,272,618,61.24876114965312,368,295,663,65.70862239841428,332,299,631,62.537165510406346,313,318,631,62.537165510406346,282,269,551,54.60852329038652,213,233,446,44.73420260782347,110,91,201,46.635730858468676,0803723000,3rd
Javier,2025,36,36,72,14.257425742574256,45,39,84,15.107913669064748,43,52,95,17.086330935251798,155,132,287,51.618705035971225,215,155,370,66.54676258992805,256,191,447,80.39568345323741,146,113,259,46.58273381294964,162,126,288,51.798561151079134,144,109,253,45.50359712230216,137,108,245,44.064748201438846,146,120,266,47.84172661870504,215,157,372,66.90647482014388,211,178,389,69.96402877697841,173,123,296,53.23741007194245,170,131,301,54.13669064748201,168,142,310,55.75539568345324,160,133,293,53.663003663003664,7,13,20,8.097165991902834,0803724000,4th*
Julita,2025,17,22,39,13.829787234042554,18,24,42,13.680781758957655,15,16,31,10.097719869706841,87,105,192,62.54071661237784,121,129,250,81.43322475570032,144,153,297,96.74267100977198,71,87,158,51.465798045602604,95,94,189,61.563517915309454,98,115,213,69.38110749185668,92,97,189,61.563517915309454,88,76,164,53.420195439739416,110,124,234,76.2214983713355,128,133,261,85.01628664495115,106,148,254,82.73615635179154,106,115,221,71.9869706840391,124,102,226,73.61563517915309,120,100,220,74.07407407407408,13,12,25,15.337423312883436,0803725000,5th
Kananga,2025,441,453,894,61.44329896907217,468,453,921,58.36501901140685,444,451,895,56.71736375158428,497,493,990,62.737642585551335,567,578,1145,72.56020278833967,705,703,1408,89.22686945500634,302,299,601,38.08618504435995,297,310,607,38.466413181242075,315,358,673,42.648922686945504,409,466,875,55.44993662864385,441,487,928,58.808618504436,553,544,1097,69.51837769328264,696,687,1383,87.6425855513308,630,623,1253,79.404309252218,462,514,976,61.85044359949303,428,424,852,53.99239543726235,358,372,730,46.70505438259757,117,89,206,21.128205128205128,0803726000,1st
La Paz,2025,32,18,50,15.772870662460567,66,47,113,32.193732193732195,66,32,98,27.92022792022792,144,97,241,68.66096866096866,181,122,303,86.32478632478633,174,135,309,88.03418803418803,130,80,210,59.82905982905983,129,86,215,61.25356125356125,112,88,200,56.98005698005698,110,87,197,56.12535612535613,102,76,178,50.712250712250714,152,105,257,73.21937321937322,159,109,268,76.35327635327636,128,90,218,62.10826210826211,106,90,196,55.84045584045584,105,94,199,56.69515669515669,90,73,163,46.438746438746435,17,18,35,17.5,0803728000,5th*
Leyte,2025,124,109,233,24.372384937238493,192,179,371,35.604606525911706,123,99,222,21.30518234165067,304,292,596,57.19769673704415,297,286,583,55.950095969289826,327,294,621,59.59692898272553,285,287,572,54.894433781190024,296,284,580,55.66218809980806,306,304,610,58.54126679462573,307,298,605,58.061420345489445,186,161,347,33.301343570057576,351,334,685,65.73896353166987,415,350,765,73.41650671785028,400,354,754,72.36084452975048,315,245,560,53.74280230326296,313,275,588,56.4299424184261,312,274,586,56.948493683187564,22,2,24,6.185567010309279,0803729000,4th*
Macarthur,2025,42,42,84,20.095693779904305,116,112,228,49.78165938864629,117,120,237,51.7467248908297,158,161,319,69.65065502183407,183,189,372,81.22270742358079,205,208,413,90.17467248908298,101,106,207,45.19650655021834,98,111,209,45.633187772925766,102,106,208,45.414847161572055,124,128,252,55.021834061135365,149,134,283,61.79039301310044,153,169,322,70.3056768558952,153,163,316,68.99563318777294,161,158,319,69.65065502183407,146,132,278,60.698689956331876,127,129,256,55.895196506550214,106,111,217,47.69230769230769,41,30,71,33.02325581395349,0803730000,5th*
Mahaplag,2025,161,143,304,56.19223659889094,165,170,335,56.8760611205433,154,139,293,49.745331069609506,191,177,368,62.478777589134125,194,197,391,66.383701188455,214,178,392,66.553480475382,146,143,289,49.06621392190153,135,123,258,43.803056027164686,137,123,260,44.14261460101868,159,153,312,52.97113752122241,111,93,204,34.63497453310696,194,198,392,66.553480475382,228,200,428,72.66553480475382,207,201,408,69.26994906621393,153,132,285,48.38709677419355,119,106,225,38.20033955857385,116,107,223,37.86078098471987,36,36,72,17.18377088305489,0803731000,4th
Matag-Ob,2025,101,108,209,61.47058823529412,130,133,263,69.39313984168865,129,134,263,69.39313984168865,128,150,278,73.35092348284961,139,161,300,79.15567282321899,159,176,335,88.39050131926122,116,133,249,65.69920844327177,111,143,254,67.01846965699208,108,132,240,63.3245382585752,120,152,272,71.76781002638522,129,124,253,66.75461741424802,136,153,289,76.2532981530343,140,162,302,79.68337730870712,129,162,291,76.78100263852242,147,125,272,71.76781002638522,138,127,265,69.92084432717678,128,120,248,66.31016042780749,23,16,39,27.464788732394368,0803733000,4th
Matalom,2025,137,141,278,47.93103448275862,161,158,319,50.55467511885895,124,112,236,37.400950871632325,175,176,351,55.62599049128367,222,213,435,68.93819334389858,269,248,517,81.93343898573693,128,132,260,41.20443740095087,140,149,289,45.800316957210775,164,151,315,49.920760697305866,173,160,333,52.77337559429477,170,152,322,51.03011093502378,191,171,362,57.36925515055468,219,210,429,67.98732171156894,228,211,439,69.57210776545166,179,167,346,54.83359746434231,172,161,333,52.77337559429477,156,152,308,48.966613672496024,7,3,10,3.436426116838488,0803734000,3rd
Mayorga,2025,69,82,151,37.19211822660098,89,89,178,40.0,64,80,144,32.359550561797754,138,126,264,59.325842696629216,187,182,369,82.92134831460675,125,119,244,54.831460674157306,129,125,254,57.078651685393254,126,125,251,56.40449438202248,124,118,242,54.382022471910105,124,119,243,54.606741573033716,124,130,254,57.078651685393254,110,112,222,49.8876404494382,132,117,249,55.955056179775276,146,145,291,65.3932584269663,133,121,254,57.078651685393254,140,115,255,57.30337078651685,140,115,255,58.48623853211009,0,0,0,0.0,0803735000,5th*
Merida,2025,142,130,272,40.7185628742515,213,210,423,58.26446280991735,204,198,402,55.371900826446286,230,228,458,63.08539944903582,302,271,573,78.92561983471074,366,329,695,95.73002754820936,189,169,358,49.311294765840216,181,165,346,47.658402203856745,186,179,365,50.27548209366392,224,208,432,59.50413223140496,219,197,416,57.30027548209367,265,241,506,69.6969696969697,301,275,576,79.33884297520662,268,244,512,70.52341597796143,225,199,424,58.40220385674931,206,167,373,51.37741046831956,178,145,323,44.986072423398326,54,50,104,20.352250489236788,0803736000,5th
Ormoc City,2025,1477,1416,2893,53.484932519874285,1528,1414,2942,50.29059829059829,1554,1456,3010,51.45299145299145,1718,1616,3334,56.991452991452995,1761,1664,3425,58.54700854700855,2067,1883,3950,67.52136752136752,1703,1620,3323,56.8034188034188,1666,1576,3242,55.41880341880342,1702,1600,3302,56.44444444444444,1686,1588,3274,55.965811965811966,1722,1612,3334,56.991452991452995,1756,1623,3379,57.76068376068376,2120,2022,4142,70.80341880341881,2066,1933,3999,68.35897435897435,1739,1613,3352,57.2991452991453,1764,1602,3366,57.53846153846154,1749,1591,3340,57.84551437478351,35,36,71,3.1126698816308638,0803738000,1st
Palo,2025,356,390,746,40.831964969896006,417,453,870,44.050632911392405,417,458,875,44.303797468354425,505,505,1010,51.13924050632911,558,561,1119,56.65822784810126,601,623,1224,61.9746835443038,471,453,924,46.78481012658228,452,448,900,45.56962025316456,466,444,910,46.07594936708861,449,428,877,44.40506329113924,335,338,673,34.07594936708861,524,536,1060,53.67088607594936,566,554,1120,56.708860759493675,512,504,1016,51.44303797468355,420,426,846,42.835443037974684,419,437,856,43.34177215189873,358,377,735,37.750385208012325,105,81,186,16.548042704626333,0803739000,3rd
Palompon,2025,264,225,489,46.839080459770116,358,310,668,58.64793678665497,364,314,678,59.525899912203684,426,380,806,70.7638279192274,443,401,844,74.10008779631255,457,452,909,79.80684811237928,267,258,525,46.093064091308165,266,261,527,46.26865671641791,246,243,489,42.932396839332746,317,318,635,55.75065847234416,307,305,612,53.73134328358209,458,423,881,77.34855136084285,512,481,993,87.18173836698858,445,446,891,78.22651448639158,339,326,665,58.384547848990344,252,240,492,43.19578577699736,191,195,386,33.91915641476274,82,78,160,23.63367799113737,0803740000,2nd*
Pastrana,2025,58,38,96,25.0,47,35,82,19.71153846153846,57,38,95,22.83653846153846,151,129,280,67.3076923076923,152,139,291,69.95192307692307,199,168,367,88.22115384615384,102,95,197,47.355769230769226,105,109,214,51.442307692307686,114,108,222,53.36538461538461,140,118,258,62.019230769230774,135,110,245,58.894230769230774,155,129,284,68.26923076923077,183,175,358,86.0576923076923,188,172,360,86.53846153846155,136,106,242,58.17307692307693,113,108,221,53.125,98,105,203,49.754901960784316,33,23,56,35.8974358974359,0803741000,5th*
San Isidro,2025,79,77,156,23.248882265275707,188,153,341,46.84065934065934,47,30,77,10.576923076923077,266,218,484,66.48351648351648,288,224,512,70.32967032967034,313,270,583,80.08241758241759,137,102,239,32.82967032967033,108,97,205,28.15934065934066,107,88,195,26.785714285714285,184,150,334,45.879120879120876,168,146,314,43.13186813186813,257,202,459,63.04945054945055,220,182,402,55.219780219780226,224,178,402,55.219780219780226,184,178,362,49.72527472527473,162,155,317,43.543956043956044,133,127,260,35.9612724757953,42,48,90,18.329938900203665,0803742000,4th*
San Miguel,2025,23,29,52,13.0,31,41,72,16.475972540045767,26,33,59,13.501144164759726,155,129,284,64.98855835240275,180,169,349,79.86270022883295,214,191,405,92.67734553775743,104,85,189,43.24942791762014,100,95,195,44.62242562929062,99,96,195,44.62242562929062,113,96,209,47.82608695652174,133,134,267,61.098398169336384,150,144,294,67.27688787185355,178,157,335,76.65903890160183,150,149,299,68.42105263157895,145,153,298,68.19221967963387,125,117,242,55.37757437070938,110,86,196,45.26558891454965,55,54,109,41.132075471698116,0803743000,4th
Santa Fe,2025,155,162,317,66.45702306079664,133,149,282,53.714285714285715,156,158,314,59.80952380952381,156,187,343,65.33333333333333,195,193,388,73.90476190476191,205,266,471,89.71428571428571,53,76,129,24.571428571428573,77,47,124,23.61904761904762,69,63,132,25.142857142857146,89,90,179,34.095238095238095,130,100,230,43.80952380952381,164,198,362,68.95238095238095,207,210,417,79.42857142857143,164,150,314,59.80952380952381,168,140,308,58.666666666666664,158,148,306,58.285714285714285,135,143,278,53.980582524271846,15,18,33,10.377358490566039,0803744000,5th*
Tabango,2025,167,160,327,45.67039106145251,207,177,384,48.854961832061065,155,143,298,37.913486005089055,254,222,476,60.55979643765903,242,258,500,63.61323155216285,326,306,632,80.40712468193384,151,155,306,38.93129770992366,146,163,309,39.31297709923664,157,156,313,39.82188295165394,207,197,404,51.399491094147585,190,184,374,47.58269720101781,278,243,521,66.2849872773537,281,289,570,72.51908396946564,287,267,554,70.48346055979644,220,207,427,54.32569974554708,189,172,361,45.92875318066158,138,130,268,34.35897435897436,104,72,176,34.30799220272904,0803745000,4th
Tabontabon,2025,12,16,28,11.618257261410788,22,32,54,20.53231939163498,13,17,30,11.406844106463879,89,93,182,69.20152091254754,102,105,207,78.70722433460075,102,135,237,90.11406844106465,72,73,145,55.13307984790875,77,77,154,58.55513307984791,64,81,145,55.13307984790875,73,94,167,63.49809885931559,74,94,168,63.87832699619772,101,111,212,80.6083650190114,128,151,279,106.08365019011407,109,117,226,85.93155893536122,86,99,185,70.34220532319392,85,101,186,70.72243346007605,85,101,186,72.65625,3,8,11,11.578947368421053,0803746000,5th
Tanauan,2025,174,156,330,25.882352941176475,267,241,508,36.54676258992806,205,158,363,26.115107913669068,472,423,895,64.38848920863309,526,481,1007,72.44604316546763,581,517,1098,78.99280575539568,263,240,503,36.18705035971223,258,214,472,33.9568345323741,220,215,435,31.294964028776977,357,334,691,49.71223021582733,348,335,683,49.13669064748201,480,389,869,62.517985611510795,526,470,996,71.65467625899281,488,432,920,66.18705035971223,404,353,757,54.460431654676256,366,357,723,52.01438848920863,316,305,621,45.36157779401023,77,83,160,21.333333333333336,0803748000,2nd
Tolosa,2025,20,19,39,7.878787878787878,44,60,104,19.548872180451127,0,0,0,0.0,171,157,328,61.65413533834586,191,189,380,71.42857142857143,213,210,423,79.51127819548873,106,92,198,37.21804511278196,107,97,204,38.34586466165413,89,112,201,37.78195488721804,124,147,271,50.93984962406015,101,91,192,36.09022556390977,175,168,343,64.47368421052632,196,178,374,70.30075187969925,165,186,351,65.97744360902256,141,133,274,51.50375939849624,120,110,230,43.233082706766915,90,95,185,35.17110266159696,43,41,84,25.609756097560975,0803749000,5th
Tunga,2025,10,6,16,11.76470588235294,20,7,27,18.120805369127517,15,5,20,13.422818791946309,53,35,88,59.06040268456376,62,39,101,67.78523489932886,82,50,132,88.59060402684564,53,33,86,57.71812080536913,55,37,92,61.74496644295302,60,41,101,67.78523489932886,61,41,102,68.45637583892618,58,44,102,68.45637583892618,53,35,88,59.06040268456376,56,36,92,61.74496644295302,65,43,108,72.48322147651007,60,47,107,71.81208053691275,52,44,96,64.42953020134227,43,37,80,57.14285714285714,10,4,14,29.166666666666668,0803750000,6th*
Villaba,2025,135,159,294,33.409090909090914,169,149,318,33.056133056133056,81,71,152,15.800415800415802,304,272,576,59.87525987525988,311,291,602,62.57796257796257,358,328,686,71.3097713097713,246,217,463,48.12889812889813,263,227,490,50.935550935550935,250,217,467,48.54469854469855,296,249,545,56.65280665280665,281,228,509,52.91060291060291,367,325,692,71.93347193347194,370,341,711,73.9085239085239,355,313,668,69.43866943866944,294,240,534,55.50935550935551,290,222,512,53.222453222453225,252,204,456,47.748691099476446,50,27,77,13.368055555555555,0803751000,3rd
Northern Samar,2025,2580,2481,5061,35.749099385463026,5066,4756,9822,64.11227154046998,4978,4687,9665,63.08746736292428,5270,4913,10183,66.4686684073107,5631,5513,11144,72.74151436031332,6619,6193,12812,83.62924281984334,4656,4368,9024,58.90339425587467,4682,4441,9123,59.54960835509139,4741,4499,9240,60.313315926892955,4358,4161,8519,55.6070496083551,3677,3362,7039,45.94647519582246,5295,4880,10175,66.41644908616188,6022,5595,11617,75.8289817232376,5575,5371,10946,71.44908616187989,4756,4264,9020,58.87728459530026,4336,4081,8417,54.941253263707566,3792,3644,7436,48.8856748405759,872,852,1724,20.11668611435239,0804800000,2nd
Allen,2025,134,133,267,50.37735849056604,287,274,561,97.05882352941177,588,489,1077,186.33217993079586,191,182,373,64.53287197231833,203,386,589,101.90311418685121,262,229,491,84.94809688581316,162,149,311,53.806228373702425,184,148,332,57.43944636678201,164,152,316,54.67128027681662,170,159,329,56.92041522491349,183,148,331,57.266435986159166,184,166,350,60.553633217993074,229,203,432,74.74048442906575,244,222,466,80.62283737024222,185,151,336,58.13148788927336,175,160,335,57.95847750865052,150,141,291,51.232394366197184,50,32,82,32.93172690763052,0804801000,5th
Biri,2025,44,38,82,29.71014492753623,63,55,118,39.33333333333333,38,37,75,25.0,81,73,154,51.33333333333333,89,95,184,61.33333333333333,116,99,215,71.66666666666667,79,80,159,53.0,87,82,169,56.333333333333336,93,82,175,58.333333333333336,92,83,175,58.333333333333336,91,59,150,50.0,79,78,157,52.33333333333333,105,93,198,66.0,121,96,217,72.33333333333334,95,63,158,52.666666666666664,84,69,153,51.0,80,62,142,47.81144781144781,4,5,9,6.25,0804802000,5th
Bobon,2025,154,163,317,55.908289241622576,81,88,169,27.569331158238175,38,48,86,14.02936378466558,248,226,474,77.32463295269169,255,268,523,85.31810766721044,293,298,591,96.4110929853181,230,203,433,70.63621533442088,223,232,455,74.22512234910276,217,239,456,74.38825448613376,235,234,469,76.5089722675367,207,230,437,71.28874388254486,275,240,515,84.01305057096248,297,317,614,100.16313213703098,289,307,596,97.22675367047309,212,231,443,72.26753670473083,230,219,449,73.2463295269168,207,199,406,66.44844517184943,27,39,66,39.285714285714285,0804803000,4th
Capul,2025,64,49,113,45.564516129032256,63,59,122,46.0377358490566,65,54,119,44.905660377358494,83,74,157,59.24528301886792,82,71,153,57.73584905660377,95,74,169,63.77358490566037,77,67,144,54.339622641509436,73,62,135,50.943396226415096,74,59,133,50.18867924528302,82,62,144,54.339622641509436,88,61,149,56.22641509433962,89,77,166,62.64150943396226,110,96,206,77.73584905660378,123,92,215,81.13207547169812,90,65,155,58.490566037735846,86,76,162,61.13207547169811,84,75,159,60.22727272727273,3,0,3,3.488372093023256,0804804000,5th
Catarman ,2025,291,354,645,28.679413072476656,2119,1986,4105,167.75643645279933,2754,2571,5325,217.61340416836944,863,848,1711,69.92235390273804,891,838,1729,70.65794850837761,975,991,1966,80.34327748263179,725,728,1453,59.37883122190437,709,698,1407,57.4989783408255,664,688,1352,55.251328156926846,608,638,1246,50.91949325704945,455,477,932,38.087454025337145,762,762,1524,62.28034327748263,856,810,1666,68.08336738863915,641,709,1350,55.1695954229669,676,698,1374,56.150388230486314,573,590,1163,47.527584797711484,463,441,904,37.247630819942316,244,242,486,27.787307032590054,0804805000,1st
Catubig,2025,130,166,296,44.51127819548872,204,227,431,60.44880785413744,225,302,527,73.91304347826086,242,263,505,70.82748948106592,261,317,578,81.06591865357645,314,322,636,89.20056100981768,201,229,430,60.3085553997195,208,253,461,64.65638148667601,221,270,491,68.86395511921458,188,231,419,58.76577840112201,139,144,283,39.691444600280505,239,257,496,69.56521739130434,259,301,560,78.5413744740533,206,237,443,62.13183730715287,187,185,372,52.17391304347826,174,197,371,52.033660589060304,154,158,312,44.00564174894217,39,60,99,21.336206896551722,0804806000,3rd
Gamay,2025,142,119,261,67.26804123711341,174,136,310,73.63420427553444,139,126,265,62.94536817102138,194,153,347,82.42280285035629,212,150,362,85.98574821852732,229,205,434,103.08788598574823,186,146,332,78.85985748218528,188,130,318,75.53444180522565,194,142,336,79.80997624703087,183,117,300,71.25890736342043,130,123,253,60.09501187648456,211,170,381,90.49881235154395,245,197,442,104.98812351543943,204,191,395,93.82422802850357,161,146,307,72.92161520190024,145,163,308,73.15914489311164,135,144,279,67.2289156626506,18,24,42,24.137931034482758,0804807000,4th
Laoang,2025,329,309,638,50.91779728651237,439,376,815,60.19202363367799,334,305,639,47.19350073855244,404,396,800,59.08419497784343,413,435,848,62.62924667651403,512,536,1048,77.40029542097489,325,326,651,48.079763663220085,326,370,696,51.40324963072378,384,345,729,53.84047267355982,287,296,583,43.057607090103396,147,157,304,22.451994091580502,394,387,781,57.680945347119646,334,349,683,50.443131462333824,348,369,717,52.95420974889217,409,360,769,56.79468242245199,391,383,774,57.163958641063516,351,417,768,56.76274944567628,62,101,163,19.878048780487806,0804808000,2nd
Lapinig,2025,70,52,122,38.730158730158735,82,66,148,44.17910447761194,72,60,132,39.40298507462687,104,81,185,55.223880597014926,111,117,228,68.05970149253731,125,119,244,72.83582089552239,85,74,159,47.462686567164184,86,100,186,55.52238805970149,87,89,176,52.537313432835816,87,96,183,54.62686567164179,79,98,177,52.83582089552239,124,116,240,71.64179104477611,135,117,252,75.22388059701493,125,109,234,69.85074626865672,96,99,195,58.2089552238806,97,100,197,58.805970149253724,99,98,197,59.696969696969695,0,0,0,0.0,0804809000,5th
Las Navas,2025,121,99,220,25.171624713958813,225,224,449,47.4630021141649,63,54,117,12.367864693446089,293,304,597,63.107822410147996,354,332,686,72.51585623678648,385,389,774,81.81818181818183,248,237,485,51.26849894291755,250,229,479,50.63424947145877,236,244,480,50.7399577167019,151,155,306,32.346723044397464,123,114,237,25.052854122621564,327,288,615,65.01057082452432,335,303,638,67.44186046511628,323,300,623,65.85623678646935,246,242,488,51.58562367864693,232,194,426,45.03171247357294,174,169,343,36.2962962962963,63,55,118,18.294573643410853,0804810000,3rd
Lavezares,2025,21,13,34,5.492730210016155,123,116,239,35.56547619047619,18,15,33,4.910714285714286,245,222,467,69.49404761904762,264,259,523,77.82738095238095,292,268,560,83.33333333333334,224,213,437,65.02976190476191,223,219,442,65.77380952380952,219,225,444,66.07142857142857,199,212,411,61.16071428571429,221,203,424,63.095238095238095,243,217,460,68.45238095238095,305,289,594,88.39285714285714,291,283,574,85.41666666666666,233,207,440,65.47619047619048,220,206,426,63.39285714285714,188,183,371,55.53892215568862,42,27,69,18.157894736842106,0804811000,4th
Mapanas,2025,21,24,45,14.376996805111823,93,71,164,47.8134110787172,24,21,45,13.119533527696792,113,105,218,63.55685131195335,138,101,239,69.67930029154519,172,140,312,90.96209912536443,122,91,213,62.09912536443149,118,94,212,61.80758017492711,129,105,234,68.22157434402332,108,94,202,58.89212827988338,94,83,177,51.60349854227405,147,112,259,75.51020408163265,183,148,331,96.50145772594753,173,147,320,93.29446064139941,130,104,234,68.22157434402332,126,114,240,69.97084548104957,106,93,199,59.226190476190474,28,24,52,36.87943262411347,0804812000,5th
Mondragon,2025,259,214,473,46.10136452241716,205,183,388,35.081374321880645,203,179,382,34.53887884267631,429,335,764,69.07775768535262,452,338,790,71.42857142857143,490,367,857,77.48643761301989,381,319,700,63.29113924050633,394,299,693,62.65822784810127,386,298,684,61.84448462929476,379,288,667,60.30741410488246,376,282,658,59.49367088607595,423,333,756,68.35443037974683,515,402,917,82.91139240506328,492,421,913,82.54972875226039,419,310,729,65.91320072332731,331,275,606,54.79204339963834,315,260,575,52.41567912488605,39,18,57,13.25581395348837,0804813000,3rd
Palapag,2025,146,149,295,40.46639231824417,135,143,278,35.23447401774398,146,149,295,37.38910012674271,297,242,539,68.31432192648923,313,281,594,75.2851711026616,340,313,653,82.76299112801014,279,231,510,64.63878326996198,281,238,519,65.77946768060836,304,260,564,71.48288973384031,270,253,523,66.28643852978455,171,146,317,40.17743979721166,271,231,502,63.624841571609636,305,257,562,71.22940430925222,294,274,568,71.98986058301648,243,214,457,57.92141951837769,227,215,442,56.020278833967055,220,205,425,54.347826086956516,15,18,33,7.746478873239436,0804814000,3rd
Pambujan,2025,139,141,280,39.6600566572238,151,166,317,41.27604166666667,60,84,144,18.75,283,286,569,74.08854166666666,303,296,599,77.99479166666666,349,368,717,93.359375,237,247,484,63.020833333333336,224,226,450,58.59375,248,243,491,63.932291666666664,236,246,482,62.760416666666664,221,220,441,57.421875,286,298,584,76.04166666666666,316,318,634,82.55208333333334,267,273,540,70.3125,237,237,474,61.71875,218,190,408,53.125,174,162,336,43.92156862745098,78,66,144,29.87551867219917,0804815000,4th
Rosario,2025,30,28,58,21.722846441947567,36,37,73,25.704225352112676,29,29,58,20.422535211267608,103,77,180,63.38028169014085,108,100,208,73.23943661971832,127,119,246,86.61971830985915,81,71,152,53.52112676056338,88,74,162,57.04225352112676,83,70,153,53.87323943661971,81,66,147,51.76056338028169,61,48,109,38.38028169014084,109,96,205,72.1830985915493,116,98,214,75.35211267605634,102,110,212,74.64788732394366,92,72,164,57.74647887323944,91,84,175,61.61971830985915,91,83,174,61.92170818505338,2,7,9,6.569343065693431,0804816000,5th
San Antonio,2025,31,24,55,32.73809523809524,43,34,77,42.5414364640884,30,20,50,27.624309392265197,52,48,100,55.24861878453039,51,63,114,62.98342541436463,62,56,118,65.19337016574586,51,51,102,56.353591160220994,51,60,111,61.32596685082873,54,58,112,61.87845303867403,51,51,102,56.353591160220994,39,34,73,40.331491712707184,56,52,108,59.66850828729282,70,74,144,79.55801104972376,74,64,138,76.24309392265194,61,48,109,60.22099447513812,51,47,98,54.14364640883977,50,45,95,52.48618784530387,3,2,5,7.246376811594203,0804817000,5th
San Isidro,2025,102,94,196,30.866141732283463,144,140,284,40.98124098124098,1,4,5,0.7215007215007215,242,228,470,67.82106782106783,259,239,498,71.86147186147186,353,314,667,96.24819624819625,210,191,401,57.86435786435786,215,202,417,60.17316017316018,210,219,429,61.904761904761905,229,196,425,61.327561327561334,230,170,400,57.72005772005772,229,213,442,63.78066378066378,311,269,580,83.6940836940837,279,253,532,76.76767676767676,249,201,450,64.93506493506493,227,198,425,61.327561327561334,196,178,374,54.67836257309941,38,30,68,22.22222222222222,0804818000,4th
San Jose,2025,118,108,226,55.528255528255535,26,34,60,13.761467889908257,2,2,4,0.9174311926605505,180,162,342,78.44036697247707,180,161,341,78.21100917431193,212,200,412,94.4954128440367,160,149,309,70.87155963302753,152,153,305,69.95412844036697,157,154,311,71.3302752293578,148,155,303,69.4954128440367,157,144,301,69.03669724770643,184,179,363,83.25688073394495,198,200,398,91.28440366972477,180,172,352,80.73394495412845,154,140,294,67.43119266055045,133,133,266,61.00917431192661,125,139,264,60.689655172413794,9,4,13,8.666666666666668,0804819000,5th
San Roque,2025,97,100,197,24.320987654320987,107,100,207,23.8204833141542,102,85,187,21.518987341772153,204,227,431,49.59723820483315,236,243,479,55.12082853855006,369,302,671,77.21518987341773,194,213,407,46.835443037974684,204,210,414,47.6409666283084,228,210,438,50.40276179516686,212,212,424,48.791714614499426,184,169,353,40.62140391254315,216,220,436,50.17261219792866,298,283,581,66.85845799769851,296,300,596,68.58457997698504,223,192,415,47.7560414269275,191,193,384,44.18872266973533,180,170,350,40.60324825986079,34,36,70,11.200000000000001,0804820000,4th
San Vicente,2025,38,29,67,48.9051094890511,26,31,57,38.25503355704698,7,13,20,13.422818791946309,38,51,89,59.73154362416108,36,50,86,57.71812080536913,55,61,116,77.85234899328859,27,41,68,45.63758389261745,26,40,66,44.29530201342282,29,41,70,46.97986577181208,35,36,71,47.651006711409394,16,18,34,22.818791946308725,42,50,92,61.74496644295302,46,61,107,71.81208053691275,47,45,92,61.74496644295302,30,33,63,42.281879194630875,26,26,52,34.899328859060404,20,20,40,26.845637583892618,5,7,12,15.18987341772152,0804821000,6th
Silvino Lobos,2025,32,20,52,17.218543046357617,92,86,178,52.976190476190474,26,25,51,15.178571428571427,108,104,212,63.095238095238095,105,102,207,61.60714285714286,109,101,210,62.5,105,98,203,60.416666666666664,95,80,175,52.083333333333336,93,76,169,50.297619047619044,78,56,134,39.88095238095239,51,46,97,28.869047619047617,114,106,220,65.47619047619048,110,106,216,64.28571428571429,101,89,190,56.547619047619044,62,64,126,37.5,63,53,116,34.523809523809526,44,41,85,25.297619047619047,21,17,38,18.81188118811881,0804822000,4th
Victoria,2025,18,6,24,7.667731629392971,87,72,159,46.62756598240469,14,11,25,7.331378299120235,134,90,224,65.6891495601173,149,116,265,77.71260997067448,197,160,357,104.69208211143695,137,86,223,65.39589442815249,137,104,241,70.67448680351906,136,105,241,70.67448680351906,136,106,242,70.96774193548387,116,97,213,62.4633431085044,144,95,239,70.08797653958945,180,137,317,92.96187683284457,188,149,337,98.82697947214076,139,101,240,70.38123167155426,123,89,212,62.17008797653959,97,71,168,50.14925373134328,13,9,22,10.377358490566039,0804823000,5th
Lope De Vega,2025,49,49,98,27.22222222222222,61,52,113,29.658792650918635,0,4,4,1.0498687664041995,139,136,275,72.17847769028872,166,155,321,84.25196850393701,186,162,348,91.33858267716536,130,128,258,67.71653543307087,140,138,278,72.96587926509186,131,125,256,67.19160104986877,113,119,232,60.892388451443566,98,91,189,49.60629921259843,147,137,284,74.54068241469817,164,167,331,86.8766404199475,167,159,326,85.56430446194226,127,101,228,59.84251968503938,122,107,229,60.10498687664042,89,90,179,46.981627296587924,35,29,64,28.07017543859649,0804824000,4th
Samar,2025,2573,2420,4993,29.185176525602056,4883,4658,9541,51.6903239787626,3674,3455,7129,38.6228193737133,6704,6337,13041,70.65229168924044,7459,7013,14472,78.4050276302958,8476,7898,16374,88.70950265467548,5738,5323,11061,59.92523567017012,5808,5325,11133,60.31531043449995,5848,5380,11228,60.82999241521292,5993,5428,11421,61.87560949181926,5179,4843,10022,54.29624011268827,8128,7536,15664,84.86293206197854,7928,7606,15534,84.15863040416079,6979,6607,13586,73.60494094701484,6084,5462,11546,62.552822624336336,5603,5071,10674,57.82858381189728,4572,4193,8765,47.932844799300014,1437,1303,2740,24.451186864179903,0806000000,1st
Almagro,2025,10,8,18,13.333333333333334,28,24,52,35.86206896551724,12,12,24,16.551724137931036,37,40,77,53.103448275862064,44,38,82,56.55172413793104,49,51,100,68.96551724137932,38,42,80,55.172413793103445,45,41,86,59.310344827586206,50,44,94,64.82758620689654,53,43,96,66.20689655172414,42,37,79,54.48275862068965,48,51,99,68.27586206896552,60,69,129,88.96551724137932,64,53,117,80.6896551724138,45,45,90,62.06896551724138,41,30,71,48.96551724137931,34,30,64,44.13793103448276,8,5,13,12.871287128712872,0806001000,5th
Basey,2025,399,356,755,62.60364842454395,447,419,866,65.95582635186595,454,415,869,66.18431073876619,555,542,1097,83.54912414318355,642,610,1252,95.35415079969536,737,684,1421,108.22543792840821,498,486,984,74.94287890327494,517,452,969,73.8004569687738,522,462,984,74.94287890327494,523,471,994,75.70449352627571,577,536,1113,84.76770753998477,715,696,1411,107.46382330540747,738,675,1413,107.61614623000762,673,607,1280,97.48667174409749,537,490,1027,78.21782178217822,569,513,1082,82.4067022086824,417,394,811,62.00305810397554,158,120,278,33.17422434367542,0806002000,1st
City of Calbayog,2025,392,443,835,20.101107366393837,1670,1654,3324,73.86666666666667,1416,1347,2763,61.4,1698,1626,3324,73.86666666666667,1802,1749,3551,78.91111111111111,2223,2091,4314,95.86666666666666,1618,1574,3192,70.93333333333334,1614,1568,3182,70.71111111111111,1727,1575,3302,73.37777777777778,1695,1510,3205,71.22222222222221,1377,1279,2656,59.02222222222222,2196,2095,4291,95.35555555555555,1963,1961,3924,87.2,1803,1751,3554,78.97777777777777,1601,1459,3060,68.0,1373,1244,2617,58.15555555555556,1108,1022,2130,47.64034891523149,357,346,703,25.66630156991603,0806003000,1st
Calbiga,2025,29,22,51,10.851063829787234,92,81,173,34.5309381237525,29,24,53,10.578842315369261,187,166,353,70.45908183632734,204,192,396,79.04191616766467,233,225,458,91.41716566866268,155,129,284,56.68662674650699,161,131,292,58.28343313373253,146,127,273,54.49101796407185,167,149,316,63.07385229540918,149,138,287,57.28542914171657,207,178,385,76.84630738522954,235,223,458,91.41716566866268,227,197,424,84.63073852295409,165,151,316,63.07385229540918,163,142,305,60.87824351297405,129,113,242,48.79032258064516,31,25,56,20.51282051282051,0806004000,4th
City of Catbalogan ,2025,709,629,1338,53.69181380417335,662,613,1275,47.41539605801413,582,535,1117,41.53960580141317,926,848,1774,65.97248047601339,1011,923,1934,71.92264782447006,1114,995,2109,78.43064336184456,769,649,1418,52.73335812569728,738,634,1372,51.02268501301599,702,611,1313,48.828560803272595,732,650,1382,51.39457047229453,654,591,1245,46.299739680178504,1188,1074,2262,84.12049088880624,1020,953,1973,73.37300111565638,840,818,1658,61.65860914838229,865,726,1591,59.16697657121607,927,853,1780,66.19561175158051,841,759,1600,60.3090840557859,140,113,253,18.548387096774192,0806005000,5th
Daram,2025,45,49,94,11.76470588235294,135,120,255,29.61672473867596,86,89,175,20.32520325203252,296,290,586,68.06039488966317,333,327,660,76.65505226480836,327,263,590,68.52497096399536,244,207,451,52.38095238095239,276,222,498,57.8397212543554,288,243,531,61.672473867595826,240,194,434,50.40650406504065,231,179,410,47.61904761904761,308,275,583,67.71196283391406,316,293,609,70.73170731707317,272,242,514,59.69802555168408,251,212,463,53.7746806039489,207,173,380,44.134727061556326,128,91,219,25.76470588235294,122,125,247,37.254901960784316,0806006000,3rd
Gandara,2025,55,56,111,14.528795811518325,214,221,435,52.919708029197075,54,54,108,13.138686131386862,322,350,672,81.75182481751825,344,334,678,82.48175182481752,310,318,628,76.39902676399026,240,263,503,61.19221411192214,226,243,469,57.05596107055961,234,232,466,56.69099756690997,219,229,448,54.50121654501216,135,135,270,32.846715328467155,314,310,624,75.91240875912408,294,295,589,71.65450121654501,239,242,481,58.51581508515815,225,195,420,51.09489051094891,182,169,351,42.700729927007295,135,126,261,31.751824817518248,41,53,94,15.284552845528454,0806007000,2nd
Hinabangan,2025,71,64,135,58.951965065502186,96,74,170,66.92913385826772,66,60,126,49.60629921259843,134,105,239,94.09448818897637,160,124,284,111.81102362204724,168,126,294,115.74803149606299,108,91,199,78.34645669291339,112,89,201,79.13385826771653,114,96,210,82.67716535433071,120,91,211,83.07086614173228,96,82,178,70.07874015748031,152,111,263,103.54330708661416,162,130,292,114.96062992125984,140,115,255,100.39370078740157,110,83,193,75.98425196850394,103,73,176,69.29133858267717,81,56,137,54.36507936507936,32,22,54,38.028169014084504,0806008000,4th*
Jiabong,2025,55,51,106,23.873873873873876,48,53,101,21.398305084745765,59,55,114,24.152542372881356,145,120,265,56.144067796610166,170,163,333,70.55084745762711,148,170,318,67.37288135593221,120,108,228,48.30508474576271,124,129,253,53.60169491525424,111,118,229,48.516949152542374,126,134,260,55.08474576271186,89,90,179,37.92372881355932,163,151,314,66.52542372881356,149,140,289,61.228813559322035,120,110,230,48.728813559322035,119,100,219,46.39830508474576,93,105,198,41.94915254237288,99,114,213,46.20390455531454,17,34,51,27.717391304347828,0806009000,5th
Marabut,2025,82,55,137,38.81019830028329,115,79,194,50.520833333333336,107,70,177,46.09375,142,102,244,63.541666666666664,161,143,304,79.16666666666666,181,169,350,91.14583333333334,130,100,230,59.895833333333336,133,105,238,61.979166666666664,109,111,220,57.291666666666664,120,111,231,60.15625,97,105,202,52.604166666666664,163,116,279,72.65625,177,160,337,87.76041666666666,166,143,309,80.46875,108,107,215,55.989583333333336,98,99,197,51.302083333333336,72,72,144,37.5,39,45,84,32.94117647058823,0806010000,5th
Matuguinao,2025,23,22,45,24.456521739130434,85,74,159,82.38341968911918,63,48,111,57.51295336787565,105,81,186,96.37305699481865,107,69,176,91.19170984455958,114,88,202,104.66321243523315,95,73,168,87.04663212435233,93,59,152,78.75647668393782,89,66,155,80.31088082901555,89,69,158,81.86528497409327,78,67,145,75.12953367875647,128,99,227,117.61658031088082,119,98,217,112.43523316062176,103,95,198,102.59067357512954,90,78,168,87.04663212435233,78,65,143,74.09326424870466,72,60,132,69.84126984126983,13,10,23,18.11023622047244,0806011000,5th
Motiong,2025,16,21,37,11.246200607902736,73,77,150,42.61363636363637,51,45,96,27.27272727272727,132,116,248,70.45454545454545,136,134,270,76.70454545454545,179,145,324,92.04545454545455,105,89,194,55.11363636363637,103,95,198,56.25,90,89,179,50.85227272727273,134,99,233,66.19318181818183,82,77,159,45.17045454545455,194,160,354,100.56818181818181,190,162,352,100.0,142,117,259,73.57954545454545,112,100,212,60.22727272727273,100,68,168,47.72727272727273,66,55,121,35.07246376811594,41,17,58,25.438596491228072,0806012000,4th
Pinabacdao,2025,15,28,43,12.647058823529411,52,81,133,35.752688172043015,15,29,44,11.827956989247312,132,128,260,69.89247311827957,156,140,296,79.56989247311827,180,197,377,101.34408602150538,127,119,246,66.12903225806451,118,105,223,59.946236559139784,120,109,229,61.55913978494624,119,121,240,64.51612903225806,87,82,169,45.43010752688172,158,170,328,88.17204301075269,167,141,308,82.79569892473118,119,136,255,68.54838709677419,109,104,213,57.25806451612904,103,98,201,54.03225806451613,91,83,174,47.15447154471545,43,48,91,32.851985559566785,0806013000,4th
San Jose De Buan,2025,37,26,63,32.8125,43,46,89,42.58373205741627,37,28,65,31.100478468899524,71,83,154,73.68421052631578,61,74,135,64.5933014354067,78,78,156,74.64114832535886,63,75,138,66.02870813397129,57,59,116,55.50239234449761,56,55,111,53.110047846889955,53,58,111,53.110047846889955,26,45,71,33.97129186602871,88,89,177,84.688995215311,85,81,166,79.42583732057416,75,76,151,72.24880382775119,50,42,92,44.01913875598086,37,46,83,39.71291866028708,35,34,69,33.17307692307692,15,12,27,17.763157894736842,0806014000,4th
San Sebastian,2025,7,8,15,7.177033492822966,23,12,35,15.625,9,9,18,8.035714285714286,68,50,118,52.67857142857143,82,64,146,65.17857142857143,82,75,157,70.08928571428571,57,47,104,46.42857142857143,61,46,107,47.767857142857146,63,49,112,50.0,63,50,113,50.44642857142857,55,40,95,42.410714285714285,84,70,154,68.75,90,72,162,72.32142857142857,79,73,152,67.85714285714286,67,47,114,50.89285714285714,60,42,102,45.535714285714285,56,31,87,39.01345291479821,5,9,14,9.395973154362416,0806015000,6th
Santa Margarita,2025,122,119,241,38.996763754045304,189,182,371,56.21212121212121,59,64,123,18.636363636363637,249,245,494,74.84848484848486,263,266,529,80.15151515151516,317,298,615,93.18181818181817,182,188,370,56.060606060606055,187,185,372,56.36363636363636,180,175,355,53.78787878787878,207,200,407,61.66666666666667,196,196,392,59.3939393939394,287,265,552,83.63636363636363,289,322,611,92.57575757575758,300,270,570,86.36363636363636,227,224,451,68.33333333333333,245,189,434,65.75757575757576,231,182,413,63.149847094801224,20,16,36,10.975609756097562,0806016000,4th
Santa Rita,2025,189,159,348,34.489593657086225,247,229,476,43.669724770642205,261,237,498,45.68807339449542,331,304,635,58.256880733944946,444,380,824,75.59633027522936,467,399,866,79.44954128440367,292,265,557,51.10091743119266,314,293,607,55.688073394495405,285,296,581,53.30275229357798,308,287,595,54.58715596330275,278,242,520,47.706422018348626,365,327,692,63.48623853211009,428,402,830,76.14678899082568,329,291,620,56.88073394495413,318,274,592,54.31192660550459,289,261,550,50.45871559633027,237,220,457,42.275670675300645,53,42,95,17.025089605734767,0806017000,3rd*
Santo Niño,2025,21,13,34,15.74074074074074,68,51,119,50.0,15,10,25,10.504201680672269,94,73,167,70.16806722689076,113,100,213,89.49579831932773,123,113,236,99.15966386554622,71,53,124,52.10084033613446,69,56,125,52.52100840336135,69,61,130,54.621848739495796,76,57,133,55.88235294117647,76,77,153,64.28571428571429,103,84,187,78.57142857142857,101,95,196,82.35294117647058,98,78,176,73.94957983193278,88,66,154,64.70588235294117,64,68,132,55.46218487394958,45,42,87,36.554621848739494,29,38,67,43.506493506493506,0806018000,5th
Talalora,2025,27,24,51,33.33333333333333,53,40,93,56.36363636363636,48,43,91,55.15151515151515,63,71,134,81.21212121212122,73,76,149,90.30303030303031,90,92,182,110.3030303030303,63,58,121,73.33333333333333,61,56,117,70.9090909090909,59,58,117,70.9090909090909,62,56,118,71.51515151515152,44,52,96,58.18181818181818,74,67,141,85.45454545454545,73,85,158,95.75757575757575,66,83,149,90.30303030303031,55,66,121,73.33333333333333,46,64,110,66.66666666666666,34,57,91,56.17283950617284,17,10,27,29.347826086956523,0806019000,6th
Tarangnan,2025,74,51,125,20.424836601307188,106,84,190,29.00763358778626,24,22,46,7.022900763358779,168,164,332,50.68702290076336,195,162,357,54.50381679389314,247,233,480,73.2824427480916,123,119,242,36.94656488549619,138,121,259,39.541984732824424,144,161,305,46.56488549618321,131,126,257,39.23664122137404,113,108,221,33.74045801526718,206,193,399,60.91603053435114,249,234,483,73.74045801526718,215,210,425,64.8854961832061,158,154,312,47.63358778625954,164,135,299,45.648854961832065,120,107,227,35.24844720496895,53,42,95,19.95798319327731,0806020000,4th
Villareal,2025,20,20,40,8.403361344537815,91,92,183,35.60311284046693,27,35,62,12.062256809338521,188,165,353,68.67704280155642,227,205,432,84.04669260700389,277,264,541,105.25291828793775,152,127,279,54.280155642023345,162,146,308,59.92217898832685,172,139,311,60.505836575875485,185,163,348,67.70428015564202,184,172,356,69.26070038910505,214,194,408,79.37743190661479,259,234,493,95.91439688715954,235,216,451,87.7431906614786,200,162,362,70.42801556420234,164,149,313,60.89494163424124,132,123,255,50.09823182711198,63,44,107,39.92537313432835,0806021000,4th*
Paranas,2025,84,116,200,27.70083102493075,136,143,279,36.3754889178618,83,98,181,23.598435462842243,256,258,514,67.01434159061279,319,309,628,81.87744458930901,380,354,734,95.69752281616688,198,175,373,48.63102998696219,212,189,401,52.28161668839635,231,190,421,54.88917861799217,258,230,488,63.6245110821382,225,196,421,54.88917861799217,332,308,640,83.44198174706649,333,315,648,84.48500651890483,268,270,538,70.14341590612777,260,222,482,62.84224250325945,209,179,388,50.58670143415907,182,160,342,45.059288537549406,41,31,72,14.96881496881497,0806022000,2nd
Zumarraga,2025,26,16,42,12.034383954154727,49,40,89,23.42105263157895,23,21,44,11.578947368421053,146,136,282,74.21052631578947,159,150,309,81.3157894736842,158,150,308,81.05263157894737,94,87,181,47.63157894736842,93,84,177,46.578947368421055,90,80,170,44.73684210526316,102,91,193,50.78947368421053,94,80,174,45.78947368421053,144,132,276,72.63157894736842,141,142,283,74.47368421052632,129,115,244,64.21052631578948,117,101,218,57.36842105263158,101,83,184,48.421052631578945,82,71,153,40.909090909090914,48,49,97,35.53113553113553,0806023000,5th*
Tagapul-An,2025,36,28,64,44.44444444444444,56,50,106,68.83116883116884,49,40,89,57.7922077922078,46,44,90,58.44155844155844,51,47,98,63.63636363636363,61,69,130,84.4155844155844,53,57,110,71.42857142857143,56,56,112,72.72727272727273,58,61,119,77.27272727272727,56,60,116,75.32467532467533,50,62,112,72.72727272727273,55,59,114,74.02597402597402,89,97,186,120.7792207792208,89,90,179,116.23376623376625,48,63,111,72.07792207792207,39,64,103,66.88311688311688,36,64,100,65.78947368421053,10,0,10,14.084507042253522,0806024000,5th*
San Jorge,2025,18,22,40,10.526315789473683,84,93,177,43.48894348894349,37,55,92,22.604422604422606,165,185,350,85.995085995086,161,185,346,85.01228501228502,174,195,369,90.66339066339066,110,114,224,55.03685503685504,112,126,238,58.47665847665847,110,135,245,60.1965601965602,119,138,257,63.14496314496314,94,124,218,53.56265356265356,170,198,368,90.41769041769042,133,165,298,73.21867321867322,120,141,261,64.12776412776412,105,139,244,59.95085995085995,100,119,219,53.8083538083538,71,92,163,40.75,30,39,69,21.36222910216718,0806025000,4th
Pagsanghan,2025,11,14,25,19.379844961240313,21,26,47,34.306569343065696,8,10,18,13.138686131386862,48,45,93,67.88321167883211,41,49,90,65.69343065693431,59,56,115,83.94160583941606,33,28,61,44.52554744525548,26,35,61,44.52554744525548,29,37,66,48.175182481751825,36,41,77,56.20437956204379,50,51,101,73.72262773722628,72,64,136,99.27007299270073,68,62,130,94.8905109489051,68,68,136,99.27007299270073,54,52,106,77.37226277372264,48,40,88,64.23357664233576,38,35,73,53.284671532846716,11,8,19,25.333333333333336,0806026000,5th
Southern Leyte,2025,1713,1745,3458,46.8119669689996,2040,2148,4188,52.063649925410246,1852,1923,3775,46.92938836399801,2312,2188,4500,55.94231725509696,2503,2306,4809,59.78368970661363,2820,2676,5496,68.32421680755843,2127,1989,4116,51.1685728493287,2095,2012,4107,51.0566882148185,2140,2049,4189,52.076081551466935,2132,2059,4191,52.100944803580305,2045,1966,4011,49.863252113376426,2603,2293,4896,60.865241173545506,2960,2837,5797,72.06613625062158,2862,2701,5563,69.15713575335654,2229,2113,4342,53.978120338140236,2327,2132,4459,55.43262058677275,2203,2050,4253,53.003489531405776,184,150,334,8.637186449444014,0806400000,3rd
Anahawan,2025,49,26,75,59.055118110236215,48,26,74,53.23741007194245,44,24,68,48.92086330935252,47,45,92,66.18705035971223,46,43,89,64.02877697841727,46,54,100,71.94244604316546,46,46,92,66.18705035971223,42,44,86,61.87050359712231,38,52,90,64.74820143884892,38,46,84,60.431654676258994,34,26,60,43.16546762589928,52,49,101,72.66187050359713,63,63,126,90.64748201438849,56,49,105,75.53956834532374,40,37,77,55.39568345323741,40,32,72,51.798561151079134,40,32,72,51.798561151079134,0,0,0,0.0,0806401000,5th
Bontoc,2025,139,167,306,65.2452025586354,168,171,339,65.95330739299611,52,67,119,23.151750972762645,210,188,398,77.431906614786,217,187,404,78.59922178988327,222,198,420,81.71206225680933,211,181,392,76.26459143968872,200,180,380,73.92996108949417,224,179,403,78.40466926070039,223,178,401,78.01556420233463,229,194,423,82.29571984435798,229,196,425,82.68482490272373,276,238,514,100.0,270,228,498,96.88715953307393,225,200,425,82.68482490272373,220,185,405,78.79377431906615,218,181,399,77.77777777777779,3,4,7,4.605263157894736,0806402000,4th*
Hinunangan,2025,112,132,244,58.93719806763285,130,128,258,57.71812080536913,109,120,229,51.23042505592841,157,153,310,69.35123042505593,154,158,312,69.79865771812081,184,189,373,83.44519015659955,157,152,309,69.12751677852349,151,157,308,68.90380313199105,145,160,305,68.23266219239373,136,160,296,66.2192393736018,154,170,324,72.48322147651007,172,181,353,78.97091722595079,226,213,439,98.2102908277405,218,203,421,94.1834451901566,150,170,320,71.58836689038031,156,161,317,70.917225950783,150,156,306,68.45637583892618,8,6,14,11.864406779661017,0806403000,3rd
Hinundayan,2025,62,63,125,70.2247191011236,62,63,125,63.45177664974619,60,64,124,62.944162436548226,67,61,128,64.9746192893401,69,66,135,68.52791878172589,69,72,141,71.57360406091371,65,61,126,63.95939086294417,70,65,135,68.52791878172589,69,67,136,69.03553299492386,70,68,138,70.05076142131979,70,63,133,67.51269035532995,65,61,126,63.95939086294417,70,64,134,68.02030456852792,69,67,136,69.03553299492386,71,61,132,67.00507614213198,55,49,104,52.79187817258884,52,47,99,50.25380710659898,12,10,22,33.84615384615385,0806404000,5th
Libagon,2025,74,66,140,44.72843450479233,64,68,132,39.63963963963964,69,58,127,38.13813813813814,99,100,199,59.75975975975976,98,107,205,61.56156156156156,99,125,224,67.26726726726727,106,101,207,62.16216216216216,98,102,200,60.06006006006006,82,110,192,57.65765765765766,83,109,192,57.65765765765766,101,80,181,54.35435435435435,110,109,219,65.76576576576578,135,133,268,80.48048048048048,116,133,249,74.77477477477478,97,83,180,54.054054054054056,103,68,171,51.35135135135135,92,62,154,46.246246246246244,10,9,19,10.857142857142858,0806405000,5th
Liloan,2025,74,73,147,35.25179856115108,76,76,152,33.11546840958606,74,73,147,32.02614379084967,125,113,238,51.85185185185185,123,114,237,51.633986928104584,154,137,291,63.39869281045751,80,59,139,30.28322440087146,69,56,125,27.233115468409586,71,57,128,27.886710239651418,71,51,122,26.57952069716776,69,63,132,28.75816993464052,137,115,252,54.90196078431373,163,136,299,65.14161220043573,149,147,296,64.4880174291939,128,109,237,51.633986928104584,122,112,234,50.98039215686274,117,107,224,48.80174291938998,11,9,20,9.1324200913242,0806406000,4th*
City of Maasin ,2025,287,269,556,36.174365647365,590,716,1306,78.15679233991621,597,644,1241,74.26690604428487,405,403,808,48.35427887492519,482,453,935,55.95451825254338,538,514,1052,62.95631358467983,394,374,768,45.960502692998205,412,409,821,49.13225613405147,421,375,796,47.6361460203471,411,367,778,46.55894673847995,330,328,658,39.37761819269898,435,372,807,48.29443447037702,411,410,821,49.13225613405147,432,412,844,50.50867743865949,372,371,743,44.464392579293836,476,428,904,54.099341711549975,445,405,850,50.95923261390888,54,44,98,10.687022900763358,0806407000,4th
Macrohon,2025,119,139,258,62.926829268292686,104,128,232,51.32743362831859,113,131,244,53.98230088495575,154,137,291,64.38053097345133,155,135,290,64.15929203539822,153,159,312,69.02654867256636,105,97,202,44.690265486725664,100,97,197,43.584070796460175,98,94,192,42.47787610619469,111,115,226,50.0,124,120,244,53.98230088495575,164,142,306,67.69911504424779,193,207,400,88.49557522123894,163,169,332,73.45132743362832,128,118,246,54.424778761061944,125,119,244,53.98230088495575,116,112,228,50.442477876106196,15,11,26,11.87214611872146,0806408000,4th
Malitbog,2025,69,83,152,36.626506024096386,62,65,127,28.22222222222222,69,83,152,33.77777777777778,92,87,179,39.77777777777778,93,99,192,42.66666666666667,126,118,244,54.22222222222223,57,54,111,24.666666666666668,54,63,117,26.0,64,70,134,29.777777777777775,65,70,135,30.0,94,82,176,39.111111111111114,135,124,259,57.55555555555556,134,132,266,59.111111111111114,148,122,270,60.0,95,82,177,39.33333333333333,85,73,158,35.11111111111111,83,73,156,34.66666666666667,2,0,2,0.7662835249042145,0806409000,4th*
Padre Burgos,2025,9,2,11,6.25,23,16,39,20.103092783505154,23,12,35,18.04123711340206,62,49,111,57.21649484536082,78,62,140,72.16494845360825,106,71,177,91.23711340206185,59,44,103,53.09278350515464,54,39,93,47.93814432989691,55,47,102,52.57731958762887,57,40,97,50.0,52,47,99,51.03092783505154,83,48,131,67.5257731958763,91,81,172,88.65979381443299,64,59,123,63.4020618556701,62,45,107,55.154639175257735,58,49,107,55.154639175257735,40,39,79,40.72164948453608,14,16,30,23.62204724409449,0806410000,5th*
Pintuyan,2025,59,50,109,76.22377622377621,48,41,89,56.68789808917197,30,31,61,38.853503184713375,60,51,111,70.70063694267516,75,54,129,82.16560509554141,77,66,143,91.0828025477707,65,46,111,70.70063694267516,65,50,115,73.24840764331209,59,49,108,68.78980891719745,59,47,106,67.51592356687898,48,61,109,69.42675159235668,68,55,123,78.343949044586,74,71,145,92.35668789808918,83,77,160,101.91082802547771,47,58,105,66.87898089171973,61,47,108,68.78980891719745,43,42,85,54.14012738853503,17,6,23,42.592592592592595,0806411000,5th*
Saint Bernard,2025,100,129,229,45.16765285996055,92,125,217,39.311594202898554,100,129,229,41.48550724637681,130,121,251,45.471014492753625,145,124,269,48.731884057971016,185,143,328,59.42028985507246,129,127,256,46.3768115942029,138,122,260,47.10144927536232,154,126,280,50.72463768115942,155,139,294,53.2608695652174,154,137,291,52.71739130434783,145,129,274,49.63768115942029,179,175,354,64.13043478260869,201,165,366,66.30434782608695,158,131,289,52.35507246376812,168,158,326,59.05797101449275,168,157,325,59.19854280510018,2,5,7,3.125,0806412000,4th
San Francisco,2025,41,50,91,40.99099099099099,67,67,134,55.144032921810705,28,28,56,23.045267489711936,57,43,100,41.1522633744856,70,65,135,55.55555555555556,74,84,158,65.02057613168725,61,59,120,49.382716049382715,69,63,132,54.32098765432099,76,76,152,62.55144032921811,82,74,156,64.19753086419753,29,39,68,27.983539094650205,80,65,145,59.67078189300411,93,86,179,73.66255144032921,100,83,183,75.30864197530865,70,75,145,59.67078189300411,83,53,136,55.96707818930041,78,52,130,53.49794238683128,7,8,15,11.029411764705882,0806413000,5th
San Juan,2025,95,90,185,76.44628099173553,83,70,153,58.396946564885496,63,54,117,44.656488549618324,95,89,184,70.22900763358778,94,85,179,68.32061068702289,102,109,211,80.53435114503816,92,90,182,69.46564885496184,89,80,169,64.50381679389314,87,82,169,64.50381679389314,84,81,165,62.97709923664122,81,98,179,68.32061068702289,100,103,203,77.48091603053436,116,130,246,93.89312977099237,105,119,224,85.49618320610686,81,95,176,67.17557251908397,80,83,163,62.213740458015266,75,76,151,57.63358778625955,11,8,19,13.86861313868613,0806414000,5th
San Ricardo,2025,34,51,85,43.36734693877551,28,34,62,29.245283018867923,34,51,85,40.09433962264151,45,49,94,44.339622641509436,41,54,95,44.81132075471698,54,57,111,52.358490566037744,39,46,85,40.09433962264151,35,41,76,35.84905660377358,24,41,65,30.660377358490564,37,54,91,42.924528301886795,50,49,99,46.69811320754717,49,50,99,46.69811320754717,60,66,126,59.43396226415094,62,68,130,61.32075471698113,50,49,99,46.69811320754717,43,40,83,39.15094339622642,43,40,83,39.15094339622642,0,1,1,0.7407407407407408,0806415000,5th
Silago,2025,43,47,90,38.793103448275865,43,47,90,36.29032258064516,43,47,90,36.29032258064516,79,87,166,66.93548387096774,87,90,177,71.37096774193549,97,97,194,78.2258064516129,81,90,171,68.95161290322581,87,90,177,71.37096774193549,97,97,194,78.2258064516129,97,97,194,78.2258064516129,64,78,142,57.25806451612904,79,88,167,67.33870967741935,87,90,177,71.37096774193549,97,94,191,77.01612903225806,69,77,146,58.87096774193549,78,104,182,73.38709677419355,78,104,182,73.68421052631578,5,6,11,40.74074074074074,0806416000,4th
Sogod,2025,275,219,494,53.23275862068966,275,219,494,48.62204724409449,275,219,494,48.62204724409449,336,302,638,62.79527559055118,375,301,676,66.53543307086615,411,361,772,75.98425196850394,303,267,570,56.10236220472441,282,257,539,53.0511811023622,277,268,545,53.64173228346457,257,269,526,51.77165354330708,264,253,517,50.88582677165354,395,303,698,68.7007874015748,435,396,831,81.79133858267717,393,365,758,74.60629921259843,284,266,550,54.13385826771654,275,280,555,54.625984251968504,267,276,543,54.02985074626866,12,5,17,3.046594982078853,0806417000,2nd
Tomas Oppus,2025,59,72,131,35.989010989010985,59,73,132,33.6734693877551,59,73,132,33.6734693877551,68,80,148,37.755102040816325,73,77,150,38.265306122448976,92,87,179,45.66326530612245,51,65,116,29.591836734693878,52,67,119,30.357142857142854,71,67,138,35.204081632653065,71,67,138,35.204081632653065,69,56,125,31.887755102040817,74,72,146,37.244897959183675,111,105,216,55.10204081632652,102,101,203,51.78571428571429,73,62,135,34.43877551020408,74,71,145,36.98979591836735,74,69,143,36.47959183673469,0,2,2,0.8583690987124464,0806418000,5th
Limasawa,2025,13,17,30,30.927835051546392,18,15,33,31.132075471698112,10,15,25,23.58490566037736,24,30,54,50.943396226415096,28,32,60,56.60377358490566,31,35,66,62.264150943396224,26,30,56,52.83018867924528,28,30,58,54.71698113207547,28,32,60,56.60377358490566,25,27,52,49.056603773584904,29,22,51,48.113207547169814,31,31,62,58.490566037735846,43,41,84,79.24528301886792,34,40,74,69.81132075471697,29,24,53,50.0,25,20,45,42.45283018867924,24,20,44,41.904761904761905,1,0,1,2.1739130434782608,0806419000,6th*
Biliran,2025,856,770,1626,47.585601404741,1480,1311,2791,74.98656636217088,1477,1318,2795,75.09403546480387,1440,1371,2811,75.52391187533584,1586,1398,2984,80.17195056421279,1706,1626,3332,89.52176249328319,1421,1342,2763,74.23428264373993,1454,1340,2794,75.06716818914562,1440,1329,2769,74.39548629768942,1447,1311,2758,74.09994626544868,1449,1314,2763,74.23428264373993,1562,1409,2971,79.82267598065556,1995,1861,3856,103.60021493820526,1997,1850,3847,103.35840945728103,1454,1338,2792,75.01343363782912,1447,1303,2750,73.8850080601827,1408,1270,2678,72.79151943462897,117,103,220,17.628205128205128,0807800000,4th
Almeria,2025,35,27,62,21.52777777777778,35,25,60,18.867924528301888,35,25,60,18.867924528301888,139,135,274,86.16352201257862,195,99,294,92.45283018867924,147,138,285,89.62264150943396,138,104,242,76.10062893081762,143,102,245,77.04402515723271,135,117,252,79.24528301886792,124,115,239,75.15723270440252,139,111,250,78.61635220125787,141,74,215,67.61006289308176,169,142,311,97.79874213836479,188,156,344,108.17610062893081,127,118,245,77.04402515723271,121,118,239,75.15723270440252,121,118,239,75.63291139240506,2,4,6,6.382978723404255,0807801000,5th
Biliran,2025,23,28,51,13.821138211382115,23,28,51,12.623762376237623,23,28,51,12.623762376237623,146,120,266,65.84158415841584,153,139,292,72.27722772277228,193,159,352,87.12871287128714,144,119,263,65.0990099009901,150,131,281,69.55445544554455,155,112,267,66.0891089108911,149,117,266,65.84158415841584,126,130,256,63.366336633663366,161,129,290,71.78217821782178,193,191,384,95.04950495049505,198,177,375,92.82178217821783,138,136,274,67.82178217821783,130,125,255,63.11881188118812,124,120,244,61.0,10,19,29,13.942307692307693,0807802000,5th
Cabucgayan,2025,79,72,151,34.39635535307517,78,72,150,31.512605042016805,79,72,151,31.72268907563025,142,161,303,63.65546218487395,162,167,329,69.11764705882352,190,192,382,80.25210084033614,139,161,300,63.02521008403361,150,162,312,65.54621848739495,154,162,316,66.38655462184873,156,163,319,67.01680672268907,155,142,297,62.39495798319328,145,166,311,65.33613445378151,177,191,368,77.31092436974791,210,221,431,90.54621848739495,157,149,306,64.28571428571429,129,149,278,58.40336134453782,124,145,269,57.11252653927813,10,9,19,10.734463276836157,0807803000,5th
Caibiran,2025,73,63,136,25.37313432835821,72,61,133,22.852233676975946,69,62,131,22.508591065292098,174,154,328,56.3573883161512,182,162,344,59.106529209621996,219,181,400,68.72852233676976,178,159,337,57.90378006872853,177,163,340,58.4192439862543,178,158,336,57.73195876288659,175,161,336,57.73195876288659,193,180,373,64.08934707903781,195,170,365,62.7147766323024,277,260,537,92.26804123711341,271,243,514,88.31615120274914,198,181,379,65.12027491408935,193,188,381,65.4639175257732,191,188,379,66.60808435852373,7,1,8,3.6036036036036037,0807804000,5th*
Culaba,2025,52,48,100,39.37007874015748,51,49,100,36.76470588235294,52,49,101,37.13235294117647,99,96,195,71.69117647058823,106,117,223,81.98529411764706,112,116,228,83.82352941176471,97,95,192,70.58823529411765,96,117,213,78.30882352941177,89,96,185,68.01470588235294,103,93,196,72.05882352941177,102,111,213,78.30882352941177,107,96,203,74.63235294117648,141,141,282,103.6764705882353,134,139,273,100.36764705882352,105,95,200,73.52941176470588,105,89,194,71.32352941176471,105,88,193,72.28464419475655,1,2,3,4.545454545454546,0807805000,5th
Kawayan,2025,24,23,47,15.161290322580644,27,22,49,14.285714285714285,25,22,47,13.702623906705538,151,120,271,79.00874635568513,161,139,300,87.46355685131195,166,144,310,90.37900874635568,147,115,262,76.38483965014578,141,118,259,75.51020408163265,130,122,252,73.46938775510205,129,120,249,72.59475218658892,150,128,278,81.04956268221575,176,139,315,91.83673469387756,211,174,385,112.24489795918366,199,182,381,111.07871720116617,150,137,287,83.6734693877551,169,129,298,86.88046647230321,161,122,283,82.7485380116959,20,11,31,31.313131313131315,0807806000,5th*
Maripipi,2025,19,12,31,32.631578947368425,19,12,31,30.097087378640776,19,12,31,30.097087378640776,38,28,66,64.07766990291263,46,30,76,73.7864077669903,62,41,103,100.0,39,28,67,65.0485436893204,48,29,77,74.75728155339806,49,35,84,81.55339805825243,54,38,92,89.32038834951457,45,39,84,81.55339805825243,38,27,65,63.10679611650486,60,37,97,94.1747572815534,69,46,115,111.6504854368932,49,37,86,83.49514563106796,47,34,81,78.64077669902912,47,33,80,77.66990291262135,5,2,7,14.285714285714285,0807807000,5th
Naval ,2025,551,497,1048,93.07282415630551,1175,1042,2217,181.12745098039215,1175,1048,2223,181.61764705882354,551,557,1108,90.52287581699346,581,545,1126,91.99346405228758,617,655,1272,103.921568627451,539,561,1100,89.86928104575163,549,518,1067,87.17320261437908,550,527,1077,87.99019607843137,557,504,1061,86.68300653594771,539,473,1012,82.6797385620915,599,608,1207,98.61111111111111,767,725,1492,121.89542483660132,728,686,1414,115.52287581699345,530,485,1015,82.92483660130719,553,471,1024,83.66013071895425,535,456,991,81.83319570602808,62,55,117,35.13513513513514,0807808000,2nd
City of Tacloban ,2025,1140,1060,2200,39.32785126921702,2509,2332,4841,80.12247600132406,2977,2599,5576,92.28732207878187,1818,1677,3495,57.84508440913605,1912,1858,3770,62.396557431314136,2111,2046,4157,68.80172128434293,1790,1598,3388,56.07414763323403,1702,1635,3337,55.230056272757366,1724,1635,3359,55.59417411453161,1652,1584,3236,53.55842436279378,1744,1597,3341,55.29625951671632,2078,1910,3988,66.00463422707713,2233,2168,4401,72.84011916583913,2222,2061,4283,70.88712346904998,1860,1733,3593,59.467063886130425,1820,1786,3606,59.682224428997024,1725,1681,3406,57.02327138791227,182,188,370,14.302280633938924,0831600000,1st
Region 9,2025,20286,19947,40233,46.630737134909594,23334,22265,45599,48.6607333418705,20423,19386,39809,42.48196525376702,29164,27402,56566,60.364109787851625,29772,28162,57934,61.823963802450166,31258,30191,61449,65.5749775899603,19928,18707,38635,41.22913732018611,19971,19040,39011,41.6303837452512,20818,19836,40654,43.38370256541597,27393,26054,53447,57.035685320356855,25368,24375,49743,53.08298117556666,31813,29888,61701,65.84389806633372,35276,33742,69018,73.65219618389038,33262,32243,65505,69.90331668587527,28865,27163,56028,59.789985913689335,29272,28487,57759,61.63721347163529,28853,28126,56979,61.45673792523243,2408,2103,4511,13.315425940138143,0900000000,
Zamboanga del Norte,2025,6093,6073,12166,48.157384316985315,7180,6894,14074,51.25646441838444,5959,5764,11723,42.69429674411829,8388,7976,16364,59.59647461577682,8512,8160,16672,60.71818777769684,8627,8534,17161,62.499089518537396,5612,5336,10948,39.87180421006628,5863,5678,11541,42.03146623934737,6063,5860,11923,43.422681914196225,7698,7452,15150,55.175176633403744,7189,6978,14167,51.59516352247068,9125,8596,17721,64.53856799475562,9757,9258,19015,69.25122004515988,9022,8845,17867,65.07028916891252,8201,7765,15966,58.146988127321734,7876,7616,15492,56.42071527423702,7754,7516,15270,56.236879902773175,799,653,1452,12.713422642500657,0907200000,1st
City of Dapitan,2025,726,828,1554,84.4106463878327,1324,1348,2672,132.60545905707195,1318,1345,2663,132.1588089330025,713,788,1501,74.49131513647642,704,779,1483,73.59801488833747,753,832,1585,78.66004962779157,553,602,1155,57.32009925558312,521,604,1125,55.831265508684865,534,622,1156,57.3697270471464,762,865,1627,80.74441687344913,764,848,1612,80.0,715,799,1514,75.136476426799,744,792,1536,76.22828784119106,699,773,1472,73.05210918114145,814,861,1675,83.12655086848635,798,880,1678,83.27543424317618,766,865,1631,81.59079539769884,36,15,51,12.878787878787879,0907201000,3rd
City of Dipolog,2025,1082,1041,2123,72.28464419475655,1005,868,1873,58.99212598425196,649,616,1265,39.84251968503937,1019,1041,2060,64.88188976377953,1073,1078,2151,67.74803149606299,1139,1152,2291,72.15748031496064,876,803,1679,52.88188976377953,880,846,1726,54.362204724409445,900,868,1768,55.68503937007874,1040,965,2005,63.1496062992126,952,921,1873,58.99212598425196,1110,1007,2117,66.67716535433071,1220,1214,2434,76.66141732283465,1154,1139,2293,72.22047244094489,1033,998,2031,63.96850393700787,939,970,1909,60.125984251968504,955,949,1904,60.310421286031044,101,90,191,16.269165247018737,0907202000,3rd
Katipunan,2025,81,91,172,15.467625899280577,697,698,1395,116.34695579649707,566,507,1073,89.49124270225187,454,422,876,73.06088407005838,462,433,895,74.64553794829024,467,415,882,73.56130108423686,324,276,600,50.0417014178482,347,298,645,53.79482902418682,361,295,656,54.712260216847376,441,377,818,68.22351959966639,360,323,683,56.96413678065054,465,420,885,73.81150959132611,478,427,905,75.47956630525438,480,433,913,76.14678899082568,470,403,873,72.81067556296914,424,351,775,64.6371976647206,424,351,775,65.34569983136593,56,57,113,21.8568665377176,0907203000,2nd
La Libertad,2025,25,26,51,30.72289156626506,17,22,39,21.666666666666668,15,18,33,18.333333333333332,48,57,105,58.333333333333336,53,64,117,65.0,51,65,116,64.44444444444444,33,53,86,47.77777777777778,49,48,97,53.888888888888886,43,53,96,53.333333333333336,52,66,118,65.55555555555556,60,62,122,67.77777777777779,54,66,120,66.66666666666666,64,72,136,75.55555555555556,57,79,136,75.55555555555556,65,62,127,70.55555555555556,48,60,108,60.0,48,60,108,60.0,9,8,17,17.0,0907204000,5th
Labason,2025,401,393,794,75.47528517110266,406,373,779,68.33333333333333,390,382,772,67.71929824561404,326,326,652,57.19298245614035,304,319,623,54.64912280701755,305,331,636,55.78947368421052,198,201,399,35.0,190,224,414,36.31578947368421,208,221,429,37.631578947368425,294,320,614,53.85964912280702,300,289,589,51.66666666666667,367,399,766,67.19298245614034,422,431,853,74.82456140350877,406,400,806,70.7017543859649,335,328,663,58.15789473684211,362,333,695,60.96491228070175,362,333,695,61.942959001782526,6,1,7,2.1806853582554515,0907205000,3rd
Liloy,2025,251,222,473,51.4689880304679,455,414,869,86.29592850049652,455,414,869,86.29592850049652,276,262,538,53.42601787487587,295,269,564,56.007944389275075,324,292,616,61.17179741807348,218,195,413,41.012909632572,246,223,469,46.57398212512413,236,221,457,45.38232373386296,282,249,531,52.73088381330685,262,255,517,51.340615690168825,274,257,531,52.73088381330685,285,259,544,54.02184707050645,290,259,549,54.5183714001986,257,253,510,50.645481628599796,285,238,523,51.9364448857994,285,238,523,52.247752247752246,21,23,44,8.924949290060852,0907206000,3rd
Manukan,2025,212,226,438,54.409937888198755,163,165,328,37.44292237442922,147,163,310,35.38812785388128,242,268,510,58.21917808219178,258,275,533,60.84474885844748,269,283,552,63.013698630136986,151,150,301,34.36073059360731,172,175,347,39.61187214611872,184,178,362,41.32420091324201,278,279,557,63.58447488584474,258,288,546,62.328767123287676,264,291,555,63.35616438356164,316,330,646,73.74429223744292,306,339,645,73.63013698630137,268,285,553,63.12785388127854,245,240,485,55.36529680365297,245,240,485,55.875576036866356,34,27,61,14.878048780487804,0907207000,3rd
Mutia,2025,44,48,92,34.58646616541353,13,13,26,9.059233449477352,3,2,5,1.7421602787456445,82,76,158,55.052264808362374,80,76,156,54.35540069686411,77,77,154,53.65853658536586,56,49,105,36.58536585365854,55,54,109,37.97909407665505,55,51,106,36.933797909407666,76,62,138,48.08362369337979,85,78,163,56.79442508710801,84,84,168,58.536585365853654,98,94,192,66.89895470383276,89,84,173,60.278745644599304,86,82,168,58.536585365853654,76,78,154,53.65853658536586,76,78,154,54.03508771929825,4,5,9,6.7669172932330826,0907208000,5th
Piñan,2025,138,126,264,61.6822429906542,71,64,135,28.541226215644823,82,78,160,33.82663847780127,143,133,276,58.350951374207185,157,153,310,65.53911205073996,171,155,326,68.92177589852008,107,114,221,46.723044397463006,118,110,228,48.20295983086681,115,109,224,47.35729386892177,141,136,277,58.56236786469344,168,149,317,67.01902748414376,157,149,306,64.69344608879493,204,185,389,82.24101479915433,200,192,392,82.8752642706131,168,158,326,68.92177589852008,221,162,383,80.97251585623678,221,162,383,82.01284796573876,5,2,7,5.263157894736842,0907209000,4th
Polanco,2025,208,298,506,49.90138067061144,77,79,156,14.181818181818182,37,46,83,7.545454545454546,314,326,640,58.18181818181818,328,328,656,59.63636363636363,325,354,679,61.727272727272734,244,254,498,45.27272727272727,304,310,614,55.81818181818182,316,355,671,61.0,339,337,676,61.45454545454545,307,345,652,59.27272727272728,358,339,697,63.36363636363637,434,456,890,80.9090909090909,438,428,866,78.72727272727272,362,384,746,67.81818181818183,379,397,776,70.54545454545455,379,397,776,71.38914443422263,6,10,16,8.465608465608465,0907210000,3rd
Pres. Manuel A. Roxas,2025,155,200,355,40.7577497129736,81,103,184,19.36842105263158,58,74,132,13.894736842105262,295,267,562,59.15789473684211,283,280,563,59.26315789473684,284,298,582,61.26315789473684,186,194,380,40.0,205,204,409,43.05263157894737,221,204,425,44.73684210526316,265,244,509,53.57894736842105,235,239,474,49.89473684210527,369,348,717,75.47368421052632,356,327,683,71.89473684210526,295,332,627,66.0,239,253,492,51.78947368421053,183,213,396,41.68421052631579,170,209,379,40.27630180658874,71,43,114,23.553719008264462,0907211000,2nd
Rizal,2025,68,76,144,47.682119205298015,28,42,70,21.084337349397593,17,26,43,12.951807228915662,112,111,223,67.16867469879519,85,105,190,57.22891566265061,101,109,210,63.25301204819277,69,69,138,41.566265060240966,65,72,137,41.265060240963855,71,72,143,43.07228915662651,92,95,187,56.325301204819276,93,106,199,59.93975903614458,107,124,231,69.57831325301204,154,154,308,92.7710843373494,145,154,299,90.06024096385542,105,110,215,64.7590361445783,123,120,243,73.19277108433735,123,119,242,72.89156626506023,4,4,8,10.666666666666668,0907212000,5th
Salug,2025,163,160,323,37.822014051522245,50,60,110,11.930585683297181,49,59,108,11.713665943600867,200,223,423,45.87852494577007,203,232,435,47.18004338394794,216,234,450,48.80694143167028,163,176,339,36.767895878524946,175,181,356,38.611713665943604,184,194,378,40.99783080260303,199,218,417,45.22776572668113,202,205,407,44.143167028199564,224,244,468,50.759219088937094,274,300,574,62.25596529284165,266,291,557,60.412147505423,231,242,473,51.30151843817787,240,223,463,50.21691973969631,240,222,462,50.326797385620914,19,14,33,10.060975609756099,0907213000,3rd
Sergio Osmeña Sr.,2025,181,172,353,40.809248554913296,146,132,278,29.29399367755532,174,145,319,33.614330874604846,310,274,584,61.53846153846154,331,281,612,64.48893572181244,311,303,614,64.69968387776606,138,140,278,29.29399367755532,145,155,300,31.612223393045312,150,145,295,31.08535300316122,244,228,472,49.73656480505795,202,183,385,40.56902002107481,303,285,588,61.95995785036881,350,299,649,68.38777660695469,290,296,586,61.74920969441517,251,215,466,49.10432033719705,231,231,462,48.682824025289776,182,193,375,40.06410256410257,24,16,40,7.476635514018691,0907214000,2nd
Siayan,2025,190,225,415,39.523809523809526,273,320,593,51.92644483362522,212,248,460,40.280210157618214,355,368,723,63.309982486865145,349,355,704,61.646234676007005,326,397,723,63.309982486865145,206,237,443,38.79159369527145,211,241,452,39.57968476357268,205,249,454,39.754816112084065,271,344,615,53.85288966725044,270,280,550,48.161120840630474,338,370,708,61.99649737302977,321,326,647,56.654991243432576,275,326,601,52.62697022767075,284,296,580,50.78809106830122,329,340,669,58.58143607705779,329,340,669,59.62566844919787,22,14,36,7.515657620041753,0907215000,2nd
Sibuco,2025,61,66,127,12.599206349206348,163,183,346,31.655992680695334,70,75,145,13.266239707227815,317,325,642,58.737419945105216,320,333,653,59.743824336688014,304,323,627,57.36505032021958,121,154,275,25.16010978956999,136,140,276,25.251601097895698,139,143,282,25.800548947849954,227,238,465,42.54345837145471,188,194,382,34.94967978042086,343,364,707,64.6843549862763,343,347,690,63.129002744739246,259,275,534,48.85635864592864,226,249,475,43.4583714547118,200,205,405,37.05397987191217,184,190,374,34.82309124767225,106,91,197,25.386597938144327,0907216000,1st
Sibutad,2025,105,84,189,53.84615384615385,98,75,173,45.40682414698163,103,78,181,47.506561679790025,127,108,235,61.679790026246714,139,133,272,71.39107611548556,140,137,277,72.70341207349081,86,78,164,43.044619422572175,93,90,183,48.031496062992126,100,101,201,52.75590551181102,116,123,239,62.72965879265092,132,111,243,63.77952755905512,149,114,263,69.02887139107612,184,161,345,90.5511811023622,189,160,349,91.60104986876641,159,138,297,77.95275590551181,164,134,298,78.21522309711287,164,133,297,77.95275590551181,9,11,20,13.513513513513514,0907217000,5th
Sindangan,2025,663,616,1279,45.29036827195468,759,720,1479,48.36494440810988,677,610,1287,42.086330935251794,890,793,1683,55.03597122302158,872,795,1667,54.512753433616744,906,801,1707,55.820797907128835,530,471,1001,32.73381294964029,622,541,1163,38.03139306736429,630,549,1179,38.55461085676913,832,765,1597,52.223675604970566,766,667,1433,46.860693263570965,1022,900,1922,62.85153695225638,1069,956,2025,66.21975147155004,985,911,1896,62.00130804447351,877,735,1612,52.71419228253761,861,773,1634,53.43361674296926,853,771,1624,53.757034094670644,83,66,149,10.836363636363638,0907218000,1st
Siocon,2025,280,288,568,45.69589702333065,259,250,509,37.56457564575646,298,316,614,45.313653136531364,351,293,644,47.52767527675277,329,312,641,47.306273062730625,329,314,643,47.45387453874539,156,124,280,20.66420664206642,133,133,266,19.630996309963102,154,159,313,23.099630996309966,266,267,533,39.33579335793358,230,210,440,32.47232472324723,337,279,616,45.46125461254613,316,301,617,45.535055350553506,302,316,618,45.608856088560884,255,235,490,36.162361623616235,183,202,385,28.413284132841326,176,197,373,27.877428998505234,57,58,115,13.32560834298957,0907219000,1st
Sirawai,2025,91,72,163,20.273631840796018,139,157,296,33.52208380520951,57,45,102,11.551528878822197,239,238,477,54.02038505096263,250,205,455,51.52887882219706,210,222,432,48.924122310305776,112,98,210,23.78255945639864,82,94,176,19.932049830124576,103,95,198,22.42355605889015,128,117,245,27.746319365798417,81,85,166,18.7995469988675,238,214,452,51.18912797281994,222,204,426,48.24462061155153,196,182,378,42.80860702151755,180,166,346,39.1845979614949,146,176,322,36.46659116647792,142,165,307,35.532407407407405,19,24,43,8.884297520661157,0907220000,4th
Tampilisan,2025,126,127,253,41.81818181818181,86,100,186,28.483920367534456,70,96,166,25.42113323124043,174,150,324,49.617151607963244,186,166,352,53.905053598774884,215,184,399,61.102603369065854,179,149,328,50.22970903522205,180,161,341,52.220520673813176,178,165,343,52.526799387442566,196,179,375,57.42725880551301,150,140,290,44.4104134762634,195,174,369,56.50842266462482,205,190,395,60.49004594180705,168,167,335,51.301684532924966,174,165,339,51.91424196018377,151,145,296,45.3292496171516,151,145,296,45.749613601236476,29,15,44,11.224489795918368,0907221000,4th
Jose Dalman,2025,210,150,360,44.28044280442804,179,129,308,35.11972633979475,167,118,285,32.497149372862026,248,181,429,48.91676168757127,248,199,447,50.969213226909915,242,207,449,51.197263397947545,178,134,312,35.57582668187001,191,148,339,38.65450399087799,201,151,352,40.136830102622575,229,177,406,46.29418472063854,231,188,419,47.776510832383124,306,225,531,60.547320410490315,330,271,601,68.5290763968073,333,253,586,66.81870011402509,257,193,450,51.31128848346636,245,195,440,50.17103762827823,245,194,439,50.987224157955865,18,16,34,8.629441624365482,0907222000,4th
Gutalac,2025,157,163,320,36.86635944700461,200,183,383,40.35827186512118,141,121,262,27.60800842992624,351,311,662,69.75763962065332,363,319,682,71.86512118018967,355,300,655,69.0200210748156,198,181,379,39.93677555321391,206,191,397,41.83350895679663,238,195,433,45.626975763962065,302,272,574,60.48472075869336,267,258,525,55.32139093782929,452,395,847,89.2518440463646,432,364,796,83.8777660695469,391,332,723,76.1854583772392,350,281,631,66.49104320337197,318,279,597,62.90832455216017,316,297,613,65.9849300322928,9,8,17,7.6923076923076925,0907223000,2nd
Baliguian,2025,89,63,152,27.73722627737226,92,58,150,25.0,39,34,73,12.166666666666668,156,102,258,43.0,174,113,287,47.833333333333336,144,130,274,45.666666666666664,85,58,143,23.833333333333336,81,60,141,23.5,81,77,158,26.333333333333332,139,113,252,42.0,129,132,261,43.5,159,111,270,45.0,189,150,339,56.49999999999999,174,148,322,53.666666666666664,127,135,262,43.666666666666664,129,120,249,41.5,129,119,248,41.61073825503356,15,11,26,8.441558441558442,0907224000,3rd
Godod,2025,134,82,216,49.09090909090909,148,101,249,52.7542372881356,41,25,66,13.983050847457626,161,121,282,59.7457627118644,167,119,286,60.59322033898306,159,138,297,62.92372881355932,101,75,176,37.28813559322034,111,81,192,40.67796610169492,94,77,171,36.228813559322035,111,98,209,44.27966101694915,124,90,214,45.33898305084746,181,158,339,71.82203389830508,187,141,328,69.49152542372882,143,125,268,56.779661016949156,150,114,264,55.932203389830505,138,102,240,50.847457627118644,138,102,240,51.1727078891258,0,0,0,0.0,0907225000,4th
Bacungan,2025,124,121,245,34.26573426573427,153,146,299,38.58064516129032,86,91,177,22.838709677419356,266,232,498,64.25806451612902,269,230,499,64.38709677419355,250,249,499,64.38709677419355,201,170,371,47.87096774193548,178,159,337,43.483870967741936,178,170,348,44.903225806451616,189,168,357,46.064516129032256,158,147,305,39.35483870967742,300,280,580,74.83870967741936,281,250,531,68.51612903225806,219,215,434,56.00000000000001,257,235,492,63.48387096774194,245,248,493,63.61290322580645,238,246,484,63.10299869621904,24,12,36,13.23529411764706,0907226000,4th
Kalawit,2025,128,109,237,42.170818505338076,98,91,189,30.73170731707317,38,32,70,11.38211382113821,219,180,399,64.8780487804878,230,209,439,71.38211382113822,254,232,486,79.02439024390245,143,131,274,44.552845528455286,167,135,302,49.105691056910565,184,141,325,52.84552845528455,187,150,337,54.796747967479675,215,185,400,65.04065040650406,254,200,454,73.8211382113821,279,257,536,87.15447154471545,273,236,509,82.76422764227642,221,189,410,66.66666666666666,213,201,414,67.31707317073172,213,201,414,68.4297520661157,12,12,24,12.244897959183673,0907227000,4th
Zamboanga del Sur,2025,4317,4028,8345,34.47492357266793,4198,4013,8211,31.311012812690663,3320,3151,6471,24.67586943258084,7524,6929,14453,55.11363636363637,7704,7226,14930,56.93258084197681,8100,7673,15773,60.147193410616225,5657,5229,10886,41.51159243441123,5766,5441,11207,42.73566198901769,5987,5592,11579,44.154209884075655,6937,6471,13408,51.1287370347773,6414,5968,12382,47.21629042098841,8157,7603,15760,60.09762050030506,9073,8648,17721,67.5755033557047,8570,8159,16729,63.79270896888346,7359,6782,14141,53.923886516168395,7358,7138,14496,55.27760829774253,7338,7118,14456,55.80605311920939,641,551,1192,9.910209511140671,0907300000,1st
Aurora,2025,96,87,183,15.06172839506173,278,262,540,41.06463878326996,216,185,401,30.494296577946766,355,332,687,52.243346007604565,345,385,730,55.51330798479087,390,392,782,59.467680608365015,205,194,399,30.342205323193916,222,221,443,33.68821292775665,215,232,447,33.99239543726236,331,348,679,51.634980988593156,353,303,656,49.88593155893536,397,363,760,57.79467680608364,461,459,920,69.96197718631178,448,432,880,66.92015209125475,403,356,759,57.71863117870723,403,374,777,59.08745247148289,403,374,777,60.13931888544891,34,15,49,7.132459970887918,0907302000,2nd
Bayog,2025,111,116,227,29.214929214929214,181,177,358,42.21698113207547,117,109,226,26.650943396226417,266,205,471,55.54245283018868,263,211,474,55.89622641509434,290,236,526,62.02830188679245,171,135,306,36.08490566037736,171,141,312,36.79245283018868,198,143,341,40.2122641509434,257,224,481,56.72169811320755,204,148,352,41.509433962264154,201,177,378,44.575471698113205,248,228,476,56.132075471698116,205,190,395,46.58018867924528,242,200,442,52.12264150943396,242,223,465,54.83490566037735,244,221,465,55.225653206650826,10,7,17,5.29595015576324,0907303000,3rd*
Dimataling,2025,95,89,184,25.69832402234637,77,68,145,18.542199488491047,80,73,153,19.565217391304348,180,185,365,46.67519181585678,195,171,366,46.80306905370844,205,171,376,48.08184143222506,108,111,219,28.005115089514064,131,108,239,30.562659846547312,140,118,258,32.992327365728904,150,123,273,34.910485933503836,153,139,292,37.34015345268542,188,187,375,47.9539641943734,214,195,409,52.30179028132992,212,181,393,50.25575447570333,173,159,332,42.45524296675192,184,184,368,47.05882352941176,184,184,368,47.42268041237113,2,1,3,0.8522727272727272,0907305000,4th
Dinas,2025,151,159,310,31.66496424923391,174,170,344,32.918660287081345,153,150,303,28.995215311004785,215,215,430,41.14832535885167,223,227,450,43.0622009569378,230,245,475,45.45454545454545,150,145,295,28.22966507177033,143,167,310,29.665071770334926,166,183,349,33.39712918660287,182,211,393,37.60765550239235,182,180,362,34.64114832535885,223,236,459,43.92344497607655,275,278,553,52.918660287081345,287,297,584,55.885167464114836,222,222,444,42.48803827751196,204,207,411,39.33014354066985,204,207,411,39.787028073572124,52,33,85,12.667660208643817,0907306000,4th
Dumalinao,2025,86,77,163,22.89325842696629,15,20,35,4.510309278350515,10,17,27,3.479381443298969,231,238,469,60.4381443298969,257,230,487,62.75773195876289,270,257,527,67.91237113402062,155,161,316,40.72164948453608,179,148,327,42.13917525773196,182,143,325,41.881443298969074,209,168,377,48.58247422680412,217,189,406,52.31958762886598,274,285,559,72.0360824742268,325,305,630,81.18556701030928,309,302,611,78.73711340206185,245,217,462,59.5360824742268,249,211,460,59.27835051546392,249,211,460,60.44678055190539,10,8,18,9.0,0907307000,4th
Dumingag,2025,197,182,379,29.632525410476934,157,176,333,24.07809110629067,90,97,187,13.521330441070138,412,371,783,56.61605206073753,429,422,851,61.53289949385395,447,462,909,65.72668112798264,310,279,589,42.58857556037599,295,307,602,43.52856109906001,313,306,619,44.75777295733912,365,361,726,52.49457700650759,410,359,769,55.60375994215474,489,457,946,68.40202458423717,539,535,1074,77.65726681127983,491,490,981,70.93275488069413,477,419,896,64.78669558929863,522,493,1015,73.39117859725235,522,493,1015,74.30453879941435,16,13,29,10.104529616724738,0907308000,2nd
Kumalarang,2025,10,9,19,2.96875,59,56,115,16.405135520684734,30,39,69,9.843081312410842,197,178,375,53.49500713266762,186,163,349,49.78601997146933,192,166,358,51.06990014265336,107,93,200,28.530670470756064,106,86,192,27.38944365192582,102,100,202,28.815977175463626,149,142,291,41.51212553495007,110,116,226,32.23965763195435,227,185,412,58.77318116975749,233,217,450,64.19400855920114,212,206,418,59.62910128388017,171,147,318,45.36376604850214,155,165,320,45.6490727532097,155,165,320,46.043165467625904,26,19,45,10.638297872340425,0907311000,4th*
Labangan,2025,232,200,432,39.34426229508197,92,80,172,14.453781512605044,39,41,80,6.722689075630252,362,336,698,58.655462184873954,370,359,729,61.260504201680675,399,390,789,66.30252100840336,183,173,356,29.915966386554622,168,176,344,28.907563025210088,170,173,343,28.823529411764703,282,271,553,46.470588235294116,216,253,469,39.411764705882355,407,365,772,64.87394957983193,439,449,888,74.6218487394958,395,432,827,69.49579831932773,287,306,593,49.831932773109244,267,315,582,48.90756302521008,266,315,581,49.61571306575576,34,38,72,13.793103448275861,0907312000,3rd
Lapuyan,2025,116,67,183,29.80456026058632,64,69,133,20.212765957446805,33,38,71,10.790273556231003,158,168,326,49.544072948328264,187,184,371,56.38297872340425,193,161,354,53.799392097264445,97,111,208,31.61094224924012,114,121,235,35.714285714285715,107,101,208,31.61094224924012,175,148,323,49.088145896656535,152,122,274,41.641337386018236,181,182,363,55.16717325227963,255,246,501,76.13981762917933,180,195,375,56.99088145896657,179,175,354,53.799392097264445,142,149,291,44.224924012158056,139,146,285,43.37899543378995,29,33,62,15.736040609137056,0907313000,3rd
Mahayag,2025,161,149,310,29.551954242135363,162,155,317,27.709790209790206,75,63,138,12.062937062937063,404,343,747,65.2972027972028,405,359,764,66.78321678321679,412,387,799,69.84265734265735,397,342,739,64.5979020979021,376,358,734,64.16083916083916,408,371,779,68.0944055944056,414,370,784,68.53146853146853,309,307,616,53.84615384615385,407,367,774,67.65734265734265,419,381,800,69.93006993006993,402,363,765,66.87062937062937,337,308,645,56.38111888111889,373,339,712,62.23776223776224,373,339,712,62.731277533039645,23,17,40,6.259780907668231,0907315000,3rd*
Margosatubig,2025,124,153,277,33.21342925659472,60,76,136,15.04424778761062,9,22,31,3.4292035398230087,218,254,472,52.21238938053098,196,212,408,45.13274336283185,188,223,411,45.4646017699115,190,191,381,42.14601769911505,153,165,318,35.176991150442475,148,170,318,35.176991150442475,175,193,368,40.707964601769916,191,181,372,41.150442477876105,225,264,489,54.0929203539823,207,221,428,47.34513274336283,213,196,409,45.243362831858406,212,200,412,45.57522123893805,165,164,329,36.39380530973451,165,164,329,36.677814938684506,61,49,110,22.77432712215321,0907317000,3rd
Midsalip,2025,193,156,349,46.657754010695186,124,101,225,27.573529411764707,57,52,109,13.357843137254902,331,265,596,73.0392156862745,286,241,527,64.58333333333334,315,250,565,69.24019607843137,165,124,289,35.41666666666667,163,135,298,36.51960784313725,160,139,299,36.6421568627451,262,205,467,57.23039215686274,195,161,356,43.627450980392155,371,283,654,80.14705882352942,351,288,639,78.30882352941177,299,242,541,66.29901960784314,280,213,493,60.416666666666664,165,140,305,37.377450980392155,163,141,304,38.0,92,67,159,32.056451612903224,0907318000,4th*
Molave,2025,331,307,638,51.61812297734628,331,307,638,47.8978978978979,182,176,358,26.876876876876878,387,380,767,57.58258258258259,384,378,762,57.20720720720721,398,392,790,59.30930930930931,348,321,669,50.22522522522522,328,327,655,49.174174174174176,341,324,665,49.92492492492492,368,346,714,53.6036036036036,343,381,724,54.35435435435435,444,414,858,64.41441441441441,513,536,1049,78.75375375375376,525,533,1058,79.42942942942943,381,405,786,59.009009009009006,423,403,826,62.01201201201201,423,403,826,62.57575757575757,4,9,13,2.850877192982456,0907319000,1st
City of Pagadian ,2025,1231,1175,2406,48.82305194805195,1467,1397,2864,53.773939166353735,1446,1365,2811,52.778820878708224,1602,1481,3083,57.88584303417199,1707,1627,3334,62.59857303792715,1819,1709,3528,66.24108148704468,1470,1396,2866,53.81149079984979,1534,1474,3008,56.47765677806985,1628,1502,3130,58.76830642132933,1634,1531,3165,59.425460007510324,1615,1447,3062,57.491550882463386,1737,1634,3371,63.2932782576042,1907,1815,3722,69.88358993616222,1848,1736,3584,67.29252722493429,1651,1498,3149,59.12504693954187,1877,1846,3723,69.90236575291026,1868,1836,3704,70.56582206134502,35,37,72,3.9109179793590436,0907322000,2nd
Ramon Magsaysay,2025,80,60,140,25.044722719141323,72,78,150,24.71169686985173,56,47,103,16.96869851729819,170,178,348,57.33113673805601,197,200,397,65.40362438220758,210,203,413,68.03953871499176,119,127,246,40.527182866556835,124,131,255,42.00988467874794,130,121,251,41.35090609555189,180,150,330,54.36573311367381,163,156,319,52.55354200988468,195,211,406,66.88632619439868,233,239,472,77.75947281713344,225,240,465,76.60626029654037,193,168,361,59.472817133443165,187,190,377,62.108731466227354,187,190,377,62.62458471760798,9,3,12,5.970149253731343,0907323000,4th*
San Miguel,2025,52,50,102,21.16182572614108,55,39,94,18.076923076923077,22,25,47,9.038461538461538,181,136,317,60.96153846153847,190,139,329,63.26923076923077,186,159,345,66.34615384615384,134,103,237,45.57692307692307,150,108,258,49.61538461538461,162,118,280,53.84615384615385,195,157,352,67.6923076923077,182,141,323,62.11538461538461,195,155,350,67.3076923076923,236,194,430,82.6923076923077,221,172,393,75.57692307692308,174,156,330,63.46153846153846,172,154,326,62.69230769230769,171,151,322,62.64591439688716,9,8,17,7.172995780590717,0907324000,4th
San Pablo,2025,42,27,69,10.69767441860465,67,53,120,17.36613603473227,71,51,122,17.655571635311144,173,138,311,45.00723589001447,178,159,337,48.7698986975398,201,192,393,56.87409551374819,93,85,178,25.759768451519538,106,105,211,30.535455861070908,121,114,235,34.00868306801736,118,131,249,36.03473227206946,120,133,253,36.61360347322721,190,177,367,53.111432706222864,220,218,438,63.38639652677279,233,228,461,66.71490593342982,159,144,303,43.849493487698986,146,153,299,43.27062228654125,143,150,293,43.02496328928047,0,0,0,0.0,0907325000,4th*
Tabina,2025,90,87,177,29.64824120603015,80,66,146,22.496147919876734,68,62,130,20.03081664098613,159,148,307,47.303543913713405,161,139,300,46.22496147919877,156,141,297,45.76271186440678,95,95,190,29.275808936825886,98,93,191,29.429892141756547,110,101,211,32.5115562403698,120,117,237,36.517719568567024,121,124,245,37.750385208012325,216,201,417,64.25269645608628,197,181,378,58.24345146379045,162,144,306,47.14946070878274,148,131,279,42.98921417565486,103,95,198,30.508474576271187,102,95,197,30.733229329173167,57,48,105,21.73913043478261,0907327000,4th
Tambulig,2025,73,71,144,16.419612314709237,77,72,149,15.634837355718783,87,79,166,17.418677859391394,239,233,472,49.527806925498425,259,233,492,51.626442812172094,243,246,489,51.31164742917104,249,237,486,50.99685204616999,251,228,479,50.262329485834215,222,230,452,47.42917103882476,215,226,441,46.27492130115425,193,185,378,39.664218258132216,231,233,464,48.68835257082896,245,224,469,49.21301154249738,213,214,427,44.805876180482684,212,220,432,45.3305351521511,234,238,472,49.527806925498425,234,238,472,49.73656480505795,21,27,48,7.907742998352553,0907328000,4th*
Tukuran,2025,118,123,241,25.830653804930332,147,166,313,31.020812685827554,76,81,157,15.559960356788899,242,252,494,48.9593657086224,248,275,523,51.83349851337958,291,295,586,58.07730426164519,182,177,359,35.579781962338956,186,191,377,37.36372646184341,224,208,432,42.81466798810703,252,261,513,50.842418235877105,159,127,286,28.344895936570865,303,313,616,61.05054509415263,383,346,729,72.24975222993062,347,349,696,68.97918731417245,256,209,465,46.08523290386521,231,196,427,42.319127849355795,231,196,427,42.8714859437751,41,30,71,11.696869851729819,0907330000,4th*
Lakewood,2025,102,76,178,45.29262086513995,56,43,99,22.758620689655174,40,38,78,17.93103448275862,160,132,292,67.1264367816092,157,129,286,65.74712643678161,149,135,284,65.28735632183908,98,66,164,37.701149425287355,96,72,168,38.62068965517241,91,74,165,37.93103448275862,131,109,240,55.172413793103445,106,119,225,51.724137931034484,175,154,329,75.63218390804597,176,157,333,76.55172413793103,167,143,310,71.26436781609196,125,119,244,56.09195402298851,121,112,233,53.5632183908046,121,112,233,53.686635944700456,18,19,37,24.666666666666668,0907333000,4th
Josefina,2025,53,46,99,35.61151079136691,46,40,86,28.47682119205298,43,34,77,25.496688741721858,81,62,143,47.35099337748344,86,81,167,55.29801324503312,95,88,183,60.59602649006622,72,61,133,44.03973509933775,89,70,159,52.64900662251656,83,89,172,56.95364238410596,85,82,167,55.29801324503312,89,82,171,56.622516556291394,97,73,170,56.29139072847682,96,89,185,61.258278145695364,94,94,188,62.251655629139066,101,81,182,60.264900662251655,125,114,239,79.13907284768213,125,114,239,80.74324324324324,0,0,0,0.0,0907337000,5th*
Pitogo,2025,129,133,262,36.23789764868603,105,101,206,26.54639175257732,127,126,253,32.603092783505154,196,164,360,46.391752577319586,183,170,353,45.48969072164948,181,170,351,45.2319587628866,143,121,264,34.02061855670103,140,140,280,36.08247422680412,143,148,291,37.5,154,125,279,35.95360824742268,120,128,248,31.958762886597935,160,140,300,38.659793814432994,166,159,325,41.881443298969074,168,135,303,39.04639175257732,167,177,344,44.329896907216494,152,147,299,38.53092783505155,152,147,299,39.03394255874674,12,16,28,5.293005671077505,0907338000,4th
Sominot,2025,44,56,100,22.624434389140273,53,60,113,23.492723492723496,18,30,48,9.97920997920998,115,119,234,48.64864864864865,117,110,227,47.19334719334719,110,128,238,49.48024948024948,71,62,133,27.650727650727653,72,61,133,27.650727650727653,82,72,154,32.016632016632016,90,83,173,35.96673596673597,103,100,203,42.20374220374221,128,116,244,50.72765072765073,136,140,276,57.380457380457386,137,133,270,56.13305613305614,128,120,248,51.559251559251564,111,108,219,45.53014553014553,111,108,219,45.911949685534594,15,18,33,9.734513274336283,0907340000,5th*
Vincenzo A. Sagun,2025,112,97,209,38.0,114,100,214,35.785953177257525,111,95,206,34.448160535117054,138,107,245,40.96989966555184,131,110,241,40.30100334448161,162,129,291,48.66220735785953,91,76,167,27.926421404682273,97,77,174,29.09698996655518,96,78,174,29.09698996655518,134,112,246,41.1371237458194,121,93,214,35.785953177257525,149,118,267,44.64882943143812,197,155,352,58.862876254180605,203,159,362,60.535117056856194,136,123,259,43.31103678929766,139,120,259,43.31103678929766,139,120,259,44.27350427350427,0,4,4,1.4925373134328357,0907341000,5th
Guipos,2025,139,122,261,69.6,27,28,55,13.381995133819952,24,18,42,10.218978102189782,194,151,345,83.94160583941606,191,152,343,83.45498783454988,186,172,358,87.10462287104623,104,90,194,47.201946472019465,115,86,201,48.9051094890511,90,91,181,44.038929440389296,151,131,282,68.61313868613139,150,160,310,75.4257907542579,173,135,308,74.93917274939173,183,174,357,86.86131386861314,166,159,325,79.07542579075427,160,167,327,79.56204379562044,140,159,299,72.74939172749392,139,159,298,73.76237623762376,10,9,19,19.0,0907343000,4th
Tigbao,2025,149,154,303,57.49525616698292,58,53,111,19.405594405594407,40,38,78,13.636363636363635,158,158,316,55.24475524475524,173,160,333,58.21678321678322,182,174,356,62.23776223776224,150,153,303,52.972027972027966,159,145,304,53.14685314685315,155,143,298,52.09790209790209,159,146,305,53.32167832167832,137,134,271,47.37762237762238,174,178,352,61.53846153846154,219,219,438,76.57342657342657,208,194,402,70.27972027972028,140,142,282,49.3006993006993,126,139,265,46.32867132867133,125,139,264,46.72566371681416,21,23,44,14.814814814814813,0907344000,5th*
Zamboanga Sibugay,2025,3521,3325,6846,48.715576745178964,2885,2748,5633,36.867596046861706,2613,2398,5011,32.7966489953531,4629,4299,8928,58.433143530335755,4831,4557,9388,61.44381176778585,5176,5067,10243,67.03972773087243,3129,2936,6065,39.6950062176844,3073,2990,6063,39.68191635578245,3239,3109,6348,41.547221676811304,4292,4080,8372,54.79416192159172,3845,3841,7686,50.3043392892205,5012,4739,9751,63.819621702991036,5520,5368,10888,71.26120819425356,5179,5096,10275,67.24916552130375,4544,4352,8896,58.22370573990444,4433,4362,8795,57.56266771385562,4337,4321,8658,57.250545526681215,289,241,530,10.04358537047565,0908300000,2nd
Alicia,2025,194,164,358,38.66090712742981,201,195,396,39.32472691161867,55,52,107,10.625620655412115,357,317,674,66.93147964250248,375,327,702,69.71201588877854,400,392,792,78.64945382323734,189,163,352,34.955312810327705,196,182,378,37.53723932472691,211,186,397,39.4240317775571,297,259,556,55.21350546176763,203,187,390,38.72889771598808,376,313,689,68.42105263157895,404,369,773,76.76266137040714,388,363,751,74.57795431976166,329,300,629,62.46276067527309,334,313,647,64.25024826216485,304,291,595,60.22267206477733,33,35,68,39.08045977011494,0908301000,3rd
Buug,2025,209,177,386,50.45751633986928,124,112,236,28.399518652226234,101,84,185,22.26233453670277,285,219,504,60.64981949458483,276,209,485,58.36341756919374,294,245,539,64.86161251504213,141,90,231,27.79783393501805,132,88,220,26.47412755716005,157,117,274,32.97232250300842,259,202,461,55.47533092659447,239,212,451,54.2719614921781,314,248,562,67.62936221419976,340,288,628,75.57160048134777,327,275,602,72.44283995186522,277,217,494,59.44645006016847,265,217,482,58.00240673886883,262,218,480,58.252427184466015,9,3,12,3.582089552238806,0908302000,3rd
Diplahan,2025,193,202,395,65.28925619834712,190,201,391,59.69465648854961,250,231,481,73.43511450381679,207,188,395,60.30534351145038,206,191,397,60.61068702290077,228,217,445,67.93893129770993,155,128,283,43.20610687022901,153,136,289,44.12213740458015,179,153,332,50.68702290076336,215,193,408,62.29007633587786,238,202,440,67.17557251908397,262,259,521,79.54198473282442,296,270,566,86.41221374045801,286,276,562,85.80152671755725,242,205,447,68.24427480916032,223,207,430,65.64885496183206,216,206,422,64.92307692307693,3,0,3,1.9607843137254901,0908303000,3rd
Imelda,2025,86,77,163,25.709779179810727,133,124,257,37.085137085137085,86,76,162,23.376623376623375,222,178,400,57.72005772005772,228,217,445,64.21356421356421,225,225,450,64.93506493506493,111,104,215,31.024531024531026,117,100,217,31.313131313131315,142,130,272,39.24963924963925,225,206,431,62.19336219336219,201,199,400,57.72005772005772,215,209,424,61.18326118326118,242,239,481,69.40836940836941,216,195,411,59.307359307359306,218,229,447,64.5021645021645,215,255,470,67.82106782106783,207,271,478,75.27559055118111,8,12,20,13.333333333333334,0908304000,4th
Ipil ,2025,670,587,1257,72.1170395869191,670,592,1262,66.49104320337197,671,595,1266,66.7017913593256,745,687,1432,75.44783983140148,761,739,1500,79.03055848261327,836,878,1714,90.30558482613277,506,504,1010,53.213909378292946,474,524,998,52.58166491043204,493,525,1018,53.63540569020021,609,604,1213,63.909378292939934,574,581,1155,60.85353003161222,690,660,1350,71.12750263435194,723,746,1469,77.3972602739726,677,704,1381,72.76080084299262,647,630,1277,67.2813487881981,619,630,1249,65.80611169652265,616,630,1246,66.3825253063399,30,26,56,12.612612612612612,0908305000,1st
Kabasalan,2025,213,197,410,38.210624417520975,166,171,337,29.10189982728843,144,131,275,23.74784110535406,303,337,640,55.26770293609672,330,334,664,57.340241796200345,340,369,709,61.226252158894646,236,261,497,42.91882556131261,261,269,530,45.76856649395509,259,283,542,46.80483592400691,270,303,573,49.48186528497409,243,273,516,44.559585492227974,354,372,726,62.69430051813472,410,446,856,73.92055267702936,347,409,756,65.28497409326425,319,342,661,57.081174438687384,323,321,644,55.613126079447326,322,321,643,55.913043478260875,20,13,33,6.560636182902585,0908306000,2nd
Mabuhay,2025,178,170,348,39.10112359550561,90,91,181,18.67905056759546,76,68,144,14.860681114551083,183,174,357,36.84210526315789,203,187,390,40.24767801857585,193,214,407,42.00206398348813,186,181,367,37.874097007223945,188,187,375,38.69969040247678,183,175,358,36.945304437564495,176,177,353,36.42930856553148,142,143,285,29.411764705882355,225,239,464,47.8844169246646,253,260,513,52.94117647058824,230,253,483,49.84520123839009,144,151,295,30.4437564499484,143,145,288,29.721362229102166,143,145,288,29.782833505687694,13,14,27,3.7709497206703912,0908307000,4th*
Malangas,2025,116,143,259,46.92028985507246,114,138,252,41.7910447761194,44,39,83,13.764510779436154,239,237,476,78.93864013266997,258,246,504,83.5820895522388,271,268,539,89.38640132669984,208,195,403,66.83250414593698,161,158,319,52.90215588723052,148,137,285,47.2636815920398,237,231,468,77.61194029850746,231,222,453,75.12437810945273,294,255,549,91.04477611940298,253,279,532,88.22553897180762,249,240,489,81.09452736318407,252,242,494,81.92371475953566,251,245,496,82.25538971807629,251,240,491,81.69717138103162,0,4,4,10.81081081081081,0908308000,3rd*
Naga,2025,167,159,326,34.42449841605069,158,148,306,29.97061704211557,155,148,303,29.676787463271303,319,289,608,59.54946131243879,309,303,612,59.94123408423114,309,310,619,60.62683643486778,221,186,407,39.86287952987267,181,161,342,33.496571988246814,200,169,369,36.14103819784525,263,240,503,49.265426052889325,252,234,486,47.60039177277179,328,306,634,62.09598432908913,381,342,723,70.81292850146916,362,335,697,68.2664054848188,278,246,524,51.32223310479922,280,280,560,54.84818805093046,281,282,563,55.63241106719368,1,5,6,1.345291479820628,0908309000,3rd*
Olutanga,2025,136,123,259,32.13399503722084,126,122,248,28.473019517795638,117,105,222,25.487944890929963,176,142,318,36.5097588978186,179,158,337,38.69115958668197,179,155,334,38.346727898966705,130,106,236,27.09529276693456,121,111,232,26.63605051664753,114,135,249,28.587830080367393,143,149,292,33.524684270952925,123,150,273,31.343283582089555,194,177,371,42.5947187141217,205,194,399,45.80941446613088,199,191,390,44.776119402985074,147,174,321,36.85419058553387,154,149,303,34.78760045924225,152,147,299,34.68677494199536,15,19,34,6.910569105691057,0908310000,4th
Payao,2025,118,137,255,30.32104637336504,118,137,255,28.23920265780731,118,137,255,28.23920265780731,148,169,317,35.10520487264673,173,190,363,40.19933554817276,188,210,398,44.07530454042082,129,144,273,30.23255813953488,157,171,328,36.32336655592469,178,200,378,41.86046511627907,182,201,383,42.414174972314505,204,219,423,46.84385382059801,199,217,416,46.06866002214839,222,236,458,50.71982281284607,237,256,493,54.59579180509413,205,221,426,47.176079734219265,219,247,466,51.60575858250277,218,244,462,49.044585987261144,1,3,4,1.3937282229965158,0908311000,3rd
Roseller Lim,2025,300,280,580,69.377990430622,204,204,408,44.63894967177243,236,216,452,49.45295404814004,290,278,568,62.144420131291035,310,300,610,66.73960612691467,369,319,688,75.27352297592998,176,175,351,38.40262582056893,178,190,368,40.26258205689278,203,189,392,42.88840262582057,313,265,578,63.23851203501094,241,241,482,52.735229759299784,342,319,661,72.31947483588621,364,356,720,78.7746170678337,330,318,648,70.89715536105032,339,305,644,70.45951859956236,314,276,590,64.55142231947484,283,256,539,59.82241953385128,31,21,52,23.963133640552993,0908312000,3rd
Siay,2025,262,214,476,54.337899543378995,127,113,240,25.5047821466525,123,113,236,25.07970244420829,287,267,554,58.87353878852285,326,304,630,66.9500531349628,353,337,690,73.32624867162593,219,203,422,44.845908607863976,222,209,431,45.80233793836344,230,218,448,47.60892667375133,241,251,492,52.28480340063763,224,246,470,49.94686503719448,329,298,627,66.63124335812965,359,345,704,74.81402763018066,351,356,707,75.13283740701382,275,274,549,58.34218916046758,294,299,593,63.01806588735388,294,299,593,63.900862068965516,30,18,48,15.789473684210526,0908313000,2nd
Talusan,2025,112,91,203,35.181975736568454,52,35,87,13.509316770186336,49,33,82,12.732919254658384,107,92,199,30.900621118012424,107,96,203,31.521739130434785,123,96,219,34.006211180124225,93,85,178,27.639751552795033,93,76,169,26.242236024844722,98,74,172,26.70807453416149,106,82,188,29.19254658385093,106,96,202,31.366459627329192,125,106,231,35.869565217391305,161,138,299,46.42857142857143,143,129,272,42.2360248447205,106,96,202,31.366459627329192,109,109,218,33.85093167701863,109,109,218,34.0625,0,2,2,0.5050505050505051,0908314000,5th
Titay,2025,278,326,604,58.81207400194742,147,120,267,23.628318584070797,126,118,244,21.5929203539823,391,386,777,68.76106194690266,382,400,782,69.20353982300885,430,428,858,75.929203539823,227,242,469,41.50442477876106,214,232,446,39.469026548672566,228,218,446,39.469026548672566,402,387,789,69.82300884955752,316,311,627,55.48672566371682,401,407,808,71.50442477876106,445,454,899,79.5575221238938,412,408,820,72.56637168141593,395,358,753,66.63716814159292,345,353,698,61.769911504424776,342,349,691,61.86213070725156,51,37,88,25.581395348837212,0908315000,2nd
Tungawan,2025,289,278,567,59.37172774869109,265,245,510,48.99135446685879,262,252,514,49.375600384245914,370,339,709,68.10758885686839,408,356,764,73.3909702209414,438,404,842,80.8837656099904,202,169,371,35.6388088376561,225,196,421,40.4418828049952,216,200,416,39.96157540826128,354,330,684,65.70605187319885,308,325,633,60.80691642651297,364,354,718,68.97214217098944,462,406,868,83.38136407300672,425,388,813,78.09798270893373,371,362,733,70.41306436119116,345,316,661,63.49663784822286,337,313,650,63.16812439261419,44,29,73,26.16487455197133,0908316000,2nd
City of Zamboanga,2025,5635,5751,11386,58.27021494370522,8178,7736,15914,74.91761604368703,7718,7275,14993,70.58186611430185,7509,7133,14642,68.9294793333961,7525,7087,14612,68.78824969400245,8076,7677,15753,74.15968364560776,4446,4177,8623,40.59410601638264,4106,3841,7947,37.411731475378964,4372,4165,8537,40.1892477167875,7363,6961,14324,67.43244515582337,6821,6535,13356,62.875435458054795,8384,7867,16251,76.50409565954241,9516,9137,18653,87.81188212032765,9117,8835,17952,84.5118162131626,7542,7102,14644,68.93889464268901,8078,7859,15937,75.0258921005555,7903,7667,15570,74.00190114068441,622,597,1219,28.83159886471145,0931700000,1st
City of Isabela,2025,720,770,1490,46.30205096333126,893,874,1767,50.41369472182596,813,798,1611,45.96291012838802,1114,1065,2179,62.16833095577746,1200,1132,2332,66.53352353780313,1279,1240,2519,71.86875891583452,1084,1029,2113,60.285306704707565,1163,1090,2253,64.27960057061341,1157,1110,2267,64.679029957204,1103,1090,2193,62.567760342368054,1099,1053,2152,61.39800285306705,1135,1083,2218,63.281027104136946,1410,1331,2741,78.20256776034236,1374,1308,2682,76.51925820256777,1219,1162,2381,67.93152639087019,1527,1512,3039,86.70470756062767,1521,1504,3025,86.57698912421293,57,61,118,12.770562770562771,0990101000,4th
Region 10,2025,30632,30283,60915,54.49397493357666,32490,32445,64935,53.528592272626106,26871,26834,53705,44.271241210462534,40877,39175,80052,65.99015736672465,43372,41924,85296,70.31300233288545,48361,46474,94835,78.17639251827977,37972,36481,74453,61.3746712939683,38240,36867,75107,61.913790403020386,39047,37720,76767,63.2821967042841,36251,35086,71337,58.80602428509014,27838,27144,54982,45.32392485306119,40273,38513,78786,64.94654147672473,44218,42771,86989,71.70861189194537,43262,41957,85219,70.24952806469429,38710,37053,75763,62.45455819436315,38765,37780,76545,63.09919297001871,37044,36259,73303,61.23432657527839,4776,4658,9434,21.57625102918306,1000000000,
Bukidnon,2025,8926,8723,17649,51.22333478450153,9950,9814,19764,52.80397552699778,7932,7824,15756,42.09570119426114,12644,11909,24553,65.59886718854364,13553,12746,26299,70.26369927061904,14942,14043,28985,77.43995297763766,11538,10934,22472,60.03900718694061,11895,11120,23015,61.48975393411526,12096,11473,23569,62.969889657752006,10414,10001,20415,54.54326858852762,6220,6029,12249,32.725961153116565,11913,11196,23109,61.740896096609575,13058,12287,25345,67.71487349381495,12362,11822,24184,64.61300061449678,11371,10802,22173,59.24016137219803,10665,10243,20908,55.86042907905635,9585,9349,18934,51.3784869206556,1737,1626,3363,23.910415926057592,1001300000,1st
Baungon,2025,203,172,375,49.800796812749006,174,200,374,45.94594594594595,184,189,373,45.82309582309582,214,213,427,52.45700245700245,253,259,512,62.8992628992629,311,308,619,76.04422604422605,226,217,443,54.42260442260442,246,252,498,61.17936117936118,244,257,501,61.547911547911546,225,232,457,56.14250614250614,147,161,308,37.83783783783784,241,228,469,57.61670761670762,269,274,543,66.70761670761671,303,330,633,77.76412776412776,255,257,512,62.8992628992629,257,275,532,65.35626535626535,245,265,510,63.35403726708074,17,15,32,16.3265306122449,1001301000,2nd
Damulog,2025,213,201,414,51.49253731343284,152,159,311,35.381114903299206,151,140,291,33.105802047781566,257,251,508,57.792946530147894,274,269,543,61.774744027303754,276,267,543,61.774744027303754,183,198,381,43.344709897610926,191,188,379,43.117178612059156,185,179,364,41.41069397042093,191,166,357,40.61433447098976,127,109,236,26.84869169510808,270,269,539,61.31968145620023,309,305,614,69.85210466439136,280,275,555,63.13993174061433,196,177,373,42.43458475540387,167,163,330,37.54266211604095,177,163,340,39.351851851851855,60,30,90,14.729950900163665,1001302000,4th
Dangcagan,2025,167,161,328,61.53846153846154,137,154,291,49.914236706689536,143,172,315,54.03087478559176,209,209,418,71.69811320754717,260,237,497,85.24871355060034,281,289,570,97.77015437392797,200,202,402,68.95368782161235,214,194,408,69.9828473413379,201,205,406,69.63979416809606,198,173,371,63.63636363636363,81,96,177,30.360205831903947,211,208,419,71.8696397941681,249,230,479,82.16123499142367,237,234,471,80.78902229845626,184,180,364,62.43567753001715,151,152,303,51.97255574614065,146,153,299,51.81975736568457,34,32,66,30.0,1001303000,3rd
Don Carlos,2025,521,476,997,60.278113663845225,549,501,1050,59.055118110236215,483,446,929,52.249718785151856,651,626,1277,71.822272215973,714,704,1418,79.7525309336333,787,753,1540,86.61417322834646,541,505,1046,58.83014623172104,569,584,1153,64.84814398200226,590,589,1179,66.31046119235096,518,479,997,56.07424071991001,361,364,725,40.77615298087739,543,534,1077,60.57367829021373,623,614,1237,69.57255343082115,543,504,1047,58.88638920134983,562,578,1140,64.1169853768279,606,522,1128,63.44206974128234,572,503,1075,61.49885583524027,48,50,98,22.42562929061785,1001304000,1st
Impasug-ong,2025,136,113,249,19.00763358778626,250,241,491,34.626234132581104,121,121,242,17.066290550070523,465,428,893,62.97602256699577,579,497,1076,75.8815232722144,664,481,1145,80.74753173483779,395,352,747,52.67983074753173,471,381,852,60.08462623413258,512,419,931,65.6558533145275,374,343,717,50.5641748942172,261,265,526,37.09449929478138,413,348,761,53.667136812411854,473,415,888,62.62341325811002,396,366,762,53.73765867418901,380,357,737,51.974612129760224,269,269,538,37.9407616361072,246,245,491,35.19713261648745,73,64,137,17.908496732026144,1001305000,1st
Kadingilan,2025,167,195,362,52.76967930029155,186,195,381,50.93582887700535,162,189,351,46.92513368983957,249,225,474,63.36898395721925,283,283,566,75.66844919786097,303,278,581,77.67379679144385,240,217,457,61.096256684491976,274,238,512,68.44919786096256,280,253,533,71.2566844919786,193,181,374,50.0,58,61,119,15.909090909090908,266,231,497,66.44385026737967,296,258,554,74.06417112299465,303,267,570,76.20320855614973,243,220,463,61.898395721925134,228,224,452,60.42780748663101,218,209,427,57.7807848443843,10,6,16,6.2015503875969,1001306000,3rd
Kalilangan,2025,196,202,398,41.200828157349896,339,281,620,59.216809933142315,255,243,498,47.56446991404012,424,391,815,77.8414517669532,463,436,899,85.86437440305636,496,513,1009,96.37058261700095,365,341,706,67.43075453677173,410,383,793,75.74021012416428,388,412,800,76.4087870105062,351,337,688,65.71155682903533,175,170,345,32.95128939828081,383,334,717,68.48137535816619,374,378,752,71.82425978987584,370,367,737,70.39159503342884,370,353,723,69.05444126074498,278,326,604,57.688634192932184,241,295,536,52.241715399610136,61,79,140,31.746031746031743,1001307000,2nd
Kibawe,2025,244,281,525,60.414269275028765,296,278,574,60.93418259023354,180,186,366,38.853503184713375,367,324,691,73.35456475583864,368,371,739,78.45010615711253,436,384,820,87.04883227176221,238,220,458,48.61995753715499,246,248,494,52.4416135881104,291,292,583,61.8895966029724,266,249,515,54.67091295116773,119,116,235,24.94692144373673,323,300,623,66.13588110403397,362,340,702,74.52229299363057,368,347,715,75.90233545647558,346,295,641,68.04670912951167,273,261,534,56.68789808917197,200,190,390,42.07119741100323,89,103,192,40.25157232704403,1001308000,2nd
Kitaotao,2025,169,158,327,27.78249787595582,321,289,610,47.544816835541695,68,74,142,11.067809820732657,350,308,658,51.28604832424006,222,234,456,35.54169914263446,113,113,226,17.614964925954794,333,265,598,46.609508963367105,292,249,541,42.1667965705378,235,207,442,34.450506625097425,140,136,276,21.51208106001559,38,48,86,6.703039750584567,332,268,600,46.76539360872954,285,255,540,42.08885424785659,186,168,354,27.59158222915043,278,231,509,39.672642244738896,165,162,327,25.4871395167576,42,40,82,6.456692913385827,82,73,155,17.67388825541619,1001309000,1st
Lantapan,2025,574,530,1104,77.91107974594213,690,610,1300,83.92511297611362,455,420,875,56.48805681084571,704,583,1287,83.08586184635249,693,591,1284,82.89218850871531,762,658,1420,91.67204648160103,686,590,1276,82.37572627501613,719,613,1332,85.99096191091027,741,618,1359,87.73402194964494,593,494,1087,70.17430600387347,251,244,495,31.956100710135573,653,503,1156,74.62879276952873,637,507,1144,73.85409941897998,535,449,984,63.52485474499677,633,528,1161,74.95158166559071,596,558,1154,74.49967721110394,598,562,1160,75.91623036649214,24,14,38,13.10344827586207,1001310000,1st
Libona,2025,347,382,729,67.81395348837209,256,248,504,43.22469982847341,348,338,686,58.83361921097771,365,340,705,60.4631217838765,371,390,761,65.26586620926244,446,459,905,77.61578044596914,357,343,700,60.03430531732419,358,359,717,61.492281303602056,396,374,770,66.0377358490566,381,388,769,65.95197255574614,161,149,310,26.58662092624357,357,347,704,60.37735849056604,398,400,798,68.43910806174958,414,403,817,70.06861063464837,349,326,675,57.89022298456261,414,361,775,66.46655231560892,438,390,828,72.50437828371278,11,9,20,9.090909090909092,1001311000,1st
City of Malaybalay ,2025,976,976,1952,46.201183431952664,1045,1062,2107,46.10503282275712,686,707,1393,30.481400437636765,1390,1307,2697,59.01531728665208,1620,1509,3129,68.46827133479212,1905,1781,3686,80.65645514223195,1255,1224,2479,54.245076586433264,1331,1257,2588,56.63019693654267,1379,1292,2671,58.44638949671772,1214,1111,2325,50.87527352297593,915,879,1794,39.25601750547046,1213,1204,2417,52.888402625820575,1474,1418,2892,63.28227571115974,1579,1569,3148,68.8840262582057,1306,1208,2514,55.010940919037196,1258,1188,2446,53.522975929978124,1089,1034,2123,47.13587921847247,136,149,285,14.025590551181102,1001312000,1st
Malitbog,2025,155,155,310,73.80952380952381,152,182,334,70.46413502109705,164,163,327,68.9873417721519,185,181,366,77.21518987341773,214,215,429,90.50632911392405,245,224,469,98.94514767932489,169,146,315,66.45569620253164,164,134,298,62.869198312236286,179,153,332,70.042194092827,154,143,297,62.65822784810127,82,68,150,31.645569620253166,199,170,369,77.84810126582279,231,209,440,92.82700421940928,250,204,454,95.78059071729957,215,182,397,83.75527426160338,171,154,325,68.56540084388185,142,136,278,59.78494623655914,53,31,84,-27.450980392156865,1001313000,2nd
Manolo Fortich,2025,773,735,1508,62.33980983877635,915,844,1759,66.90756941802967,890,832,1722,65.50019018638265,975,906,1881,71.54811715481172,1065,979,2044,77.74819322936479,1137,1017,2154,81.93229364777483,964,871,1835,69.7984024343857,1012,942,1954,74.32483834157473,1074,944,2018,76.75922403955877,870,876,1746,66.41308482312667,744,678,1422,54.08900722708254,946,889,1835,69.7984024343857,987,941,1928,73.33586915176873,1019,879,1898,72.19475085583872,1037,942,1979,75.27577025484975,1323,1222,2545,96.80486877139597,1211,1142,2353,90.81435739096874,104,82,186,48.311688311688314,1001314000,1st
Maramag,2025,770,725,1495,63.05356389708984,734,705,1439,56.057654850019475,686,635,1321,51.4608492403584,886,854,1740,67.78340475262952,994,861,1855,72.26334242306194,1010,855,1865,72.65290222049084,854,830,1684,65.60186988702766,912,786,1698,66.14725360342813,894,896,1790,69.73120373977405,937,930,1867,72.73081417997662,579,546,1125,43.82547721075185,903,847,1750,68.17296455005844,1081,901,1982,77.21075185040904,894,894,1788,69.65329178028827,871,792,1663,64.78379431242696,841,780,1621,63.14764316322555,769,768,1537,60.96786989289964,110,121,231,20.460584588131088,1001315000,1st
Pangantucan,2025,269,230,499,40.048154093097914,467,490,957,70.2127659574468,324,309,633,46.44167278063096,539,514,1053,77.2560528246515,551,539,1090,79.97065297138664,660,668,1328,97.43213499633163,441,419,860,63.09611151870873,427,411,838,61.48202494497432,476,485,961,70.50623624358033,430,454,884,64.8569332355099,160,186,346,25.385179750550257,496,462,958,70.28613352898019,584,564,1148,84.22597212032281,565,591,1156,84.81291269258988,472,469,941,69.0388848129127,333,370,703,51.57740278796772,307,354,661,49.736644093303234,138,99,237,59.69773299748111,1001316000,1st
Quezon,2025,643,612,1255,51.05777054515867,686,680,1366,51.00821508588499,590,571,1161,43.35324869305452,879,858,1737,64.86183719193428,983,943,1926,71.9193427931292,1024,975,1999,74.64525765496639,781,748,1529,57.094846900672145,812,769,1581,59.03659447348768,816,757,1573,58.7378640776699,545,563,1108,41.37415982076176,329,301,630,23.52501867064974,775,726,1501,56.049290515309934,774,753,1527,57.0201643017177,667,654,1321,49.327856609410006,711,735,1446,53.99551904406273,588,618,1206,45.033607169529496,518,562,1080,40.94010614101592,179,188,367,22.12176009644364,1001317000,1st
San Fernando,2025,309,361,670,43.876882776686315,343,359,702,41.9605499103407,258,285,543,32.45666467423789,544,549,1093,65.3317393903168,547,512,1059,63.299462044231916,576,594,1170,69.93424985056784,494,508,1002,59.89240884638374,511,474,985,58.876270173341304,494,485,979,58.51763299462044,432,408,840,50.2092050209205,126,119,245,14.644351464435147,566,565,1131,67.60310818888225,589,560,1149,68.67901972504484,525,492,1017,60.78900179318589,442,409,851,50.86670651524208,370,331,701,41.90077704722056,326,303,629,38.1906496660595,39,44,83,7.404103479036575,1001318000,1st
Sumilao,2025,125,118,243,37.5,130,184,314,44.41301272984441,95,64,159,22.48939179632249,244,234,478,67.60961810466762,264,232,496,70.15558698727015,275,271,546,77.22772277227723,206,222,428,60.53748231966054,198,192,390,55.16265912305516,217,202,419,59.264497878359265,178,190,368,52.05091937765205,65,75,140,19.801980198019802,216,222,438,61.951909476661946,233,238,471,66.61951909476662,250,239,489,69.16548797736917,192,193,385,54.45544554455446,157,167,324,45.82743988684583,135,141,276,39.541547277936964,47,40,87,34.25196850393701,1001319000,4th
Talakag,2025,355,364,719,35.82461385151968,536,523,1059,48.42249657064472,305,349,654,29.903978052126202,666,648,1314,60.08230452674898,697,574,1271,58.11614083219021,739,689,1428,65.29492455418381,614,607,1221,55.82990397805213,614,578,1192,54.50388660265203,612,584,1196,54.68678555098309,457,450,907,41.47233653406493,193,201,394,18.015546410608138,607,622,1229,56.195701874714224,644,640,1284,58.71056241426612,480,462,942,43.072702331961594,503,533,1036,47.3708276177412,406,406,812,37.12848651120256,477,436,913,42.190388170055456,55,41,96,-84.21052631578947,1001320000,1st
City of Valencia,2025,1422,1365,2787,56.12162706403544,1410,1421,2831,52.63060048336122,1193,1190,2383,44.30191485406209,1795,1701,3496,64.9934932143521,1887,1858,3745,69.62260643242239,2208,2158,4366,81.16750325339282,1726,1672,3398,63.171593232942925,1675,1649,3324,61.79587283881762,1648,1629,3277,60.922104480386686,1577,1492,3069,57.05521472392638,1163,1092,2255,41.922290388548056,1742,1671,3413,63.45045547499535,1932,1832,3764,69.97583193902213,1941,1870,3811,70.84960029745307,1625,1593,3218,59.82524632831381,1625,1523,3148,58.52388919873582,1336,1272,2608,49.244712990936556,314,307,621,28.421052631578945,1001321000,2nd
Cabanglasan,2025,192,211,403,43.61471861471862,182,208,390,39.19597989949749,191,201,392,39.39698492462311,286,259,545,54.773869346733676,251,253,504,50.65326633165829,288,308,596,59.89949748743718,270,237,507,50.95477386934674,249,239,488,49.04522613065327,244,241,485,48.743718592964825,190,206,396,39.798994974874375,85,101,186,18.693467336683415,258,248,506,50.85427135678392,254,255,509,51.15577889447236,257,258,515,51.75879396984925,201,244,445,44.72361809045226,189,211,400,40.20100502512563,152,186,338,34.56032719836401,53,49,102,19.2090395480226,1001322000,3rd
Camiguin,2025,491,485,976,56.05973578403216,504,508,1012,53.48837209302325,502,508,1010,53.38266384778013,596,565,1161,61.36363636363637,646,623,1269,67.07188160676533,747,733,1480,78.22410147991543,573,551,1124,59.40803382663847,582,557,1139,60.20084566596194,610,589,1199,63.372093023255815,619,584,1203,63.58350951374207,639,582,1221,64.53488372093024,590,561,1151,60.835095137420716,602,566,1168,61.733615221987314,623,595,1218,64.37632135306553,652,579,1231,65.06342494714588,532,505,1037,54.80972515856237,511,498,1009,53.72736954206603,78,61,139,21.92429022082019,1001800000,5th
Catarman,2025,100,75,175,60.13745704467354,100,75,175,54.858934169278996,99,74,173,54.2319749216301,105,76,181,56.739811912225704,119,89,208,65.20376175548589,150,120,270,84.63949843260188,106,75,181,56.739811912225704,113,84,197,61.75548589341693,116,91,207,64.89028213166145,120,91,211,66.14420062695925,134,107,241,75.54858934169279,116,84,200,62.695924764890286,118,88,206,64.57680250783699,131,94,225,70.53291536050156,136,109,245,76.8025078369906,125,84,209,65.51724137931035,120,84,204,63.94984326018809,8,4,12,14.117647058823529,1001801000,5th
Guinsiliban,2025,45,41,86,65.64885496183206,45,41,86,60.13986013986013,45,41,86,60.13986013986013,52,50,102,71.32867132867133,54,62,116,81.11888111888112,63,63,126,88.11188811188812,45,53,98,68.53146853146853,44,51,95,66.43356643356644,51,55,106,74.12587412587412,52,54,106,74.12587412587412,42,47,89,62.23776223776224,45,49,94,65.73426573426573,42,50,92,64.33566433566433,49,51,100,69.93006993006993,49,37,86,60.13986013986013,36,35,71,49.65034965034965,32,29,61,43.57142857142857,11,12,23,46.93877551020408,1001802000,6th
Mahinog,2025,82,69,151,55.71955719557196,80,70,150,51.546391752577314,80,70,150,51.546391752577314,92,86,178,61.16838487972509,95,77,172,59.106529209621996,90,92,182,62.54295532646048,89,85,174,59.79381443298969,85,76,161,55.32646048109966,78,87,165,56.70103092783505,80,87,167,57.388316151202744,77,89,166,57.0446735395189,91,86,177,60.824742268041234,94,75,169,58.075601374570454,78,90,168,57.73195876288659,78,88,166,57.0446735395189,69,74,143,49.140893470790374,62,77,139,47.766323024054984,11,0,11,7.638888888888889,1001803000,5th
Mambajao ,2025,187,227,414,52.27272727272727,202,249,451,52.56410256410257,201,250,451,52.56410256410257,263,263,526,61.3053613053613,278,289,567,66.08391608391608,321,338,659,76.8065268065268,254,252,506,58.97435897435898,250,252,502,58.5081585081585,258,261,519,60.48951048951049,260,257,517,60.256410256410255,277,254,531,61.88811188811189,259,256,515,60.02331002331003,258,259,517,60.256410256410255,258,265,523,60.95571095571095,280,260,540,62.93706293706294,204,213,417,48.6013986013986,201,212,413,48.30409356725146,42,39,81,26.910299003322258,1001804000,3rd
Sagay,2025,77,73,150,58.59375,77,73,150,53.380782918149464,77,73,150,53.380782918149464,84,90,174,61.92170818505338,100,106,206,73.30960854092527,123,120,243,86.47686832740213,79,86,165,58.718861209964416,90,94,184,65.48042704626334,107,95,202,71.88612099644128,107,95,202,71.88612099644128,109,85,194,69.03914590747331,79,86,165,58.718861209964416,90,94,184,65.48042704626334,107,95,202,71.88612099644128,109,85,194,69.03914590747331,98,99,197,70.1067615658363,96,96,192,70.32967032967034,6,6,12,21.818181818181817,1001805000,5th
Lanao del Norte,2025,4587,4491,9078,50.121466431095406,5061,5045,10106,51.307305681068186,3399,3207,6606,33.53810224907347,6830,6699,13529,68.68558663755901,7147,7129,14276,72.47804234147333,7750,7589,15339,77.87480326953343,5872,5703,11575,58.765294207239684,5895,5891,11786,59.83652332842565,6114,6091,12205,61.96375082499873,5802,5719,11521,58.49114078286033,4785,4720,9505,48.25607960603138,6589,6493,13082,66.41620551352997,7185,7192,14377,72.99081078336802,7117,6957,14074,71.45250545768391,6417,6312,12729,64.62405442453165,6446,6515,12961,65.80189876630959,6172,6135,12307,63.284825422944415,755,710,1465,18.74840030714103,1003500000,2nd
Bacolod,2025,112,87,199,40.2834008097166,128,78,206,38.57677902621723,91,61,152,28.46441947565543,186,129,315,58.98876404494382,197,137,334,62.546816479400746,212,165,377,70.59925093632958,171,114,285,53.37078651685393,182,135,317,59.36329588014981,188,137,325,60.86142322097379,178,137,315,58.98876404494382,155,163,318,59.55056179775281,179,114,293,54.8689138576779,210,154,364,68.16479400749064,217,151,368,68.91385767790263,157,163,320,59.925093632958806,167,154,321,60.1123595505618,165,150,315,60.0,17,11,28,13.526570048309178,1003501000,4th
Baloi,2025,320,400,720,36.96098562628337,480,568,1048,49.64471814306016,182,226,408,19.327333017527238,613,667,1280,60.63477025106585,641,743,1384,65.56134533396495,717,815,1532,72.57224064424443,551,594,1145,54.239696826148744,533,608,1141,54.05021316911416,518,630,1148,54.38180956892468,480,549,1029,48.7446707721459,407,438,845,40.028422548555184,617,658,1275,60.397915679772616,647,714,1361,64.4718143060161,666,766,1432,67.83514921837993,611,646,1257,59.54523922311701,656,685,1341,63.5243960208432,655,681,1336,63.862332695984705,140,144,284,84.77611940298507,1003502000,3rd
Baroy,2025,120,115,235,47.86150712830957,125,121,246,46.2406015037594,123,115,238,44.73684210526316,151,145,296,55.639097744360896,189,156,345,64.84962406015038,198,173,371,69.73684210526315,145,126,271,50.93984962406015,148,125,273,51.31578947368421,147,138,285,53.57142857142857,179,141,320,60.150375939849624,114,110,224,42.10526315789473,164,147,311,58.45864661654135,180,155,335,62.96992481203007,166,148,314,59.02255639097744,149,134,283,53.19548872180451,106,104,210,39.473684210526315,106,104,210,39.84819734345351,40,33,73,29.67479674796748,1003503000,4th
Kapatagan,2025,531,468,999,71.30620985010707,297,303,600,39.37007874015748,1167,1054,2221,145.73490813648294,443,423,866,56.8241469816273,492,494,986,64.69816272965879,562,497,1059,69.48818897637796,333,332,665,43.63517060367454,368,379,747,49.01574803149607,410,389,799,52.42782152230971,395,395,790,51.83727034120735,441,410,851,55.83989501312337,426,423,849,55.70866141732284,436,458,894,58.661417322834644,506,461,967,63.4514435695538,492,442,934,61.28608923884514,510,492,1002,65.74803149606299,463,413,876,58.43895930620414,54,24,78,10.684931506849315,1003505000,2nd
Sultan Naga Dimaporo,2025,110,100,210,12.252042007001167,395,357,752,40.780911062906725,39,46,85,4.609544468546638,540,505,1045,56.67028199566161,607,523,1130,61.27982646420824,612,530,1142,61.93058568329718,351,292,643,34.869848156182215,351,295,646,35.03253796095444,347,317,664,36.00867678958785,369,321,690,37.418655097613886,336,279,615,33.35140997830803,444,422,866,46.963123644251624,525,456,981,53.199566160520604,447,402,849,46.041214750542295,405,340,745,40.401301518438174,298,265,563,30.531453362255967,261,214,475,26.28666297731046,109,116,225,16.76602086438152,1003506000,3rd
Kauswagan,2025,202,175,377,62.83333333333333,135,129,264,40.67796610169492,98,86,184,28.35130970724191,241,183,424,65.33127889060091,259,237,496,76.42526964560862,263,222,485,74.73035439137135,218,177,395,60.86286594761171,215,178,393,60.55469953775039,224,178,402,61.94144838212635,230,190,420,64.71494607087827,176,166,342,52.69645608628659,247,209,456,70.26194144838213,282,250,532,81.97226502311248,276,228,504,77.65793528505392,224,202,426,65.63944530046226,206,191,397,61.17103235747303,189,175,364,56.78627145085804,28,27,55,30.726256983240223,1003507000,5th
Kolambugan,2025,149,122,271,49.72477064220184,119,105,224,37.333333333333336,124,133,257,42.833333333333336,210,208,418,69.66666666666667,222,224,446,74.33333333333333,262,265,527,87.83333333333333,189,189,378,63.0,207,197,404,67.33333333333333,222,210,432,72.0,201,198,399,66.5,86,74,160,26.666666666666668,213,219,432,72.0,223,242,465,77.5,214,220,434,72.33333333333334,240,233,473,78.83333333333333,271,255,526,87.66666666666667,271,255,526,88.40336134453781,0,0,0,0.0,1003508000,4th
Lala,2025,807,832,1639,89.36750272628136,640,671,1311,66.27906976744185,67,57,124,6.268958543983821,944,947,1891,95.60161779575328,965,1025,1990,100.6066734074823,1254,1258,2512,126.99696663296258,900,916,1816,91.80990899898887,834,903,1737,87.8159757330637,994,1005,1999,101.06167846309404,995,980,1975,99.84833164812943,927,891,1818,91.91102123356926,994,1018,2012,101.71890798786653,1307,1301,2608,131.85035389282103,1190,1165,2355,119.05965621840242,970,961,1931,97.62386248736097,1035,994,2029,102.57836198179979,1056,1003,2059,105.75243965074475,75,63,138,38.440111420612816,1003509000,1st
Linamon,2025,33,29,62,14.220183486238533,48,62,110,23.30508474576271,2,2,4,0.847457627118644,179,186,365,77.33050847457628,199,247,446,94.49152542372882,259,278,537,113.77118644067797,139,165,304,64.40677966101694,174,188,362,76.69491525423729,179,184,363,76.90677966101694,209,218,427,90.46610169491525,170,191,361,76.48305084745762,176,187,363,76.90677966101694,206,236,442,93.64406779661016,209,219,428,90.67796610169492,219,213,432,91.52542372881356,227,235,462,97.88135593220339,223,245,468,100.0,34,40,74,110.44776119402985,1003510000,5th
Magsaysay,2025,239,229,468,89.48374760994264,321,295,616,108.0701754385965,316,287,603,105.78947368421052,315,278,593,104.03508771929823,307,294,601,105.43859649122807,309,275,584,102.4561403508772,267,228,495,86.8421052631579,242,226,468,82.10526315789474,242,237,479,84.03508771929825,261,226,487,85.43859649122807,213,205,418,73.33333333333333,321,303,624,109.47368421052633,331,322,653,114.56140350877193,326,292,618,108.42105263157895,251,214,465,81.57894736842105,248,252,500,87.71929824561403,246,236,482,85.00881834215167,0,0,0,0.0,1003511000,5th
Maigo,2025,106,96,202,40.80808080808081,105,115,220,40.44117647058824,130,123,253,46.50735294117647,187,168,355,65.25735294117648,194,163,357,65.625,209,184,393,72.24264705882352,163,137,300,55.14705882352941,151,136,287,52.75735294117647,162,138,300,55.14705882352941,115,100,215,39.52205882352941,87,90,177,32.536764705882355,170,160,330,60.66176470588235,180,156,336,61.76470588235294,173,159,332,61.029411764705884,146,130,276,50.73529411764706,134,136,270,49.63235294117647,128,125,253,47.37827715355805,18,14,32,15.686274509803921,1003512000,4th
Matungao,2025,74,78,152,37.62376237623762,82,76,158,36.321839080459775,14,14,28,6.436781609195402,111,111,222,51.03448275862069,124,119,243,55.86206896551724,118,126,244,56.09195402298851,109,110,219,50.3448275862069,118,115,233,53.5632183908046,113,114,227,52.18390804597701,115,114,229,52.643678160919535,85,62,147,33.793103448275865,107,111,218,50.114942528735625,117,119,236,54.252873563218394,117,114,231,53.103448275862064,121,98,219,50.3448275862069,129,81,210,48.275862068965516,129,81,210,49.06542056074766,12,11,23,8.846153846153847,1003513000,5th
Munai,2025,272,262,534,51.74418604651163,364,334,698,61.98934280639432,61,49,110,9.769094138543517,530,541,1071,95.11545293072824,516,525,1041,92.45115452930727,492,513,1005,89.25399644760213,339,336,675,59.94671403197158,367,370,737,65.45293072824157,358,367,725,64.38721136767317,290,300,590,52.39786856127886,181,185,366,32.5044404973357,435,431,866,76.90941385435168,423,428,851,75.57726465364121,447,440,887,78.77442273534636,393,409,802,71.22557726465364,382,394,776,68.9165186500888,359,372,731,65.44315129811996,31,26,57,12.866817155756207,1003514000,4th
Nunungan,2025,263,259,522,104.81927710843372,272,275,547,100.0,218,220,438,80.07312614259597,274,320,594,108.59232175502743,282,319,601,109.87202925045705,252,300,552,100.91407678244973,185,215,400,73.12614259597807,194,214,408,74.58866544789763,180,204,384,70.20109689213893,169,194,363,66.36197440585009,203,258,461,84.27787934186472,223,251,474,86.654478976234,223,251,474,86.654478976234,218,244,462,84.46069469835467,220,271,491,89.76234003656307,210,262,472,86.28884826325411,211,258,469,87.33705772811918,0,1,1,5.555555555555555,1003515000,3rd
Pantao Ragat,2025,206,240,446,53.34928229665071,219,249,468,51.09170305676856,62,74,136,14.847161572052403,241,277,518,56.55021834061136,239,268,507,55.34934497816594,254,281,535,58.406113537117896,238,277,515,56.222707423580786,237,264,501,54.69432314410481,246,271,517,56.4410480349345,238,269,507,55.34934497816594,192,226,418,45.633187772925766,257,306,563,61.46288209606987,237,296,533,58.18777292576419,263,300,563,61.46288209606987,197,226,423,46.17903930131004,206,221,427,46.61572052401747,205,219,424,46.33879781420765,13,22,35,5.681818181818182,1003516000,4th
Poona Piagapo,2025,176,225,401,40.505050505050505,205,263,468,43.73831775700935,115,141,256,23.925233644859816,221,275,496,46.35514018691589,222,285,507,47.38317757009346,213,261,474,44.299065420560744,225,267,492,45.981308411214954,217,289,506,47.28971962616823,211,268,479,44.76635514018692,208,269,477,44.57943925233645,179,174,353,32.99065420560748,257,309,566,52.89719626168225,245,330,575,53.73831775700935,264,358,622,58.13084112149532,238,288,526,49.1588785046729,247,279,526,49.1588785046729,236,280,516,49.096098953377734,1,1,2,0.3898635477582846,1003517000,4th
Salvador,2025,77,85,162,26.5139116202946,168,141,309,45.17543859649123,124,104,228,33.33333333333333,223,183,406,59.356725146198826,211,199,410,59.94152046783626,248,213,461,67.39766081871345,221,180,401,58.62573099415205,209,200,409,59.7953216374269,227,188,415,60.672514619883046,192,171,363,53.07017543859649,99,113,212,30.994152046783626,244,200,444,64.91228070175438,238,229,467,68.27485380116958,252,225,477,69.73684210526315,168,176,344,50.29239766081871,163,176,339,49.56140350877193,176,188,364,53.687315634218294,11,5,16,5.211726384364821,1003518000,5th
Sapad,2025,198,160,358,73.06122448979592,243,198,441,81.21546961325967,92,84,176,32.41252302025783,272,223,495,91.16022099447514,287,244,531,97.79005524861878,302,285,587,108.10313075506446,266,213,479,88.21362799263352,277,240,517,95.21178637200737,286,289,575,105.89318600368325,235,239,474,87.29281767955801,150,171,321,59.11602209944752,277,221,498,91.71270718232044,306,262,568,104.60405156537753,309,283,592,109.02394106813998,272,273,545,100.3683241252302,274,352,626,115.2854511970534,225,276,501,93.99624765478424,76,78,154,405.2631578947368,1003519000,5th
Tagoloan,2025,77,68,145,38.35978835978836,91,85,176,41.904761904761905,1,2,3,0.7142857142857143,119,112,231,55.00000000000001,132,128,260,61.904761904761905,134,144,278,66.19047619047619,115,108,223,53.095238095238095,120,119,239,56.904761904761905,102,103,205,48.80952380952381,103,106,209,49.76190476190476,96,91,187,44.52380952380952,111,108,219,52.142857142857146,128,124,252,60.0,103,115,218,51.90476190476191,107,104,211,50.23809523809524,92,100,192,45.714285714285715,92,100,192,45.82338902147971,30,20,50,20.080321285140563,1003520000,5th
Tangcal,2025,277,267,544,95.77464788732394,294,283,577,93.82113821138212,148,132,280,45.52845528455284,307,284,591,96.09756097560975,291,259,550,89.43089430894308,258,233,491,79.83739837398373,248,215,463,75.28455284552845,249,212,461,74.95934959349594,246,236,482,78.3739837398374,194,188,382,62.11382113821138,156,141,297,48.292682926829265,274,256,530,86.1788617886179,273,247,520,84.5528455284553,280,222,502,81.6260162601626,265,240,505,82.11382113821138,277,264,541,87.96747967479675,199,181,380,62.70627062706271,32,30,62,17.86743515850144,1003521000,5th
Tubod ,2025,209,169,378,33.719892952720784,210,174,384,31.630971993410213,204,167,371,30.56013179571664,335,328,663,54.61285008237232,389,349,738,60.79077429983526,439,372,811,66.80395387149917,324,315,639,52.63591433278418,339,320,659,54.2833607907743,346,306,652,53.70675453047776,315,268,583,48.02306425041186,233,187,420,34.596375617792425,272,272,544,44.81054365733114,314,285,599,49.341021416803954,303,264,567,46.70510708401977,404,388,792,65.23887973640856,472,483,955,78.66556836902801,466,471,937,78.27903091060986,17,15,32,7.804878048780488,1003522000,2nd
Pantar,2025,29,25,54,7.681365576102419,120,163,283,36.80104031209363,21,30,51,6.631989596879063,188,206,394,51.23537061118335,182,191,373,48.50455136540962,183,199,382,49.67490247074122,175,197,372,48.37451235370611,163,178,341,44.34330299089727,166,182,348,45.25357607282184,131,146,277,36.02080624187256,99,95,194,25.227568270481143,181,168,349,45.38361508452536,154,177,331,43.04291287386216,171,181,352,45.77373211963589,168,161,329,42.78283485045514,136,140,276,35.890767230169054,111,108,219,28.664921465968586,17,29,46,7.022900763358779,1003523000,5th
Misamis Occidental,2025,3011,3018,6029,48.34803528468324,3132,3080,6212,45.963743988161305,2893,2817,5710,42.249352571217166,4566,4164,8730,64.59489456159822,4817,4510,9327,69.01220865704772,5081,4772,9853,72.90418054014059,4317,3939,8256,61.087680355160934,4287,4054,8341,61.716611172770996,4275,4040,8315,61.524232334443205,4079,3921,8000,59.19348871624122,3252,2974,6226,46.067332593414726,4508,4062,8570,63.4110247872734,4774,4492,9266,68.56085830558638,4630,4236,8866,65.60118386977433,4132,3803,7935,58.71254162042175,3992,3774,7766,57.46207917129116,3961,3778,7739,57.844382988265195,898,895,1793,37.955122777307366,1004200000,2nd
Aloran,2025,167,130,297,66.59192825112108,167,130,297,60.86065573770492,167,130,297,60.86065573770492,167,151,318,65.1639344262295,195,170,365,74.79508196721312,200,169,369,75.61475409836066,160,146,306,62.704918032786885,174,152,326,66.80327868852459,167,159,326,66.80327868852459,206,150,356,72.95081967213115,160,148,308,63.114754098360656,147,140,287,58.81147540983606,172,142,314,64.34426229508196,179,144,323,66.18852459016394,186,145,331,67.82786885245902,178,163,341,69.87704918032787,178,163,341,69.87704918032787,0,0,0,0.0,1004201000,4th
Baliangao,2025,12,6,18,4.931506849315069,42,37,79,19.849246231155778,8,7,15,3.7688442211055273,137,116,253,63.5678391959799,153,128,281,70.60301507537689,143,139,282,70.85427135678391,125,104,229,57.537688442211056,127,117,244,61.30653266331658,123,120,243,61.05527638190955,111,110,221,55.527638190954775,107,84,191,47.98994974874372,153,120,273,68.5929648241206,142,134,276,69.34673366834171,138,117,255,64.07035175879398,143,99,242,60.80402010050251,119,87,206,51.75879396984925,98,75,173,44.13265306122449,10,11,21,11.538461538461538,1004202000,5th
Bonifacio,2025,98,95,193,24.52350698856417,92,69,161,18.80841121495327,71,55,126,14.719626168224298,287,240,527,61.56542056074766,287,291,578,67.5233644859813,327,351,678,79.2056074766355,239,224,463,54.08878504672897,250,221,471,55.023364485981304,255,250,505,58.99532710280374,266,280,546,63.78504672897196,199,202,401,46.845794392523366,349,310,659,76.98598130841121,318,302,620,72.42990654205607,262,276,538,62.850467289719624,237,260,497,58.0607476635514,222,247,469,54.78971962616822,190,228,418,49.467455621301774,43,29,72,18.556701030927837,1004203000,4th
Calamba,2025,260,314,574,130.45454545454544,207,275,482,100.836820083682,183,238,421,88.07531380753139,166,149,315,65.89958158995816,187,174,361,75.52301255230127,201,186,387,80.9623430962343,155,134,289,60.46025104602511,154,139,293,61.29707112970711,152,145,297,62.13389121338913,143,135,278,58.15899581589959,139,120,259,54.18410041841004,162,153,315,65.89958158995816,191,163,354,74.05857740585773,179,193,372,77.82426778242679,164,160,324,67.78242677824268,233,187,420,87.86610878661088,247,196,443,94.0552016985138,3,1,4,25.0,1004204000,4th
Clarin,2025,185,175,360,46.391752577319586,233,211,444,52.60663507109005,224,208,432,51.18483412322274,248,229,477,56.51658767772511,284,241,525,62.203791469194314,295,263,558,66.11374407582939,246,213,459,54.383886255924175,239,219,458,54.2654028436019,252,225,477,56.51658767772511,242,225,467,55.33175355450237,160,169,329,38.981042654028435,238,209,447,52.96208530805687,279,240,519,61.492890995260666,191,164,355,42.06161137440758,247,200,447,52.96208530805687,222,191,413,48.93364928909952,214,183,397,47.71634615384615,38,34,72,28.57142857142857,1004205000,4th
Concepcion,2025,16,17,33,19.411764705882355,19,16,35,19.12568306010929,18,15,33,18.0327868852459,22,24,46,25.136612021857925,23,26,49,26.775956284153008,22,23,45,24.59016393442623,21,23,44,24.043715846994534,25,26,51,27.86885245901639,22,21,43,23.497267759562842,21,19,40,21.85792349726776,22,20,42,22.950819672131146,23,20,43,23.497267759562842,32,29,61,33.33333333333333,28,26,54,29.508196721311474,28,24,52,28.415300546448087,19,17,36,19.672131147540984,18,17,35,19.12568306010929,10,6,16,12.121212121212121,1004206000,6th*
Jimenez,2025,174,192,366,71.62426614481409,174,192,366,66.54545454545455,174,193,367,66.72727272727272,191,218,409,74.36363636363636,203,223,426,77.45454545454545,243,248,491,89.27272727272727,187,204,391,71.0909090909091,197,205,402,73.0909090909091,201,210,411,74.72727272727273,185,190,375,68.18181818181817,135,124,259,47.090909090909086,188,211,399,72.54545454545455,250,271,521,94.72727272727272,241,246,487,88.54545454545455,186,216,402,73.0909090909091,207,240,447,81.27272727272728,207,240,447,81.56934306569343,3,1,4,16.0,1004207000,3rd
Lopez Jaena,2025,102,128,230,48.11715481171548,104,129,233,45.06769825918762,95,116,211,40.81237911025145,168,214,382,73.88781431334623,189,212,401,77.56286266924565,205,229,434,83.9458413926499,134,185,319,61.702127659574465,140,199,339,65.57059961315281,170,205,375,72.5338491295938,163,207,370,71.56673114119923,133,121,254,49.129593810444874,180,197,377,72.92069632495163,201,228,429,82.97872340425532,197,221,418,80.85106382978722,179,161,340,65.76402321083172,208,170,378,73.11411992263056,197,156,353,68.67704280155642,0,0,0,0.0,1004208000,4th
City of Oroquieta ,2025,214,209,423,31.05726872246696,267,244,511,34.73827328348062,266,245,511,34.73827328348062,466,397,863,58.667573079537725,467,415,882,59.95921142080217,518,437,955,64.92182188987084,452,385,837,56.90006798096533,437,392,829,56.356220258327674,479,403,882,59.95921142080217,389,355,744,50.57783820530252,323,244,567,38.545207341944256,442,380,822,55.88035350101972,506,467,973,66.14547926580558,520,466,986,67.02923181509178,428,412,840,57.10401087695445,387,301,688,46.77090414683889,452,384,836,57.22108145106092,106,108,214,43.40770791075051,1004209000,4th
City of Ozamiz,2025,776,688,1464,47.01348747591522,778,687,1465,43.42027267338471,777,688,1465,43.42027267338471,1015,848,1863,55.2163604030824,1111,965,2076,61.52934202726734,1121,990,2111,62.566686425607585,960,795,1755,52.015411973918205,940,807,1747,51.778304682869006,892,791,1683,49.8814463544754,904,819,1723,51.066982809721395,781,665,1446,42.857142857142854,963,794,1757,52.074688796680505,1018,847,1865,55.2756372258447,1052,843,1895,56.16478956727919,892,745,1637,48.5180794309425,879,799,1678,49.73325429756965,895,818,1713,51.37972405518896,120,113,233,16.046831955922865,1004210000,3rd
Panaon,2025,34,46,80,48.78048780487805,25,36,61,34.26966292134831,23,34,57,32.02247191011236,51,61,112,62.92134831460674,52,70,122,68.53932584269663,61,57,118,66.29213483146067,50,62,112,62.92134831460674,49,68,117,65.73033707865169,56,56,112,62.92134831460674,56,54,110,61.79775280898876,36,40,76,42.69662921348314,43,60,103,57.865168539325836,50,69,119,66.85393258426966,49,51,100,56.17977528089888,42,48,90,50.56179775280899,41,42,83,46.62921348314607,42,31,73,41.01123595505618,15,13,28,26.666666666666668,1004211000,5th
Plaridel,2025,157,202,359,51.953690303907386,120,156,276,36.41160949868074,133,87,220,29.023746701846964,295,271,566,74.67018469656992,295,293,588,77.57255936675462,336,301,637,84.03693931398418,257,242,499,65.8311345646438,272,239,511,67.41424802110818,253,240,493,65.03957783641161,264,262,526,69.39313984168865,117,124,241,31.79419525065963,336,328,664,87.59894459102902,353,359,712,93.93139841688655,329,265,594,78.3641160949868,204,195,399,52.638522427440634,142,172,314,41.42480211081794,142,172,314,41.97860962566845,394,400,794,1134.2857142857144,1004212000,3rd
Sapang Dalaga,2025,28,32,60,14.77832512315271,37,59,96,21.96796338672769,16,26,42,9.610983981693364,214,200,414,94.73684210526315,207,215,422,96.5675057208238,210,206,416,95.19450800915332,218,200,418,95.65217391304348,207,211,418,95.65217391304348,215,195,410,93.82151029748283,200,168,368,84.21052631578947,115,112,227,51.94508009153318,217,198,415,94.96567505720824,212,212,424,97.02517162471396,215,204,419,95.88100686498856,162,167,329,75.28604118993135,188,223,411,94.05034324942791,193,230,423,96.79633867276888,46,59,105,40.229885057471265,1004213000,5th*
Sinacaban,2025,120,125,245,64.64379947229551,120,125,245,59.46601941747572,120,125,245,59.46601941747572,159,127,286,69.41747572815534,157,147,304,73.7864077669903,157,158,315,76.45631067961165,159,127,286,69.41747572815534,157,147,304,73.7864077669903,162,161,323,78.39805825242718,128,121,249,60.43689320388349,132,106,238,57.76699029126213,170,139,309,75.0,127,123,250,60.679611650485434,140,142,282,68.44660194174757,178,135,313,75.97087378640776,165,146,311,75.48543689320388,165,146,311,75.48543689320388,0,0,0,0.0,1004214000,5th
City of Tangub,2025,483,451,934,58.964646464646464,523,475,998,58.260361938120255,410,437,847,49.44541739638062,651,613,1264,73.78867483946293,692,642,1334,77.87507297139521,703,682,1385,80.85230589608874,639,605,1244,72.6211325160537,617,617,1234,72.03736135434909,583,564,1147,66.95855224751898,518,542,1060,61.879743140688845,464,475,939,54.81611208406305,618,557,1175,68.59311150029188,600,603,1203,70.2276707530648,603,556,1159,67.65907764156451,572,549,1121,65.44074722708699,544,553,1097,64.03969643899592,479,495,974,57.70142180094787,41,52,93,11.625,1004215000,4th
Tudela,2025,112,154,266,50.09416195856874,129,163,292,51.2280701754386,133,163,296,51.92982456140351,202,188,390,68.42105263157895,208,202,410,71.9298245614035,236,232,468,82.10526315789474,194,188,382,67.01754385964912,192,193,385,67.54385964912281,189,193,382,67.01754385964912,198,198,396,69.47368421052632,158,154,312,54.736842105263165,212,193,405,71.05263157894737,268,252,520,91.22807017543859,243,264,507,88.94736842105263,202,198,400,70.17543859649122,149,147,296,51.92982456140351,143,147,290,51.50976909413855,51,52,103,45.77777777777778,1004216000,4th
Don Victoriano Chiongbian,2025,73,54,127,47.744360902255636,95,76,171,59.375,75,50,125,43.40277777777778,127,118,245,85.06944444444444,107,96,203,70.48611111111111,103,101,204,70.83333333333334,121,102,223,77.43055555555556,110,102,212,73.61111111111111,104,102,206,71.52777777777779,85,86,171,59.375,71,66,137,47.56944444444444,67,53,120,41.66666666666667,55,51,106,36.80555555555556,64,58,122,42.36111111111111,82,89,171,59.375,89,89,178,61.80555555555556,101,97,198,69.47368421052632,18,16,34,51.515151515151516,1004217000,4th
Misamis Oriental,2025,5862,6170,12032,53.551717998931814,6297,6604,12901,53.02289260614032,5859,6214,12073,49.61982655871111,7294,7367,14661,60.25646294850191,7824,7926,15750,64.73223459783814,9004,9040,18044,74.16053594180264,7082,7255,14337,58.924828408203524,7157,7173,14330,58.89605852616005,7285,7362,14647,60.198923184414944,6974,6963,13937,57.28083514857589,5568,5707,11275,46.340060005753976,7638,7788,15426,63.40060005753977,8601,8672,17273,70.99173893387038,8582,8623,17205,70.71226007973367,7205,7249,14454,59.405696436644604,7028,7019,14047,57.732933294973485,6779,6740,13519,56.265867565655306,777,802,1579,15.38236726741354,1004300000,1st
Alubijid,2025,179,187,366,55.37065052950075,170,165,335,46.85314685314685,104,104,208,29.09090909090909,234,223,457,63.91608391608392,264,234,498,69.65034965034965,324,305,629,87.97202797202797,245,228,473,66.15384615384615,259,225,484,67.6923076923077,267,228,495,69.23076923076923,241,237,478,66.85314685314685,184,153,337,47.13286713286713,229,224,453,63.35664335664336,282,256,538,75.24475524475524,287,249,536,74.96503496503496,233,213,446,62.37762237762238,262,250,512,71.60839160839161,263,249,512,72.0112517580872,16,23,39,13.26530612244898,1004301000,4th
Balingasag,2025,341,386,727,38.60860329261816,467,517,984,48.306332842415316,289,321,610,29.945999018163967,449,497,946,46.44084437898871,479,503,982,48.20814923907707,589,571,1160,56.946489936180654,467,505,972,47.71723122238586,473,498,971,47.66813942071674,497,507,1004,49.288168875797744,480,459,939,46.09720176730486,359,360,719,35.297005400098186,537,542,1079,52.97005400098184,573,604,1177,57.78105056455571,625,583,1208,59.30289641629848,480,453,933,45.80265095729013,486,385,871,42.75895925380461,435,351,786,39.18245264207378,68,45,113,10.453283996299723,1004302000,2nd
Balingoan,2025,67,64,131,51.77865612648221,111,106,217,80.37037037037037,108,105,213,78.88888888888889,84,64,148,54.81481481481482,90,66,156,57.77777777777777,96,87,183,67.77777777777779,77,56,133,49.25925925925926,79,57,136,50.37037037037037,83,68,151,55.925925925925924,95,75,170,62.96296296296296,72,88,160,59.25925925925925,99,90,189,70.0,100,106,206,76.29629629629629,113,91,204,75.55555555555556,77,77,154,57.03703703703704,53,73,126,46.666666666666664,53,73,126,47.01492537313433,13,12,25,20.66115702479339,1004303000,5th
Binuangan,2025,38,45,83,62.878787878787875,48,55,103,72.53521126760563,37,35,72,50.70422535211267,52,62,114,80.28169014084507,54,83,137,96.47887323943662,75,71,146,102.8169014084507,36,39,75,52.816901408450704,31,34,65,45.774647887323944,34,38,72,50.70422535211267,33,36,69,48.59154929577465,16,25,41,28.87323943661972,57,55,112,78.87323943661971,54,67,121,85.2112676056338,52,53,105,73.94366197183099,58,44,102,71.83098591549296,51,54,105,73.94366197183099,46,50,96,69.06474820143885,10,11,21,31.343283582089555,1004304000,6th
Claveria,2025,356,318,674,50.44910179640718,395,354,749,51.94174757281553,335,279,614,42.57975034674064,497,436,933,64.70180305131763,492,446,938,65.0485436893204,514,542,1056,73.23162274618585,461,401,862,59.77808599167822,461,424,885,61.37309292649098,417,430,847,58.7378640776699,422,378,800,55.478502080443825,309,320,629,43.61997226074896,527,483,1010,70.04160887656033,519,526,1045,72.46879334257976,525,537,1062,73.64771151178918,403,388,791,54.85436893203883,375,361,736,51.04022191400832,375,361,736,51.68539325842697,45,52,97,11.887254901960784,1004306000,1st
City of El Salvador,2025,349,387,736,51.68539325842697,367,402,769,50.0,355,398,753,48.95968790637191,456,431,887,57.672301690507155,523,454,977,63.52405721716515,593,557,1150,74.77243172951886,438,418,856,55.65669700910273,437,420,857,55.72171651495449,454,420,874,56.827048114434334,422,387,809,52.60078023407022,360,341,701,45.57867360208062,454,433,887,57.672301690507155,518,486,1004,65.27958387516254,504,521,1025,66.64499349804942,458,399,857,55.72171651495449,456,402,858,55.78673602080624,446,387,833,54.65879265091863,17,28,45,5.88235294117647,1004307000,6th
City of Gingoog,2025,861,981,1842,54.739970282317984,867,992,1859,50.9734027968193,944,1156,2100,57.58157389635316,973,1177,2150,58.952563751028244,1140,1342,2482,68.05593638607075,1272,1518,2790,76.5012338908692,940,1103,2043,56.018645462023585,1011,1162,2173,59.58321908417877,1069,1220,2289,62.76391554702495,960,1141,2101,57.60899369344666,824,979,1803,49.437894159583216,1047,1244,2291,62.81875514121196,1192,1327,2519,69.0704688785303,1146,1353,2499,68.52207293666027,990,1185,2175,59.63805867836578,993,1130,2123,58.2122292295037,965,1098,2063,57.433184855233854,39,61,100,6.540222367560497,1004308000,2nd
Gitagum,2025,103,93,196,52.54691689008043,121,120,241,59.35960591133005,102,94,196,48.275862068965516,142,112,254,62.5615763546798,154,120,274,67.48768472906403,187,145,332,81.77339901477832,146,119,265,65.27093596059113,149,129,278,68.4729064039409,164,133,297,73.15270935960592,151,133,284,69.95073891625616,25,11,36,8.866995073891626,140,124,264,65.02463054187191,194,146,340,83.74384236453201,200,149,349,85.96059113300493,142,111,253,62.315270935960584,117,77,194,47.783251231527096,117,77,194,48.258706467661696,42,36,78,37.5,1004309000,5th
Initao,2025,143,137,280,44.0251572327044,251,240,491,69.44837340876944,133,146,279,39.46251768033947,203,189,392,55.44554455445545,248,219,467,66.05374823196605,302,275,577,81.61244695898161,203,216,419,59.264497878359265,206,164,370,52.33380480905233,200,191,391,55.3041018387553,190,173,363,51.34370579915134,151,169,320,45.26166902404526,199,207,406,57.42574257425742,276,267,543,76.80339462517681,259,233,492,69.58981612446959,215,212,427,60.396039603960396,191,195,386,54.596888260254595,186,190,376,53.40909090909091,50,32,82,35.3448275862069,1004310000,3rd
Jasaan,2025,390,369,759,61.111111111111114,316,344,660,48.888888888888886,375,367,742,54.962962962962955,372,368,740,54.81481481481482,375,398,773,57.25925925925925,453,442,895,66.2962962962963,372,373,745,55.18518518518518,379,376,755,55.925925925925924,384,386,770,57.03703703703704,380,366,746,55.25925925925927,364,353,717,53.11111111111111,412,412,824,61.03703703703703,531,516,1047,77.55555555555556,492,480,972,72.0,390,391,781,57.851851851851855,376,394,770,57.03703703703704,378,393,771,57.79610194902549,33,44,77,13.848920863309353,1004311000,2nd
Kinoguitan,2025,113,116,229,70.03058103975535,114,116,230,64.60674157303372,112,127,239,67.13483146067416,112,119,231,64.8876404494382,124,126,250,70.2247191011236,165,165,330,92.69662921348315,110,121,231,64.8876404494382,120,114,234,65.73033707865169,120,122,242,67.97752808988764,122,122,244,68.53932584269663,132,144,276,77.52808988764045,128,131,259,72.75280898876404,163,162,325,91.29213483146067,154,154,308,86.51685393258427,131,134,265,74.43820224719101,113,112,225,63.20224719101124,111,111,222,63.24786324786324,20,31,51,30.538922155688624,1004312000,5th
Lagonglong,2025,112,122,234,36.16692426584235,112,110,222,31.942446043165468,111,121,232,33.38129496402878,175,163,338,48.63309352517985,184,173,357,51.36690647482014,212,185,397,57.122302158273385,163,155,318,45.75539568345324,158,143,301,43.30935251798561,165,139,304,43.7410071942446,133,117,250,35.97122302158273,98,93,191,27.482014388489205,177,172,349,50.21582733812949,204,203,407,58.561151079136685,220,188,408,58.70503597122302,146,142,288,41.43884892086331,136,157,293,42.15827338129496,136,157,293,42.711370262390666,22,24,46,12.16931216931217,1004313000,5th
Laguindingan,2025,141,110,251,45.471014492753625,132,136,268,44.29752066115702,140,112,252,41.65289256198347,165,165,330,54.54545454545454,181,177,358,59.17355371900827,210,182,392,64.79338842975207,152,163,315,52.066115702479344,166,141,307,50.743801652892564,154,136,290,47.93388429752066,173,147,320,52.892561983471076,126,131,257,42.4793388429752,170,162,332,54.87603305785124,213,196,409,67.60330578512396,239,218,457,75.53719008264463,196,177,373,61.65289256198348,177,177,354,58.51239669421487,177,178,355,59.166666666666664,20,18,38,17.59259259259259,1004314000,4th
Libertad,2025,70,82,152,54.67625899280576,75,85,160,53.333333333333336,70,84,154,51.33333333333333,92,81,173,57.666666666666664,107,85,192,64.0,125,99,224,74.66666666666667,85,89,174,57.99999999999999,92,83,175,58.333333333333336,90,84,174,57.99999999999999,85,77,162,54.0,73,52,125,41.66666666666667,92,101,193,64.33333333333333,121,102,223,74.33333333333333,113,113,226,75.33333333333333,93,70,163,54.333333333333336,59,47,106,35.333333333333336,62,46,108,36.610169491525426,24,21,45,23.93617021276596,1004315000,5th
Lugait,2025,83,100,183,42.55813953488372,83,94,177,37.901498929336185,80,92,172,36.83083511777302,119,114,233,49.892933618843685,129,109,238,50.96359743040685,149,136,285,61.02783725910065,110,101,211,45.182012847965744,113,99,212,45.396145610278374,109,98,207,44.3254817987152,114,93,207,44.3254817987152,112,92,204,43.683083511777305,123,127,250,53.53319057815846,159,142,301,64.45396145610277,158,133,291,62.31263383297645,121,93,214,45.82441113490364,106,87,193,41.32762312633833,91,73,164,35.65217391304348,16,8,24,10.16949152542373,1004316000,2nd
Magsaysay,2025,167,171,338,35.61643835616438,168,200,368,35.6243949661181,149,166,315,30.493707647628266,274,281,555,53.7270087124879,266,284,550,53.242981606969984,323,334,657,63.60116166505324,280,286,566,54.791868344627304,250,255,505,48.88673765730881,264,266,530,51.30687318489835,256,224,480,46.46660212971926,181,177,358,34.65634075508228,282,296,578,55.95353339787028,340,345,685,66.31171345595354,366,346,712,68.92545982575025,269,282,551,53.33978702807357,194,196,390,37.7541142303969,162,171,333,32.743362831858406,74,71,145,24.65986394557823,1004317000,4th
Manticao,2025,136,183,319,46.50145772594752,170,186,356,47.91386271870794,130,183,313,42.126514131897714,206,225,431,58.00807537012113,235,233,468,62.98788694481831,272,273,545,73.35127860026918,187,211,398,53.566621803499324,201,194,395,53.1628532974428,199,200,399,53.70121130551817,219,191,410,55.18169582772544,172,190,362,48.721399730821,221,262,483,65.00672947510094,270,275,545,73.35127860026918,245,257,502,67.56393001345896,200,216,416,55.989232839838486,166,280,446,60.02691790040377,166,180,346,47.01086956521739,41,47,88,24.10958904109589,1004318000,4th
Medina,2025,97,123,220,27.67295597484277,153,180,333,38.63109048723898,128,142,270,31.322505800464036,251,275,526,61.02088167053365,301,321,622,72.15777262180974,326,339,665,77.1461716937355,269,286,555,64.38515081206496,245,256,501,58.12064965197216,258,258,516,59.86078886310905,213,239,452,52.43619489559165,105,132,237,27.494199535962878,276,288,564,65.4292343387471,303,303,606,70.30162412993039,297,298,595,69.02552204176334,225,251,476,55.22041763341067,218,176,394,45.707656612529,222,201,423,49.473684210526315,91,96,187,38.085539714867615,1004319000,4th
Naawan,2025,98,106,204,48.226950354609926,113,104,217,46.666666666666664,109,101,210,45.16129032258064,144,144,288,61.935483870967744,130,169,299,64.30107526881721,174,156,330,70.96774193548387,141,160,301,64.73118279569893,158,160,318,68.38709677419355,155,151,306,65.80645161290323,154,162,316,67.95698924731182,119,86,205,44.086021505376344,152,174,326,70.10752688172043,174,173,347,74.6236559139785,180,169,349,75.05376344086021,138,116,254,54.623655913978496,139,124,263,56.55913978494623,133,116,249,54.01301518438177,4,6,10,4.716981132075472,1004320000,4th
Opol,2025,333,367,700,43.9146800501882,324,330,654,38.2903981264637,349,355,704,41.21779859484778,461,416,877,51.34660421545667,450,431,881,51.5807962529274,576,561,1137,66.56908665105387,397,420,817,47.83372365339578,402,399,801,46.896955503512885,398,427,825,48.30210772833723,315,380,695,40.69086651053864,273,290,563,32.96252927400468,474,436,910,53.278688524590166,500,520,1020,59.71896955503513,441,483,924,54.09836065573771,391,399,790,46.25292740046839,487,517,1004,58.78220140515222,466,487,953,56.62507427213309,21,29,50,7.598784194528875,1004321000,2nd
Salay,2025,103,117,220,33.18250377073906,106,123,229,31.938633193863318,108,117,225,31.380753138075313,155,137,292,40.72524407252441,173,148,321,44.76987447698745,199,172,371,51.743375174337515,160,137,297,41.42259414225941,162,143,305,42.53835425383542,151,144,295,41.14365411436541,120,133,253,35.28591352859135,81,85,166,23.15202231520223,153,134,287,40.0278940027894,174,161,335,46.72245467224547,190,177,367,51.185495118549504,139,130,269,37.517433751743376,125,108,233,32.49651324965133,125,108,233,32.86318758815233,12,13,25,11.210762331838566,1004322000,4th
Sugbongcogon,2025,48,42,90,39.647577092511014,52,51,103,41.86991869918699,49,40,89,36.17886178861789,77,66,143,58.13008130081301,84,60,144,58.536585365853654,89,68,157,63.82113821138211,82,69,151,61.382113821138205,62,55,117,47.5609756097561,77,57,134,54.47154471544715,74,57,131,53.2520325203252,42,56,98,39.83739837398374,69,67,136,55.28455284552846,94,79,173,70.32520325203252,77,80,157,63.82113821138211,55,66,121,49.1869918699187,61,66,127,51.6260162601626,60,56,116,47.3469387755102,2,4,6,10.0,1004323000,5th
Tagoloan,2025,1042,1069,2111,107.92433537832311,1055,1077,2132,100.9469696969697,1050,1074,2124,100.56818181818181,1052,1080,2132,100.9469696969697,1004,1114,2118,100.28409090909092,1033,1166,2199,104.11931818181819,1036,1110,2146,101.60984848484848,1008,1101,2109,99.85795454545455,1030,1117,2147,101.65719696969697,1076,1094,2170,102.74621212121211,1020,1026,2046,96.875,1046,1080,2126,100.66287878787878,1031,1077,2108,99.81060606060606,1040,1108,2148,101.70454545454545,1084,1138,2222,105.20833333333333,1106,1099,2205,104.40340909090908,1046,1088,2134,102.64550264550265,69,70,139,43.30218068535825,1004324000,1st
Talisayan,2025,132,113,245,39.325842696629216,154,113,267,39.79135618479881,146,130,276,41.132637853949326,173,167,340,50.670640834575266,179,188,367,54.69448584202683,231,217,448,66.76602086438153,151,126,277,41.28166915052161,135,147,282,42.026825633383005,142,145,287,42.77198211624441,175,170,345,51.41579731743666,127,124,251,37.40685543964232,178,181,359,53.50223546944859,226,233,459,68.4053651266766,245,219,464,69.150521609538,201,183,384,57.22801788375559,193,170,363,54.09836065573771,180,167,347,52.1021021021021,28,17,45,12.5,1004325000,4th
Villanueva,2025,360,382,742,73.24777887462982,373,404,777,70.82953509571558,346,365,711,64.81312670920693,376,375,751,68.45943482224249,458,443,901,82.13309024612579,515,474,989,90.154968094804,374,363,737,67.18322698268004,400,394,794,72.3792160437557,404,397,801,73.01731996353692,371,372,743,67.73017319963537,243,230,473,43.11759343664539,396,363,759,69.18869644484958,390,400,790,72.01458523245215,414,431,845,77.02825888787602,370,379,749,68.27711941659071,388,382,770,70.19143117593437,378,372,750,69.44444444444444,0,3,3,2.2556390977443606,1004326000,2nd
City of Cagayan De Oro ,2025,5805,5488,11293,76.72396222569468,5104,5015,10119,63.414175596916714,4167,4181,8348,52.3155981700821,6016,5776,11792,73.89860249420317,6249,6071,12320,77.20749514319735,7363,6963,14326,89.7787804725199,5847,5544,11391,71.38559879676632,5696,5525,11221,70.32023563326439,5947,5619,11566,72.48229617095944,5711,5392,11103,69.58074826095131,5156,4960,10116,63.39537507050197,6127,5709,11836,74.17434354828602,6770,6510,13280,83.22366359591402,6916,6677,13593,85.18518518518519,6225,5808,12033,75.40891144952059,7533,7220,14753,92.45472206555117,7645,7397,15042,95.65659777424483,263,250,513,17.968476357267953,1030500000,1st
City of Iligan,2025,1950,1908,3858,49.34765924788949,2442,2379,4821,56.79783223374175,2119,2083,4202,49.50518378887841,2931,2695,5626,66.28180961357211,3136,2919,6055,71.33600377002828,3474,3334,6808,80.20735155513667,2743,2555,5298,62.417530631479735,2728,2547,5275,62.146559849198866,2720,2546,5266,62.04052780395853,2652,2506,5158,60.76814326107446,2218,2172,4390,51.7200754005655,2908,2704,5612,66.11687087653158,3228,3052,6280,73.98680490103676,3032,3047,6079,71.61875589066918,2708,2500,5208,61.35721017907634,2569,2504,5073,59.76672950047125,2391,2362,4753,56.576598024044756,268,314,582,17.285417285417285,1030900000,1st* (reclass 2005)
Region 11,2025,33056,31407,64463,59.12355201731617,34596,32898,67494,56.98822138725883,33406,31544,64950,54.84020770886985,37812,35768,73580,62.126905053404826,38479,36187,74666,63.0438637227171,40070,37780,77850,65.73225820070081,35666,33729,69395,58.59332123105501,35233,33134,68367,57.725334571706,35114,33237,68351,57.711825051716126,35922,34020,69942,59.055177945708614,33205,31494,64699,54.62827711402879,38294,35955,74249,62.69177185798117,40685,38312,78997,66.70072191497447,39343,37291,76634,64.70553468147085,36069,33955,70024,59.12441423565669,35104,33217,68321,57.68649470173513,33974,32174,66148,56.41957302354938,2999,2778,5777,12.56853189452615,1100000000,
Davao del Norte,2025,7407,6902,14309,59.76776241593919,7707,7114,14821,57.06090706090706,7108,6578,13686,52.69115269115269,8194,7641,15835,60.964810964810965,8170,7538,15708,60.47586047586048,8065,7555,15620,60.13706013706014,7872,7280,15152,58.33525833525833,7748,7172,14920,57.44205744205744,7696,7203,14899,57.361207361207356,7411,6841,14252,54.870254870254875,7196,6647,13843,53.2956032956033,8548,7833,16381,63.06691306691307,8872,8390,17262,66.45876645876646,8361,7723,16084,61.92346192346192,7875,7339,15214,58.57395857395857,8045,7509,15554,59.88295988295989,7976,7454,15430,60.05526797182112,189,148,337,3.6135535063263995,1102300000,1st
Asuncion,2025,411,353,764,55.52325581395349,453,377,830,55.74210879785091,414,356,770,51.71255876427132,488,401,889,59.70449966420417,488,399,887,59.57018132975151,479,407,886,59.503022162525184,449,369,818,54.93619879113499,421,354,775,52.04835460040296,430,364,794,53.32437877770315,449,374,823,55.27199462726662,407,392,799,53.66017461383479,524,447,971,65.21155137676293,562,497,1059,71.12155809267965,567,506,1073,72.06178643384821,436,410,846,56.81665547347213,435,436,871,58.49563465413029,428,416,844,57.298031228784794,7,3,10,1.5174506828528074,1102301000,1st
Carmen,2025,631,579,1210,64.53333333333333,594,560,1154,57.18533201189297,574,534,1108,54.905847373637265,659,588,1247,61.79385530227949,642,608,1250,61.94251734390485,651,616,1267,62.784935579781965,644,578,1222,60.555004955401394,632,593,1225,60.70366699702676,633,585,1218,60.35678889990089,562,520,1082,53.617443012884046,492,514,1006,49.85133795837463,676,609,1285,63.67690782953419,707,684,1391,68.92963330029733,706,678,1384,68.58275520317146,592,585,1177,58.32507433102081,599,582,1181,58.52329038652131,582,572,1154,57.87362086258776,25,11,36,4.275534441805226,1102303000,1st
Kapalong,2025,563,542,1105,57.16502845318159,611,546,1157,55.226730310262525,517,482,999,47.684964200477324,666,597,1263,60.28639618138425,651,564,1215,57.995226730310264,653,554,1207,57.61336515513127,586,493,1079,51.503579952267295,539,471,1010,48.21002386634845,531,450,981,46.82577565632458,587,491,1078,51.455847255369925,581,509,1090,52.02863961813843,811,689,1500,71.59904534606206,838,699,1537,73.36515513126491,720,634,1354,64.63007159904535,602,512,1114,53.17422434367541,556,492,1048,50.023866348448685,565,493,1058,51.08643167551907,11,15,26,2.699896157840083,1102305000,1st
New Corella,2025,345,335,680,59.44055944055944,339,334,673,54.01284109149278,345,329,674,54.09309791332263,380,381,761,61.07544141252006,400,385,785,63.0016051364366,389,389,778,62.43980738362761,378,375,753,60.43338683788122,397,381,778,62.43980738362761,380,383,763,61.23595505617978,378,373,751,60.27287319422151,362,346,708,56.82182985553772,396,392,788,63.242375601926156,430,427,857,68.7800963081862,421,420,841,67.4959871589085,370,362,732,58.74799357945425,398,372,770,61.79775280898876,398,373,771,62.58116883116883,2,0,2,0.45454545454545453,1102314000,2nd
City of Panabo,2025,1323,1264,2587,59.307657038055936,1345,1209,2554,53.9046010975095,1301,1222,2523,53.25031658927818,1476,1390,2866,60.48965808357957,1470,1384,2854,60.23638666103841,1476,1413,2889,60.97509497678345,1425,1349,2774,58.547910510764034,1410,1328,2738,57.788096243140565,1395,1330,2725,57.51371886872098,1107,1061,2168,45.75770367243563,1076,974,2050,43.26720135078092,1612,1499,3111,65.66061629379485,1730,1661,3391,71.57028281975516,1639,1562,3201,67.56015196285352,1435,1377,2812,59.34993668214437,1437,1379,2816,59.43436048965809,1427,1378,2805,59.89750160153747,35,24,59,3.6129822412737296,1102315000,3rd
Island Garden City of Samal,2025,792,722,1514,62.48452331820058,800,723,1523,57.90874524714829,797,723,1520,57.79467680608364,865,763,1628,61.90114068441065,892,772,1664,63.269961977186306,882,795,1677,63.76425855513308,824,714,1538,58.479087452471475,834,745,1579,60.03802281368821,846,770,1616,61.44486692015209,859,762,1621,61.634980988593156,902,734,1636,62.20532319391635,881,775,1656,62.965779467680605,890,779,1669,63.460076045627375,907,798,1705,64.82889733840305,924,749,1673,63.61216730038023,898,764,1662,63.19391634980989,902,765,1667,63.84527001148985,5,5,10,1.287001287001287,1102317000,4th
Santo Tomas,2025,739,728,1467,52.96028880866426,877,908,1785,59.34175531914894,740,731,1471,48.902925531914896,811,829,1640,54.52127659574468,821,802,1623,53.9561170212766,819,832,1651,54.88696808510638,753,748,1501,49.90026595744681,742,729,1471,48.902925531914896,755,731,1486,49.40159574468085,771,742,1513,50.29920212765957,820,749,1569,52.16090425531915,885,880,1765,58.67686170212766,1046,1047,2093,69.5811170212766,1089,954,2043,67.9188829787234,870,800,1670,55.5186170212766,869,815,1684,55.98404255319149,863,807,1670,56.153328850033624,12,9,21,1.6535433070866141,1102318000,1st
City of Tagum ,2025,2055,1879,3934,62.77325674166268,2086,1875,3961,58.39598997493734,1925,1768,3693,54.444935869084475,2175,2004,4179,61.60990712074303,2125,1980,4105,60.51894441987321,2060,1932,3992,58.85301489016659,2153,1990,4143,61.07916850950906,2119,1929,4048,59.67860828541943,2096,1978,4074,60.06191950464397,2074,1919,3993,58.86775762936753,1993,1887,3880,57.201828099660915,2125,1906,4031,59.427981719003384,2055,1976,4031,59.427981719003384,1739,1614,3353,49.43240454076368,2077,1989,4066,59.943977591036415,2279,2116,4395,64.79433878814683,2234,2106,4340,64.6795827123696,19,16,35,1.9574944071588367,1102319000,1st
Talaingod,2025,232,187,419,54.98687664041994,286,275,561,66.78571428571428,180,121,301,35.833333333333336,322,329,651,77.5,310,277,587,69.88095238095238,279,250,529,62.976190476190474,311,315,626,74.52380952380952,290,283,573,68.21428571428572,268,254,522,62.142857142857146,262,243,505,60.11904761904761,197,192,389,46.30952380952381,281,289,570,67.85714285714286,235,257,492,58.57142857142858,189,183,372,44.285714285714285,206,211,417,49.642857142857146,206,195,401,47.73809523809524,213,199,412,49.57882069795427,56,50,106,23.399558498896248,1102322000,2nd
Braulio E. Dujali,2025,146,159,305,53.602811950790866,149,150,299,48.697068403908794,144,158,302,49.185667752442995,170,183,353,57.49185667752443,175,185,360,58.63192182410424,177,178,355,57.817589576547235,170,182,352,57.32899022801303,175,185,360,58.63192182410424,178,178,356,57.98045602605863,177,175,352,57.32899022801303,179,151,330,53.74592833876222,171,178,349,56.84039087947883,177,176,353,57.49185667752443,176,173,349,56.84039087947883,173,144,317,51.62866449511401,181,160,341,55.537459283387626,180,155,335,55.098684210526315,13,5,18,4.931506849315069,1102323000,4th
San Isidro,2025,170,154,324,70.43478260869566,167,157,324,63.1578947368421,171,154,325,63.35282651072125,182,176,358,69.78557504873294,196,182,378,73.68421052631578,200,189,389,75.82846003898635,179,167,346,67.44639376218323,189,174,363,70.76023391812866,184,180,364,70.9551656920078,185,181,366,71.34502923976608,187,199,386,75.24366471734892,186,169,355,69.20077972709552,202,187,389,75.82846003898635,208,201,409,79.72709551656921,190,200,390,76.0233918128655,187,198,385,75.04873294346979,184,190,374,73.91304347826086,4,10,14,10.294117647058822,1102324000,5th
Davao del Sur,2025,3818,3626,7444,55.923672150852674,3805,3604,7409,51.019143368681995,3957,3769,7726,53.20203828673736,4551,4312,8863,61.0315383555984,4585,4353,8938,61.547996143781845,4713,4587,9300,64.04076573474728,4483,4249,8732,60.12945875223799,4454,4220,8674,59.73006472937612,4459,4279,8738,60.17077537529266,4637,4486,9123,62.821925354634345,4284,4177,8461,58.26332461093513,4358,4101,8459,58.249552403250235,5024,4732,9756,67.18082908690263,4960,4678,9638,66.368268833494,4412,4269,8681,59.77826745627324,4137,4001,8138,56.0391130698251,3986,3855,7841,54.51953831177862,440,439,879,14.019138755980862,1102400000,1st
Bansalan,2025,347,340,687,60.47535211267606,328,307,635,50.96308186195827,356,343,699,56.09951845906902,355,339,694,55.69823434991974,352,369,721,57.865168539325836,376,380,756,60.67415730337079,351,335,686,55.0561797752809,346,352,698,56.01926163723917,359,360,719,57.70465489566613,396,387,783,62.84109149277689,339,396,735,58.98876404494382,372,382,754,60.51364365971108,410,412,822,65.97110754414125,433,442,875,70.2247191011236,319,357,676,54.25361155698234,314,336,650,52.1669341894061,332,348,680,55.06072874493927,18,31,49,8.180300500834726,1102401000,1st
City of Digos ,2025,1015,959,1974,53.904969961769524,1091,982,2073,51.941869205712855,1096,1050,2146,53.770984715610126,1258,1237,2495,62.51566023552995,1280,1200,2480,62.139814582811326,1337,1275,2612,65.44725632673516,1251,1239,2490,62.3903783512904,1273,1196,2469,61.86419443748434,1298,1227,2525,63.26735154096718,1333,1281,2614,65.49736908043097,1132,1138,2270,56.87797544475068,1093,1052,2145,53.74592833876222,1314,1237,2551,63.918817339012776,1212,1121,2333,58.456527186168884,1205,1147,2352,58.93259834627913,1101,1045,2146,53.770984715610126,1043,961,2004,50.75987841945289,188,173,361,21.655668866226755,1102403000,2nd
Hagonoy,2025,284,286,570,53.221288515406165,258,263,521,44.60616438356164,278,286,564,48.28767123287671,357,342,699,59.8458904109589,349,340,689,58.98972602739726,387,340,727,62.2431506849315,348,325,673,57.619863013698634,341,337,678,58.04794520547946,365,315,680,58.21917808219178,385,346,731,62.58561643835616,369,357,726,62.15753424657534,357,340,697,59.67465753424658,419,416,835,71.48972602739725,473,386,859,73.5445205479452,369,344,713,61.044520547945204,393,317,710,60.78767123287672,370,315,685,58.95008605851979,16,11,27,6.0402684563758395,1102404000,2nd
Kiblawan,2025,275,268,543,60.06637168141593,273,262,535,53.714859437751,280,273,553,55.52208835341366,303,294,597,59.93975903614458,301,306,607,60.94377510040161,301,325,626,62.85140562248996,290,288,578,58.032128514056225,291,294,585,58.734939759036145,284,296,580,58.23293172690763,293,299,592,59.43775100401606,308,322,630,63.25301204819277,303,301,604,60.6425702811245,334,339,673,67.570281124498,349,355,704,70.68273092369478,318,329,647,64.95983935742971,292,308,600,60.24096385542169,283,301,584,59.04954499494439,5,6,11,3.1976744186046515,1102406000,2nd
Magsaysay,2025,330,270,600,53.908355795148246,338,291,629,52.02646815550042,334,269,603,49.87593052109181,391,337,728,60.215053763440864,397,348,745,61.62117452440034,396,374,770,63.68899917287014,382,333,715,59.13978494623656,396,344,740,61.20760959470637,374,332,706,58.39536807278742,381,358,739,61.12489660876758,356,330,686,56.74110835401158,387,339,726,60.049627791563275,436,401,837,69.23076923076923,435,421,856,70.80231596360629,360,359,719,59.470636889991724,329,336,665,55.004135649296934,319,327,646,53.96825396825397,31,36,67,13.480885311871226,1102407000,3rd
Malalag,2025,268,224,492,56.812933025404156,268,235,503,53.51063829787234,278,225,503,53.51063829787234,302,244,546,58.08510638297872,279,245,524,55.74468085106383,289,292,581,61.808510638297875,299,245,544,57.87234042553191,272,241,513,54.57446808510639,260,274,534,56.80851063829787,270,275,545,57.97872340425532,277,273,550,58.51063829787234,297,247,544,57.87234042553191,321,271,592,62.97872340425532,311,298,609,64.7872340425532,275,270,545,57.97872340425532,273,255,528,56.17021276595745,276,248,524,56.162915326902464,2,9,11,3.3232628398791544,1102408000,2nd
Matanao,2025,391,391,782,65.65910999160369,373,363,736,56.57186779400462,378,385,763,58.647194465795536,421,391,812,62.41352805534205,442,407,849,65.2574942352037,416,432,848,65.18063028439663,389,366,755,58.03228285933897,381,356,737,56.648731744811684,348,350,698,53.6510376633359,380,363,743,57.10991544965411,407,338,745,57.26364335126826,364,345,709,54.496541122213685,475,418,893,68.63950807071484,434,420,854,65.64181398923905,426,388,814,62.56725595695619,408,384,792,60.876249039200616,412,383,795,61.72360248447205,23,28,51,8.673469387755102,1102410000,2nd
Padada,2025,162,160,322,62.890625,157,161,318,57.608695652173914,158,163,321,58.152173913043484,161,163,324,58.69565217391305,161,159,320,57.971014492753625,176,160,336,60.86956521739131,165,166,331,59.96376811594203,164,149,313,56.70289855072463,164,148,312,56.52173913043478,167,146,313,56.70289855072463,158,133,291,52.71739130434783,167,155,322,58.333333333333336,170,179,349,63.22463768115942,210,201,411,74.45652173913044,168,149,317,57.427536231884055,166,154,320,57.971014492753625,154,154,308,56.102003642987256,8,2,10,5.58659217877095,1102411000,3rd
Santa Cruz,2025,550,533,1083,48.13333333333333,631,642,1273,51.85336048879837,643,635,1278,52.057026476578415,800,773,1573,64.0733197556008,825,781,1606,65.41751527494908,828,805,1633,66.51731160896131,805,767,1572,64.0325865580448,801,760,1561,63.58452138492871,817,787,1604,65.33604887983707,829,825,1654,67.37270875763748,748,701,1449,59.02240325865581,808,744,1552,63.217922606924645,913,838,1751,71.32382892057026,839,782,1621,66.02851323828921,778,721,1499,61.05906313645622,674,645,1319,53.72708757637474,619,604,1223,50.49545829892651,141,137,278,20.761762509335323,1102412000,1st
Sulop,2025,196,195,391,64.52145214521452,88,98,186,28.012048192771083,156,140,296,44.57831325301205,203,192,395,59.48795180722891,199,198,397,59.78915662650602,207,204,411,61.897590361445786,203,185,388,58.43373493975904,189,191,380,57.22891566265061,190,190,380,57.22891566265061,203,206,409,61.596385542168676,190,189,379,57.07831325301205,210,196,406,61.14457831325302,232,221,453,68.22289156626506,264,252,516,77.71084337349397,194,205,399,60.09036144578314,187,221,408,61.44578313253012,178,214,392,59.48406676783004,8,6,14,5.017921146953405,1102414000,3rd
Davao Oriental,2025,3651,3312,6963,57.374752801582076,3998,3595,7593,57.789786132886825,3871,3486,7357,55.99360681939265,4432,4078,8510,64.76900829591294,4639,4241,8880,67.58505213486566,4875,4446,9321,70.94147195372555,3754,3416,7170,54.57036304132734,3765,3421,7186,54.69213791003882,3759,3479,7238,55.08790623335109,3896,3623,7519,57.226577365096276,3497,3254,6751,51.38138366694574,4440,4018,8458,64.37323997260066,5107,4601,9708,73.88690159068422,5110,4717,9827,74.79260217672578,4421,4079,8500,64.69289900296826,4024,3750,7774,59.167364335185326,3971,3695,7666,58.89221786894061,101,77,178,4.413587899826432,1102500000,1st
Baganga,2025,289,274,563,44.47077409162718,389,351,740,54.37178545187362,339,309,648,47.61204996326231,386,351,737,54.15135929463629,405,349,754,55.40044085231447,433,391,824,60.54371785451874,327,292,619,45.481263776634826,342,307,649,47.68552534900808,351,335,686,50.40411462160176,320,308,628,46.1425422483468,231,221,452,33.210874357090375,390,339,729,53.56355620867009,459,400,859,63.11535635562087,477,424,901,66.20132255694342,377,360,737,54.15135929463629,342,334,676,49.66936076414401,347,325,672,49.70414201183432,19,12,31,6.471816283924843,1102501000,1st
Banaybanay,2025,289,298,587,66.2528216704289,297,316,613,64.18848167539267,287,297,584,61.15183246073298,369,317,686,71.83246073298429,367,335,702,73.50785340314137,375,355,730,76.43979057591623,289,257,546,57.17277486910994,292,261,553,57.90575916230366,273,245,518,54.24083769633508,287,264,551,57.696335078534034,253,198,451,47.225130890052355,345,302,647,67.74869109947645,382,347,729,76.33507853403141,376,318,694,72.67015706806282,373,317,690,72.25130890052355,347,259,606,63.455497382198956,345,261,606,63.99155227032735,0,0,0,0.0,1102502000,2nd
Boston,2025,87,88,175,53.68098159509203,77,94,171,48.30508474576271,85,86,171,48.30508474576271,101,109,210,59.32203389830508,101,111,212,59.887005649717516,95,100,195,55.08474576271186,96,106,202,57.06214689265536,98,98,196,55.367231638418076,94,84,178,50.282485875706215,106,83,189,53.38983050847458,52,69,121,34.18079096045198,123,127,250,70.62146892655367,121,113,234,66.10169491525424,112,113,225,63.559322033898304,91,95,186,52.54237288135594,94,77,171,48.30508474576271,97,74,171,48.57954545454545,1,0,1,0.78125,1102503000,3rd
Caraga,2025,154,128,282,45.337620578778136,210,181,391,57.415565345080765,174,143,317,46.54919236417034,232,197,429,62.99559471365639,231,223,454,66.66666666666666,289,234,523,76.79882525697504,194,157,351,51.541850220264315,180,176,356,52.27606461086637,217,178,395,58.0029368575624,217,188,405,59.471365638766514,181,174,355,52.12922173274597,239,191,430,63.1424375917768,318,276,594,87.22466960352423,292,264,556,81.64464023494861,255,233,488,71.65932452276064,235,228,463,67.98825256975036,220,213,433,63.86430678466076,8,8,16,7.111111111111111,1102504000,1st
Cateel,2025,330,298,628,65.96638655462185,327,287,614,58.98174831892411,332,293,625,60.03842459173872,368,326,694,66.66666666666666,392,358,750,72.04610951008645,426,383,809,77.7137367915466,342,308,650,62.43996157540826,331,292,623,59.84630163304515,330,307,637,61.191162343900096,334,316,650,62.43996157540826,307,314,621,59.654178674351584,392,344,736,70.70124879923151,443,402,845,81.17195004803074,405,387,792,76.0806916426513,344,338,682,65.51392891450529,302,304,606,58.21325648414985,303,296,599,57.874396135265705,13,12,25,8.064516129032258,1102505000,2nd
Governor Generoso,2025,333,369,702,55.62599049128367,400,416,816,59.43190094683175,371,407,778,56.66423889293518,461,486,947,68.97305171158048,507,512,1019,74.21704297159505,503,530,1033,75.2367079388201,411,444,855,62.27239621267297,418,437,855,62.27239621267297,398,456,854,62.19956300072833,392,438,830,60.451565914056815,375,350,725,52.8040786598689,483,510,993,72.32337946103424,581,571,1152,83.90386016023307,535,543,1078,78.5142024763292,478,479,957,69.70138383102696,456,463,919,66.93372177713037,439,448,887,65.02932551319648,6,5,11,2.6378896882494005,1102506000,2nd
Lupon,2025,478,413,891,64.33212996389892,498,418,916,61.31191432396251,482,415,897,60.040160642570285,537,455,992,66.39892904953146,544,438,982,65.72958500669344,584,478,1062,71.08433734939759,433,354,787,52.67737617135207,406,312,718,48.058902275769746,395,322,717,47.99196787148594,441,371,812,54.35073627844712,401,334,735,49.19678714859438,528,451,979,65.52878179384204,598,492,1090,72.95850066934403,636,539,1175,78.6479250334672,515,427,942,63.05220883534136,494,458,952,63.72155287817939,489,461,950,64.14584740040513,11,10,21,4.259634888438134,1102507000,1st
Manay,2025,251,226,477,61.86770428015564,268,256,524,62.45530393325387,265,246,511,60.905840286054826,271,275,546,65.07747318235995,281,283,564,67.22288438617402,292,297,589,70.20262216924911,256,247,503,59.952324195470794,258,243,501,59.713945172824786,243,264,507,60.42908224076281,204,206,410,48.86769964243147,145,160,305,36.35280095351609,243,219,462,55.06555423122765,260,253,513,61.14421930870083,262,274,536,63.88557806912991,246,254,500,59.594755661501786,223,224,447,53.2777115613826,229,226,455,55.01813784764208,6,4,10,3.2362459546925564,1102508000,2nd
City of Mati ,2025,1031,867,1898,56.40416047548291,1114,929,2043,56.23451692815855,1120,938,2058,56.64739884393064,1248,1147,2395,65.92347921827691,1327,1219,2546,70.07982383704928,1396,1265,2661,73.24525185796861,1015,918,1933,53.206716212496566,1044,950,1994,54.88576933663639,1071,958,2029,55.849160473437934,1179,1103,2282,62.813102119460495,1201,1091,2292,63.088356729975224,1230,1128,2358,64.90503715937241,1416,1290,2706,74.48389760528488,1531,1372,2903,79.906413432425,1317,1159,2476,68.1530415634462,1131,1036,2167,59.647674098541145,1114,1025,2139,59.698576611777845,34,19,53,5.561385099685205,1102509000,5th
San Isidro,2025,234,186,420,56.833558863328825,232,181,413,52.015113350125944,234,186,420,52.896725440806044,263,224,487,61.33501259445844,270,228,498,62.72040302267003,261,218,479,60.32745591939547,224,188,412,51.88916876574308,222,194,416,52.39294710327456,217,187,404,50.88161209068011,231,188,419,52.77078085642317,184,174,358,45.08816120906801,268,231,499,62.8463476070529,303,254,557,70.15113350125944,267,259,526,66.24685138539043,218,222,440,55.41561712846348,223,195,418,52.64483627204031,222,196,418,52.97845373891001,0,0,0,0.0,1102510000,3rd
Tarragona,2025,175,165,340,60.4982206405694,186,166,352,57.32899022801303,182,166,348,56.67752442996743,196,191,387,63.029315960912044,214,185,399,64.98371335504885,221,195,416,67.75244299674267,167,145,312,50.814332247557005,174,151,325,52.931596091205215,170,143,313,50.9771986970684,185,158,343,55.86319218241043,167,169,336,54.72312703583062,199,176,375,61.07491856677525,226,203,429,69.86970684039088,217,224,441,71.82410423452768,207,195,402,65.47231270358306,177,172,349,56.84039087947883,166,170,336,55.172413793103445,3,7,10,4.62962962962963,1102511000,3rd
Davao de Oro,2025,4998,4684,9682,61.92516789254877,5191,4877,10068,59.321234975253354,5105,4810,9915,58.41975017676172,5661,5226,10887,64.14683007306151,5894,5419,11313,66.65684657082254,6357,5841,12198,71.87131746405845,5538,5059,10597,62.43813339618195,5497,5013,10510,61.92552439311808,5457,4921,10378,61.147772802262544,5667,5209,10876,64.08201744049022,5430,5001,10431,61.460051850106055,5548,5162,10710,63.103935894414334,5681,5276,10957,64.5592740985152,5461,5141,10602,62.46759368371435,5639,5126,10765,63.4279990572708,5601,5249,10850,63.92882394532171,5445,5113,10558,63.002744957632174,236,220,456,7.3065213908027555,1108200000,1st
Compostela,2025,554,541,1095,61.20737842370039,556,538,1094,56.30468347915595,556,540,1096,56.4076170869789,600,598,1198,61.65723108594956,590,597,1187,61.091096242923314,633,627,1260,64.84817292846114,615,614,1229,63.25270200720535,598,598,1196,61.55429747812661,587,603,1190,61.24549665465775,574,607,1181,60.78229541945446,547,539,1086,55.89294904786413,613,616,1229,63.25270200720535,592,597,1189,61.19402985074627,580,567,1147,59.03242408646423,564,554,1118,57.53988677303139,581,547,1128,58.054554812146165,581,547,1128,58.75,0,0,0,0.0,1108201000,1st
Laak,2025,546,494,1040,59.09090909090909,628,587,1215,63.51280710925248,615,570,1185,61.94458964976477,655,667,1322,69.106116048092,707,652,1359,71.04025091479352,739,720,1459,76.26764244641923,590,581,1171,61.212754835337165,599,561,1160,60.63774176685833,574,508,1082,56.56037637219028,618,561,1179,61.63094615786723,574,606,1180,61.683220073183485,646,636,1282,67.01515943544172,653,633,1286,67.22425509670674,675,627,1302,68.06063774176685,604,600,1204,62.93779404077365,625,600,1225,64.03554626241505,607,591,1198,63.6218799787573,19,9,28,3.3857315598548974,1108202000,1st
Mabini,2025,253,276,529,56.88172043010753,252,277,529,52.53227408142999,251,274,525,52.13505461767627,326,328,654,64.94538232373385,362,320,682,67.72591857000994,368,332,700,69.5134061569017,320,316,636,63.1578947368421,350,305,655,65.04468718967229,343,294,637,63.25719960278053,354,301,655,65.04468718967229,323,303,626,62.16484607745779,338,318,656,65.14399205561072,358,328,686,68.12313803376365,308,291,599,59.48361469712016,334,311,645,64.05163853028797,303,278,581,57.6961271102284,303,279,582,58.610271903323266,0,1,1,0.32679738562091504,1108203000,2nd
Maco,2025,609,548,1157,69.44777911164466,610,550,1160,64.26592797783933,609,551,1160,64.26592797783933,642,583,1225,67.86703601108033,685,654,1339,74.18282548476455,701,654,1355,75.06925207756233,625,548,1173,64.98614958448753,652,611,1263,69.97229916897507,645,628,1273,70.52631578947368,675,641,1316,72.90858725761773,655,643,1298,71.91135734072022,588,522,1110,61.495844875346265,622,586,1208,66.92520775623268,628,642,1270,70.3601108033241,668,634,1302,72.13296398891967,695,657,1352,74.90304709141274,692,655,1347,75.67415730337078,1,0,1,0.2257336343115124,1108204000,1st
Maragusan,2025,452,436,888,68.09815950920245,482,462,944,66.9029057406095,468,464,932,66.05244507441532,506,461,967,68.53295535081503,534,488,1022,72.43090007087172,581,533,1114,78.95109851169383,457,397,854,60.52445074415308,470,391,861,61.02055279943303,461,409,870,61.65839829907866,502,467,969,68.67469879518072,519,460,979,69.38341601700921,482,443,925,65.55634301913537,536,469,1005,71.22608079376329,510,469,979,69.38341601700921,514,438,952,67.46987951807229,513,472,985,69.8086463501063,509,469,978,70.10752688172043,10,10,20,3.6231884057971016,1108205000,1st
Mawab,2025,219,212,431,55.327342747111686,240,227,467,55.529131985731276,226,221,447,53.15101070154577,280,256,536,63.73365041617123,284,248,532,63.25802615933412,316,276,592,70.3923900118906,264,250,514,61.117717003567186,258,221,479,56.95600475624257,283,221,504,59.92865636147443,278,229,507,60.285374554102255,288,259,547,65.04161712247326,272,259,531,63.13912009512486,307,246,553,65.75505350772889,283,256,539,64.09036860879905,288,242,530,63.020214030915575,269,264,533,63.376932223543406,269,264,533,63.75598086124402,3,1,4,1.2779552715654952,1108206000,3rd
Monkayo,2025,468,397,865,46.03512506652475,487,413,900,43.88103364212579,475,397,872,42.51584592881521,595,469,1064,51.877133105802045,601,555,1156,56.36274987810824,709,631,1340,65.33398342272062,663,554,1217,59.33690882496343,627,579,1206,58.80058508044856,648,540,1188,57.922964407606045,670,587,1257,61.28717698683569,650,557,1207,58.849341784495365,686,626,1312,63.968795709410045,660,648,1308,63.773768893222815,633,545,1178,57.43539736713799,663,590,1253,61.092150170648466,704,711,1415,68.9907362262311,696,698,1394,68.70379497289305,12,14,26,4.859813084112149,1108207000,1st
Montevista,2025,324,282,606,73.45454545454545,325,286,611,67.29074889867842,322,278,600,66.07929515418502,335,280,615,67.73127753303964,342,310,652,71.80616740088107,369,313,682,75.1101321585903,304,256,560,61.67400881057269,273,260,533,58.70044052863436,280,249,529,58.25991189427313,278,265,543,59.801762114537446,293,209,502,55.2863436123348,307,258,565,62.22466960352423,318,280,598,65.85903083700441,313,285,598,65.85903083700441,308,234,542,59.691629955947135,280,239,519,57.15859030837004,277,239,516,57.39710789766407,2,3,5,1.2690355329949239,1108208000,3rd
Nabunturan ,2025,512,491,1003,58.381839348079154,549,522,1071,57.642626480086115,512,491,1003,53.98277717976319,568,541,1109,59.687836383207745,606,561,1167,62.809472551130256,653,607,1260,67.81485468245425,526,502,1028,55.328310010764255,522,489,1011,54.41334768568353,525,490,1015,54.628632938643705,532,507,1039,55.920344456404735,570,540,1110,59.74165769644779,583,550,1133,60.97954790096879,607,571,1178,63.40150699677072,578,560,1138,61.248654467169,582,536,1118,60.17222820236814,581,516,1097,59.04198062432723,581,516,1097,59.94535519125683,0,0,0,0.0,1108209000,1st
New Bataan,2025,271,282,553,57.54422476586889,268,284,552,52.97504798464492,273,286,559,53.6468330134357,345,333,678,65.06717850287907,346,318,664,63.72360844529751,401,351,752,72.16890595009598,313,292,605,58.061420345489445,311,276,587,56.33397312859885,332,275,607,58.25335892514395,324,278,602,57.77351247600768,320,273,593,56.90978886756238,340,344,684,65.64299424184262,347,313,660,63.339731285988485,350,318,668,64.10748560460652,359,316,675,64.77927063339732,340,304,644,61.80422264875239,335,293,628,60.79380445304937,7,6,13,3.25,1108210000,1st
Pantukan,2025,790,725,1515,74.85177865612648,794,731,1525,69.53944368445052,798,738,1536,70.04103967168263,809,710,1519,69.26584587323302,837,716,1553,70.81623347013223,887,797,1684,76.78978568171455,861,749,1610,73.4154126766986,837,722,1559,71.08983128134975,779,704,1483,67.62425900592795,862,766,1628,74.23620611035112,691,612,1303,59.41632466940264,693,590,1283,58.50433196534428,681,605,1286,58.64113087095303,603,581,1184,53.98996808025536,755,671,1426,65.0250797993616,710,661,1371,62.517099863201096,595,562,1157,53.56481481481481,182,176,358,31.321084864391953,1108211000,1st
Davao Occidental,2025,1611,1476,3087,46.610297448286275,1545,1459,3004,41.47452712964241,1351,1199,2550,35.20640618528234,2019,1845,3864,53.348060196051364,1975,1877,3852,53.18238299047356,1954,1778,3732,51.525610934695564,1764,1645,3409,47.066132817893134,1699,1612,3311,45.71310230567445,1610,1521,3131,43.22794422200745,1559,1468,3027,41.79207510699986,1455,1337,2792,38.54756316443463,2224,2110,4334,59.837084081181835,2120,2023,4143,57.20005522573519,1890,1862,3752,51.80173961065857,1844,1717,3561,49.16471075521193,1776,1710,3486,48.12922822035068,1662,1590,3252,45.01661129568107,180,167,347,10.809968847352025,1108600000,4th
Don Marcelino,2025,171,174,345,37.418655097613886,157,146,303,30.089374379344587,149,129,278,27.606752730883816,248,249,497,49.3545183714002,260,260,520,51.63853028798411,250,243,493,48.957298907646475,204,203,407,40.41708043694141,206,213,419,41.60873882820258,215,206,421,41.80734856007945,237,236,473,46.971201588877854,276,242,518,51.43992055610725,259,312,571,56.70307845084409,263,256,519,51.539225422045675,272,251,523,51.9364448857994,249,242,491,48.75868917576962,235,229,464,46.077457795431975,223,220,443,43.992055610724925,18,19,37,8.167770419426049,1108601000,3rd
Jose Abad Santos,2025,397,370,767,47.37492279184682,354,327,681,38.27993254637437,230,210,440,24.73299606520517,609,542,1151,64.69926925238897,566,505,1071,60.20236087689713,554,452,1006,56.54862282181,585,513,1098,61.72006745362564,521,454,975,54.80607082630692,441,420,861,48.397976391231026,448,409,857,48.173130972456434,362,367,729,40.97807757166947,593,521,1114,62.619449128724,517,477,994,55.87408656548622,418,422,840,47.217537942664414,472,465,937,52.67003934794828,497,503,1000,56.21135469364812,452,466,918,51.747463359639234,68,42,110,13.597033374536466,1108602000,1st
Malita ,2025,587,545,1132,46.50780608052588,566,560,1126,42.219722534683164,564,508,1072,40.19497562804649,670,616,1286,48.21897262842145,662,647,1309,49.08136482939632,677,650,1327,49.75628046494188,651,614,1265,47.4315710536183,637,626,1263,47.35658042744657,616,606,1222,45.81927259092613,519,502,1021,38.282714660667416,464,420,884,33.145856767904014,876,837,1713,64.22947131608548,837,841,1678,62.917135358080245,771,765,1536,57.59280089988752,650,650,1300,48.74390701162355,653,601,1254,47.01912260967379,625,560,1185,44.448612153038255,34,59,93,8.408679927667269,1108603000,1st
Santa Maria,2025,357,325,682,57.993197278911566,342,322,664,52.07843137254902,345,310,655,51.37254901960784,371,346,717,56.23529411764706,370,346,716,56.15686274509804,358,336,694,54.431372549019606,210,214,424,33.25490196078431,208,207,415,32.549019607843135,224,189,413,32.3921568627451,248,224,472,37.01960784313725,276,233,509,39.92156862745098,382,346,728,57.09803921568627,386,351,737,57.803921568627445,340,333,673,52.78431372549019,384,284,668,52.3921568627451,308,289,597,46.82352941176471,293,272,565,44.699367088607595,34,25,59,10.034013605442176,1108604000,2nd
Sarangani,2025,99,62,161,34.11016949152542,126,104,230,44.66019417475729,63,42,105,20.388349514563107,121,92,213,41.359223300970875,117,119,236,45.8252427184466,115,97,212,41.16504854368932,114,101,215,41.74757281553398,127,112,239,46.40776699029126,114,100,214,41.55339805825243,107,97,204,39.6116504854369,77,75,152,29.514563106796114,114,94,208,40.3883495145631,117,98,215,41.74757281553398,89,91,180,34.95145631067961,89,76,165,32.038834951456316,83,88,171,33.20388349514563,69,72,141,27.485380116959064,26,22,48,18.89763779527559,1108605000,4th
City of Davao,2025,11571,11407,22978,61.46315367125853,12350,12249,24599,60.611063200689905,12014,11702,23716,58.435382530491566,12955,12666,25621,63.129234939016875,13216,12759,25975,64.00147837871135,14106,13573,27679,68.20007391893557,12255,12080,24335,59.96057656769742,12070,11696,23766,58.55858075643711,12133,11834,23967,59.0538376247382,12752,12393,25145,61.95638782801528,11343,11078,22421,55.24454847850191,13176,12731,25907,63.8339287914254,13881,13290,27171,66.94837994332882,13561,13170,26731,65.86423555500801,11878,11425,23303,57.41776518418135,11521,10998,22519,55.48601700135518,10934,10467,21401,53.277402972441436,1853,1727,3580,21.203506278133144,1130700000,1st
Region 12,2025,27942,27268,55210,57.12541517067265,29044,28280,57324,54.61301017491711,26613,26261,52874,50.373461377234094,33156,31364,64520,61.46869402842879,32593,30947,63540,60.535040585343545,32790,31215,64005,60.97804961701154,28283,26759,55042,52.438931443161465,27948,26490,54438,51.863496055790556,27809,26508,54317,51.74821843679738,30645,29133,59778,56.950954613010175,29495,27947,57442,54.72542967112533,34272,32382,66654,63.50177203612667,35194,33680,68874,65.61678289699326,33227,31971,65198,62.11462977782859,32279,30479,62758,59.79002324606532,33850,32439,66289,63.15403376395716,32893,31599,64492,62.302081823890255,1406,1277,2683,7.261556782505142,1200000000,
Cotabato,2025,7212,7003,14215,54.421898928024504,7790,7382,15172,53.251904110069844,6472,6340,12812,44.968586571197925,9573,8982,18555,65.12582920922397,9356,8820,18176,63.79558457056614,9380,8775,18155,63.721877083991444,7902,7435,15337,53.83103436172827,7739,7323,15062,52.8658172756309,7725,7329,15054,52.83773823312625,8388,7858,16246,57.021515566319195,8050,7455,15505,54.42069425432593,10094,9407,19501,68.4461759853989,10932,10308,21240,74.54985784984733,9968,9443,19411,68.13028675722158,9116,8420,17536,61.54926117019409,9455,9086,18541,65.07669088484083,9294,8942,18236,65.06118662813515,382,285,667,7.265003812220891,1204700000,1st
Alamada,2025,508,463,971,58.10891681627768,572,532,1104,61.23128119800333,408,393,801,44.42595673876872,598,581,1179,65.3910149750416,587,541,1128,62.562396006655575,570,545,1115,61.84137548530227,520,531,1051,58.29173599556295,514,485,999,55.40765391014975,503,487,990,54.90848585690515,539,521,1060,58.79090404880755,574,501,1075,59.6228508042152,696,644,1340,74.32057681641709,755,667,1422,78.86855241264558,659,612,1271,70.49362174154187,605,522,1127,62.506932889628395,619,534,1153,63.948973932334994,620,534,1154,65.05073280721533,32,20,52,8.455284552845528,1204701000,1st
Carmen,2025,537,484,1021,55.15937331172339,582,567,1149,56.60098522167488,410,401,811,39.95073891625616,724,661,1385,68.22660098522168,650,632,1282,63.15270935960591,669,633,1302,64.13793103448275,507,480,987,48.62068965517241,460,459,919,45.27093596059114,475,470,945,46.55172413793103,480,459,939,46.25615763546798,453,418,871,42.9064039408867,659,601,1260,62.06896551724138,608,604,1212,59.70443349753695,569,548,1117,55.02463054187192,683,665,1348,66.4039408866995,722,654,1376,67.7832512315271,719,645,1364,68.61167002012073,15,8,23,3.865546218487395,1204702000,1st
Kabacan,2025,374,342,716,42.09288653733098,492,469,961,51.83387270765911,226,211,437,23.570658036677454,713,656,1369,73.8403451995685,694,623,1317,71.03559870550163,675,638,1313,70.81984897518878,553,553,1106,59.65480043149945,532,491,1023,55.17799352750809,509,481,990,53.398058252427184,638,580,1218,65.69579288025889,469,445,914,49.29881337648328,797,704,1501,80.96008629989213,857,794,1651,89.05070118662351,720,682,1402,75.6202804746494,640,557,1197,64.56310679611651,559,537,1096,59.115426105717376,567,541,1108,60.54644808743169,77,57,134,18.95332390381895,1204703000,1st
City of Kidapawan ,2025,920,864,1784,54.07699302819036,971,860,1831,51.30288596245447,862,850,1712,47.968618660689266,1146,970,2116,59.288316054917345,1102,991,2093,58.643877836929114,1146,976,2122,59.4564303726534,922,788,1710,47.91258055477725,899,790,1689,47.324180442701035,925,823,1748,48.977304567105634,1008,871,1879,52.64780050434295,1036,964,2000,56.03810591202018,1264,1127,2391,66.99355561782012,1446,1297,2743,76.85626225833568,1340,1263,2603,72.93359484449425,1080,1025,2105,58.980106472401225,1100,1105,2205,61.78201176800224,1082,1084,2166,61.34239592183517,30,27,57,4.965156794425087,1204704000,3rd
Libungan,2025,295,293,588,56.16045845272206,291,306,597,51.688311688311686,281,297,578,50.04329004329004,365,337,702,60.77922077922078,361,349,710,61.471861471861466,372,363,735,63.63636363636363,321,284,605,52.38095238095239,301,295,596,51.6017316017316,315,327,642,55.58441558441558,328,336,664,57.48917748917749,338,337,675,58.44155844155844,420,413,833,72.12121212121212,476,469,945,81.81818181818183,424,465,889,76.96969696969697,352,363,715,61.904761904761905,367,395,762,65.97402597402598,368,394,762,66.72504378283712,2,1,3,0.8064516129032258,1204705000,2nd
Magpet,2025,366,346,712,67.93893129770993,370,318,688,60.03490401396161,355,321,676,58.98778359511344,463,404,867,75.6544502617801,460,400,860,75.04363001745202,452,385,837,73.03664921465969,363,293,656,57.24258289703316,351,325,676,58.98778359511344,353,297,650,56.719022687609076,399,339,738,64.3979057591623,393,322,715,62.390924956369986,504,430,934,81.50087260034904,511,468,979,85.42757417102966,500,404,904,78.88307155322862,462,399,861,75.13089005235602,451,415,866,75.5671902268761,438,395,833,73.97868561278862,21,14,35,9.162303664921465,1204706000,1st
Makilala,2025,512,516,1028,59.148446490218646,538,504,1042,55.01583949313622,517,507,1024,54.06546990496304,600,579,1179,62.249208025343194,610,587,1197,63.19957761351637,596,579,1175,62.03801478352693,455,456,911,48.099260823653644,477,459,936,49.41921858500528,471,441,912,48.15205913410771,560,530,1090,57.55015839493136,599,554,1153,60.87645195353749,635,612,1247,65.83949313621964,765,692,1457,76.92713833157339,702,660,1362,71.91129883843716,637,571,1208,63.78035902851109,632,598,1230,64.94192185850054,629,597,1226,65.56149732620321,7,1,8,1.6985138004246285,1204707000,1st
Matalam,2025,419,459,878,55.53447185325743,442,453,895,51.85399768250289,401,380,781,45.249130938586326,605,576,1181,68.42410196987254,626,549,1175,68.07647740440325,616,541,1157,67.03360370799535,611,576,1187,68.77172653534183,626,560,1186,68.71378910776362,610,546,1156,66.97566628041714,612,544,1156,66.97566628041714,566,514,1080,62.572421784472766,645,590,1235,71.55272305909618,698,634,1332,77.17265353418308,592,566,1158,67.09154113557358,408,360,768,44.495944380069524,579,592,1171,67.84472769409038,577,591,1168,68.70588235294117,12,14,26,5.2,1204708000,1st
Midsayap,2025,545,537,1082,52.169720347155256,527,509,1036,45.82043343653251,525,524,1049,46.39540026536931,741,700,1441,63.7328615656789,711,702,1413,62.49447147279965,718,704,1422,62.892525431225124,660,620,1280,56.61211853162318,631,620,1251,55.32950022114109,627,616,1243,54.975674480318446,672,659,1331,58.86775762936753,683,576,1259,55.68332596196374,785,737,1522,67.31534719150818,873,834,1707,75.49756744803184,865,786,1651,73.02078726227333,720,637,1357,60.01769128704113,699,621,1320,58.3812472357364,672,601,1273,56.72905525846702,47,27,74,8.685446009389672,1204709000,1st
M'Lang,2025,494,492,986,56.15034168564921,427,426,853,44.58964976476738,429,437,866,45.269210663878724,622,641,1263,66.02195504443283,635,654,1289,67.38107684265552,623,646,1269,66.33559853633038,458,487,945,49.398849973863044,455,490,945,49.398849973863044,464,474,938,49.03293256664924,563,584,1147,59.95818086774699,602,575,1177,61.52639832723471,631,666,1297,67.79926816518558,698,723,1421,74.28123366440146,684,633,1317,68.84474647151072,643,614,1257,65.70831155253528,637,600,1237,64.66283324621014,611,586,1197,62.93375394321766,36,19,55,8.258258258258259,1204710000,1st
Pigkawayan,2025,235,213,448,45.02512562814071,224,197,421,38.80184331797235,226,214,440,40.55299539170507,335,313,648,59.723502304147466,332,320,652,60.09216589861751,321,308,629,57.97235023041475,257,244,501,46.175115207373274,246,241,487,44.88479262672811,256,237,493,45.43778801843318,259,242,501,46.175115207373274,269,271,540,49.76958525345622,373,342,715,65.89861751152074,416,410,826,76.12903225806451,400,380,780,71.88940092165899,308,328,636,58.61751152073733,406,420,826,76.12903225806451,390,402,792,73.88059701492537,18,14,32,10.158730158730158,1204711000,1st
Pikit,2025,315,327,642,40.225563909774436,503,458,961,54.695503699487766,188,163,351,19.97723392145703,543,516,1059,60.27319294251565,502,449,951,54.12635173591349,513,437,950,54.06943653955606,453,408,861,49.00398406374502,423,369,792,45.07683551508252,415,391,806,45.87364826408651,415,351,766,43.597040409789415,333,309,642,36.53955606146842,475,432,907,51.62208309618668,467,425,892,50.76835515082527,372,342,714,40.63745019920319,479,433,912,51.90665907797381,494,496,990,56.346044393853155,484,483,967,54.02234636871508,32,41,73,8.598351001177857,1204712000,1st
President Roxas,2025,295,287,582,61.52219873150106,284,262,546,52.55052935514918,285,282,567,54.57170356111646,373,329,702,67.56496631376324,377,337,714,68.7199230028874,370,349,719,69.20115495668912,369,324,693,66.69874879692011,381,341,722,69.48989412897016,365,334,699,67.2762271414822,359,339,698,67.17998075072185,308,300,608,58.51780558229066,394,328,722,69.48989412897016,416,377,793,76.32338787295477,354,348,702,67.56496631376324,361,334,695,66.89124157844081,363,398,761,73.24350336862368,357,391,748,72.90448343079922,12,8,20,7.11743772241993,1204713000,1st
Tulunan,2025,360,384,744,56.10859728506787,376,379,755,52.5766016713092,370,382,752,52.36768802228412,448,456,904,62.95264623955432,421,434,855,59.540389972144844,446,429,875,60.93314763231198,333,336,669,46.58774373259053,332,329,661,46.030640668523674,352,333,685,47.701949860724234,420,398,818,56.96378830083565,410,378,788,54.874651810584965,468,468,936,65.18105849582173,549,524,1073,74.72144846796658,509,531,1040,72.42339832869081,513,457,970,67.54874651810584,483,482,965,67.20055710306406,478,478,956,66.9936930623686,5,2,7,2.491103202846975,1204714000,2nd
Antipas,2025,139,132,271,60.08869179600887,164,139,303,61.08870967741935,157,130,287,57.86290322580645,176,160,336,67.74193548387096,170,158,328,66.12903225806451,188,169,357,71.9758064516129,145,123,268,54.03225806451613,147,124,271,54.63709677419355,146,133,279,56.25,164,162,326,65.7258064516129,166,166,332,66.93548387096774,214,197,411,82.86290322580645,210,212,422,85.08064516129032,226,201,427,86.08870967741935,183,175,358,72.17741935483872,193,203,396,79.83870967741935,188,199,387,78.18181818181819,6,3,9,6.206896551724138,1204715000,2nd
Banisilan,2025,303,310,613,54.78105451295799,339,344,683,56.306677658697446,261,275,536,44.187963726298435,406,398,804,66.28194558944766,406,382,788,64.96290189612532,406,367,773,63.726298433635606,379,361,740,61.00577081615829,385,354,739,60.923330585325644,356,332,688,56.71887881286067,335,318,653,53.83347073371806,267,277,544,44.847485572959606,369,373,742,61.17065127782357,346,340,686,56.553998351195375,313,278,591,48.72217642209398,358,334,692,57.04863973619126,409,379,788,64.96290189612532,404,374,778,64.88740617180983,2,5,7,1.715686274509804,1204716000,2nd
Aleosan,2025,213,196,409,43.09799789251844,263,234,497,48.01932367149758,179,163,342,33.04347826086956,299,268,567,54.78260869565217,286,262,548,52.946859903381636,268,272,540,52.17391304347826,202,175,377,36.42512077294686,181,179,360,34.78260869565217,184,188,372,35.94202898550725,224,216,440,42.51207729468599,160,167,327,31.594202898550726,327,295,622,60.09661835748792,329,334,663,64.05797101449275,256,287,543,52.46376811594203,232,250,482,46.570048309178745,282,274,556,53.71980676328503,254,265,519,61.05882352941177,17,16,33,10.344827586206897,1204717000,3rd
Arakan,2025,382,358,740,76.13168724279835,425,425,850,78.77664504170528,392,410,802,74.32808155699722,416,437,853,79.05468025949953,426,450,876,81.18628359592215,431,434,865,80.16682113067655,394,396,790,73.2159406858202,398,412,810,75.06950880444856,399,419,818,75.8109360518999,413,409,822,76.18164967562558,424,381,805,74.60611677479147,438,448,886,82.11306765523632,512,504,1016,94.16126042632067,483,457,940,87.1177015755329,452,396,848,78.59128822984245,460,383,843,78.12789620018535,456,382,838,78.83349012229539,11,8,19,6.909090909090909,1204718000,1st
South Cotabato,2025,7081,6778,13859,62.659372456822496,7040,6768,13808,57.49021567157965,6715,6483,13198,54.95045382629694,7230,6892,14122,58.79756849029894,7054,6697,13751,57.25289366308603,7114,6748,13862,57.715047048047296,7208,6868,14076,58.60604546590057,7025,6717,13742,57.21542176700808,7009,6648,13657,56.86152052627196,7148,6770,13918,57.94820551253227,6626,6347,12973,54.01365642434841,7497,7004,14501,60.37555166958115,7387,7056,14443,60.13406611707885,7175,6849,14024,58.38954117745024,7157,6793,13950,58.08143892080939,7460,7028,14488,60.32142559746857,7122,6727,13849,58.36810384793695,359,341,700,8.078476630121177,1206300000,1st
Banga,2025,580,539,1119,59.426447158789166,585,537,1122,54.811919882755255,577,531,1108,54.12799218368344,604,572,1176,57.44992672203224,593,556,1149,56.13092330239374,604,570,1174,57.352222765021985,605,573,1178,57.547630679042506,591,555,1146,55.98436736687836,601,565,1166,56.96140693698095,591,553,1144,55.8866634098681,524,492,1016,49.63361016121153,611,573,1184,57.84074255007327,587,563,1150,56.17977528089888,603,558,1161,56.717147044455295,567,511,1078,52.66243282852956,597,542,1139,55.64240351734245,577,518,1095,53.94088669950739,25,24,49,6.950354609929079,1206302000,1st
City of Koronadal ,2025,1320,1272,2592,64.38152011922503,1321,1289,2610,59.643510054844604,1317,1257,2574,58.820840950639855,1245,1178,2423,55.37020109689214,1173,1147,2320,53.016453382084094,1173,1124,2297,52.4908592321755,1161,1148,2309,52.765082266910426,1080,1077,2157,49.29159049360146,1082,1058,2140,48.90310786106033,1117,1118,2235,51.074040219378425,1073,1009,2082,47.57769652650823,1174,1100,2274,51.96526508226691,1217,1196,2413,55.1416819012797,1171,1141,2312,52.833638025594155,1196,1166,2362,53.97623400365631,1260,1261,2521,57.609689213893965,1196,1193,2389,55.23699421965318,67,72,139,8.475609756097562,1206306000,3rd
Norala,2025,423,404,827,91.280353200883,421,394,815,82.07452165156093,415,397,812,81.77240684793556,414,410,824,82.98086606243706,431,428,859,86.5055387713998,437,445,882,88.82175226586104,417,400,817,82.2759315206445,432,422,854,86.00201409869084,435,435,870,87.61329305135952,434,429,863,86.90835850956698,455,438,893,89.92950654582074,429,408,837,84.29003021148036,431,439,870,87.61329305135952,446,442,888,89.42598187311178,467,454,921,92.74924471299094,472,496,968,97.48237663645519,471,493,964,97.86802030456853,17,11,28,-54.90196078431373,1206311000,3rd
Polomolok,2025,1155,1179,2334,61.14749803510611,1101,1141,2242,54.2594385285576,1143,1188,2331,56.4133591481123,1119,1055,2174,52.61374636979671,1090,1010,2100,50.82284607938045,1150,1052,2202,53.29138431752178,1247,1186,2433,58.881897386253634,1274,1177,2451,59.31752178121975,1291,1173,2464,59.63213939980639,1302,1164,2466,59.68054211035818,1162,1043,2205,53.36398838334947,1393,1225,2618,63.359148112294285,1272,1216,2488,60.21297192642788,1112,1075,2187,52.92836398838335,1293,1136,2429,58.78509196515005,1338,1147,2485,60.14036786060019,1266,1104,2370,58.20235756385069,67,61,128,7.660083782166367,1206312000,1st
Surallah,2025,739,647,1386,71.07692307692308,935,803,1738,82.29166666666666,882,771,1653,78.26704545454545,718,654,1372,64.96212121212122,691,608,1299,61.50568181818182,711,615,1326,62.78409090909091,721,644,1365,64.63068181818183,691,610,1301,61.60037878787878,713,610,1323,62.64204545454546,714,604,1318,62.40530303030303,677,660,1337,63.30492424242424,715,648,1363,64.53598484848484,691,614,1305,61.78977272727273,698,586,1284,60.79545454545454,699,680,1379,65.29356060606061,746,703,1449,68.60795454545455,737,694,1431,68.53448275862068,14,4,18,4.044943820224719,1206313000,1st
Tampakan,2025,265,262,527,57.407407407407405,276,272,548,54.63609172482552,259,261,520,51.844466600199404,277,280,557,55.533399800598204,270,283,553,55.1345962113659,283,288,571,56.929212362911265,276,266,542,54.03788634097707,273,280,553,55.1345962113659,275,287,562,56.03190428713859,282,290,572,57.02891326021934,269,276,545,54.33698903290129,278,276,554,55.23429710867398,282,278,560,55.83250249252243,267,291,558,55.63310069790628,279,284,563,56.13160518444666,297,269,566,56.43070787637089,283,258,541,54.53629032258065,10,9,19,4.935064935064935,1206314000,2nd
Tantangan,2025,331,312,643,60.31894934333959,336,308,644,55.757575757575765,332,309,641,55.4978354978355,343,318,661,57.22943722943723,333,323,656,56.7965367965368,336,335,671,58.0952380952381,345,321,666,57.66233766233766,331,323,654,56.62337662337662,332,322,654,56.62337662337662,333,324,657,56.88311688311688,327,321,648,56.1038961038961,339,324,663,57.4025974025974,334,327,661,57.22943722943723,334,323,657,56.88311688311688,331,327,658,56.96969696969697,334,322,656,56.7965367965368,334,319,653,57.13035870516185,1,2,3,0.7109004739336493,1206315000,3rd
T'Boli,2025,848,795,1643,56.59662418188082,741,730,1471,46.89193496971629,729,736,1465,46.70066942939114,844,838,1682,53.61810647115078,796,798,1594,50.81287854638189,778,769,1547,49.31463181383487,809,789,1598,50.94038890659866,743,768,1511,48.167038571883964,752,771,1523,48.54956965253427,818,822,1640,52.27924768887472,738,706,1444,46.03124003825311,852,826,1678,53.49059611093402,816,778,1594,50.81287854638189,818,783,1601,51.03602167676124,809,739,1548,49.346509403889065,857,793,1650,52.59802358941664,840,763,1603,51.92743764172335,18,29,47,3.4892353377876764,1206316000,1st
Tupi,2025,574,572,1146,69.83546617915904,550,538,1088,61.15795390668916,616,591,1207,67.84710511523328,603,618,1221,68.63406408094434,623,590,1213,68.18437324339517,603,601,1204,67.67847105115233,607,597,1204,67.67847105115233,615,588,1203,67.62225969645868,595,580,1175,66.04834176503654,593,597,1190,66.89151208544126,551,598,1149,64.58684654300168,619,614,1233,69.30860033726813,649,634,1283,72.11916807195054,662,677,1339,75.26700393479483,576,609,1185,66.61045531197301,578,603,1181,66.38560989319842,495,537,1032,58.76993166287016,84,84,168,26.62440570522979,1206317000,1st
Santo Niño,2025,230,231,461,56.70356703567035,211,226,437,49.267192784667415,206,215,421,47.463359639233374,255,238,493,55.58060879368658,270,245,515,58.060879368658405,269,239,508,57.271702367531006,254,238,492,55.46786922209696,269,243,512,57.72266065388951,272,237,509,57.384441939120634,270,239,509,57.384441939120634,227,228,455,51.29650507328072,249,242,491,55.35512965050733,272,244,516,58.173618940248026,274,231,505,56.93348365276212,227,239,466,52.536640360766626,252,240,492,55.46786922209696,249,237,486,55.416191562143666,1,4,5,1.76678445229682,1206318000,3rd
Lake Sebu,2025,616,565,1181,53.80410022779043,563,530,1093,45.59866499791406,239,227,466,19.440967876512307,808,731,1539,64.20525657071339,784,709,1493,62.286191072173544,770,710,1480,61.74384647476012,766,706,1472,61.410095953274926,726,674,1400,58.406341259908224,661,610,1271,53.02461410095953,694,630,1324,55.235711305798915,623,576,1199,50.02085940759282,838,768,1606,67.00041718815186,836,767,1603,66.87526074259492,790,742,1532,63.913224864413856,713,648,1361,56.77930746766792,729,652,1381,57.6136837713809,674,611,1285,54.17369308600337,55,41,96,8.087615838247682,1206319000,1st
Sultan Kudarat,2025,6020,5760,11780,59.336120485568934,6263,6108,12371,57.39537904797254,6007,5711,11718,54.365778973740376,6965,6600,13565,62.934954068850324,6934,6716,13650,63.32931242460796,6991,6860,13851,64.26185394822306,4474,4240,8714,40.428690730258886,4392,4229,8621,39.99721629395936,4517,4329,8846,41.041106059200146,6490,6299,12789,59.33469425628653,6630,6422,13052,60.55488540410132,7062,6699,13761,63.844298042126745,7213,7030,14243,66.08054189477592,7123,6968,14091,65.3753363644799,6869,6711,13580,63.00454671986638,7241,7084,14325,66.46098172033034,7182,7038,14220,66.76369782618903,106,97,203,3.019485348802618,1206500000,1st
Bagumbayan,2025,665,604,1269,74.91145218417947,670,607,1277,69.81957353745216,663,600,1263,69.05412793876435,696,637,1333,72.88135593220339,674,621,1295,70.8037178786222,686,633,1319,72.11591033351559,572,518,1090,59.595407326407866,579,506,1085,59.32203389830508,552,508,1060,57.95516675779114,672,607,1279,69.92892290869327,691,628,1319,72.11591033351559,693,641,1334,72.93603061782395,686,626,1312,71.73318753417168,702,652,1354,74.02952433023509,691,633,1324,72.38928376161837,730,609,1339,73.20940404592675,729,609,1338,74.5819397993311,2,0,2,0.5128205128205128,1206501000,1st
Columbio,2025,279,317,596,67.49716874292186,286,290,576,60.18808777429467,280,318,598,62.48693834900732,353,333,686,71.68234064785788,348,338,686,71.68234064785788,357,347,704,73.5632183908046,254,239,493,51.515151515151516,230,222,452,47.23092998955068,235,221,456,47.64890282131661,334,316,650,67.92058516196448,362,316,678,70.84639498432603,345,347,692,72.3092998955068,361,352,713,74.50365726227795,358,346,704,73.5632183908046,362,316,678,70.84639498432603,366,356,722,75.4440961337513,366,356,722,76.4021164021164,0,0,0,0.0,1206502000,1st
Esperanza,2025,386,379,765,51.03402268178786,407,399,806,49.2063492063492,378,366,744,45.42124542124542,482,465,947,57.81440781440782,502,486,988,60.317460317460316,510,484,994,60.68376068376068,306,284,590,36.01953601953602,291,267,558,34.065934065934066,299,273,572,34.92063492063492,506,484,990,60.43956043956044,497,508,1005,61.35531135531136,490,469,959,58.54700854700855,520,500,1020,62.27106227106227,530,509,1039,63.431013431013426,497,508,1005,61.35531135531136,510,508,1018,62.14896214896215,510,508,1018,62.72335181762168,0,0,0,0.0,1206503000,1st
Isulan ,2025,762,703,1465,66.89497716894978,754,724,1478,62.41554054054054,761,707,1468,61.99324324324324,794,786,1580,66.72297297297297,782,744,1526,64.44256756756756,827,777,1604,67.73648648648648,506,509,1015,42.86317567567568,503,488,991,41.84966216216216,514,507,1021,43.11655405405405,757,694,1451,61.27533783783784,783,723,1506,63.59797297297297,809,793,1602,67.65202702702703,794,778,1572,66.38513513513513,782,717,1499,63.30236486486487,792,745,1537,64.9070945945946,847,743,1590,67.14527027027027,847,743,1590,68.06506849315068,0,0,0,0.0,1206504000,1st
Kalamansig,2025,449,450,899,75.73715248525696,490,472,962,74.74747474747475,412,420,832,64.64646464646465,513,491,1004,78.01087801087802,483,472,955,74.2035742035742,474,459,933,72.49417249417249,313,286,599,46.54234654234654,285,273,558,43.35664335664335,276,252,528,41.02564102564102,460,450,910,70.70707070707071,430,422,852,66.2004662004662,526,489,1015,78.86557886557887,502,499,1001,77.77777777777779,469,469,938,72.88267288267288,443,439,882,68.53146853146853,407,414,821,63.79176379176379,409,415,824,64.72898664571878,27,18,45,11.306532663316583,1206505000,1st
Lebak,2025,639,601,1240,62.91222729578894,650,680,1330,61.80297397769516,620,601,1221,56.737918215613384,727,698,1425,66.21747211895911,706,710,1416,65.79925650557621,679,723,1402,65.14869888475836,379,376,755,35.08364312267658,366,365,731,33.968401486988846,386,401,787,36.57063197026022,535,585,1120,52.04460966542751,583,575,1158,53.81040892193308,722,695,1417,65.8457249070632,725,734,1459,67.79739776951673,698,725,1423,66.12453531598513,659,667,1326,61.61710037174721,728,705,1433,66.58921933085502,699,677,1376,64.63128229215594,16,13,29,3.851261620185923,1206506000,1st
Lutayan,2025,527,549,1076,71.59015302727877,535,569,1104,66.54611211573237,527,549,1076,64.8583484026522,584,570,1154,69.55997588908981,593,583,1176,70.88607594936708,612,594,1206,72.69439421338156,225,221,446,26.883664858348403,232,232,464,27.96865581675708,258,232,490,29.535864978902953,578,551,1129,68.05304400241108,599,583,1182,71.24773960216999,582,565,1147,69.13803496081977,652,647,1299,78.30018083182641,639,629,1268,76.43158529234478,632,608,1240,74.74382157926462,722,676,1398,84.26763110307414,718,671,1389,84.3351548269581,1,3,4,1.3157894736842104,1206507000,2nd
Lambayong,2025,556,506,1062,51.62858531842489,576,533,1109,50.0,553,502,1055,47.5653742110009,609,531,1140,51.39765554553652,675,597,1272,57.34896302975654,692,625,1317,59.37781785392245,461,415,876,39.49504057709648,496,447,943,42.515779981965736,544,466,1010,45.53651938683498,644,578,1222,55.09467989179441,743,679,1422,64.11181244364292,624,539,1163,52.4346257889991,718,637,1355,61.09107303877367,764,674,1438,64.8331830477908,738,676,1414,63.751127141568986,785,809,1594,71.86654643823263,785,809,1594,72.75216795983569,0,0,0,0.0,1206508000,2nd
Palimbang,2025,416,415,831,31.729667812142036,522,527,1049,36.94963015146178,457,425,882,31.06727721028531,681,628,1309,46.10778443113773,684,669,1353,47.65762592462134,649,712,1361,47.93941528707291,333,287,620,21.838675589996477,307,287,594,20.922860162028883,304,328,632,22.26135963367383,546,584,1130,39.8027474462839,495,486,981,34.554420570623456,743,697,1440,50.722085241282144,731,736,1467,51.67312433955619,668,717,1385,48.78478337442761,573,590,1163,40.96512856639662,516,544,1060,37.33709052483269,493,533,1026,36.486486486486484,41,52,93,6.494413407821228,1206509000,2nd
President Quirino,2025,320,265,585,58.734939759036145,337,307,644,60.130718954248366,321,260,581,54.248366013071895,376,357,733,68.4407096171802,369,357,726,67.78711484593838,398,377,775,72.36227824463118,254,229,483,45.09803921568628,250,248,498,46.49859943977591,252,239,491,45.84500466853408,360,336,696,64.9859943977591,417,377,794,74.13632119514473,371,358,729,68.0672268907563,387,381,768,71.70868347338936,397,378,775,72.36227824463118,424,392,816,76.19047619047619,492,541,1033,96.45191409897292,492,541,1033,97.36098020735156,0,0,0,0.0,1206510000,3rd
City of Tacurong,2025,630,584,1214,55.459113750571035,637,602,1239,52.344740177439796,636,588,1224,51.71102661596958,733,681,1414,59.73806506125898,724,698,1422,60.07604562737643,721,704,1425,60.20278833967046,558,543,1101,46.51457541191382,571,548,1119,47.27503168567807,571,562,1133,47.86649767638361,718,707,1425,60.20278833967046,693,741,1434,60.5830164765526,740,683,1423,60.1182931981411,732,696,1428,60.329531051964516,721,697,1418,59.907055344317705,700,744,1444,61.005492184199404,742,776,1518,64.1318124207858,740,773,1513,64.63049978641607,9,9,18,2.33160621761658,1206511000,4th
Sen. Ninoy Aquino,2025,391,387,778,73.05164319248826,399,398,797,68.17792985457656,399,375,774,66.2104362703165,417,423,840,71.8562874251497,394,441,835,71.42857142857143,386,425,811,69.37553464499572,313,333,646,55.26090675791274,282,346,628,53.72112917023097,326,340,666,56.971770744225836,380,407,787,67.32249786142002,337,384,721,61.67664670658682,417,423,840,71.8562874251497,405,444,849,72.6261762189906,395,455,850,72.71171941830625,358,393,751,64.24294268605647,396,403,799,68.34901625320788,394,403,797,69.48561464690496,10,2,12,3.0,1206512000,3rd
Sarangani,2025,4220,4040,8260,60.28757025034669,4443,4189,8632,58.28100735939504,4113,3893,8006,54.05441901289581,4599,4379,8978,60.61710890554318,4500,4247,8747,59.05745729525352,4453,4237,8690,58.67260819661063,4017,3901,7918,53.460266018499766,4156,3914,8070,54.486530281547495,4027,3846,7873,53.15643778272905,4014,3778,7792,52.60954695834177,3883,3731,7614,51.407737492404294,4850,4693,9543,64.43184119910877,4774,4569,9343,63.081493484572285,4232,4076,8308,56.09344406184592,4575,4303,8878,59.94193504827493,4935,4672,9607,64.86395246776044,4917,4666,9583,65.64148229330776,106,121,227,5.244916820702403,1208000000,2nd
Alabel ,2025,518,534,1052,52.286282306163024,553,549,1102,50.57365764111979,522,519,1041,47.774208352455254,607,605,1212,55.62184488297384,598,526,1124,51.58329508949059,528,532,1060,48.64616796695732,565,551,1116,51.216154199173936,596,532,1128,51.76686553464892,615,571,1186,54.4286369894447,585,526,1111,50.98669114272602,570,544,1114,51.124368976594766,669,647,1316,60.39467645709041,604,583,1187,54.47452960073428,465,444,909,41.716383662230385,618,610,1228,56.356126663607164,638,640,1278,58.65075722808628,625,633,1258,58.48442584844259,38,57,95,12.599469496021221,1208001000,1st
Glan,2025,788,800,1588,59.165424739195224,819,805,1624,55.94212883224251,729,721,1450,49.94832931450224,838,723,1561,53.771960041336555,825,698,1523,52.46296934205994,816,702,1518,52.29073372373407,848,790,1638,56.42438856355494,913,821,1734,59.731312435411645,844,737,1581,54.46090251464003,829,724,1553,53.49638305201516,753,677,1430,49.25938684119876,898,847,1745,60.11023079572856,939,831,1770,60.9714088873579,889,806,1695,58.38787461246986,856,713,1569,54.04753703065794,997,841,1838,63.313813296589736,997,841,1838,64.33321666083303,2,1,3,0.37974683544303794,1208002000,1st
Kiamba,2025,456,451,907,53.95597858417609,472,450,922,50.77092511013216,443,431,874,48.12775330396476,510,511,1021,56.22246696035242,498,490,988,54.40528634361234,485,465,950,52.31277533039648,449,457,906,49.88986784140969,458,464,922,50.77092511013216,432,432,864,47.57709251101321,382,380,762,41.96035242290749,349,367,716,39.4273127753304,507,533,1040,57.268722466960355,485,479,964,53.08370044052864,409,403,812,44.713656387665196,489,513,1002,55.17621145374449,510,581,1091,60.07709251101322,510,581,1091,61.223344556677894,8,8,16,2.5806451612903225,1208003000,1st
Maasim,2025,593,538,1131,67.24137931034483,589,527,1116,61.386138613861384,571,506,1077,59.240924092409244,613,584,1197,65.84158415841584,621,610,1231,67.71177117711771,669,659,1328,73.04730473047304,431,395,826,45.43454345434543,439,422,861,47.35973597359736,454,462,916,50.38503850385039,509,496,1005,55.28052805280528,594,597,1191,65.51155115511551,735,679,1414,77.77777777777779,731,679,1410,77.55775577557755,638,627,1265,69.58195819581958,634,627,1261,69.36193619361937,679,673,1352,74.36743674367436,679,673,1352,75.6152125279642,1,2,3,0.7853403141361256,1208004000,1st
Maitum,2025,480,384,864,75.65674255691769,447,383,830,67.47967479674797,481,385,866,70.40650406504065,435,389,824,66.9918699186992,397,408,805,65.4471544715447,423,403,826,67.15447154471545,322,326,648,52.6829268292683,316,315,631,51.300813008130085,327,326,653,53.08943089430894,400,369,769,62.520325203252035,395,354,749,60.89430894308943,448,419,867,70.48780487804878,424,442,866,70.40650406504065,393,391,784,63.739837398373986,422,354,776,63.08943089430894,407,394,801,65.1219512195122,404,394,798,65.95041322314049,6,1,7,2.20125786163522,1208005000,2nd
Malapatan,2025,761,749,1510,77.5950668036999,859,817,1676,79.39365229748934,771,760,1531,72.52486972998578,830,815,1645,77.92515395547134,792,768,1560,73.8986262434865,785,752,1537,72.80909521553765,802,789,1591,75.3671245855045,820,780,1600,75.7934628138323,756,723,1479,70.06158218853625,684,683,1367,64.75603979156797,720,698,1418,67.17195641875888,802,784,1586,75.13027001421128,795,753,1548,73.33017527238276,723,697,1420,67.26669824727617,835,793,1628,77.11984841307438,880,775,1655,78.39886309805779,879,774,1653,78.9775441949355,32,30,62,16.27296587926509,1208006000,1st
Malungon,2025,624,584,1208,47.29835552075176,704,658,1362,49.45533769063181,596,571,1167,42.37472766884531,766,752,1518,55.119825708061,769,747,1516,55.04720406681191,747,724,1471,53.41321713870734,600,593,1193,43.318809005083516,614,580,1194,43.35511982570806,599,595,1194,43.35511982570806,625,600,1225,44.480755265068986,502,494,996,36.165577342047925,791,784,1575,57.18954248366013,796,802,1598,58.0246913580247,715,708,1423,51.67029774872912,721,693,1414,51.343500363108205,824,768,1592,57.80682643427741,823,770,1593,58.609271523178805,19,22,41,3.7857802400738687,1208007000,1st
City of General Santos,2025,3409,3687,7096,47.76842813867385,3508,3833,7341,45.62461155997514,3306,3834,7140,44.37538844002486,4789,4511,9300,57.79987569919205,4749,4467,9216,57.27781230577998,4852,4595,9447,58.713486637663145,4682,4315,8997,55.916718458669976,4636,4307,8943,55.581106277190806,4531,4356,8887,55.2330640149161,4605,4428,9033,56.140459912989435,4306,3992,8298,51.57240522063393,4769,4579,9348,58.09819763828465,4888,4717,9605,59.695463020509635,4729,4635,9364,58.197638284648846,4562,4252,8814,54.77936606587943,4759,4569,9328,57.973896830329394,4378,4226,8604,54.24626442216758,453,433,886,11.004844118743014,1230800000,1st
NCR,2025,91874,91011,182885,68.83216596348473,115826,112882,228708,79.29026084785956,110996,108095,219091,75.9561648014866,118272,113978,232250,80.51822884164692,116412,112808,229220,79.46776497344372,117980,114371,232351,80.55324430392035,115772,111435,227207,78.7698825421919,113041,109917,222958,77.29680631249046,113352,109829,223181,77.37411767968825,112673,109329,222002,76.96537282800128,110770,107657,218427,75.72596413861963,119850,114976,234826,81.41129647349226,126780,122625,249405,86.46565711195241,119359,116864,236223,81.89561925365062,119253,116100,235353,81.59400091525565,119713,117075,236788,82.09149782973472,119645,116858,236503,82.7518037215096,9022,8810,17832,29.43642906665786,1300000000,
City of Caloocan,2025,8367,8639,17006,50.23335499497844,12603,12425,25028,67.86334056399133,11702,11460,23162,62.80368763557483,12734,12418,25152,68.1995661605206,12698,12369,25067,67.96908893709328,13289,12919,26208,71.06290672451193,12200,11929,24129,65.42570498915401,12007,11722,23729,64.34110629067246,12136,11918,24054,65.22234273318873,12246,11833,24079,65.29013015184381,12114,11623,23737,64.36279826464208,13644,13273,26917,72.9853579175705,15477,15405,30882,83.73644251626898,14638,14354,28992,78.61171366594361,13476,13341,26817,72.71420824295011,14232,13874,28106,76.20932754880694,14168,13790,27958,76.62245121683841,412,367,779,7.448130796443254,1380100000,1st
City of Las Piñas,2025,2926,2876,5802,50.73452256033578,5642,5596,11238,90.7901114881241,5523,5604,11127,89.89335918565196,4507,4593,9100,73.51753110357086,4378,4468,8846,71.46550331232832,4553,4701,9254,74.76167393763127,4042,3919,7961,64.31572144126676,3873,3842,7715,62.328324446598806,3873,3866,7739,62.52221683632251,4324,4473,8797,71.06963968330909,4287,4401,8688,70.1890450799806,4534,4589,9123,73.70334464372273,4577,4727,9304,75.16561641622232,4569,4823,9392,75.87655517854257,4444,4632,9076,73.32363871384715,5022,5163,10185,82.2830828889966,4994,5134,10128,82.44871377401498,483,536,1019,41.47334147334148,1380200000,1st
City of Makati,2025,1649,1620,3269,77.40942457968269,1915,1944,3859,83.74565972222221,1885,1885,3770,81.81423611111111,2029,1967,3996,86.71875,1881,1827,3708,80.46875,2012,1930,3942,85.546875,2052,1977,4029,87.43489583333334,1908,1857,3765,81.70572916666666,1979,1916,3895,84.52690972222221,1829,1756,3585,77.79947916666666,1913,1705,3618,78.515625,1835,1714,3549,77.01822916666666,1701,1684,3385,73.45920138888889,1768,1729,3497,75.88975694444444,2195,2113,4308,93.48958333333334,2253,2140,4393,95.33420138888889,2250,2134,4384,95.72052401746724,45,47,92,34.20074349442379,1380300000,1st
City of Malabon,2025,1563,1472,3035,40.37514966076892,2312,2190,4502,55.2731737262124,2144,2057,4201,51.57765500306937,2389,2145,4534,55.66605279312462,2449,2244,4693,57.61817065684469,2556,2322,4878,59.889502762430936,2446,2205,4651,57.102516881522405,2419,2231,4650,57.0902394106814,2403,2223,4626,56.795580110497234,2330,2180,4510,55.371393492940456,2030,1949,3979,48.85205647636587,2564,2268,4832,59.324739103744626,2679,2498,5177,63.560466543891955,2618,2453,5071,62.25905463474525,2206,2136,4342,53.30877839165132,2397,2254,4651,57.102516881522405,2386,2225,4611,57.13754646840149,335,328,663,36.7109634551495,1380400000,1st
City of Mandaluyong,2025,3669,3589,7258,90.15029188920631,3688,3741,7429,84.99027571216108,3669,3589,7258,83.03397780574305,3844,3963,7807,89.31472371582198,3799,3935,7734,88.47957899553826,3946,3888,7834,89.62361285894063,3896,3991,7887,90.22995080654387,3816,3992,7808,89.32616405445602,3951,3892,7843,89.72657590664683,3833,3915,7748,88.6397437364146,3807,3791,7598,86.92369294131106,3888,3743,7631,87.30122411623384,3987,3875,7862,89.94394234069328,3904,3958,7862,89.94394234069328,4040,3961,8001,91.53414941082256,4194,4163,8357,95.60690996453495,4194,4163,8357,96.36761992619927,349,366,715,224.8427672955975,1380500000,1st
City of Manila,2025,12490,12216,24706,71.37986825378482,15566,14678,30244,80.3250823329438,15113,14278,29391,78.05959842770636,15565,14609,30174,80.13916923403804,14754,14284,29038,77.1220652289387,14488,13917,28405,75.44087963454797,15567,14607,30174,80.13916923403804,14754,14284,29038,77.1220652289387,14487,13918,28405,75.44087963454797,14485,13920,28405,75.44087963454797,17353,16656,34009,90.32455115266121,15239,14403,29642,78.72622968235419,15194,14595,29789,79.11664719005631,14230,13807,28037,74.46350791458622,17357,16652,34009,90.32455115266121,17121,16475,33596,89.22766386911718,17121,16475,33596,90.09869126796825,1209,1169,2378,135.26734926052333,1380600000,Special
City of Marikina,2025,1435,1386,2821,33.3451536643026,2298,2267,4565,49.6033901988482,2183,2108,4291,46.626100184722375,2366,2259,4625,50.25535151581006,2341,2276,4617,50.16842334021515,2481,2347,4828,52.461153971531026,2316,2267,4583,49.79897859393676,2357,2231,4588,49.85330870368358,2342,2234,4576,49.72291644029121,2291,2209,4500,48.89709877213952,1977,1936,3913,42.518743887862655,2405,2401,4806,52.22210148864501,2926,2799,5725,62.20797566011084,2843,2688,5531,60.09996740193415,1994,1952,3946,42.877322612191676,1525,1615,3140,34.11930892100402,1514,1608,3122,34.17624521072797,295,253,548,9.432013769363166,1380700000,1st
City of Muntinlupa,2025,1913,1978,3891,38.82458591099581,1760,1764,3524,32.422485969270404,1573,1653,3226,29.680743398656727,2780,2714,5494,50.547428466280245,2939,2864,5803,53.39037629956758,3167,3213,6380,58.69905235072223,2739,2627,5366,49.36976722789585,2816,2742,5558,51.136259085472446,2769,2810,5579,51.32946913239489,2799,2795,5594,51.467476308768056,2619,2538,5157,47.44686723709633,3252,3086,6338,58.312632256877365,3846,3792,7638,70.27325420921888,3605,3681,7286,67.03468580366179,2740,2655,5395,49.63658110221731,2550,2533,5083,46.766031833655354,2265,2224,4489,41.61104931405265,436,442,878,17.947669664758788,1380800000,1st
City of Navotas,2025,2411,2407,4818,90.49586776859503,3341,3338,6679,115.51366309235559,2271,2330,4601,79.57454168107921,2900,2834,5734,99.16983742649602,2821,2786,5607,96.97336561743342,2758,2732,5490,94.94984434451746,2991,2902,5893,101.91975095122794,2926,2878,5804,100.38049117952266,2910,2872,5782,100.0,2602,2521,5123,88.60255966793497,2319,2284,4603,79.60913178830855,2542,2454,4996,86.40608785887235,2465,2352,4817,83.31027326184712,2368,2305,4673,80.81978554133518,2838,2805,5643,97.5959875475614,2727,2838,5565,96.24697336561744,2680,2791,5471,95.68030779993005,94,102,196,71.01449275362319,1380900000,2nd
City of Parañaque,2025,4793,4621,9414,69.75917006298629,7536,7395,14931,102.03649285860725,7210,6972,14182,96.91792523747694,7164,7015,14179,96.8974236315178,6999,6878,13877,94.83359529829836,6919,6864,13783,94.19121164491219,7123,6956,14079,96.21403676621335,6930,6808,13738,93.88368755552519,6800,6770,13570,92.73559762181371,6764,6728,13492,92.20255586687624,6597,6489,13086,89.42800519374018,7511,7246,14757,100.84739971297752,7996,7849,15845,108.28264880748992,7647,7635,15282,104.43518075582587,7276,7153,14429,98.60589079477893,7183,7169,14352,98.0796829084945,7178,7159,14337,98.76007439553626,247,242,489,23.818801753531417,1381000000,1st
Pasay City,2025,3918,3769,7687,107.01656689405542,4325,4097,8422,108.7551652892562,4241,4013,8254,106.58574380165288,3603,3344,6947,89.70816115702479,3360,3226,6586,85.04648760330579,3375,3154,6529,84.31043388429752,3462,3209,6671,86.14411157024794,3273,3082,6355,82.06353305785123,3329,3016,6345,81.93440082644628,3318,3094,6412,82.7995867768595,2969,2859,5828,75.25826446280992,3613,3423,7036,90.85743801652893,3694,3530,7224,93.28512396694215,3471,3252,6723,86.81559917355372,3150,3029,6179,79.79080578512396,3288,3085,6373,82.29597107438018,3288,3085,6373,82.93857365955232,291,265,556,36.894492368944924,1381100000,1st
City of Pasig,2025,6659,6529,13188,73.0718085106383,9791,9760,19551,100.39024390243902,9377,9276,18653,95.77920410783055,10101,9853,19954,102.45956354300385,9759,9451,19210,98.6392811296534,9719,9392,19111,98.13093709884467,9976,9746,19722,101.26829268292683,9707,9359,19066,97.89987163029525,9581,9267,18848,96.78048780487805,9479,9181,18660,95.81514762516046,8784,8477,17261,88.63157894736841,10300,9992,20292,104.19512195121952,10878,10092,20970,107.67650834403082,10300,9964,20264,104.05134788189987,9415,9057,18472,94.84980744544288,9488,9195,18683,95.93324775353017,9442,9142,18584,96.46509213599792,513,468,981,34.99821619693186,1381200000,1st
Quezon City,2025,28828,29613,58441,97.19593527034444,30944,30737,61681,94.4607798094888,30777,30613,61390,94.01513063187234,30993,30416,61409,94.04422800085761,30936,30101,61037,93.47453214493552,30443,30100,60543,92.71800055131857,29977,29438,59415,90.99053569787743,29442,29202,58644,89.80979509326473,29595,29302,58897,90.19724953291065,29597,29099,58696,89.88942999785598,28661,28511,57172,87.55551471714294,29961,29273,59234,90.71334497228094,30357,29871,60228,92.23559680235229,27329,27158,54487,83.44359704738277,31590,31275,62865,96.27400532941284,31620,31250,62870,96.28166253177739,31583,31168,62751,96.93220260438389,2044,1977,4021,-463.2488479262673,1381300000,Special
City of San Juan,2025,229,242,471,21.58570119156737,326,320,646,27.211457455770848,322,316,638,26.87447346251053,479,482,961,40.48020219039596,481,488,969,40.817186183656275,528,530,1058,44.566133108677334,493,480,973,40.98567818028644,489,496,985,41.49115417017692,515,512,1027,43.260320134793595,545,532,1077,45.366470092670596,512,485,997,41.9966301600674,496,508,1004,42.291491154170174,537,545,1082,45.5770850884583,596,574,1170,49.28390901432182,554,535,1089,45.871946082561074,640,580,1220,51.390058972198815,640,580,1220,51.62928480744816,98,81,179,14.139020537124802,1381400000,1st
City of Taguig,2025,7665,7050,14715,55.93355633267447,9877,9096,18973,66.60230982553446,9347,8617,17964,63.060343314494325,11742,10787,22529,79.08519675641521,11653,10869,22522,79.06062414434655,12092,11298,23390,82.10762804086075,11554,10665,22219,77.99698107908871,11372,10672,22044,77.38266577737214,11554,10687,22241,78.07420928844736,11118,10390,21508,75.50110576754308,10072,9604,19676,69.07010215185875,12573,11569,24142,84.74742865166567,13588,12714,26302,92.32983466142451,12754,12388,25142,88.2578018043318,11010,10328,21338,74.90434233158985,10418,10081,20499,71.95913925650297,10072,9650,19722,69.99822537710736,1984,1960,3944,21.978266926720536,1381500000,1st
City of Valenzuela,2025,3042,2694,5736,41.77713037144938,3574,3213,6787,45.40406743377041,3346,3012,6358,42.53411827669253,4684,4237,8921,59.68022477923468,4772,4372,9144,61.17206315226117,5204,4677,9881,66.1024886272411,4555,4165,8720,58.33556328605833,4553,4155,8708,58.255284987958255,4685,4239,8924,59.700294353759695,4672,4302,8974,60.03478726251004,4339,3946,8285,55.42547497993042,5124,4679,9803,65.58067968959058,6446,5872,12318,82.4056729997324,6248,5644,11892,79.55579341717956,4540,4061,8601,57.539470163232544,4604,4221,8825,59.037998394434034,5425,5100,10525,71.05245392560589,170,161,331,4.437592170532243,1381600000,1st
Pateros,2025,317,310,627,55.733333333333334,328,321,649,52.893235533822335,313,312,625,50.937245313773424,392,342,734,59.82070089649552,392,370,762,62.10268948655256,450,387,837,68.21515892420538,383,352,735,59.90220048899756,399,364,763,62.184189079054605,443,387,830,67.64466177669112,441,401,842,68.62265688671557,417,403,820,66.82966585167074,369,355,724,59.00570497147515,432,425,857,69.84515077424614,471,451,922,75.14262428687857,428,415,843,68.7041564792176,451,439,890,72.53463732681337,445,430,875,71.66257166257166,17,46,63,17.119565217391305,1381701000,1st
CAR,2025,8558,8392,16950,53.158125823245314,11755,11057,22812,65.87732470832852,9857,9311,19168,55.354048746678984,11225,10569,21794,62.93750721959108,11390,10782,22172,64.02910939124408,12071,11365,23436,67.67933464248584,7202,6741,13943,40.2651033845443,7302,6959,14261,41.18343537022063,7731,7139,14870,42.94212775788379,10843,10160,21003,60.653228601132035,9722,9050,18772,54.21046551923298,11246,10511,21757,62.83065727157214,12520,11660,24180,69.8278849485965,11975,11233,23208,67.02090793577452,11346,10380,21726,62.741134342150865,10981,10180,21161,61.10950675753726,10580,9836,20416,59.69765197812802,779,706,1485,12.878327985430579,1400000000,
Abra,2025,1162,1111,2273,62.41076331685886,1669,1530,3199,80.84407379327774,1415,1310,2725,68.86530199646197,1450,1368,2818,71.21556734900177,1428,1361,2789,70.48268890573667,1500,1429,2929,74.02072276977508,837,751,1588,40.13141268637857,833,769,1602,40.48521607278241,938,853,1791,45.261561789234264,1434,1342,2776,70.15415718979024,1371,1201,2572,64.99873641647713,1591,1478,3069,77.5587566338135,1803,1669,3472,87.74323982815264,1848,1741,3589,90.70002527167046,1481,1332,2813,71.08920899671467,1605,1445,3050,77.07859489512256,1574,1413,2987,75.60111364211592,12,17,29,3.825857519788918,1400100000,3rd
Bangued ,2025,269,250,519,69.85195154777928,1469,1341,2810,346.4858199753391,1316,1204,2520,310.7274969173859,346,322,668,82.36744759556103,318,311,629,77.55856966707768,317,342,659,81.2577065351418,197,190,387,47.71886559802713,180,181,361,44.512946979038226,194,205,399,49.198520345252774,312,316,628,77.43526510480888,270,241,511,63.00863131935882,444,407,851,104.93218249075215,411,414,825,101.72626387176325,375,401,776,95.68434032059187,331,311,642,79.16152897657214,424,398,822,101.35635018495684,424,398,822,101.73267326732673,0,0,0,0.0,1400101000,1st
Boliney,2025,33,22,55,73.33333333333333,5,6,11,13.924050632911392,3,5,8,10.126582278481013,13,21,34,43.037974683544306,15,21,36,45.56962025316456,20,22,42,53.16455696202531,11,17,28,35.44303797468354,10,16,26,32.91139240506329,17,14,31,39.24050632911392,21,21,42,53.16455696202531,14,17,31,39.24050632911392,13,20,33,41.77215189873418,14,21,35,44.303797468354425,19,25,44,55.69620253164557,15,18,33,41.77215189873418,22,12,34,43.037974683544306,22,12,34,43.037974683544306,0,2,2,4.878048780487805,1400102000,5th
Bucay,2025,64,84,148,58.26771653543307,6,9,15,5.376344086021505,12,6,18,6.451612903225806,99,123,222,79.56989247311827,113,124,237,84.94623655913979,122,117,239,85.66308243727599,76,83,159,56.98924731182796,88,86,174,62.365591397849464,91,87,178,63.799283154121866,107,119,226,81.00358422939068,112,102,214,76.70250896057348,101,131,232,83.15412186379928,118,131,249,89.24731182795699,154,146,300,107.5268817204301,113,104,217,77.77777777777779,114,116,230,82.43727598566308,114,116,230,82.43727598566308,3,2,5,20.833333333333336,1400103000,5th
Bucloc,2025,8,14,22,81.48148148148148,4,4,8,26.666666666666668,3,2,5,16.666666666666664,13,18,31,103.33333333333334,13,17,30,100.0,18,20,38,126.66666666666666,6,7,13,43.333333333333336,6,8,14,46.666666666666664,10,7,17,56.666666666666664,18,19,37,123.33333333333334,13,15,28,93.33333333333333,18,21,39,130.0,19,21,40,133.33333333333331,22,21,43,143.33333333333334,14,15,29,96.66666666666667,15,14,29,96.66666666666667,15,14,29,96.66666666666667,0,1,1,5.88235294117647,1400104000,6th
Daguioman,2025,7,7,14,45.16129032258064,1,3,4,11.76470588235294,1,3,4,11.76470588235294,10,14,24,70.58823529411765,8,16,24,70.58823529411765,11,11,22,64.70588235294117,8,11,19,55.88235294117647,6,11,17,50.0,6,9,15,44.11764705882353,5,6,11,32.35294117647059,12,9,21,61.76470588235294,8,9,17,50.0,15,17,32,94.11764705882352,9,13,22,64.70588235294117,11,16,27,79.41176470588235,11,12,23,67.64705882352942,6,7,13,38.23529411764706,2,0,2,22.22222222222222,1400105000,5th
Danglas,2025,24,21,45,78.94736842105263,0,0,0,0.0,0,0,0,0.0,31,32,63,105.0,29,34,63,105.0,28,33,61,101.66666666666666,14,18,32,53.333333333333336,17,18,35,58.333333333333336,17,18,35,58.333333333333336,29,32,61,101.66666666666666,26,36,62,103.33333333333334,30,36,66,110.00000000000001,35,43,78,130.0,36,46,82,136.66666666666666,26,36,62,103.33333333333334,31,36,67,111.66666666666667,31,36,67,111.66666666666667,0,0,0,0.0,1400106000,5th
Dolores,2025,44,52,96,52.74725274725275,6,19,25,12.953367875647666,6,14,20,10.362694300518134,54,83,137,70.98445595854922,61,75,136,70.46632124352331,68,77,145,75.12953367875647,20,30,50,25.906735751295333,30,30,60,31.088082901554404,31,29,60,31.088082901554404,68,68,136,70.46632124352331,73,74,147,76.16580310880829,56,82,138,71.50259067357513,72,85,157,81.34715025906736,96,107,203,105.18134715025906,74,77,151,78.23834196891191,70,75,145,75.12953367875647,70,75,145,75.12953367875647,1,2,3,15.0,1400107000,5th
La Paz,2025,89,65,154,62.857142857142854,22,12,34,12.639405204460965,10,7,17,6.319702602230483,106,76,182,67.65799256505576,105,67,172,63.94052044609665,123,84,207,76.95167286245353,50,34,84,31.226765799256505,68,39,107,39.77695167286245,70,68,138,51.301115241635685,109,90,199,73.97769516728626,89,96,185,68.77323420074349,102,76,178,66.17100371747212,111,71,182,67.65799256505576,150,131,281,104.46096654275092,94,92,186,69.14498141263941,108,95,203,75.46468401486989,89,82,171,63.80597014925373,0,0,0,0.0,1400108000,5th
Lacub,2025,13,18,31,50.0,4,9,13,19.11764705882353,1,3,4,5.88235294117647,19,18,37,54.41176470588235,16,21,37,54.41176470588235,13,15,28,41.17647058823529,12,6,18,26.47058823529412,5,4,9,13.23529411764706,7,4,11,16.176470588235293,18,14,32,47.05882352941176,10,11,21,30.88235294117647,21,18,39,57.35294117647059,15,21,36,52.94117647058824,16,18,34,50.0,13,17,30,44.11764705882353,17,16,33,48.529411764705884,17,14,31,46.26865671641791,0,2,2,4.761904761904762,1400109000,5th
Lagangilang,2025,63,65,128,57.65765765765766,0,6,6,2.4691358024691357,0,2,2,0.823045267489712,84,71,155,63.78600823045267,92,74,166,68.3127572016461,81,80,161,66.2551440329218,41,49,90,37.03703703703704,50,48,98,40.32921810699588,43,53,96,39.50617283950617,78,76,154,63.37448559670782,78,75,153,62.96296296296296,87,76,163,67.07818930041152,125,97,222,91.35802469135803,112,84,196,80.65843621399176,85,84,169,69.54732510288066,75,73,148,60.90534979423868,75,73,148,60.90534979423868,0,0,0,0.0,1400110000,5th
Lagayan,2025,35,27,62,108.77192982456141,2,0,2,3.125,6,0,6,9.375,33,28,61,95.3125,39,33,72,112.5,33,32,65,101.5625,26,15,41,64.0625,22,17,39,60.9375,18,19,37,57.8125,30,30,60,93.75,31,24,55,85.9375,40,39,79,123.4375,35,40,75,117.1875,42,37,79,123.4375,33,28,61,95.3125,32,33,65,101.5625,30,32,62,96.875,0,0,0,0.0,1400111000,5th
Langiden,2025,12,12,24,43.63636363636363,0,0,0,0.0,0,0,0,0.0,18,16,34,58.620689655172406,14,19,33,56.896551724137936,24,22,46,79.3103448275862,12,10,22,37.93103448275862,14,12,26,44.827586206896555,18,13,31,53.44827586206896,22,20,42,72.41379310344827,20,17,37,63.793103448275865,18,19,37,63.793103448275865,22,19,41,70.6896551724138,24,21,45,77.58620689655173,24,16,40,68.96551724137932,27,19,46,79.3103448275862,27,19,46,79.3103448275862,0,0,0,0.0,1400112000,5th
Licuan-Baay,2025,18,13,31,65.95744680851064,1,1,2,4.081632653061225,0,1,1,2.0408163265306123,19,14,33,67.3469387755102,12,16,28,57.14285714285714,14,16,30,61.224489795918366,12,9,21,42.857142857142854,7,8,15,30.612244897959183,9,12,21,42.857142857142854,10,15,25,51.02040816326531,2,3,5,10.204081632653061,15,13,28,57.14285714285714,12,14,26,53.06122448979592,14,12,26,53.06122448979592,3,13,16,32.6530612244898,5,15,20,40.816326530612244,5,15,20,40.816326530612244,0,0,0,0.0,1400113000,5th
Luba,2025,33,31,64,74.4186046511628,6,6,12,12.5,8,11,19,19.791666666666664,39,27,66,68.75,29,24,53,55.208333333333336,29,22,51,53.125,19,13,32,33.33333333333333,18,14,32,33.33333333333333,19,15,34,35.41666666666667,30,24,54,56.25,26,29,55,57.291666666666664,37,25,62,64.58333333333334,32,32,64,66.66666666666666,35,27,62,64.58333333333334,28,29,57,59.375,22,29,51,53.125,22,29,51,53.125,0,0,0,0.0,1400114000,5th
Malibcong,2025,19,11,30,49.18032786885246,7,3,10,15.873015873015872,1,2,3,4.761904761904762,21,15,36,57.14285714285714,23,24,47,74.60317460317461,26,17,43,68.25396825396825,10,5,15,23.809523809523807,12,9,21,33.33333333333333,16,10,26,41.269841269841265,21,17,38,60.317460317460316,13,10,23,36.507936507936506,14,12,26,41.269841269841265,16,21,37,58.730158730158735,21,22,43,68.25396825396825,21,16,37,58.730158730158735,16,19,35,55.55555555555556,16,18,34,53.96825396825397,0,0,0,0.0,1400115000,5th
Manabo,2025,56,54,110,61.79775280898876,4,1,5,2.5906735751295336,0,0,0,0.0,55,68,123,63.730569948186535,45,71,116,60.10362694300518,50,72,122,63.212435233160626,28,23,51,26.42487046632124,23,38,61,31.606217616580313,30,27,57,29.533678756476682,52,61,113,58.549222797927456,45,44,89,46.1139896373057,48,65,113,58.549222797927456,54,84,138,71.50259067357513,48,72,120,62.17616580310881,45,53,98,50.77720207253886,60,61,121,62.69430051813472,60,61,121,62.69430051813472,0,0,0,0.0,1400116000,5th
Peñarrubia,2025,42,43,85,88.54166666666666,6,6,12,11.11111111111111,7,6,13,12.037037037037036,48,44,92,85.18518518518519,40,43,83,76.85185185185185,50,39,89,82.4074074074074,37,19,56,51.85185185185185,29,24,53,49.074074074074076,41,25,66,61.111111111111114,41,46,87,80.55555555555556,66,38,104,96.29629629629629,67,48,115,106.4814814814815,77,55,132,122.22222222222223,82,54,136,125.92592592592592,71,38,109,100.92592592592592,72,42,114,105.55555555555556,72,42,114,106.54205607476635,0,0,0,0.0,1400117000,6th
Pidigan,2025,48,41,89,52.046783625730995,30,24,54,29.18918918918919,11,13,24,12.972972972972974,86,66,152,82.16216216216216,81,62,143,77.29729729729729,94,64,158,85.4054054054054,52,34,86,46.48648648648649,48,36,84,45.40540540540541,64,37,101,54.59459459459459,91,64,155,83.78378378378379,94,59,153,82.70270270270271,86,67,153,82.70270270270271,114,82,196,105.94594594594595,119,87,206,111.35135135135134,94,59,153,82.70270270270271,84,58,142,76.75675675675676,84,58,142,76.75675675675676,1,1,2,6.25,1400118000,5th
Pilar,2025,58,38,96,79.33884297520662,24,17,41,31.538461538461537,4,6,10,7.6923076923076925,53,41,94,72.3076923076923,56,39,95,73.07692307692307,56,45,101,77.6923076923077,26,20,46,35.38461538461539,29,20,49,37.69230769230769,28,24,52,40.0,59,41,100,76.92307692307693,60,46,106,81.53846153846153,52,43,95,73.07692307692307,80,55,135,103.84615384615385,77,57,134,103.07692307692307,59,46,105,80.76923076923077,72,41,113,86.92307692307692,72,41,113,86.92307692307692,3,7,10,38.46153846153847,1400119000,5th
Sallapadan,2025,22,31,53,58.24175824175825,1,4,5,5.1020408163265305,0,1,1,1.0204081632653061,27,34,61,62.244897959183675,27,35,62,63.26530612244898,32,35,67,68.36734693877551,17,24,41,41.83673469387755,13,21,34,34.69387755102041,17,22,39,39.795918367346935,39,35,74,75.51020408163265,27,36,63,64.28571428571429,31,30,61,62.244897959183675,39,43,82,83.6734693877551,35,36,71,72.44897959183673,29,34,63,64.28571428571429,31,29,60,61.224489795918366,27,25,52,53.06122448979592,0,0,0,0.0,1400120000,5th
San Isidro,2025,32,26,58,98.30508474576271,3,3,6,10.0,4,5,9,15.0,35,25,60,100.0,32,20,52,86.66666666666667,33,19,52,86.66666666666667,23,11,34,56.666666666666664,19,10,29,48.333333333333336,21,7,28,46.666666666666664,32,19,51,85.0,25,23,48,80.0,32,25,57,95.0,39,22,61,101.66666666666666,36,36,72,120.0,25,23,48,80.0,22,26,48,80.0,22,26,48,80.0,0,0,0,0.0,1400121000,5th
San Juan,2025,19,46,65,34.39153439153439,6,11,17,8.45771144278607,3,8,11,5.472636815920398,62,54,116,57.711442786069654,61,56,117,58.2089552238806,69,61,130,64.6766169154229,35,38,73,36.318407960199,26,32,58,28.855721393034827,47,42,89,44.27860696517413,55,47,102,50.74626865671642,81,53,134,66.66666666666666,73,50,123,61.19402985074627,95,65,160,79.60199004975125,81,72,153,76.11940298507463,83,52,135,67.16417910447761,83,58,141,70.1492537313433,83,58,141,70.1492537313433,0,0,0,0.0,1400122000,5th
San Quintin,2025,15,23,38,44.18604651162791,28,17,45,46.875,0,0,0,0.0,28,26,54,56.25,32,26,58,60.416666666666664,31,27,58,60.416666666666664,20,17,37,38.54166666666667,24,16,40,41.66666666666667,22,16,38,39.58333333333333,28,27,55,57.291666666666664,35,22,57,59.375,30,29,59,61.458333333333336,46,30,76,79.16666666666666,41,28,69,71.875,36,23,59,61.458333333333336,35,24,59,61.458333333333336,35,24,59,61.458333333333336,1,0,1,4.3478260869565215,1400123000,5th
Tayum,2025,77,67,144,67.28971962616822,4,5,9,3.79746835443038,2,5,7,2.9535864978902953,68,57,125,52.742616033755276,70,66,136,57.383966244725734,55,83,138,58.22784810126582,31,23,54,22.78481012658228,29,27,56,23.628691983122362,28,36,64,27.004219409282697,54,59,113,47.67932489451477,65,57,122,51.47679324894515,84,64,148,62.447257383966246,96,101,197,83.12236286919831,83,93,176,74.26160337552743,69,62,131,55.27426160337553,68,67,135,56.9620253164557,67,61,128,54.008438818565395,0,0,0,0.0,1400124000,5th
Tineg,2025,11,13,24,27.27272727272727,13,13,26,27.083333333333332,7,3,10,10.416666666666668,27,30,57,59.375,37,29,66,68.75,40,30,70,72.91666666666666,10,15,25,26.041666666666668,15,17,32,33.33333333333333,15,18,33,34.375,40,31,71,73.95833333333334,30,26,56,58.333333333333336,30,28,58,60.416666666666664,41,32,73,76.04166666666666,43,38,81,84.375,29,29,58,60.416666666666664,28,31,59,61.458333333333336,28,31,59,61.458333333333336,1,0,1,2.7777777777777777,1400125000,2nd
Tubo,2025,26,15,41,66.12903225806451,11,3,14,21.21212121212121,10,3,13,19.696969696969695,28,18,46,69.6969696969697,28,15,43,65.15151515151516,31,20,51,77.27272727272727,28,18,46,69.6969696969697,28,15,43,65.15151515151516,31,20,51,77.27272727272727,31,20,51,77.27272727272727,25,15,40,60.60606060606061,28,20,48,72.72727272727273,34,21,55,83.33333333333334,40,28,68,103.03030303030303,25,16,41,62.121212121212125,24,19,43,65.15151515151516,24,19,43,65.15151515151516,0,0,0,0.0,1400126000,4th
Villaviciosa,2025,25,22,47,56.62650602409639,6,7,13,14.285714285714285,0,0,0,0.0,28,27,55,60.43956043956044,32,23,55,60.43956043956044,32,24,56,61.53846153846154,16,12,28,30.76923076923077,17,12,29,31.868131868131865,28,16,44,48.35164835164835,34,25,59,64.83516483516483,29,23,52,57.14285714285714,26,25,51,56.043956043956044,36,32,68,74.72527472527473,38,29,67,73.62637362637363,31,25,56,61.53846153846154,37,27,64,70.32967032967034,37,27,64,70.32967032967034,0,0,0,0.0,1400127000,5th
Benguet,2025,2692,2653,5345,59.448337226115,1950,1868,3818,39.10683191641913,1865,1780,3645,37.334835603810305,2581,2426,5007,51.28546553313531,2649,2520,5169,52.944791559971314,2904,2727,5631,57.676943562429585,1839,1772,3611,36.98658199323978,1853,1826,3679,37.68308921438083,1951,1851,3802,38.94294786438594,2464,2310,4774,48.89890402540203,2229,2187,4416,45.231998361159484,2623,2423,5046,51.6849329099662,2962,2752,5714,58.52709208235174,2813,2603,5416,55.47475161323364,2642,2422,5064,51.869302468503534,2378,2256,4634,47.46491857011165,2319,2186,4505,46.60666252845024,301,274,575,12.27059325650875,1401100000,2nd
Atok,2025,59,58,117,34.718100890207715,82,100,182,49.72677595628415,75,93,168,45.90163934426229,100,108,208,56.830601092896174,95,103,198,54.09836065573771,97,94,191,52.18579234972678,86,94,180,49.18032786885246,80,97,177,48.36065573770492,84,82,166,45.3551912568306,97,97,194,53.00546448087432,84,84,168,45.90163934426229,109,122,231,63.114754098360656,129,134,263,71.85792349726776,127,110,237,64.75409836065575,96,112,208,56.830601092896174,97,97,194,53.00546448087432,97,97,194,53.2967032967033,3,2,5,2.8735632183908044,1401101000,4th
Bakun,2025,103,116,219,73.0,6,7,13,3.939393939393939,5,8,13,3.939393939393939,72,77,149,45.151515151515156,83,97,180,54.54545454545454,105,91,196,59.3939393939394,56,54,110,33.33333333333333,62,66,128,38.78787878787879,75,69,144,43.63636363636363,99,91,190,57.57575757575758,101,85,186,56.36363636363636,77,82,159,48.18181818181818,118,101,219,66.36363636363637,128,116,244,73.93939393939394,95,76,171,51.81818181818182,87,69,156,47.27272727272727,79,66,145,44.47852760736196,4,5,9,5.325443786982249,1401103000,3rd
Bokod,2025,119,111,230,77.7027027027027,89,95,184,57.49999999999999,68,53,121,37.8125,107,98,205,64.0625,140,141,281,87.8125,148,136,284,88.75,90,83,173,54.0625,101,91,192,60.0,97,85,182,56.875,113,103,216,67.5,74,77,151,47.1875,118,96,214,66.875,140,115,255,79.6875,153,140,293,91.5625,118,91,209,65.3125,107,88,195,60.9375,105,82,187,58.99053627760252,0,1,1,0.7352941176470588,1401104000,4th
Buguias,2025,182,211,393,40.51546391752577,86,104,190,17.975402081362347,77,92,169,15.98864711447493,295,281,576,54.493850520340594,286,244,530,50.14191106906338,295,264,559,52.88552507095553,247,240,487,46.07379375591296,230,223,453,42.857142857142854,253,211,464,43.897824030274364,259,225,484,45.789971617786186,229,223,452,42.762535477767265,284,259,543,51.37180700094608,272,243,515,48.72280037842952,292,249,541,51.18259224219489,298,247,545,51.561021759697255,282,229,511,48.34437086092716,280,227,507,48.516746411483254,3,9,12,2.515723270440252,1401105000,3rd
Itogon,2025,7,9,16,1.444043321299639,2,7,9,0.741962077493817,4,3,7,0.5770816158285244,262,223,485,39.98351195383347,266,210,476,39.241549876339654,228,226,454,37.42786479802143,94,85,179,14.756801319043694,100,96,196,16.15828524319868,105,95,200,16.488046166529266,179,158,337,27.782357790601814,150,159,309,25.474031327287715,264,233,497,40.97279472382523,308,243,551,45.42456718878813,265,224,489,40.31327287716406,248,221,469,38.66446826051113,200,176,376,30.99752679307502,192,170,362,29.96688741721854,51,40,91,12.198391420911529,1401106000,1st
Kabayan,2025,4,6,10,3.115264797507788,6,11,17,4.970760233918129,1,2,3,0.8771929824561403,67,103,170,49.707602339181285,67,106,173,50.58479532163743,79,106,185,54.09356725146199,36,72,108,31.57894736842105,41,63,104,30.409356725146196,35,59,94,27.485380116959064,61,94,155,45.32163742690059,46,73,119,34.7953216374269,63,106,169,49.41520467836257,66,104,170,49.707602339181285,73,104,177,51.75438596491229,75,87,162,47.368421052631575,74,107,181,52.92397660818714,74,106,180,52.94117647058824,12,6,18,13.636363636363635,1401107000,4th
Kapangan,2025,61,45,106,39.405204460966544,34,28,62,21.08843537414966,34,28,62,21.08843537414966,94,73,167,56.80272108843537,84,81,165,56.12244897959183,95,76,171,58.16326530612245,85,51,136,46.25850340136054,76,56,132,44.89795918367347,78,65,143,48.63945578231292,89,75,164,55.78231292517006,89,88,177,60.204081632653065,92,74,166,56.4625850340136,88,82,170,57.82312925170068,96,77,173,58.843537414965986,97,87,184,62.585034013605444,90,100,190,64.62585034013605,89,100,189,64.28571428571429,2,2,4,3.418803418803419,1401108000,4th
Kibungan,2025,37,47,84,21.818181818181817,28,29,57,13.701923076923078,10,21,31,7.451923076923077,110,86,196,47.11538461538461,98,92,190,45.67307692307692,122,99,221,53.125,49,56,105,25.240384615384613,55,46,101,24.278846153846153,70,56,126,30.288461538461537,124,109,233,56.00961538461539,70,70,140,33.65384615384615,124,99,223,53.605769230769226,127,129,256,61.53846153846154,125,143,268,64.42307692307693,107,95,202,48.55769230769231,84,93,177,42.54807692307692,81,90,171,41.605839416058394,9,7,16,7.729468599033816,1401109000,4th
La Trinidad ,2025,1468,1464,2932,106.42468239564428,1561,1421,2982,100.37024570851565,1543,1409,2952,99.36048468529115,768,739,1507,50.72366206664422,785,748,1533,51.598788286772134,903,875,1778,59.8451699764389,515,519,1034,34.80309660047122,507,530,1037,34.90407270279367,536,563,1099,36.990912150790976,728,713,1441,48.50218781555032,705,711,1416,47.660720296196565,759,691,1450,48.805116122517674,851,796,1647,55.43588017502524,722,682,1404,47.256815886906764,755,753,1508,50.75732076741838,602,629,1231,41.433860652978794,568,582,1150,39.19563735514656,153,141,294,20.06825938566553,1401110000,1st
Mankayan,2025,255,229,484,55.31428571428572,3,8,11,1.1591148577449948,5,6,11,1.1591148577449948,233,234,467,49.209694415173864,264,248,512,53.95152792413066,294,262,556,58.58798735511064,236,233,469,49.4204425711275,252,239,491,51.73867228661749,267,239,506,53.31928345626976,267,242,509,53.63540569020021,273,236,509,53.63540569020021,256,251,507,53.42465753424658,348,323,671,70.70600632244468,336,300,636,67.01791359325607,288,238,526,55.42676501580611,288,253,541,57.007376185458384,288,252,540,57.692307692307686,11,8,19,4.449648711943794,1401111000,1st
Sablan,2025,55,58,113,67.66467065868264,0,0,0,0.0,1,0,1,0.5434782608695652,67,50,117,63.58695652173913,60,54,114,61.95652173913043,61,50,111,60.32608695652174,66,51,117,63.58695652173913,62,55,117,63.58695652173913,63,49,112,60.86956521739131,61,49,110,59.78260869565217,48,41,89,48.369565217391305,68,52,120,65.21739130434783,73,65,138,75.0,74,61,135,73.36956521739131,49,42,91,49.45652173913043,49,44,93,50.54347826086957,49,44,93,51.098901098901095,2,1,3,4.761904761904762,1401112000,5th
Tuba,2025,195,181,376,44.60260972716489,52,58,110,11.969532100108813,41,65,106,11.534276387377584,241,238,479,52.12187159956474,257,263,520,56.58324265505985,294,314,608,66.1588683351469,143,137,280,30.46789989118607,149,156,305,33.18824809575626,138,178,316,34.38520130576714,240,247,487,52.9923830250272,215,231,446,48.5310119695321,243,241,484,52.66594124047879,283,289,572,62.24156692056583,274,277,551,59.95647442872688,235,250,485,52.77475516866159,235,237,472,51.36017410228509,234,236,470,51.591657519209654,51,52,103,19.360902255639097,1401113000,1st
Tublay,2025,147,118,265,72.6027397260274,1,0,1,0.24875621890547264,1,0,1,0.24875621890547264,165,116,281,69.90049751243781,164,133,297,73.88059701492537,183,134,317,78.85572139303483,136,97,233,57.960199004975124,138,108,246,61.19402985074627,150,100,250,62.189054726368155,147,107,254,63.18407960199005,145,109,254,63.18407960199005,166,117,283,70.39800995024875,159,128,287,71.39303482587064,148,120,268,66.66666666666666,181,123,304,75.62189054726367,183,134,317,78.85572139303483,183,134,317,79.64824120603015,0,0,0,0.0,1401114000,5th
Ifugao,2025,888,840,1728,40.909090909090914,907,816,1723,37.55448997384481,788,723,1511,32.9337401918047,1396,1296,2692,58.674803836094156,1438,1303,2741,59.74280732345248,1520,1448,2968,64.69049694856146,690,577,1267,27.615518744551004,683,650,1333,29.054054054054053,779,691,1470,32.04010462074978,1255,1127,2382,51.918047079337406,917,819,1736,37.83783783783784,1220,1112,2332,50.828247602441145,1348,1212,2560,55.79773321708805,1267,1144,2411,52.550130775937234,1418,1235,2653,57.82476024411508,1322,1239,2561,55.81952920662599,1228,1159,2387,53.020879609062646,96,88,184,12.137203166226913,1402700000,3rd
Banaue,2025,36,42,78,23.353293413173652,30,23,53,14.24731182795699,32,34,66,17.741935483870968,119,117,236,63.44086021505376,126,115,241,64.78494623655914,139,143,282,75.80645161290323,60,53,113,30.376344086021508,75,64,139,37.365591397849464,86,82,168,45.16129032258064,97,86,183,49.193548387096776,58,57,115,30.913978494623656,95,90,185,49.73118279569893,130,110,240,64.51612903225806,106,92,198,53.2258064516129,128,117,245,65.86021505376344,82,82,164,44.086021505376344,79,81,160,43.47826086956522,29,24,53,36.55172413793103,1402701000,4th
Hungduan,2025,38,24,62,35.42857142857142,47,27,74,39.15343915343915,33,26,59,31.216931216931215,61,49,110,58.201058201058196,66,47,113,59.78835978835979,57,49,106,56.08465608465608,27,26,53,28.04232804232804,30,19,49,25.925925925925924,25,15,40,21.164021164021165,33,26,59,31.216931216931215,15,8,23,12.16931216931217,57,43,100,52.910052910052904,59,48,107,56.613756613756614,44,42,86,45.5026455026455,45,26,71,37.56613756613756,46,38,84,44.44444444444444,42,34,76,40.64171122994652,2,0,2,2.2222222222222223,1402702000,4th
Kiangan,2025,25,17,42,13.333333333333334,25,16,41,12.023460410557185,25,17,42,12.316715542521994,111,97,208,60.997067448680355,108,96,204,59.82404692082112,116,103,219,64.22287390029325,67,52,119,34.89736070381232,63,64,127,37.24340175953079,80,80,160,46.9208211143695,127,118,245,71.8475073313783,123,97,220,64.51612903225806,113,91,204,59.82404692082112,111,88,199,58.35777126099707,125,119,244,71.5542521994135,130,90,220,64.51612903225806,123,97,220,64.51612903225806,117,95,212,63.095238095238095,5,1,6,5.88235294117647,1402703000,4th
Lagawe ,2025,243,241,484,139.08045977011494,287,277,564,148.81266490765174,296,278,574,151.45118733509236,139,119,258,68.07387862796834,132,126,258,68.07387862796834,145,127,272,71.76781002638522,50,30,80,21.108179419525065,26,31,57,15.03957783641161,44,34,78,20.58047493403694,126,97,223,58.839050131926115,93,81,174,45.91029023746702,121,115,236,62.26912928759894,138,114,252,66.49076517150397,119,106,225,59.36675461741425,124,96,220,58.04749340369393,124,112,236,62.26912928759894,114,95,209,56.03217158176944,10,7,17,13.709677419354838,1402704000,4th
Lamut,2025,136,123,259,51.903807615230455,127,131,258,47.601476014760145,131,131,262,48.33948339483395,205,183,388,71.58671586715867,201,186,387,71.40221402214021,197,176,373,68.81918819188192,106,106,212,39.11439114391143,108,92,200,36.90036900369004,100,94,194,35.79335793357934,169,181,350,64.57564575645756,138,125,263,48.523985239852394,160,149,309,57.01107011070111,186,154,340,62.73062730627307,166,148,314,57.93357933579336,209,182,391,72.14022140221402,187,172,359,66.23616236162361,174,154,328,61.77024482109228,16,24,40,26.31578947368421,1402705000,4th
Mayoyao,2025,37,36,73,23.934426229508198,44,41,85,26.07361963190184,22,21,43,13.190184049079754,59,53,112,34.355828220858896,57,58,115,35.2760736196319,59,76,135,41.41104294478527,31,39,70,21.472392638036812,23,37,60,18.404907975460123,22,43,65,19.938650306748464,17,27,44,13.496932515337424,9,17,26,7.975460122699387,40,42,82,25.153374233128833,42,46,88,26.993865030674847,27,45,72,22.085889570552148,54,70,124,38.036809815950924,55,79,134,41.104294478527606,55,77,132,41.25,3,2,5,2.8089887640449436,1402706000,4th
Alfonso Lista,2025,206,214,420,63.25301204819277,159,152,311,43.375174337517436,175,166,341,47.559274755927476,232,238,470,65.55090655509066,245,230,475,66.24825662482566,252,245,497,69.31659693165969,129,94,223,31.101813110181308,134,136,270,37.65690376569037,176,147,323,45.04881450488145,272,237,509,70.99023709902372,235,191,426,59.41422594142259,219,218,437,60.94839609483961,252,234,486,67.78242677824268,256,212,468,65.27196652719665,260,215,475,66.24825662482566,271,211,482,67.22454672245468,255,203,458,64.9645390070922,5,1,6,5.128205128205128,1402707000,3rd
Aguinaldo,2025,64,60,124,23.574144486692013,73,56,129,22.5130890052356,20,15,35,6.108202443280978,150,154,304,53.054101221640494,164,158,322,56.195462478184986,184,160,344,60.03490401396161,80,55,135,23.56020942408377,77,66,143,24.956369982547994,100,66,166,28.970331588132638,136,95,231,40.31413612565445,54,55,109,19.022687609075042,132,130,262,45.724258289703315,145,135,280,48.86561954624782,116,100,216,37.696335078534034,157,123,280,48.86561954624782,133,131,264,46.07329842931937,116,120,236,42.44604316546763,11,9,20,10.362694300518134,1402708000,2nd
Hingyon,2025,6,3,9,5.660377358490567,7,5,12,6.70391061452514,5,1,6,3.35195530726257,63,44,107,59.77653631284916,75,48,123,68.71508379888269,68,63,131,73.18435754189943,26,24,50,27.932960893854748,30,18,48,26.81564245810056,21,12,33,18.435754189944134,61,47,108,60.33519553072626,31,23,54,30.16759776536313,81,45,126,70.39106145251397,82,69,151,84.35754189944134,80,56,136,75.97765363128491,56,52,108,60.33519553072626,55,50,105,58.659217877094974,44,46,90,51.724137931034484,3,4,7,10.294117647058822,1402709000,5th
Tinoc,2025,66,48,114,25.277161862527713,79,50,129,26.16632860040568,24,10,34,6.896551724137931,156,126,282,57.200811359026375,149,122,271,54.96957403651116,175,161,336,68.15415821501014,61,40,101,20.486815415821503,58,57,115,23.32657200811359,64,51,115,23.32657200811359,137,119,256,51.926977687626774,80,66,146,29.61460446247465,121,100,221,44.827586206896555,104,109,213,43.20486815415821,117,110,227,46.0446247464503,148,128,276,55.98377281947262,134,121,255,51.724137931034484,120,111,231,47.72727272727273,12,16,28,21.21212121212121,1402710000,4th
Asipulo,2025,31,32,63,14.0625,29,38,67,14.046121593291405,25,24,49,10.272536687631026,101,116,217,45.492662473794546,115,117,232,48.63731656184486,128,145,273,57.23270440251572,53,58,111,23.270440251572328,59,66,125,26.20545073375262,61,67,128,26.834381551362686,80,94,174,36.477987421383645,81,99,180,37.735849056603776,81,89,170,35.63941299790356,99,105,204,42.76729559748428,111,114,225,47.16981132075472,107,136,243,50.943396226415096,112,146,258,54.088050314465406,112,143,255,54.48717948717948,0,0,0,0.0,1402711000,5th
Kalinga,2025,1128,1148,2276,48.82024882024882,1087,999,2086,41.19273301737757,1067,998,2065,40.77804107424961,1819,1642,3461,68.34518167456555,1803,1658,3461,68.34518167456555,1935,1758,3693,72.92654028436019,1153,1050,2203,43.50315955766193,1196,1060,2256,44.54976303317535,1251,1096,2347,46.346761453396525,1657,1572,3229,63.76382306477093,1565,1359,2924,57.74091627172196,1810,1667,3477,68.6611374407583,1886,1732,3618,71.44549763033176,1804,1617,3421,67.55529225908373,1877,1628,3505,69.21406003159558,2018,1730,3748,74.01263823064771,1982,1715,3697,74.25185780277164,7,8,15,1.6556291390728477,1403200000,3rd
Balbalan,2025,13,10,23,12.70718232044199,13,10,23,11.5,13,10,23,11.5,55,60,115,57.49999999999999,68,67,135,67.5,74,80,154,77.0,31,27,58,28.999999999999996,29,38,67,33.5,31,34,65,32.5,42,62,104,52.0,48,63,111,55.50000000000001,58,54,112,56.00000000000001,62,66,128,64.0,77,81,158,79.0,75,65,140,70.0,67,76,143,71.5,67,76,143,72.22222222222221,2,2,4,8.695652173913043,1403201000,3rd
Lubuagan,2025,17,19,36,20.930232558139537,18,19,37,19.680851063829788,22,23,45,23.93617021276596,63,64,127,67.5531914893617,68,48,116,61.702127659574465,73,52,125,66.48936170212765,31,26,57,30.319148936170215,29,21,50,26.595744680851062,30,28,58,30.851063829787233,67,55,122,64.8936170212766,73,59,132,70.2127659574468,67,52,119,63.297872340425535,80,58,138,73.40425531914893,70,61,131,69.68085106382979,70,60,130,69.14893617021278,74,66,140,74.46808510638297,74,66,140,77.34806629834254,0,0,0,0.0,1403206000,4th
Pasil,2025,3,4,7,3.608247422680412,3,5,8,3.8461538461538463,3,5,8,3.8461538461538463,33,41,74,35.57692307692308,36,40,76,36.53846153846153,49,43,92,44.230769230769226,17,20,37,17.78846153846154,21,26,47,22.596153846153847,28,34,62,29.807692307692307,44,36,80,38.46153846153847,41,52,93,44.71153846153847,31,38,69,33.17307692307692,33,43,76,36.53846153846153,45,35,80,38.46153846153847,45,51,96,46.15384615384615,51,57,108,51.92307692307693,51,57,108,52.17391304347826,0,0,0,0.0,1403208000,5th
Pinukpuk,2025,87,94,181,26.384839650145775,39,36,75,10.013351134846461,31,36,67,8.945260347129507,229,206,435,58.07743658210948,232,231,463,61.815754339118826,236,228,464,61.94926568758344,130,121,251,33.511348464619495,158,137,295,39.38584779706275,163,159,322,42.99065420560748,198,191,389,51.93591455273698,146,135,281,37.516688918558074,180,170,350,46.728971962616825,170,173,343,45.794392523364486,138,134,272,36.315086782376504,238,237,475,63.417890520694264,252,224,476,63.55140186915887,251,223,474,64.14073071718539,0,0,0,0.0,1403209000,1st
Rizal,2025,80,65,145,37.275064267352185,75,61,136,32.075471698113205,73,63,136,32.075471698113205,165,110,275,64.85849056603774,148,113,261,61.556603773584904,192,126,318,75.0,161,102,263,62.02830188679245,143,109,252,59.43396226415094,166,123,289,68.16037735849056,164,127,291,68.63207547169812,158,96,254,59.905660377358494,162,107,269,63.443396226415096,146,104,250,58.9622641509434,150,109,259,61.08490566037735,166,104,270,63.67924528301887,162,107,269,63.443396226415096,162,107,269,64.20047732696898,0,0,0,0.0,1403211000,4th
City of Tabuk ,2025,862,910,1772,67.07040121120363,901,838,1739,60.76170510132775,901,838,1739,60.76170510132775,1153,1064,2217,77.46331236897275,1131,1058,2189,76.48497554157932,1190,1116,2306,80.57302585604472,730,715,1445,50.48916841369672,765,686,1451,50.698812019566745,774,678,1452,50.73375262054507,1047,1034,2081,72.71139063591893,1025,902,1927,67.33053808525507,1200,1147,2347,82.00559049615653,1270,1185,2455,85.77917540181691,1196,1094,2290,80.01397624039134,1144,998,2142,74.84276729559748,1280,1088,2368,82.7393431167016,1251,1077,2328,82.87646849412602,0,0,0,0.0,1403213000,5th
Tanudan,2025,17,13,30,20.54794520547945,17,18,35,22.58064516129032,11,12,23,14.838709677419354,49,41,90,58.06451612903226,52,41,93,60.0,56,46,102,65.80645161290323,17,21,38,24.516129032258064,21,26,47,30.32258064516129,21,19,40,25.806451612903224,33,23,56,36.12903225806451,16,13,29,18.70967741935484,42,47,89,57.41935483870968,57,40,97,62.58064516129033,60,51,111,71.61290322580646,51,46,97,62.58064516129033,53,50,103,66.45161290322581,53,50,103,68.21192052980133,2,2,4,17.391304347826086,1403214000,4th
Tinglayan,2025,49,33,82,32.53968253968254,21,12,33,11.870503597122301,13,11,24,8.633093525179856,72,56,128,46.043165467625904,68,60,128,46.043165467625904,65,67,132,47.482014388489205,36,18,54,19.424460431654676,30,17,47,16.906474820143885,38,21,59,21.223021582733814,62,44,106,38.1294964028777,58,39,97,34.89208633093525,70,52,122,43.884892086330936,68,63,131,47.122302158273385,68,52,120,43.16546762589928,88,67,155,55.75539568345324,79,62,141,50.719424460431654,73,59,132,48.0,3,4,7,5.737704918032787,1403215000,4th
Mountain Province,2025,725,695,1420,53.747161241483724,1434,1315,2749,95.91765526866713,1321,1224,2545,88.79972086531751,1024,916,1940,67.69016050244244,1053,979,2032,70.90020935101187,1106,1041,2147,74.91277041172366,643,575,1218,42.49825540823448,658,622,1280,44.66154919748779,744,661,1405,49.02302861130495,955,827,1782,62.17725052337752,931,848,1779,62.07257501744592,920,879,1799,62.77041172365666,1222,1173,2395,83.56594556873691,1090,1112,2202,76.8318213538032,1016,922,1938,67.62037683182135,974,889,1863,65.00348918353104,971,882,1853,65.29245947850599,32,23,55,6.707317073170732,1404400000,4th
Barlig,2025,1,2,3,3.79746835443038,3,6,9,11.11111111111111,3,5,8,9.876543209876543,24,21,45,55.55555555555556,22,16,38,46.913580246913575,25,23,48,59.25925925925925,18,11,29,35.80246913580247,12,12,24,29.629629629629626,17,13,30,37.03703703703704,21,19,40,49.382716049382715,15,27,42,51.85185185185185,27,26,53,65.4320987654321,26,32,58,71.60493827160494,32,31,63,77.77777777777779,16,27,43,53.086419753086425,20,22,42,51.85185185185185,19,22,41,50.617283950617285,2,0,2,6.0606060606060606,1404401000,5th
Bauko,2025,209,204,413,73.22695035460993,973,871,1844,299.35064935064935,969,872,1841,298.8636363636364,246,206,452,73.37662337662337,251,218,469,76.13636363636364,272,234,506,82.14285714285714,159,118,277,44.967532467532465,161,114,275,44.642857142857146,167,123,290,47.07792207792208,249,196,445,72.24025974025975,259,214,473,76.78571428571429,245,221,466,75.64935064935064,316,288,604,98.05194805194806,303,298,601,97.56493506493507,264,221,485,78.73376623376623,268,238,506,82.14285714285714,266,231,497,82.14876033057851,0,0,0,0.0,1404402000,4th
Besao,2025,26,30,56,47.05882352941176,41,46,87,70.16129032258065,36,44,80,64.51612903225806,24,32,56,45.16129032258064,31,28,59,47.58064516129033,27,30,57,45.96774193548387,18,22,40,32.25806451612903,20,21,41,33.064516129032256,17,23,40,32.25806451612903,26,26,52,41.935483870967744,33,34,67,54.03225806451613,27,29,56,45.16129032258064,40,40,80,64.51612903225806,40,43,83,66.93548387096774,33,34,67,54.03225806451613,39,32,71,57.25806451612904,39,32,71,57.25806451612904,1,0,1,2.0,1404403000,5th
Bontoc ,2025,107,109,216,57.446808510638306,275,248,523,129.1358024691358,244,216,460,113.58024691358024,119,123,242,59.75308641975309,130,127,257,63.456790123456784,122,126,248,61.23456790123457,85,94,179,44.19753086419753,104,111,215,53.086419753086425,120,104,224,55.30864197530864,130,127,257,63.456790123456784,146,138,284,70.12345679012346,113,110,223,55.06172839506173,142,135,277,68.39506172839506,117,121,238,58.76543209876544,151,128,279,68.88888888888889,145,127,272,67.1604938271605,145,127,272,67.1604938271605,2,0,2,1.834862385321101,1404404000,2nd
Natonin,2025,12,13,25,14.97005988023952,27,21,48,26.08695652173913,8,6,14,7.608695652173914,59,57,116,63.04347826086957,57,59,116,63.04347826086957,89,68,157,85.32608695652173,50,42,92,50.0,49,45,94,51.08695652173913,57,46,103,55.97826086956522,77,54,131,71.19565217391305,80,53,133,72.28260869565217,60,58,118,64.13043478260869,100,83,183,99.45652173913044,96,59,155,84.23913043478261,83,60,143,77.71739130434783,78,56,134,72.82608695652173,78,56,134,73.224043715847,4,7,11,23.404255319148938,1404405000,4th
Paracelis,2025,231,209,440,66.06606606606607,84,96,180,24.930747922437675,26,36,62,8.587257617728532,286,254,540,74.79224376731301,304,290,594,82.27146814404432,302,296,598,82.82548476454294,143,140,283,39.19667590027701,147,154,301,41.689750692520775,174,159,333,46.121883656509695,208,187,395,54.70914127423823,194,183,377,52.21606648199446,200,218,418,57.89473684210527,290,317,607,84.07202216066482,228,282,510,70.6371191135734,214,212,426,59.0027700831025,163,169,332,45.98337950138504,163,169,332,46.62921348314607,22,15,37,12.416107382550337,1404406000,2nd
Sabangan,2025,39,43,82,54.3046357615894,3,3,6,3.75,3,3,6,3.75,46,42,88,55.00000000000001,37,41,78,48.75,49,54,103,64.375,35,37,72,45.0,35,41,76,47.5,42,42,84,52.5,44,42,86,53.75,48,47,95,59.375,55,52,107,66.875,63,72,135,84.375,69,72,141,88.125,54,50,104,65.0,57,57,114,71.25,57,57,114,71.25,0,0,0,0.0,1404407000,5th
Sadanga,2025,6,4,10,8.547008547008547,6,4,10,7.936507936507936,8,22,30,23.809523809523807,41,26,67,53.17460317460318,31,33,64,50.79365079365079,34,35,69,54.761904761904766,17,18,35,27.77777777777778,18,21,39,30.952380952380953,22,28,50,39.682539682539684,26,30,56,44.44444444444444,8,11,19,15.079365079365079,33,30,63,50.0,35,39,74,58.730158730158735,28,33,61,48.41269841269841,40,38,78,61.904761904761905,40,37,77,61.111111111111114,40,37,77,61.6,0,0,0,0.0,1404408000,5th
Sagada,2025,29,30,59,38.311688311688314,22,20,42,24.705882352941178,24,20,44,25.882352941176475,68,60,128,75.29411764705883,76,72,148,87.05882352941177,65,84,149,87.6470588235294,49,37,86,50.588235294117645,47,50,97,57.05882352941176,44,60,104,61.1764705882353,44,56,100,58.82352941176471,56,67,123,72.35294117647058,65,47,112,65.88235294117646,84,84,168,98.82352941176471,57,69,126,74.11764705882354,64,73,137,80.58823529411765,62,62,124,72.94117647058823,62,62,124,73.80952380952381,1,1,2,3.125,1404409000,5th
Tadian,2025,65,51,116,46.58634538152611,0,0,0,0.0,0,0,0,0.0,111,95,206,74.10071942446042,114,95,209,75.17985611510791,121,91,212,76.2589928057554,69,56,125,44.96402877697842,65,53,118,42.44604316546763,84,63,147,52.87769784172662,130,90,220,79.13669064748201,92,74,166,59.71223021582733,95,88,183,65.82733812949641,126,83,209,75.17985611510791,120,104,224,80.57553956834532,97,79,176,63.30935251798561,102,89,191,68.70503597122301,102,89,191,69.45454545454545,0,0,0,0.0,1404410000,4th
Apayao,2025,654,687,1341,59.283819628647215,1145,1271,2416,98.33129833129833,971,1112,2083,84.77818477818477,802,828,1630,66.34106634106635,871,843,1714,69.75986975986976,829,795,1624,66.0968660968661,376,430,806,32.804232804232804,419,461,880,35.81603581603582,447,459,906,36.87423687423688,832,821,1653,67.27716727716728,686,677,1363,55.474155474155474,888,883,1771,72.07977207977207,1043,988,2031,82.66178266178265,905,867,1772,72.12047212047213,835,835,1670,67.96906796906796,800,795,1595,64.91656491656491,743,768,1511,62.54139072847682,34,31,65,9.433962264150944,1408100000,3rd
Calanasan,2025,13,14,27,13.432835820895523,33,30,63,28.899082568807337,22,21,43,19.724770642201836,67,66,133,61.00917431192661,76,65,141,64.6788990825688,70,71,141,64.6788990825688,33,42,75,34.403669724770644,36,40,76,34.862385321100916,35,47,82,37.61467889908257,70,71,141,64.6788990825688,59,58,117,53.669724770642205,72,70,142,65.13761467889908,98,81,179,82.11009174311926,80,82,162,74.31192660550458,64,69,133,61.00917431192661,72,64,136,62.38532110091744,70,63,133,61.86046511627907,3,0,3,4.838709677419355,1408101000,1st
Conner,2025,159,226,385,66.49395509499136,296,461,757,119.77848101265822,259,420,679,107.4367088607595,192,211,403,63.76582278481012,226,223,449,71.04430379746836,179,168,347,54.90506329113924,98,134,232,36.708860759493675,94,139,233,36.86708860759494,81,98,179,28.322784810126585,185,191,376,59.49367088607595,138,139,277,43.82911392405063,168,188,356,56.32911392405063,247,240,487,77.05696202531645,195,188,383,60.60126582278481,212,223,435,68.82911392405063,179,187,366,57.91139240506329,146,175,321,51.690821256038646,22,22,44,19.213973799126638,1408102000,2nd
Flora,2025,86,110,196,59.3939393939394,61,72,133,37.254901960784316,62,74,136,38.095238095238095,108,121,229,64.14565826330532,108,112,220,61.62464985994398,101,111,212,59.38375350140056,42,54,96,26.89075630252101,50,59,109,30.532212885154063,60,66,126,35.294117647058826,119,127,246,68.90756302521008,82,98,180,50.42016806722689,105,126,231,64.70588235294117,130,128,258,72.26890756302521,109,118,227,63.58543417366946,99,115,214,59.943977591036415,92,107,199,55.74229691876751,82,104,186,52.991452991452995,4,1,5,3.4246575342465753,1408103000,3rd
Kabugao ,2025,96,83,179,64.38848920863309,48,35,83,27.946127946127948,31,24,55,18.51851851851852,101,114,215,72.39057239057239,121,116,237,79.7979797979798,118,117,235,79.12457912457911,43,53,96,32.323232323232325,63,59,122,41.07744107744108,78,64,142,47.81144781144781,101,98,199,67.003367003367,92,87,179,60.26936026936027,147,145,292,98.31649831649831,142,131,273,91.91919191919192,133,119,252,84.84848484848484,123,102,225,75.75757575757575,133,109,242,81.48148148148148,121,101,222,76.28865979381443,5,8,13,33.33333333333333,1408104000,1st
Luna,2025,114,111,225,54.347826086956516,641,608,1249,279.41834451901565,510,496,1006,225.0559284116331,120,139,259,57.94183445190156,135,144,279,62.41610738255034,127,142,269,60.178970917225946,66,62,128,28.635346756152124,74,71,145,32.43847874720358,86,80,166,37.13646532438479,125,147,272,60.85011185682326,140,128,268,59.95525727069351,176,174,350,78.29977628635348,165,173,338,75.6152125279642,152,157,309,69.12751677852349,147,152,299,66.8903803131991,137,137,274,61.297539149888145,137,136,273,62.04545454545455,0,0,0,0.0,1408105000,2nd
Pudtol,2025,104,69,173,69.19999999999999,35,31,66,24.264705882352942,50,40,90,33.088235294117645,125,99,224,82.35294117647058,119,94,213,78.30882352941177,135,110,245,90.07352941176471,52,45,97,35.661764705882355,53,48,101,37.13235294117647,57,62,119,43.75,125,106,231,84.92647058823529,89,97,186,68.38235294117648,144,111,255,93.75,153,127,280,102.94117647058823,134,114,248,91.17647058823529,104,106,210,77.20588235294117,106,113,219,80.51470588235294,106,111,217,81.57894736842105,0,0,0,0.0,1408106000,4th
Santa Marcela,2025,82,74,156,74.28571428571429,31,34,65,27.77777777777778,37,37,74,31.62393162393162,89,78,167,71.36752136752136,86,89,175,74.78632478632478,99,76,175,74.78632478632478,42,40,82,35.04273504273504,49,45,94,40.17094017094017,50,42,92,39.31623931623932,107,81,188,80.34188034188034,86,70,156,66.66666666666666,76,69,145,61.965811965811966,108,108,216,92.3076923076923,102,89,191,81.62393162393163,86,68,154,65.8119658119658,81,78,159,67.94871794871796,81,78,159,68.53448275862068,0,0,0,0.0,1408107000,4th
City of Baguio,2025,1309,1258,2567,46.98883397400696,3563,3258,6821,114.96713298499917,2430,2164,4594,77.43131636608798,2153,2093,4246,71.56581830439912,2148,2118,4266,71.90291589415135,2277,2167,4444,74.90308444294624,1664,1586,3250,54.77835833473791,1660,1571,3231,54.45811562447328,1621,1528,3149,53.07601550648913,2246,2161,4407,74.2794539019046,2023,1959,3982,67.11613011966965,2194,2069,4263,71.85235125568852,2256,2134,4390,73.9929209506152,2248,2149,4397,74.11090510702849,2077,2006,4083,68.81847294791842,1884,1826,3710,62.53160289903927,1763,1713,3476,59.449290234308194,297,265,562,26.066790352504636,1430300000,1st
Caraga,2025,16407,15888,32295,57.73253007740574,19155,18088,37243,61.215667581649925,17942,16939,34881,57.33328950179983,22083,20426,42509,69.87129965975772,23447,21932,45379,74.58866845280166,25787,24216,50003,82.18905636187314,14537,13245,27782,45.66478738966781,14836,13647,28483,46.817008826575055,15130,14256,29386,48.301254129752294,19610,18543,38153,62.71141866237117,18072,17514,35586,58.49208566873223,21764,20138,41902,68.87358437844145,22699,20925,43624,71.70400565426782,21126,19988,41114,67.57836256348723,21204,19957,41161,67.65561564128274,23284,22049,45333,74.51305905751245,22668,21495,44163,73.3154041535933,1045,883,1928,15.93651843279881,1600000000,
Agusan del Norte,2025,1918,1837,3755,50.67476383265856,2870,2651,5521,68.46478174603175,2427,2268,4695,58.22172619047619,2908,2696,5604,69.49404761904762,2985,2834,5819,72.16021825396825,3146,3099,6245,77.44295634920636,1642,1585,3227,40.01736111111111,1729,1636,3365,41.72867063492063,1818,1761,3579,44.382440476190474,2641,2477,5118,63.467261904761905,2605,2517,5122,63.51686507936508,2821,2629,5450,67.58432539682539,2789,2651,5440,67.46031746031747,2800,2702,5502,68.22916666666666,2986,2860,5846,72.49503968253968,3649,3476,7125,88.35565476190477,3643,3463,7106,89.05877929565108,51,33,84,11.444141689373296,1600200000,3rd
Buenavista,2025,224,222,446,34.57364341085271,190,166,356,25.356125356125357,111,111,222,15.81196581196581,520,477,997,71.01139601139602,560,524,1084,77.20797720797721,599,620,1219,86.82336182336182,255,238,493,35.11396011396011,291,240,531,37.82051282051282,295,287,582,41.452991452991455,476,452,928,66.0968660968661,455,421,876,62.39316239316239,504,500,1004,71.50997150997152,505,484,989,70.44159544159544,498,460,958,68.23361823361823,546,542,1088,77.49287749287748,692,643,1335,95.08547008547008,689,632,1321,94.89942528735632,4,6,10,-33.33333333333333,1600201000,1st
City of Cabadbaran,2025,358,363,721,50.06944444444444,387,369,756,48.33759590792839,708,670,1378,88.1074168797954,539,536,1075,68.73401534526855,548,556,1104,70.58823529411765,570,551,1121,71.67519181585678,323,314,637,40.728900255754475,329,354,683,43.670076726342714,337,348,685,43.79795396419438,505,453,958,61.253196930946295,416,420,836,53.452685421994886,537,527,1064,68.03069053708441,536,532,1068,68.28644501278772,521,508,1029,65.7928388746803,538,495,1033,66.04859335038363,580,554,1134,72.50639386189258,580,554,1134,73.39805825242719,16,4,20,5.181347150259067,1600203000,6th
Carmen,2025,177,148,325,71.58590308370044,146,155,301,60.320641282565134,118,99,217,43.48697394789579,203,193,396,79.35871743486975,202,201,403,80.7615230460922,234,227,461,92.38476953907816,95,106,201,40.28056112224449,98,95,193,38.677354709418836,117,105,222,44.48897795591182,198,172,370,74.14829659318637,194,185,379,75.95190380761522,185,182,367,73.54709418837675,185,175,360,72.14428857715431,211,204,415,83.16633266533067,214,206,420,84.16833667334669,278,248,526,105.41082164328657,278,248,526,107.56646216768917,0,0,0,0.0,1600204000,4th
Jabonga,2025,122,114,236,49.37238493723849,114,103,217,41.333333333333336,48,86,134,25.523809523809526,183,179,362,68.95238095238095,175,164,339,64.57142857142857,182,185,367,69.9047619047619,119,120,239,45.52380952380952,117,98,215,40.95238095238095,125,112,237,45.14285714285714,145,137,282,53.714285714285715,152,168,320,60.952380952380956,182,167,349,66.47619047619048,163,178,341,64.95238095238095,169,174,343,65.33333333333333,175,196,371,70.66666666666667,223,277,500,95.23809523809523,222,277,499,96.33204633204633,3,1,4,4.3478260869565215,1600205000,3rd
Kitcharao,2025,114,119,233,56.55339805825243,116,106,222,49.55357142857143,69,63,132,29.464285714285715,184,155,339,75.66964285714286,207,164,371,82.8125,203,177,380,84.82142857142857,92,68,160,35.714285714285715,103,78,181,40.401785714285715,98,83,181,40.401785714285715,159,127,286,63.83928571428571,187,137,324,72.32142857142857,189,140,329,73.4375,190,150,340,75.89285714285714,166,161,327,72.99107142857143,194,142,336,75.0,233,186,419,93.52678571428571,232,186,418,94.7845804988662,2,6,8,36.36363636363637,1600206000,4th
Las Nieves,2025,118,103,221,35.41666666666667,118,123,241,35.28550512445095,45,62,107,15.666178623718888,231,215,446,65.30014641288433,244,232,476,69.69253294289898,244,264,508,74.37774524158127,120,109,229,33.52855051244509,125,110,235,34.40702781844802,131,134,265,38.79941434846266,230,208,438,64.12884333821376,219,237,456,66.76427525622255,215,197,412,60.32210834553441,209,186,395,57.83308931185944,222,226,448,65.59297218155197,245,226,471,68.96046852122987,281,272,553,80.96632503660322,281,272,553,81.68389955686854,10,8,18,94.73684210526315,1600207000,2nd
Magallanes,2025,95,92,187,46.8671679197995,84,71,155,35.714285714285715,3,5,8,1.8433179723502304,144,124,268,61.75115207373272,150,133,283,65.2073732718894,161,154,315,72.58064516129032,69,73,142,32.71889400921659,87,75,162,37.327188940092164,87,75,162,37.327188940092164,136,133,269,61.9815668202765,135,150,285,65.66820276497695,139,118,257,59.21658986175116,156,128,284,65.43778801843318,137,138,275,63.36405529953917,146,151,297,68.4331797235023,176,160,336,77.41935483870968,176,160,336,77.9582366589327,0,0,0,0.0,1600208000,4th
Nasipit,2025,274,227,501,66.09498680738787,232,206,438,53.41463414634147,194,181,375,45.73170731707317,330,296,626,76.34146341463415,338,307,645,78.65853658536585,356,313,669,81.58536585365853,130,136,266,32.4390243902439,148,143,291,35.48780487804878,161,164,325,39.63414634146341,313,303,616,75.1219512195122,321,311,632,77.07317073170732,324,292,616,75.1219512195122,333,296,629,76.70731707317073,326,298,624,76.09756097560975,331,333,664,80.97560975609757,360,357,717,87.4390243902439,359,355,714,87.93103448275862,0,0,0,0.0,1600209000,3rd
Santiago,2025,155,161,316,47.093889716840536,140,133,273,37.4485596707819,38,28,66,9.053497942386832,223,204,427,58.57338820301783,214,211,425,58.29903978052127,244,236,480,65.84362139917695,212,188,400,54.86968449931413,201,201,402,55.144032921810705,215,195,410,56.24142661179698,196,188,384,52.674897119341566,234,217,451,61.865569272976686,208,194,402,55.144032921810705,206,189,395,54.1838134430727,216,203,419,57.475994513031544,242,210,452,62.002743484224965,370,349,719,98.62825788751715,370,349,719,100.0,13,5,18,51.42857142857142,1600210000,4th
Tubay,2025,184,201,385,67.19022687609075,115,138,253,40.87237479806139,1,1,2,0.32310177705977383,205,197,402,64.94345718901454,214,204,418,67.52827140549273,221,251,472,76.25201938610662,114,122,236,38.12600969305331,123,118,241,38.933764135702745,146,145,291,47.011308562197094,178,188,366,59.12762520193861,179,174,353,57.027463651050084,195,192,387,62.52019386106623,186,199,385,62.197092084006464,203,213,416,67.20516962843296,242,242,484,78.19063004846527,291,272,563,90.95315024232633,291,272,563,91.3961038961039,1,2,3,3.7037037037037033,1600211000,4th
Remedios T. Romualdez,2025,97,87,184,59.163987138263664,78,72,150,44.24778761061947,1,0,1,0.2949852507374631,146,120,266,78.46607669616519,133,138,271,79.9410029498525,132,121,253,74.63126843657817,113,111,224,66.07669616519173,107,124,231,68.14159292035397,106,113,219,64.60176991150442,105,116,221,65.19174041297934,113,97,210,61.94690265486725,143,120,263,77.5811209439528,120,134,254,74.92625368731564,131,117,248,73.15634218289085,113,117,230,67.84660766961652,165,158,323,95.28023598820059,165,158,323,95.28023598820059,2,1,3,9.090909090909092,1600212000,5th
Agusan del Sur,2025,4575,4452,9027,55.18063451311205,5149,4782,9931,55.95244802524086,4309,4122,8431,47.501267677052226,6138,5654,11792,66.43754577722689,6402,5893,12295,69.27150825398614,6843,6305,13148,74.0774128119894,3622,3306,6928,39.03318496816722,3758,3442,7200,40.565665671305425,3768,3470,7238,40.7797622401262,5334,4933,10267,57.845512423235114,4485,4466,8951,50.43101019775762,6052,5508,11560,65.13042988337371,6441,5997,12438,70.07718744718012,6018,5549,11567,65.1698687249986,5622,5330,10952,61.70488478224125,6605,6273,12878,72.55620034931546,6535,6180,12715,72.39651540169675,207,176,383,11.861257355218333,1600300000,1st
City of Bayugan,2025,458,470,928,40.59492563429571,446,484,930,37.68233387358185,339,376,715,28.970826580226905,843,818,1661,67.30145867098865,896,886,1782,72.20421393841167,893,874,1767,71.5964343598055,364,342,706,28.606158833063212,362,340,702,28.444084278768234,359,347,706,28.606158833063212,738,775,1513,61.30470016207455,553,657,1210,49.027552674230144,778,739,1517,61.466774716369535,788,761,1549,62.76337115072933,752,716,1468,59.48136142625607,749,785,1534,62.15559157212318,758,756,1514,61.3452188006483,719,692,1411,57.68601798855274,33,34,67,11.591695501730104,1600301000,5th
Bunawan,2025,500,487,987,99.19597989949749,392,358,750,68.68131868131869,499,487,986,90.29304029304029,389,358,747,68.4065934065934,398,349,747,68.4065934065934,462,387,849,77.74725274725274,334,317,651,59.61538461538461,339,301,640,58.60805860805861,396,326,722,66.11721611721612,370,330,700,64.1025641025641,348,339,687,62.91208791208791,416,358,774,70.87912087912088,460,407,867,79.3956043956044,422,398,820,75.0915750915751,358,356,714,65.38461538461539,468,438,906,82.96703296703298,465,436,901,83.42592592592592,13,8,21,22.82608695652174,1600302000,1st
Esperanza,2025,289,275,564,38.65661411925977,347,359,706,44.76854787571338,134,136,270,17.121116043119848,508,505,1013,64.23589093214966,488,528,1016,64.42612555485098,539,583,1122,71.14774889029803,271,269,540,34.242232086239696,245,280,525,33.29105897273304,254,278,532,33.734939759036145,400,421,821,52.06087507926442,321,343,664,42.10526315789473,483,511,994,63.03107165504122,499,582,1081,68.54787571337984,477,506,983,62.33354470513633,375,425,800,50.7292327203551,470,477,947,60.05072923272036,456,452,908,58.24246311738294,2,7,9,1.549053356282272,1600303000,1st
La Paz,2025,219,212,431,48.426966292134836,214,189,403,41.891891891891895,113,103,216,22.453222453222455,260,215,475,49.37629937629938,294,233,527,54.781704781704775,272,254,526,54.67775467775468,155,138,293,30.457380457380456,172,171,343,35.65488565488565,155,129,284,29.521829521829524,216,183,399,41.476091476091476,192,168,360,37.42203742203743,246,199,445,46.25779625779626,231,197,428,44.49064449064449,172,156,328,34.0956340956341,245,194,439,45.63409563409564,315,286,601,62.474012474012476,315,286,601,63.13025210084034,2,1,3,1.7751479289940828,1600304000,1st
Loreto,2025,268,236,504,49.411764705882355,275,239,514,46.26462646264626,164,149,313,28.172817281728175,385,309,694,62.46624662466247,371,336,707,63.63636363636363,439,375,814,73.26732673267327,293,247,540,48.60486048604861,278,254,532,47.88478847884788,279,273,552,49.684968496849685,314,285,599,53.91539153915391,263,254,517,46.53465346534654,393,358,751,67.5967596759676,432,400,832,74.88748874887489,408,364,772,69.48694869486948,348,301,649,58.415841584158414,497,439,936,84.24842484248425,497,439,936,84.78260869565217,28,15,43,33.85826771653544,1600305000,1st
Prosperidad ,2025,670,635,1305,70.04830917874396,1537,1363,2900,143.4223541048467,1512,1360,2872,142.0375865479723,765,709,1474,72.89812067260138,811,718,1529,75.61819980217606,878,799,1677,82.93768545994065,418,375,793,39.218595450049456,466,409,875,43.27398615232443,421,377,798,39.46587537091988,628,597,1225,60.583580613254206,604,506,1110,54.89614243323442,697,609,1306,64.5895153313551,790,647,1437,71.06824925816024,675,596,1271,62.85855588526211,743,642,1385,68.49653808110781,844,763,1607,79.4757665677547,844,763,1607,80.02988047808765,25,10,35,11.666666666666666,1600306000,1st
Rosario,2025,312,367,679,59.77112676056338,246,274,520,42.037186742118024,108,117,225,18.189167340339534,387,409,796,64.34923201293452,424,443,867,70.08892481810832,470,497,967,78.17299919159257,261,273,534,43.16895715440582,292,300,592,47.85772029102668,277,296,573,46.32174616006468,364,371,735,59.41794664510913,300,306,606,48.98949070331447,392,428,820,66.28940986257074,425,452,877,70.89733225545675,367,395,762,61.60064672594988,368,401,769,62.16653193209377,378,423,801,64.75343573160873,378,421,799,65.33115290269829,33,46,79,26.779661016949152,1600307000,2nd
San Francisco,2025,512,496,1008,57.76504297994269,250,257,507,26.86804451510334,512,497,1009,53.471118177000534,624,603,1227,65.02384737678855,690,618,1308,69.31637519872814,739,670,1409,74.66878643349231,320,325,645,34.181240063593,352,314,666,35.294117647058826,362,315,677,35.87705352411235,625,520,1145,60.67832538420773,511,510,1021,54.10704822469528,685,616,1301,68.94541600423953,740,666,1406,74.50980392156863,731,647,1378,73.0259671436142,582,516,1098,58.18759936406995,641,583,1224,64.86486486486487,632,572,1204,64.66165413533834,45,21,66,26.61290322580645,1600308000,1st
San Luis,2025,205,195,400,45.558086560364465,233,185,418,44.0,128,119,247,26.0,355,263,618,65.05263157894737,333,291,624,65.6842105263158,371,306,677,71.26315789473684,151,115,266,28.000000000000004,181,138,319,33.578947368421055,156,136,292,30.736842105263158,241,194,435,45.78947368421053,156,165,321,33.78947368421053,335,249,584,61.473684210526315,317,295,612,64.42105263157895,317,279,596,62.73684210526316,272,246,518,54.52631578947369,380,370,750,78.94736842105263,380,370,750,79.7872340425532,0,0,0,0.0,1600309000,1st
Santa Josefa,2025,219,200,419,79.35606060606061,216,203,419,73.38003502626971,219,200,419,73.38003502626971,274,236,510,89.31698774080562,277,227,504,88.2661996497373,292,223,515,90.19264448336253,174,147,321,56.21716287215411,172,151,323,56.56742556917689,193,161,354,61.99649737302977,295,215,510,89.31698774080562,256,245,501,87.74080560420316,275,225,500,87.56567425569177,298,250,548,95.97197898423818,294,224,518,90.71803852889667,258,245,503,88.09106830122592,312,281,593,103.85288966725044,312,281,593,104.58553791887127,0,0,0,0.0,1600310000,3rd
Talacogon,2025,264,220,484,49.48875255623722,300,232,532,50.2835538752363,235,216,451,42.62759924385634,370,316,686,64.83931947069944,392,321,713,67.3913043478261,433,372,805,76.08695652173914,288,242,530,50.0945179584121,272,229,501,47.35349716446125,268,233,501,47.35349716446125,299,263,562,53.119092627599244,285,294,579,54.725897920604915,361,306,667,63.04347826086957,366,319,685,64.74480151228732,367,315,682,64.46124763705104,309,286,595,56.238185255198495,302,306,608,57.46691871455577,300,302,602,57.94032723772858,9,12,21,6.140350877192982,1600311000,2nd
Trento,2025,359,388,747,71.89605389797883,246,246,492,43.57838795394154,254,263,517,45.79273693534101,448,410,858,75.99645704162977,444,443,887,78.56510186005315,486,437,923,81.75376439326838,245,225,470,41.629760850310014,287,253,540,47.82993799822852,289,266,555,49.158547387068204,424,378,802,71.03631532329496,342,349,691,61.20460584588131,440,415,855,75.73073516386182,497,480,977,86.53675819309123,505,434,939,83.17094774136405,413,409,822,72.80779450841453,507,468,975,86.35961027457927,505,467,972,86.94096601073346,8,8,16,11.678832116788321,1600312000,1st
Veruela,2025,229,198,427,49.88317757009346,218,197,415,44.527896995708154,20,26,46,4.935622317596566,306,284,590,63.30472103004292,331,274,605,64.91416309012875,322,292,614,65.87982832618026,171,129,300,32.18884120171674,157,129,286,30.686695278969957,168,159,327,35.08583690987124,165,170,335,35.94420600858369,163,148,311,33.36909871244635,257,240,497,53.32618025751073,292,252,544,58.36909871244635,291,279,570,61.1587982832618,321,302,623,66.84549356223177,457,431,888,95.27896995708154,462,451,913,99.1313789359392,1,3,4,21.052631578947366,1600313000,2nd
Sibagat,2025,71,73,144,20.99125364431487,229,196,425,56.440903054448874,72,73,145,19.256308100929616,224,219,443,58.831341301460824,253,226,479,63.612217795484725,247,236,483,64.14342629482071,177,162,339,45.0199203187251,183,173,356,47.277556440903055,191,174,365,48.472775564409034,255,231,486,64.5418326693227,191,182,373,49.53519256308101,294,255,549,72.90836653386454,306,289,595,79.01726427622842,240,240,480,63.745019920318725,281,222,503,66.79946879150066,276,252,528,70.1195219123506,270,248,518,69.6236559139785,8,11,19,13.380281690140844,1600314000,1st
Alegria,2025,80,64,144,47.368421052631575,83,72,155,46.82779456193353,13,9,22,6.646525679758309,138,116,254,76.73716012084593,153,141,294,88.82175226586104,167,150,317,95.77039274924472,105,73,178,53.776435045317214,107,72,179,54.0785498489426,104,90,194,58.610271903323266,128,122,250,75.52870090634441,110,98,208,62.839879154078545,135,106,241,72.80966767371602,130,110,240,72.50755287009063,133,122,255,77.0392749244713,145,129,274,82.77945619335347,159,132,291,87.91540785498489,3857,3545,7402,66.85332369942196,179,141,320,12.534273403838622,1606700000,2nd
Surigao del Norte,2025,2861,2808,5669,55.307317073170736,3900,3706,7606,68.16022941123757,3331,3096,6427,57.59476655614303,3651,3559,7210,64.6115243301371,3847,3734,7581,67.93619499955193,4291,4223,8514,76.29715924365983,2201,2102,4303,38.56080293933148,2241,2210,4451,39.88708665651044,2357,2358,4715,42.252890043910746,3343,3323,6666,59.73653553185769,3146,2948,6094,54.61062819249036,3545,3407,6952,62.299489201541355,3631,3439,7070,63.35693162469755,3435,3421,6856,61.43919706066852,3645,3363,7008,62.801326283717174,3884,3562,7446,66.7264091764495,156,132,288,88.34355828220859,31,17,48,685.7142857142857,1606701000,5th
Bacuag,2025,79,74,153,61.199999999999996,51,54,105,39.17910447761194,0,0,0,0.0,95,95,190,70.8955223880597,88,89,177,66.04477611940298,94,97,191,71.26865671641791,55,51,106,39.55223880597015,50,47,97,36.19402985074627,48,51,99,36.940298507462686,79,71,150,55.970149253731336,84,65,149,55.59701492537313,95,94,189,70.52238805970148,91,85,176,65.67164179104478,87,95,182,67.91044776119402,82,70,152,56.71641791044776,80,67,147,54.850746268656714,80,67,147,55.0561797752809,1,0,1,1.7543859649122806,1606702000,5th
Burgos,2025,17,22,39,44.31818181818182,20,14,34,36.17021276595745,1,0,1,1.0638297872340425,22,25,47,50.0,23,29,52,55.319148936170215,22,35,57,60.63829787234043,8,16,24,25.53191489361702,10,16,26,27.659574468085108,7,14,21,22.340425531914892,16,20,36,38.297872340425535,28,29,57,60.63829787234043,27,23,50,53.191489361702125,25,20,45,47.87234042553192,18,41,59,62.76595744680851,27,32,59,62.76595744680851,28,32,60,63.829787234042556,28,32,60,63.829787234042556,1,1,2,7.4074074074074066,1606704000,6th
Claver,2025,258,274,532,70.83888149134488,200,210,410,50.06105006105006,76,83,159,19.413919413919416,309,331,640,78.14407814407815,324,316,640,78.14407814407815,357,367,724,88.4004884004884,216,220,436,53.23565323565324,210,220,430,52.50305250305251,214,231,445,54.33455433455433,276,295,571,69.71916971916971,274,251,525,64.1025641025641,309,320,629,76.80097680097681,312,301,613,74.84737484737485,289,280,569,69.47496947496947,296,287,583,71.18437118437119,318,287,605,73.87057387057388,318,287,605,74.87623762376238,9,3,12,8.955223880597014,1606706000,2nd
Dapa,2025,345,286,631,115.77981651376146,202,197,399,67.28499156829679,615,530,1145,193.0860033726813,249,238,487,82.1247892074199,242,232,474,79.93254637436762,242,267,509,85.83473861720068,125,112,237,39.96627318718381,126,120,246,41.48397976391231,106,145,251,42.32715008431703,154,185,339,57.16694772344013,155,161,316,53.288364249578414,239,210,449,75.71669477234401,227,221,448,75.54806070826307,208,213,421,70.99494097807757,193,201,394,66.44182124789208,189,212,401,67.62225969645868,189,212,401,68.31345826235093,7,17,24,50.0,1606707000,4th
Del Carmen,2025,104,100,204,48.34123222748815,103,108,211,46.069868995633186,0,0,0,0.0,134,118,252,55.021834061135365,164,130,294,64.19213973799127,182,163,345,75.32751091703057,65,52,117,25.54585152838428,80,61,141,30.786026200873362,159,102,261,56.98689956331878,123,99,222,48.47161572052402,125,61,186,40.61135371179039,117,112,229,50.0,185,117,302,65.93886462882097,136,104,240,52.40174672489083,135,105,240,52.40174672489083,164,118,282,61.572052401746724,164,118,282,61.97802197802198,2,5,7,3.723404255319149,1606708000,5th
General Luna,2025,87,48,135,28.60169491525424,172,124,296,57.14285714285714,3,1,4,0.7722007722007722,214,162,376,72.58687258687259,209,173,382,73.74517374517374,198,203,401,77.41312741312741,111,81,192,37.06563706563706,92,98,190,36.67953667953668,109,93,202,38.996138996138995,154,144,298,57.52895752895753,131,153,284,54.826254826254825,192,168,360,69.4980694980695,199,161,360,69.4980694980695,144,164,308,59.45945945945946,171,143,314,60.61776061776062,144,122,266,51.35135135135135,144,122,266,51.75097276264592,32,24,56,24.88888888888889,1606710000,5th
Gigaquit,2025,55,73,128,33.160621761658035,65,83,148,34.8235294117647,11,17,28,6.588235294117648,87,96,183,43.05882352941177,100,109,209,49.1764705882353,129,106,235,55.294117647058826,42,58,100,23.52941176470588,48,57,105,24.705882352941178,40,57,97,22.823529411764707,72,73,145,34.11764705882353,76,64,140,32.94117647058823,87,100,187,44.0,85,98,183,43.05882352941177,82,82,164,38.588235294117645,105,84,189,44.470588235294116,139,102,241,56.705882352941174,138,100,238,56.26477541371159,8,10,18,21.686746987951807,1606711000,4th
Mainit,2025,55,59,114,20.727272727272727,127,137,264,44.29530201342282,59,59,118,19.798657718120804,171,178,349,58.55704697986577,187,195,382,64.09395973154362,245,226,471,79.0268456375839,96,79,175,29.36241610738255,82,80,162,27.181208053691275,97,89,186,31.20805369127517,194,174,368,61.74496644295302,164,153,317,53.187919463087255,173,148,321,53.85906040268457,173,172,345,57.88590604026845,165,167,332,55.70469798657718,206,174,380,63.758389261744966,220,206,426,71.47651006711409,217,204,421,70.87542087542089,3,1,4,5.063291139240507,1606714000,4th
Malimono,2025,50,50,100,36.63003663003663,47,53,100,33.11258278145696,29,39,68,22.516556291390728,112,86,198,65.56291390728477,113,97,210,69.5364238410596,115,113,228,75.49668874172185,57,50,107,35.430463576158935,53,50,103,34.105960264900666,63,60,123,40.728476821192054,106,91,197,65.23178807947019,99,82,181,59.93377483443708,107,82,189,62.58278145695364,91,88,179,59.27152317880795,92,88,180,59.60264900662252,108,98,206,68.21192052980133,107,114,221,73.17880794701986,107,114,221,73.17880794701986,7,0,7,10.144927536231885,1606715000,5th
Pilar,2025,61,62,123,55.90909090909091,62,61,123,52.56410256410257,0,0,0,0.0,72,78,150,64.1025641025641,69,68,137,58.54700854700855,58,89,147,62.82051282051282,43,47,90,38.46153846153847,42,42,84,35.8974358974359,39,56,95,40.598290598290596,67,73,140,59.82905982905983,55,74,129,55.12820512820513,68,76,144,61.53846153846154,70,73,143,61.111111111111114,59,87,146,62.39316239316239,67,78,145,61.965811965811966,56,84,140,59.82905982905983,56,84,140,60.08583690987125,3,4,7,7.777777777777778,1606716000,5th
Placer,2025,153,133,286,51.07142857142857,132,135,267,44.27860696517413,142,123,265,43.946932006633496,175,190,365,60.53067993366501,186,198,384,63.681592039801,238,214,452,74.95854063018243,87,81,168,27.860696517412936,90,101,191,31.674958540630183,105,94,199,33.001658374792704,186,144,330,54.72636815920397,142,144,286,47.42951907131012,165,168,333,55.223880597014926,168,176,344,57.048092868988384,194,142,336,55.72139303482587,194,160,354,58.70646766169154,187,183,370,61.359867330016584,187,183,370,61.461794019933556,5,3,8,5.228758169934641,1606717000,4th
San Benito,2025,28,38,66,59.45945945945946,30,31,61,50.413223140495866,2,1,3,2.479338842975207,40,36,76,62.8099173553719,47,44,91,75.20661157024794,53,44,97,80.16528925619835,28,22,50,41.32231404958678,33,26,59,48.760330578512395,37,28,65,53.71900826446281,51,38,89,73.55371900826447,38,35,73,60.33057851239669,43,38,81,66.94214876033058,45,43,88,72.72727272727273,54,40,94,77.68595041322314,44,37,81,66.94214876033058,41,30,71,58.67768595041323,41,30,71,59.166666666666664,2,1,3,14.285714285714285,1606718000,6th
San Francisco,2025,33,63,96,41.73913043478261,7,3,10,3.968253968253968,0,0,0,0.0,78,109,187,74.20634920634922,98,106,204,80.95238095238095,118,105,223,88.4920634920635,78,87,165,65.47619047619048,84,86,170,67.46031746031747,88,84,172,68.25396825396825,90,98,188,74.60317460317461,99,87,186,73.80952380952381,81,99,180,71.42857142857143,92,101,193,76.5873015873016,94,96,190,75.39682539682539,109,86,195,77.38095238095238,100,88,188,74.60317460317461,100,88,188,74.60317460317461,6,6,12,32.432432432432435,1606719000,5th
San Isidro,2025,41,48,89,52.662721893491124,46,40,86,47.51381215469613,0,0,0,0.0,49,50,99,54.69613259668509,52,49,101,55.80110497237569,55,54,109,60.22099447513812,30,34,64,35.35911602209944,29,27,56,30.939226519337016,29,31,60,33.14917127071823,42,50,92,50.82872928176796,50,45,95,52.48618784530387,48,53,101,55.80110497237569,49,42,91,50.27624309392266,46,44,90,49.72375690607735,56,52,108,59.66850828729282,52,50,102,56.353591160220994,50,48,98,54.14364640883977,4,3,7,7.526881720430108,1606720000,5th
Santa Monica,2025,41,48,89,52.046783625730995,35,39,74,39.57219251336899,9,7,16,8.55614973262032,52,48,100,53.475935828877006,62,47,109,58.288770053475936,67,61,128,68.44919786096256,30,26,56,29.946524064171122,36,35,71,37.967914438502675,39,34,73,39.037433155080215,43,42,85,45.45454545454545,52,45,97,51.87165775401069,50,40,90,48.1283422459893,53,51,104,55.61497326203209,47,41,88,47.05882352941176,54,56,110,58.82352941176471,67,56,123,65.77540106951871,67,56,123,65.77540106951871,0,1,1,1.3513513513513513,1606721000,5th
Sison,2025,72,41,113,43.12977099236641,53,35,88,30.76923076923077,31,22,53,18.53146853146853,122,82,204,71.32867132867133,116,91,207,72.37762237762237,136,107,243,84.96503496503497,69,42,111,38.81118881118881,76,52,128,44.75524475524475,73,57,130,45.45454545454545,101,100,201,70.27972027972028,106,76,182,63.63636363636363,113,81,194,67.83216783216784,116,85,201,70.27972027972028,114,76,190,66.43356643356644,125,87,212,74.12587412587412,114,96,210,73.42657342657343,114,96,210,73.68421052631578,5,5,10,333.33333333333337,1606722000,5th
Socorro,2025,128,124,252,31.738035264483628,176,159,335,38.9988358556461,107,106,213,24.79627473806752,296,287,583,67.86961583236322,295,288,583,67.86961583236322,350,360,710,82.65424912689173,183,182,365,42.49126891734576,175,190,365,42.49126891734576,107,127,234,27.24097788125728,181,229,410,47.72991850989523,165,168,333,38.766006984866124,235,226,461,53.66705471478463,226,223,449,52.27008149010477,229,239,468,54.48195576251456,198,217,415,48.31199068684517,208,214,422,49.12689173457509,191,203,394,46.79334916864608,18,12,30,7.4074074074074066,1606723000,4th
City of Surigao ,2025,991,1016,2007,63.65366317792579,2169,2016,4185,121.62162162162163,2194,2041,4235,123.07468759081664,1009,999,2008,58.35512932287126,1080,1082,2162,62.83057250799187,1248,1205,2453,71.28741644870678,671,661,1332,38.70967741935484,705,698,1403,40.77303109561174,785,787,1572,45.68439407149085,1064,1049,2113,61.40656785818076,992,960,1952,56.72769543737286,1046,1036,2082,60.50566695727986,1054,1025,2079,60.418482999128166,1028,1063,2091,60.76721883173496,1109,1048,2157,62.685265911072364,1257,1130,2387,69.36936936936937,1257,1130,2387,69.91798476859988,35,27,62,8.819345661450924,1606724000,3rd
Tagana-An,2025,114,123,237,77.45098039215686,62,79,141,42.21556886227545,20,31,51,15.269461077844312,118,133,251,75.1497005988024,121,134,255,76.34730538922156,113,133,246,73.65269461077844,56,70,126,37.72455089820359,59,69,128,38.32335329341318,61,63,124,37.12574850299401,126,114,240,71.8562874251497,128,113,241,72.15568862275448,110,127,237,70.95808383233533,117,126,243,72.75449101796407,112,122,234,70.05988023952095,144,140,284,85.02994011976048,143,128,271,81.1377245508982,142,128,270,82.06686930091185,0,1,1,1.8181818181818181,1606725000,5th*
Tubod,2025,69,62,131,56.22317596566524,58,56,114,44.3579766536965,19,27,46,17.898832684824903,109,102,211,82.10116731517509,118,116,234,91.05058365758755,104,124,228,88.715953307393,46,58,104,40.46692607003891,54,63,117,45.525291828793776,47,65,112,43.57976653696498,90,112,202,78.59922178988327,73,84,157,61.08949416342413,105,100,205,79.76653696498055,123,121,244,94.94163424124513,104,115,219,85.21400778210116,77,79,156,60.70038910505836,111,111,222,86.38132295719845,111,111,222,86.38132295719845,0,0,0,0.0,1606727000,5th
Surigao del Sur,2025,4140,3958,8098,62.31148045552478,4765,4612,9377,66.22642842008617,4794,4434,9228,65.1740942156932,5924,5355,11279,79.65958047884737,6422,5987,12409,87.64037008263296,7326,6741,14067,99.35023659862985,4185,3721,7906,55.837276643830776,4226,3789,8015,56.607105021541074,4293,4012,8305,58.655272264990465,4979,4762,9741,68.79723144289851,4286,4316,8602,60.75287802810932,6048,5563,11611,82.00437884031359,6324,5639,11963,84.49043011512113,5465,5199,10664,75.31605339360125,5154,4935,10089,71.2550321350378,4941,4754,9695,68.47234974221344,4479,4380,8859,63.33285673434372,505,450,955,19.195979899497488,1606800000,1st
Barobo,2025,296,276,572,54.78927203065134,294,300,594,52.196836555360285,189,166,355,31.195079086115996,533,475,1008,88.57644991212655,526,463,989,86.90685413005272,601,547,1148,100.87873462214412,368,264,632,55.536028119507904,340,316,656,57.64499121265377,429,408,837,73.55008787346222,501,458,959,84.27065026362038,350,342,692,60.80843585237259,517,455,972,85.41300527240774,541,477,1018,89.45518453427064,457,421,878,77.15289982425307,470,436,906,79.61335676625659,482,443,925,81.2829525483304,431,409,840,74.46808510638297,50,47,97,52.43243243243243,1606801000,3rd
Bayabas,2025,38,36,74,41.11111111111111,5,4,9,4.591836734693878,5,3,8,4.081632653061225,74,69,143,72.95918367346938,77,53,130,66.3265306122449,70,77,147,75.0,73,72,145,73.9795918367347,73,49,122,62.244897959183675,63,62,125,63.775510204081634,71,67,138,70.40816326530613,57,75,132,67.3469387755102,69,70,139,70.91836734693877,81,54,135,68.87755102040816,63,67,130,66.3265306122449,63,71,134,68.36734693877551,70,65,135,68.87755102040816,70,63,133,68.9119170984456,0,2,2,2.9850746268656714,1606802000,5th
City of Bislig,2025,756,704,1460,75.49120992761117,634,618,1252,59.47743467933492,836,735,1571,74.63182897862232,839,760,1599,75.96199524940617,970,848,1818,86.36579572446556,1054,891,1945,92.39904988123516,595,565,1160,55.10688836104512,660,578,1238,58.812351543942995,641,568,1209,57.43467933491686,855,737,1592,75.62945368171022,626,660,1286,61.09263657957244,974,949,1923,91.353919239905,960,718,1678,79.71496437054631,753,655,1408,66.88836104513064,745,696,1441,68.45605700712589,894,789,1683,79.95249406175772,792,702,1494,71.79240749639597,9,9,18,2.658788774002954,1606803000,3rd
Cagwait,2025,173,136,309,70.87155963302753,66,56,122,25.416666666666664,58,53,111,23.125,212,195,407,84.79166666666667,205,196,401,83.54166666666667,232,200,432,90.0,119,103,222,46.25,118,96,214,44.583333333333336,100,105,205,42.70833333333333,132,123,255,53.125,158,125,283,58.958333333333336,212,176,388,80.83333333333333,203,183,386,80.41666666666667,190,172,362,75.41666666666667,179,155,334,69.58333333333333,135,107,242,50.416666666666664,115,98,213,44.65408805031446,32,16,48,21.91780821917808,1606804000,4th
Cantilan,2025,45,58,103,17.195325542570952,111,140,251,38.3206106870229,22,37,59,9.007633587786259,281,262,543,82.90076335877863,291,336,627,95.72519083969465,362,350,712,108.70229007633587,165,155,320,48.854961832061065,145,177,322,49.16030534351145,170,179,349,53.282442748091604,238,250,488,74.50381679389312,196,211,407,62.13740458015267,269,260,529,80.76335877862594,254,282,536,81.83206106870229,260,307,567,86.56488549618321,244,269,513,78.32061068702289,267,277,544,83.05343511450381,260,264,524,80.8641975308642,3,6,9,9.473684210526317,1606805000,2nd
Carmen,2025,52,70,122,59.512195121951216,57,46,103,45.982142857142854,0,0,0,0.0,97,81,178,79.46428571428571,79,69,148,66.07142857142857,99,101,200,89.28571428571429,83,57,140,62.5,73,66,139,62.05357142857143,81,69,150,66.96428571428571,97,84,181,80.80357142857143,82,75,157,70.08928571428571,95,72,167,74.55357142857143,95,77,172,76.78571428571429,96,80,176,78.57142857142857,94,84,178,79.46428571428571,85,81,166,74.10714285714286,67,78,145,65.02242152466367,10,9,19,23.170731707317074,1606806000,5th
Carrascal,2025,132,142,274,56.84647302904564,137,159,296,56.166982922201136,109,94,203,38.51992409867172,275,235,510,96.7741935483871,323,309,632,119.92409867172675,369,380,749,142.12523719165085,176,166,342,64.89563567362428,214,189,403,76.47058823529412,210,206,416,78.93738140417457,254,265,519,98.4819734345351,235,259,494,93.7381404174573,263,215,478,90.70208728652752,297,273,570,108.15939278937381,282,268,550,104.36432637571158,261,245,506,96.01518026565465,233,242,475,90.13282732447819,181,218,399,76.878612716763,51,33,84,53.16455696202531,1606807000,4th
Cortes,2025,57,54,111,33.53474320241692,47,36,83,22.99168975069252,55,51,106,29.362880886426595,167,115,282,78.1163434903047,158,172,330,91.41274238227147,175,194,369,102.21606648199446,90,65,155,42.93628808864266,87,107,194,53.73961218836565,64,96,160,44.32132963988919,115,131,246,68.14404432132964,95,134,229,63.43490304709142,153,109,262,72.57617728531855,122,114,236,65.37396121883657,103,133,236,65.37396121883657,109,151,260,72.02216066481995,103,125,228,63.1578947368421,87,109,196,55.21126760563381,8,12,20,15.384615384615385,1606808000,4th
Hinatuan,2025,296,309,605,68.13063063063063,308,316,624,64.52947259565667,310,309,619,64.0124095139607,382,329,711,73.52637021716649,433,420,853,88.21096173733196,507,564,1071,110.7549120992761,231,235,466,48.19027921406411,186,156,342,35.36711478800414,283,263,546,56.46328852119959,307,335,642,66.39089968976215,262,307,569,58.84177869700103,392,390,782,80.86866597724922,427,419,846,87.48707342295761,385,404,789,81.59255429162357,327,341,668,69.07962771458118,329,350,679,70.21716649431231,315,342,657,68.65203761755487,10,15,25,6.443298969072164,1606809000,2nd
Lanuza,2025,89,93,182,58.70967741935483,63,50,113,33.731343283582085,1,0,1,0.2985074626865672,121,125,246,73.43283582089552,127,129,256,76.4179104477612,160,140,300,89.55223880597015,158,126,284,84.77611940298507,145,126,271,80.8955223880597,141,150,291,86.86567164179104,104,112,216,64.4776119402985,82,82,164,48.95522388059702,125,104,229,68.35820895522387,114,120,234,69.85074626865672,102,122,224,66.86567164179105,108,92,200,59.70149253731343,103,86,189,56.4179104477612,95,84,179,53.753753753753756,10,9,19,11.949685534591195,1606810000,4th
Lianga,2025,243,206,449,63.59773371104816,310,294,604,78.54356306892068,370,342,712,92.58777633289988,341,312,653,84.91547464239272,379,317,696,90.50715214564369,391,377,768,99.8699609882965,197,180,377,49.02470741222367,233,183,416,54.0962288686606,255,205,460,59.81794538361509,278,240,518,67.36020806241872,244,226,470,61.118335500650204,323,312,635,82.57477243172951,368,307,675,87.77633289986996,342,290,632,82.184655396619,290,286,576,74.90247074122237,243,242,485,63.06892067620286,233,228,461,61.05960264900663,44,46,90,26.548672566371685,1606811000,4th
Lingig,2025,238,268,506,67.46666666666667,225,239,464,56.723716381418086,185,224,409,50.0,324,340,664,81.17359413202934,384,374,758,92.66503667481662,414,373,787,96.21026894865525,226,236,462,56.47921760391198,248,214,462,56.47921760391198,238,195,433,52.933985330073355,269,238,507,61.980440097799516,239,243,482,58.924205378973106,327,365,692,84.59657701711491,371,336,707,86.43031784841075,326,264,590,72.12713936430319,311,274,585,71.5158924205379,247,273,520,63.56968215158925,247,269,516,64.17910447761194,37,37,74,30.57851239669421,1606812000,2nd
Madrid,2025,90,82,172,59.310344827586206,72,62,134,42.27129337539432,331,309,640,201.89274447949526,136,104,240,75.70977917981072,175,129,304,95.89905362776025,191,135,326,102.83911671924291,139,103,242,76.34069400630915,148,123,271,85.48895899053628,153,118,271,85.48895899053628,125,111,236,74.44794952681389,115,109,224,70.66246056782335,152,118,270,85.17350157728707,149,136,285,89.90536277602523,148,110,258,81.38801261829653,122,116,238,75.0788643533123,114,128,242,76.34069400630915,114,128,242,76.34069400630915,6,4,10,8.130081300813007,1606813000,4th
Marihatag,2025,108,90,198,45.0,175,188,363,75.625,174,181,355,73.95833333333334,167,164,331,68.95833333333333,199,184,383,79.79166666666667,252,199,451,93.95833333333333,108,90,198,41.25,119,95,214,44.583333333333336,114,95,209,43.541666666666664,141,121,262,54.58333333333333,121,117,238,49.583333333333336,202,170,372,77.5,207,181,388,80.83333333333333,164,156,320,66.66666666666666,159,127,286,59.583333333333336,141,133,274,57.08333333333333,124,116,240,50.7399577167019,18,10,28,13.592233009708737,1606814000,3rd
San Agustin,2025,33,49,82,18.344519015659955,34,31,65,13.29243353783231,31,34,65,13.29243353783231,198,188,386,78.93660531697341,222,196,418,85.48057259713701,247,206,453,92.63803680981594,157,141,298,60.940695296523515,167,150,317,64.82617586912065,133,126,259,52.965235173824134,172,152,324,66.25766871165644,149,129,278,56.850715746421265,186,175,361,73.8241308793456,190,177,367,75.05112474437627,153,128,281,57.46421267893661,162,161,323,66.05316973415133,164,126,290,59.30470347648262,144,103,247,51.03305785123967,26,29,55,19.855595667870034,1606815000,4th
San Miguel,2025,318,263,581,56.90499510284035,178,133,311,28.068592057761734,158,118,276,24.90974729241877,459,371,830,74.90974729241877,461,413,874,78.88086642599278,554,490,1044,94.22382671480143,331,275,606,54.69314079422383,334,261,595,53.70036101083032,315,253,568,51.26353790613718,385,314,699,63.08664259927797,353,318,671,60.559566787003604,449,380,829,74.81949458483754,556,439,995,89.8014440433213,454,414,868,78.33935018050542,381,347,728,65.70397111913357,302,286,588,53.068592057761734,270,246,516,47.08029197080292,32,24,56,11.522633744855968,1606816000,1st
Tagbina,2025,117,136,253,29.625292740046838,257,224,481,51.66487647690655,60,61,121,12.996777658431794,326,328,654,70.24704618689582,397,373,770,82.70676691729322,430,401,831,89.25886143931257,237,253,490,52.63157894736842,280,274,554,59.505907626208376,264,253,517,55.53168635875403,311,272,583,62.620837808807735,235,222,457,49.08700322234157,353,385,738,79.26960257787326,466,438,904,97.0998925886144,421,410,831,89.25886143931257,305,306,611,65.62835660580022,271,286,557,59.828141783029,251,258,509,55.386289445048966,24,21,45,11.39240506329114,1606817000,2nd
Tago,2025,230,224,454,57.68742058449809,21,17,38,4.434072345390899,15,16,31,3.6172695449241536,382,276,658,76.77946324387398,377,341,718,83.78063010501751,512,411,923,107.70128354725787,241,176,417,48.65810968494749,213,178,391,45.6242707117853,225,191,416,48.5414235705951,336,257,593,69.1948658109685,275,240,515,60.09334889148191,380,321,701,81.79696616102684,381,314,695,81.09684947491247,321,291,612,71.41190198366394,315,278,593,69.1948658109685,304,265,569,66.39439906651108,277,252,529,62.529550827423165,37,32,69,19.060773480662984,1606818000,2nd
City of Tandag ,2025,829,762,1591,123.14241486068111,1771,1699,3470,247.50356633380886,1885,1701,3586,255.77746077032813,610,626,1236,88.15977175463622,639,665,1304,93.00998573466477,706,705,1411,100.64194008559201,491,459,950,67.76034236804564,443,451,894,63.7660485021398,414,470,884,63.052781740370904,288,495,783,55.848787446504986,412,442,854,60.9129814550642,607,537,1144,81.59771754636233,542,594,1136,81.02710413694722,445,507,952,67.90299572039943,509,500,1009,71.96861626248217,454,450,904,64.4793152639087,406,413,819,59.34782608695652,98,89,187,48.57142857142857,1606819000,5th
Dinagat Islands,2025,457,488,945,44.53345900094251,330,342,672,28.853585229712326,346,365,711,30.528123658222412,693,667,1360,58.3941605839416,785,736,1521,65.30699871189351,863,797,1660,71.2752254186346,459,436,895,38.42851009016746,484,396,880,37.784456848432804,463,415,878,37.69858308286818,656,615,1271,54.572778016316015,677,641,1318,56.59081150708458,677,634,1311,56.29025332760842,687,614,1301,55.860884499785314,709,637,1346,57.793044224989266,746,667,1413,60.669815371404034,735,715,1450,62.2584800343495,699,670,1369,58.95779500430663,87,72,159,23.485967503692763,1608500000,4th
Basilisa,2025,38,43,81,13.106796116504855,62,53,115,16.862170087976537,4,2,6,0.8797653958944283,149,117,266,39.002932551319645,161,146,307,45.01466275659824,164,148,312,45.74780058651026,60,42,102,14.95601173020528,63,48,111,16.27565982404692,58,58,116,17.008797653958943,97,101,198,29.03225806451613,106,133,239,35.043988269794724,139,122,261,38.26979472140762,146,114,260,38.12316715542522,134,122,256,37.5366568914956,114,121,235,34.457478005865106,85,112,197,28.885630498533725,80,97,177,25.95307917888563,32,33,65,15.011547344110854,1608501000,4th*
Cagdianao,2025,115,113,228,75.24752475247524,56,58,114,34.44108761329305,1,2,3,0.906344410876133,106,112,218,65.86102719033232,121,126,247,74.62235649546828,143,141,284,85.80060422960725,58,64,122,36.85800604229607,59,50,109,32.93051359516616,55,43,98,29.607250755287005,110,106,216,65.25679758308158,133,103,236,71.29909365558912,105,113,218,65.86102719033232,99,106,205,61.933534743202415,126,111,237,71.6012084592145,150,101,251,75.83081570996978,148,127,275,83.08157099697885,148,127,275,83.33333333333334,0,0,0,0.0,1608502000,3rd
Dinagat,2025,75,75,150,74.25742574257426,33,34,67,30.180180180180184,226,221,447,201.35135135135135,56,71,127,57.20720720720721,64,76,140,63.06306306306306,68,76,144,64.86486486486487,40,55,95,42.792792792792795,51,51,102,45.94594594594595,45,55,100,45.04504504504504,48,52,100,45.04504504504504,51,66,117,52.702702702702695,52,66,118,53.153153153153156,55,58,113,50.9009009009009,52,61,113,50.9009009009009,50,62,112,50.45045045045045,73,74,147,66.21621621621621,73,73,146,65.76576576576578,3,8,11,25.581395348837212,1608503000,5th
Libjo,2025,87,99,186,65.95744680851064,67,60,127,40.836012861736336,87,101,188,60.45016077170418,124,100,224,72.02572347266882,148,113,261,83.92282958199357,151,119,270,86.81672025723472,74,48,122,39.228295819935695,76,42,118,37.942122186495176,65,64,129,41.47909967845659,132,113,245,78.77813504823152,121,117,238,76.52733118971061,133,100,233,74.91961414790997,124,102,226,72.66881028938906,128,109,237,76.20578778135048,152,123,275,88.42443729903538,144,139,283,90.9967845659164,142,138,280,90.9090909090909,10,3,13,-44.827586206896555,1608504000,5th
Loreto,2025,18,24,42,30.88235294117647,15,22,37,24.832214765100673,19,31,50,33.557046979865774,35,44,79,53.02013422818792,41,53,94,63.08724832214765,64,67,131,87.91946308724832,12,26,38,25.503355704697988,15,27,42,28.187919463087248,26,18,44,29.53020134228188,38,37,75,50.33557046979866,44,36,80,53.691275167785236,28,41,69,46.308724832214764,41,49,90,60.40268456375839,43,45,88,59.06040268456376,48,40,88,59.06040268456376,66,42,108,72.48322147651007,58,40,98,65.77181208053692,9,2,11,275.0,1608505000,4th*
San Jose ,2025,108,108,216,48.75846501128668,81,98,179,37.060041407867494,6,8,14,2.898550724637681,174,180,354,73.29192546583852,205,186,391,80.95238095238095,225,215,440,91.09730848861284,187,177,364,75.36231884057972,190,156,346,71.63561076604555,180,159,339,70.1863354037267,191,174,365,75.56935817805382,179,163,342,70.80745341614907,170,159,329,68.11594202898551,182,153,335,69.35817805383023,182,159,341,70.60041407867494,183,192,375,77.63975155279503,174,179,353,73.08488612836439,156,157,313,65.20833333333333,29,23,52,28.26086956521739,1608506000,4th*
Tubajon,2025,16,26,42,30.434782608695656,16,17,33,21.85430463576159,3,0,3,1.9867549668874174,49,43,92,60.9271523178808,45,36,81,53.64238410596026,48,31,79,52.317880794701985,28,24,52,34.437086092715234,30,22,52,34.437086092715234,34,18,52,34.437086092715234,40,32,72,47.682119205298015,43,23,66,43.70860927152318,50,33,83,54.966887417218544,40,32,72,47.682119205298015,44,30,74,49.00662251655629,49,28,77,50.993377483443716,45,42,87,57.615894039735096,42,38,80,52.980132450331126,4,3,7,15.555555555555555,1608507000,5th*
City of Butuan ,2025,2456,2345,4801,70.5821817112614,2141,1995,4136,56.05095541401274,2735,2654,5389,73.03157609432172,2769,2495,5264,71.3375796178344,3006,2748,5754,77.97804580566472,3318,3051,6369,86.31250846998239,2428,2095,4523,61.29556850521751,2398,2174,4572,61.95961512400054,2431,2240,4671,63.30126033337851,2657,2433,5090,68.97953652256403,2873,2626,5499,74.52229299363057,2621,2397,5018,68.00379455210734,2827,2585,5412,73.3432714459954,2699,2480,5179,70.18566201382302,3051,2802,5853,79.3196910150427,3470,3269,6739,91.32673804038488,3455,3257,6712,91.78175851223848,16,11,27,-38.57142857142858,1630400000,1st
Region 4B,2025,16400,19880,36280,54.04197637525508,19941,19502,39443,54.117501783656216,15350,18134,33484,45.94149607595631,24470,22234,46704,64.07990779869381,25991,23845,49836,68.37714724768125,28146,25958,54104,74.23302782503704,20127,18471,38598,52.95812524010757,19961,18444,38405,52.693320893474564,20494,18778,39272,53.88288238845288,21331,19593,40924,56.14949783217167,18686,17590,36276,49.77224082103068,26473,25711,52184,71.59870479117501,28321,27908,56229,77.14861972449371,25176,25123,50299,69.0124032709511,23638,23502,47140,64.6781186543,23124,22937,46061,63.1976839909994,21284,21431,42715,59.152218467844676,2738,2522,5260,17.71043771043771,1700000000,
Marinduque,2025,1125,1055,2180,52.65700483091788,1283,1204,2487,54.64733025708636,1286,1215,2501,54.95495495495496,1394,1228,2622,57.613711272247855,1363,1234,2597,57.064381454625355,1451,1337,2788,61.261261261261254,1322,1172,2494,54.80114260602066,1321,1211,2532,55.63612392880686,1373,1223,2596,57.04240826192045,1459,1345,2804,61.61283234453966,1300,1249,2549,56.00966820479015,1161,2457,3618,79.49901120632829,1367,2879,4246,93.29817622500549,1391,2882,4273,93.8914524280378,1296,2718,4014,88.20039551746869,1304,2683,3987,87.60711931443639,1288,2660,3948,87.1330832045906,49,107,156,8.833522083805208,1704000000,4th
Boac ,2025,256,207,463,50.43572984749455,853,791,1644,161.01860920666013,853,789,1642,160.82272282076394,333,264,597,58.4720861900098,314,263,577,56.513222331048,327,291,618,60.52889324191969,331,253,584,57.19882468168463,306,259,565,55.337904015670915,314,263,577,56.513222331048,319,284,603,59.05974534769833,284,278,562,55.04407443682664,259,584,843,82.56611165523996,280,601,881,86.28795298726737,289,606,895,87.65915768854065,275,587,862,84.42703232125368,270,541,811,79.43192948090108,259,522,781,77.25024727992087,35,70,105,23.333333333333332,1704001000,1st
Buenavista,2025,183,140,323,69.16488222698072,60,37,97,18.689788053949904,69,50,119,22.928709055876688,178,145,323,62.23506743737958,168,158,326,62.813102119460495,174,163,337,64.9325626204239,146,143,289,55.68400770712909,149,144,293,56.45472061657033,144,141,285,54.91329479768786,172,163,335,64.54720616570327,172,175,347,66.85934489402698,153,324,477,91.90751445086705,177,375,552,106.35838150289017,200,413,613,118.11175337186899,165,338,503,96.91714836223507,169,350,519,100.0,169,349,518,100.3875968992248,1,2,3,2.4390243902439024,1704002000,4th
Gasan,2025,125,141,266,41.62754303599374,66,72,138,19.85611510791367,66,74,140,20.14388489208633,249,204,453,65.17985611510791,252,228,480,69.06474820143885,263,250,513,73.81294964028777,211,186,397,57.122302158273385,215,198,413,59.42446043165468,241,225,466,67.05035971223022,251,253,504,72.5179856115108,253,242,495,71.22302158273382,185,386,571,82.15827338129496,260,523,783,112.66187050359713,252,497,749,107.76978417266187,231,477,708,101.87050359712231,221,502,723,104.02877697841726,221,502,723,104.63096960926195,3,9,12,4.363636363636364,1704003000,3rd
Mogpog,2025,150,161,311,53.528399311531835,5,2,7,1.10062893081761,3,2,5,0.7861635220125787,177,195,372,58.490566037735846,192,196,388,61.0062893081761,216,194,410,64.46540880503144,177,189,366,57.54716981132076,179,198,377,59.27672955974843,195,192,387,60.84905660377359,204,197,401,63.05031446540881,171,169,340,53.459119496855344,151,284,435,68.39622641509435,192,379,571,89.77987421383648,171,341,512,80.50314465408806,184,365,549,86.32075471698113,183,354,537,84.43396226415094,181,353,534,83.9622641509434,2,7,9,3.543307086614173,1704004000,3rd
Santa Cruz,2025,241,239,480,52.8052805280528,177,179,356,35.70712136409227,173,177,350,35.10531594784353,250,233,483,48.44533600802407,230,207,437,43.83149448345035,255,255,510,51.15346038114343,280,244,524,52.55767301905717,291,266,557,55.867602808425275,290,258,548,54.964894684052155,307,292,599,60.0802407221665,202,208,410,41.123370110330995,253,548,801,80.34102306920762,304,651,955,95.78736208625878,289,603,892,89.46840521564694,264,556,820,82.24674022066199,271,536,807,80.94282848545636,270,536,806,80.84252758274825,3,10,13,3.258145363408521,1704005000,1st
Torrijos,2025,170,167,337,53.833865814696495,122,123,245,35.87115666178624,122,123,245,35.87115666178624,207,187,394,57.68667642752562,207,182,389,56.95461200585652,216,184,400,58.565153733528554,177,157,334,48.90190336749634,181,146,327,47.87701317715959,189,144,333,48.75549048316252,206,156,362,53.00146412884333,218,177,395,57.83308931185944,160,331,491,71.8887262079063,154,350,504,73.79209370424597,190,422,612,89.60468521229869,177,395,572,83.74816983894583,190,400,590,86.3836017569546,188,398,586,86.1764705882353,5,9,14,5.283018867924529,1704006000,3rd
Occidental Mindoro,2025,2948,2746,5694,47.96563052817791,3857,3675,7532,58.469181804067695,3099,2795,5894,45.75376494333178,4665,4162,8827,68.52196863841019,4916,4537,9453,73.38146250582209,5125,4814,9939,77.15416860735911,3507,3216,6723,52.18910107126222,3462,3200,6662,51.715572116131035,3569,3331,6900,53.5631113181183,3693,3446,7139,55.418413289861824,3656,3344,7000,54.339388293743205,5370,4875,10245,79.52957615277131,5130,4707,9837,76.3623660922217,4549,4209,8758,67.986337525229,4350,4039,8389,65.1218754851731,4180,3827,8007,62.15649743828598,3978,3669,7647,59.98117499411718,452,445,897,19.696969696969695,1705100000,2nd
Abra De Ilog,2025,210,170,380,43.82929642445214,248,241,489,51.58227848101266,174,158,332,35.0210970464135,264,224,488,51.47679324894515,253,223,476,50.210970464135016,243,221,464,48.9451476793249,224,200,424,44.72573839662447,218,183,401,42.29957805907173,205,185,390,41.139240506329116,182,159,341,35.970464135021096,144,123,267,28.164556962025316,357,315,672,70.88607594936708,306,280,586,61.81434599156118,207,204,411,43.35443037974683,243,214,457,48.20675105485232,213,194,407,42.93248945147679,196,189,385,41.264737406216504,49,47,96,17.20430107526882,1705101000,2nd
Calintaan,2025,221,192,413,67.26384364820846,224,174,398,59.49177877428998,211,169,380,56.80119581464873,266,224,490,73.24364723467862,276,237,513,76.68161434977578,289,259,548,81.91330343796712,194,169,363,54.26008968609865,186,167,353,52.76532137518684,191,177,368,55.00747384155456,194,190,384,57.399103139013455,254,220,474,70.85201793721974,371,312,683,102.09267563527654,370,343,713,106.57698056801195,313,264,577,86.24813153961136,261,222,483,72.19730941704036,274,218,492,73.54260089686099,268,228,496,74.69879518072288,0,3,3,2.272727272727273,1705102000,3rd
Looc,2025,6,4,10,7.462686567164178,16,7,23,15.753424657534246,7,0,7,4.794520547945205,46,30,76,52.054794520547944,49,29,78,53.42465753424658,47,34,81,55.47945205479452,25,17,42,28.767123287671232,25,14,39,26.71232876712329,28,13,41,28.08219178082192,29,16,45,30.82191780821918,39,24,63,43.15068493150685,43,26,69,47.26027397260274,39,23,62,42.465753424657535,37,23,60,41.0958904109589,50,30,80,54.794520547945204,44,43,87,59.589041095890416,48,41,89,60.95890410958904,1,5,6,8.955223880597014,1705103000,5th
Lubang,2025,22,23,45,18.907563025210084,26,29,55,21.235521235521233,19,17,36,13.8996138996139,62,72,134,51.737451737451735,70,91,161,62.16216216216216,62,93,155,59.84555984555985,31,45,76,29.343629343629345,33,68,101,38.996138996138995,34,63,97,37.45173745173745,60,84,144,55.5984555984556,67,94,161,62.16216216216216,64,78,142,54.826254826254825,67,91,158,61.003861003861005,67,94,161,62.16216216216216,69,97,166,64.0926640926641,70,81,151,58.301158301158296,54,77,131,50.57915057915058,1,2,3,2.7777777777777777,1705104000,4th
Magsaysay,2025,190,157,347,34.527363184079604,255,227,482,44.22018348623853,186,131,317,29.08256880733945,391,324,715,65.59633027522935,397,330,727,66.69724770642202,452,391,843,77.3394495412844,220,219,439,40.27522935779817,211,188,399,36.60550458715596,231,197,428,39.26605504587156,225,208,433,39.72477064220183,324,266,590,54.12844036697248,517,418,935,85.77981651376146,486,416,902,82.75229357798165,400,373,773,70.91743119266056,378,307,685,62.84403669724771,335,249,584,53.57798165137615,269,193,462,42.857142857142854,136,116,252,31.69811320754717,1705105000,3rd
Mamburao ,2025,248,278,526,51.3671875,296,289,585,52.60791366906474,261,234,495,44.514388489208635,357,337,694,62.410071942446045,371,350,721,64.83812949640287,450,408,858,77.15827338129496,296,279,575,51.70863309352518,308,271,579,52.068345323741006,334,289,623,56.0251798561151,336,271,607,54.5863309352518,375,326,701,63.03956834532374,395,388,783,70.41366906474819,436,404,840,75.53956834532374,404,355,759,68.25539568345323,385,365,750,67.44604316546763,402,390,792,71.22302158273382,402,386,788,71.8978102189781,10,9,19,5.459770114942529,1705106000,2nd
Paluan,2025,84,74,158,30.739299610894943,156,152,308,55.19713261648745,41,34,75,13.440860215053762,209,167,376,67.38351254480287,216,179,395,70.78853046594982,219,167,386,69.17562724014337,215,164,379,67.92114695340501,211,178,389,69.71326164874552,205,162,367,65.77060931899642,213,163,376,67.38351254480287,188,139,327,58.602150537634415,261,215,476,85.30465949820788,259,205,464,83.15412186379928,190,171,361,64.69534050179212,195,154,349,62.54480286738351,187,166,353,63.261648745519715,193,171,364,65.46762589928058,23,27,50,24.752475247524753,1705107000,3rd
Rizal,2025,110,116,226,24.5119305856833,280,311,591,59.21843687374749,257,259,516,51.703406813627254,317,320,637,63.827655310621246,343,343,686,68.7374749498998,351,372,723,72.44488977955912,277,276,553,55.41082164328658,278,274,552,55.31062124248497,286,283,569,57.014028056112224,306,313,619,62.02404809619239,268,288,556,55.71142284569138,351,364,715,71.6432865731463,421,448,869,87.0741482965932,393,398,791,79.25851703406813,338,355,693,69.43887775551102,240,222,462,46.292585170340686,224,202,426,43.03030303030303,98,111,209,32.758620689655174,1705108000,3rd
Sablayan,2025,899,793,1692,79.32489451476793,922,852,1774,76.46551724137932,825,726,1551,66.85344827586206,1052,869,1921,82.80172413793103,1089,983,2072,89.3103448275862,1077,958,2035,87.71551724137932,825,694,1519,65.47413793103448,821,723,1544,66.55172413793103,852,749,1601,69.00862068965517,902,800,1702,73.36206896551725,764,708,1472,63.44827586206897,1300,1064,2364,101.89655172413794,1270,1085,2355,101.50862068965519,1202,1087,2289,98.66379310344827,910,842,1752,75.51724137931033,928,855,1783,76.85344827586206,874,805,1679,73.47921225382932,33,20,53,28.64864864864865,1705109000,1st
San Jose,2025,848,823,1671,48.674628604718905,1154,1082,2236,60.17222820236814,861,808,1669,44.913885898815934,1326,1220,2546,68.51453175457482,1446,1365,2811,75.64585575888051,1508,1481,2989,80.43595263724434,913,862,1775,47.76641550053821,914,886,1800,48.439181916038756,950,961,1911,51.42626480086114,1002,985,1987,53.47147470398278,964,907,1871,50.349838536060275,1366,1351,2717,73.11625403659849,1178,1109,2287,61.54467168998924,1061,966,2027,54.54790096878364,1175,1133,2308,62.10979547900969,1142,1073,2215,59.60710441334769,1113,1060,2173,58.920824295010846,74,72,146,14.556331006979061,1705110000,1st
Santa Cruz,2025,110,116,226,22.897669706180345,280,311,591,55.44090056285178,257,259,516,48.405253283302066,375,375,750,70.35647279549718,406,407,813,76.26641651031895,427,430,857,80.39399624765478,287,291,578,54.22138836772983,257,248,505,47.373358348968104,253,252,505,47.373358348968104,244,257,501,46.99812382739212,269,249,518,48.592870544090054,345,344,689,64.63414634146342,298,303,601,56.37898686679175,275,274,549,51.50093808630394,346,320,666,62.476547842401494,345,336,681,63.88367729831145,337,317,654,62.04933586337761,27,33,60,11.583011583011583,1705111000,1st
Oriental Mindoro,2025,4399,3795,8194,42.77064411734001,5358,4776,10134,48.77743550250288,4171,3708,7879,37.92356565267617,6333,5787,12120,58.33654216403542,6517,6305,12822,61.71544089333847,7315,6882,14197,68.33365421640354,5504,5055,10559,50.82306507508664,5413,5211,10624,51.13592606854063,5708,5326,11034,53.1093569503273,5881,5509,11390,54.822872545244515,5013,4779,9792,47.13130535232961,6729,6267,12996,62.55294570658452,7591,7291,14882,71.63072776280323,7019,6579,13598,65.45051983057374,6379,6090,12469,60.016365036580666,6517,5963,12480,60.0693107431652,6226,5772,11998,58.22575948752791,283,252,535,6.659198406771222,1705200000,1st
Baco,2025,37,37,74,9.261576971214017,278,181,459,52.88018433179723,237,172,409,47.11981566820276,334,266,600,69.12442396313364,325,287,612,70.50691244239631,364,325,689,79.3778801843318,320,246,566,65.2073732718894,310,282,592,68.20276497695853,281,233,514,59.21658986175116,264,251,515,59.331797235023046,183,196,379,43.663594470046085,306,274,580,66.82027649769586,332,325,657,75.69124423963135,281,251,532,61.29032258064516,289,260,549,63.24884792626728,279,271,550,63.36405529953917,264,256,520,60.25492468134415,10,8,18,6.4981949458483745,1705201000,3rd
Bansud,2025,232,217,449,50.11160714285714,311,239,550,56.17977528089888,229,194,423,43.2073544433095,361,261,622,63.53421859039836,330,316,646,65.98569969356485,385,370,755,77.11950970377937,285,234,519,53.013278855975486,286,246,532,54.341164453524,302,294,596,60.87844739530133,353,340,693,70.78651685393258,309,292,601,61.389172625127685,64,46,110,11.235955056179774,80,95,175,17.87538304392237,55,57,112,11.440245148110318,347,347,694,70.88866189989785,353,335,688,70.27579162410623,323,310,633,65.19052523171987,30,25,55,15.363128491620111,1705202000,2nd
Bongabong,2025,257,272,529,27.225939269171384,388,396,784,37.35111958075274,119,122,241,11.481657932348737,618,553,1171,55.78847070033349,578,543,1121,53.40638399237733,677,614,1291,61.5054787994283,407,371,778,37.065269175798,398,360,758,36.11243449261553,449,393,842,40.1143401619819,605,564,1169,55.69318723201524,393,375,768,36.588851834206764,685,688,1373,65.41210100047643,742,704,1446,68.88994759409243,675,635,1310,62.41067174845164,608,575,1183,56.36017151024297,620,581,1201,57.21772272510719,618,573,1191,57.20461095100865,10,14,24,2.346041055718475,1705203000,1st
Bulalacao,2025,308,276,584,50.25817555938038,413,399,812,64.7011952191235,96,93,189,15.0597609561753,426,430,856,68.20717131474103,442,467,909,72.43027888446215,495,442,937,74.66135458167331,479,427,906,72.19123505976096,442,414,856,68.20717131474103,478,432,910,72.50996015936255,425,378,803,63.984063745019924,356,317,673,53.62549800796813,499,469,968,77.13147410358566,613,603,1216,96.89243027888446,563,478,1041,82.94820717131473,445,393,838,66.77290836653387,425,373,798,63.58565737051792,415,364,779,62.72141706924316,9,8,17,4.0,1705204000,3rd
City of Calapan ,2025,811,646,1457,52.46669067338855,849,670,1519,50.549084858569046,843,671,1514,50.38269550748752,912,807,1719,57.204658901830285,956,890,1846,61.43094841930117,1111,962,2073,68.98502495840266,916,854,1770,58.9018302828619,929,820,1749,58.20299500831947,923,842,1765,58.73544093178037,907,832,1739,57.87021630615641,818,816,1634,54.37603993344426,1022,907,1929,64.19301164725456,1190,1108,2298,76.47254575707156,1028,970,1998,66.4891846921797,911,864,1775,59.06821963394343,960,863,1823,60.66555740432612,960,863,1823,60.99029775844764,0,0,0,0.0,1705205000,3rd
Gloria,2025,353,267,620,57.998129092609915,362,287,649,55.900086132644276,369,288,657,56.58914728682171,314,310,624,53.746770025839794,336,378,714,61.49870801033591,325,368,693,59.68992248062015,282,279,561,48.320413436692505,327,341,668,57.53660637381568,338,393,731,62.96296296296296,304,333,637,54.86649440137812,278,258,536,46.16709732988803,344,360,704,60.63738156761412,422,440,862,74.24633936261843,399,410,809,69.68130921619293,347,335,682,58.74246339362619,353,340,693,59.68992248062015,341,332,673,58.777292576419214,21,17,38,7.450980392156863,1705206000,3rd
Mansalay,2025,312,272,584,37.9960962914769,412,422,834,50.36231884057971,187,165,352,21.256038647342994,473,459,932,56.28019323671497,528,500,1028,62.07729468599034,539,580,1119,67.57246376811594,245,225,470,28.381642512077292,250,253,503,30.3743961352657,248,233,481,29.045893719806763,305,273,578,34.90338164251207,304,306,610,36.835748792270536,558,561,1119,67.57246376811594,632,649,1281,77.35507246376811,590,591,1181,71.31642512077295,466,473,939,56.70289855072463,480,431,911,55.01207729468599,417,399,816,49.81684981684982,52,46,98,12.098765432098766,1705207000,2nd
Naujan,2025,465,361,826,37.90729692519504,506,427,933,39.483707151925515,352,315,667,28.22683030046551,637,638,1275,53.956834532374096,678,644,1322,55.94583157003809,778,716,1494,63.22471434617012,632,601,1233,52.179432924248836,617,626,1243,52.60262378332629,676,619,1295,54.80321625052898,573,543,1116,47.228099873042744,529,512,1041,44.05416842996191,710,685,1395,59.035124841303436,836,804,1640,69.4033008887008,828,755,1583,66.99111299195938,654,676,1330,56.28438425730005,715,626,1341,56.74989420228523,683,599,1282,54.69283276450512,18,14,32,3.5914702581369253,1705208000,1st
Pinamalayan,2025,389,293,682,40.667859272510434,405,331,736,40.39517014270033,364,294,658,36.11416026344676,538,506,1044,57.29967069154775,578,562,1140,62.56860592755215,635,577,1212,66.52030735455543,428,375,803,44.072447859495064,436,411,847,46.48737650933041,438,379,817,44.840834248079034,543,506,1049,57.57409440175631,440,448,888,48.73765093304062,535,476,1011,55.48847420417125,641,581,1222,67.06915477497256,624,595,1219,66.90450054884742,487,478,965,52.963776070252464,518,451,969,53.18331503841932,518,461,979,53.939393939393945,29,29,58,7.611548556430446,1705209000,1st
Pola,2025,171,143,314,52.68456375838926,199,170,369,56.59509202453987,198,164,362,55.52147239263804,207,184,391,59.96932515337423,226,202,428,65.6441717791411,247,242,489,75.0,124,114,238,36.50306748466258,139,130,269,41.25766871165644,135,131,266,40.79754601226993,188,172,360,55.21472392638037,180,147,327,50.15337423312884,214,181,395,60.582822085889575,259,229,488,74.84662576687117,251,232,483,74.079754601227,217,198,415,63.65030674846626,188,195,383,58.742331288343564,187,195,382,58.95061728395061,22,27,49,18.846153846153847,1705210000,3rd
Puerto Galera,2025,204,169,373,41.16997792494481,258,198,456,46.48318042813456,266,217,483,49.235474006116206,298,260,558,56.88073394495413,280,280,560,57.08460754332314,349,335,684,69.72477064220183,295,238,533,54.332313965341484,233,249,482,49.133537206931706,257,256,513,52.293577981651374,243,236,479,48.827726809378184,268,229,497,50.66258919469928,368,322,690,70.33639143730886,368,325,693,70.64220183486239,325,304,629,64.11824668705403,277,237,514,52.39551478083588,296,254,550,56.065239551478086,285,243,528,54.6583850931677,19,11,30,6.772009029345373,1705211000,1st
Roxas,2025,463,457,920,69.53892668178382,409,476,885,61.54381084840056,393,471,864,60.08344923504868,498,400,898,62.447844228094574,500,480,980,68.15020862308762,515,518,1033,71.83588317107093,475,426,901,62.65646731571627,453,463,916,63.69958275382476,519,464,983,68.35883171070932,518,459,977,67.94158553546592,420,357,777,54.033379694019466,605,552,1157,80.45897079276773,577,560,1137,79.0681502086231,545,521,1066,74.1307371349096,576,544,1120,77.88595271210013,602,586,1188,82.61474269819193,543,553,1096,76.80448493342676,0,0,0,0.0,1705212000,2nd
San Teodoro,2025,107,87,194,48.5,141,129,270,61.92660550458715,99,102,201,46.10091743119266,125,128,253,58.02752293577982,114,157,271,62.15596330275229,137,115,252,57.798165137614674,119,145,264,60.550458715596335,120,117,237,54.357798165137616,126,134,260,59.63302752293578,107,86,193,44.26605504587156,75,83,158,36.23853211009174,159,143,302,69.26605504587155,145,151,296,67.88990825688074,129,112,241,55.27522935779816,117,104,221,50.68807339449541,100,102,202,46.330275229357795,94,94,188,43.51851851851852,18,20,38,15.079365079365079,1705213000,4th
Socorro,2025,103,82,185,22.58852258852259,221,213,434,48.709315375982044,213,202,415,46.57687991021324,253,228,481,53.98428731762065,271,238,509,57.12682379349046,310,288,598,67.11560044893379,187,201,388,43.54657687991021,186,196,382,42.87317620650954,239,203,442,49.607182940516275,242,231,473,53.086419753086425,175,163,338,37.93490460157127,301,249,550,61.72839506172839,328,279,607,68.12570145903479,291,263,554,62.177328843995504,270,263,533,59.82042648709316,274,234,508,57.01459034792368,259,219,478,54.25652667423383,27,23,50,11.363636363636363,1705214000,3rd
Victoria,2025,187,216,403,37.48837209302325,206,238,444,37.94871794871795,206,238,444,37.94871794871795,339,357,696,59.48717948717949,375,361,736,62.9059829059829,448,430,878,75.04273504273505,310,319,629,53.76068376068376,287,303,590,50.427350427350426,299,320,619,52.90598290598291,304,305,609,52.05128205128206,285,280,565,48.29059829059829,359,354,713,60.940170940170944,426,438,864,73.84615384615385,435,405,840,71.7948717948718,368,343,711,60.76923076923077,354,321,675,57.692307692307686,319,311,630,54.170249355116084,18,10,28,6.763285024154589,1705215000,2nd
Palawan,2025,4552,9038,13590,65.52871401706929,6016,6477,12493,55.51704217215483,3564,7275,10839,48.16691107852286,7537,6766,14303,63.560414166999955,8327,7358,15685,69.70181753543972,9157,8243,17400,77.32302359685376,6122,5549,11671,51.864195884993116,6092,5403,11495,51.082077945162865,6095,5447,11542,51.290938985912994,6241,5554,11795,52.415233524418966,5128,4876,10004,44.456294716260054,8370,7616,15986,71.03941696662666,8780,7914,16694,74.18566413367107,7352,6771,14123,62.7605208194463,7299,6644,13943,61.960627471892636,7200,6668,13868,61.62733857707862,6341,5959,12300,55.26351260277666,1318,1125,2443,22.92389978417941,1705300000,1st
Aborlan,2025,111,205,316,44.07252440725244,113,109,222,28.35249042145594,23,51,74,9.450830140485312,310,277,587,74.96807151979566,337,282,619,79.05491698595148,374,336,710,90.67688378033205,242,252,494,63.090676883780326,279,232,511,65.26181353767561,267,245,512,65.38952745849298,276,250,526,67.17752234993614,217,236,453,57.8544061302682,373,363,736,93.99744572158365,456,414,870,111.11111111111111,403,369,772,98.59514687100895,285,274,559,71.39208173690932,247,263,510,65.13409961685824,206,226,432,56.03112840466926,36,18,54,21.686746987951807,1705301000,1st
Agutaya,2025,36,86,122,53.275109170305676,39,66,105,42.33870967741936,17,35,52,20.967741935483872,58,63,121,48.79032258064516,75,80,155,62.5,84,78,162,65.32258064516128,52,58,110,44.354838709677416,65,67,132,53.2258064516129,66,62,128,51.61290322580645,86,79,165,66.53225806451613,64,55,119,47.983870967741936,95,83,178,71.7741935483871,106,99,205,82.66129032258065,105,92,197,79.43548387096774,90,73,163,65.7258064516129,95,69,164,66.12903225806451,67,54,121,48.79032258064516,29,21,50,34.01360544217687,1705302000,5th
Araceli,2025,19,66,85,26.5625,62,47,109,32.24852071005917,21,55,76,22.485207100591715,88,52,140,41.42011834319527,90,62,152,44.97041420118343,90,75,165,48.81656804733728,94,66,160,47.337278106508876,80,65,145,42.89940828402367,73,64,137,40.532544378698226,81,67,148,43.786982248520715,71,67,138,40.828402366863905,97,83,180,53.25443786982249,118,103,221,65.38461538461539,96,97,193,57.100591715976336,83,73,156,46.15384615384615,73,72,145,42.89940828402367,60,66,126,37.388724035608305,6,2,8,5.031446540880504,1705303000,4th
Balabac,2025,102,210,312,24.111282843894898,227,239,466,33.452979181622396,3,8,11,0.7896625987078248,294,263,557,39.985642498205316,303,261,564,40.488155061019384,344,283,627,45.010768126346015,269,251,520,37.329504666188086,232,214,446,32.01722900215363,236,217,453,32.519741564967696,213,189,402,28.85857860732233,130,133,263,18.88011486001436,202,167,369,26.48959081119885,178,153,331,23.761665470208186,125,119,244,17.516152189519023,234,210,444,31.873653984206747,241,244,485,34.816941852117736,192,174,366,26.676384839650147,75,78,153,13.065755764304013,1705304000,2nd
Bataraza,2025,647,1154,1801,87.34238603297769,752,869,1621,72.04444444444445,400,767,1167,51.866666666666674,863,755,1618,71.91111111111111,876,790,1666,74.04444444444445,942,871,1813,80.57777777777778,719,694,1413,62.8,710,640,1350,60.0,669,607,1276,56.71111111111111,664,568,1232,54.75555555555556,516,484,1000,44.44444444444444,974,864,1838,81.68888888888888,905,789,1694,75.28888888888889,661,554,1215,54.0,740,676,1416,62.93333333333333,802,735,1537,68.31111111111112,769,712,1481,66.59172661870504,116,107,223,28.40764331210191,1705305000,1st
Brooke'S Point,2025,475,903,1378,95.4954954954955,589,572,1161,73.90197326543603,487,1012,1499,95.4169318905156,648,608,1256,79.94907702100573,748,670,1418,90.26098026734563,862,769,1631,103.81922342457032,553,497,1050,66.8364099299809,535,478,1013,64.48122215149587,545,504,1049,66.77275620623806,541,488,1029,65.49968173138129,531,499,1030,65.56333545512413,580,530,1110,70.65563335455124,656,594,1250,79.56715467854869,516,486,1002,63.78103119032463,641,583,1224,77.91215786123489,650,609,1259,80.14003819223424,585,560,1145,73.87096774193549,98,92,190,49.22279792746114,1705306000,1st
Busuanga,2025,51,114,165,24.15812591508053,77,109,186,25.340599455040874,47,111,158,21.525885558583106,171,139,310,42.234332425068125,182,136,318,43.32425068119891,183,126,309,42.09809264305177,80,61,141,19.20980926430518,85,66,151,20.572207084468666,83,59,142,19.346049046321525,94,73,167,22.752043596730246,124,81,205,27.9291553133515,181,135,316,43.05177111716621,155,119,274,37.32970027247956,142,125,267,36.37602179836512,181,144,325,44.27792915531335,149,121,270,36.78474114441417,128,100,228,31.448275862068964,35,29,64,14.253897550111358,1705307000,3rd
Cagayancillo,2025,18,39,57,50.89285714285714,26,22,48,40.33613445378151,15,34,49,41.17647058823529,24,24,48,40.33613445378151,22,22,44,36.97478991596639,25,27,52,43.69747899159664,21,20,41,34.45378151260504,21,23,44,36.97478991596639,20,19,39,32.773109243697476,16,26,42,35.294117647058826,20,23,43,36.134453781512605,24,28,52,43.69747899159664,24,29,53,44.537815126050425,27,27,54,45.378151260504204,19,29,48,40.33613445378151,21,35,56,47.05882352941176,19,35,54,45.378151260504204,3,3,6,8.0,1705308000,6th
Coron,2025,421,817,1238,73.99880454273759,511,537,1048,57.86858089453341,391,803,1194,65.93042517945887,605,493,1098,60.62948647156268,615,518,1133,62.562120375483154,609,524,1133,62.562120375483154,434,341,775,42.794036443953615,421,374,795,43.89839867476532,446,375,821,45.33406957482054,451,398,849,46.880176697956934,381,352,733,40.47487575924904,691,615,1306,72.11485367200441,695,565,1260,69.5748205411375,594,532,1126,62.175593594699066,616,557,1173,64.77084483710657,669,606,1275,70.40309221424627,655,602,1257,69.7558268590455,8,7,15,3.3936651583710407,1705309000,1st
Cuyo,2025,32,64,96,20.77922077922078,76,82,158,32.113821138211385,35,71,106,21.544715447154474,116,117,233,47.357723577235774,140,119,259,52.642276422764226,148,137,285,57.92682926829268,122,115,237,48.170731707317074,122,105,227,46.138211382113816,126,111,237,48.170731707317074,124,117,241,48.983739837398375,97,86,183,37.19512195121951,150,151,301,61.17886178861789,180,179,359,72.96747967479675,159,157,316,64.22764227642277,137,120,257,52.235772357723576,138,128,266,54.0650406504065,101,96,197,40.286298568507156,41,34,75,30.364372469635626,1705310000,4th
Dumaran,2025,90,190,280,57.49486652977412,243,122,365,68.60902255639097,30,58,88,16.541353383458645,197,126,323,60.71428571428571,193,129,322,60.526315789473685,235,151,386,72.55639097744361,123,95,218,40.97744360902256,131,95,226,42.4812030075188,132,102,234,43.984962406015036,133,106,239,44.92481203007519,99,107,206,38.721804511278194,198,177,375,70.48872180451127,228,221,449,84.3984962406015,234,214,448,84.21052631578947,165,138,303,56.954887218045116,139,128,267,50.18796992481202,114,104,218,41.209829867674856,31,28,59,24.380165289256198,1705311000,3rd
El Nido,2025,297,605,902,77.4914089347079,395,377,772,60.73957513768686,327,663,990,77.89142407553108,477,465,942,74.11487018095987,525,443,968,76.16050354051927,598,514,1112,87.49016522423288,379,326,705,55.468135326514556,382,318,700,55.07474429583006,366,332,698,54.91738788355626,367,325,692,54.445318646734854,422,347,769,60.50354051927616,553,497,1050,82.6121164437451,701,548,1249,98.2690794649882,572,467,1039,81.74665617623918,516,406,922,72.54130605822188,486,406,892,70.18095987411486,414,342,756,60.28708133971292,97,83,180,31.46853146853147,1705312000,1st
Linapacan,2025,51,127,178,49.44444444444444,91,86,177,45.038167938931295,38,85,123,31.297709923664126,119,87,206,52.41730279898219,130,101,231,58.778625954198475,148,119,267,67.93893129770993,112,80,192,48.854961832061065,107,84,191,48.60050890585242,114,82,196,49.87277353689568,106,83,189,48.091603053435115,75,59,134,34.096692111959285,131,98,229,58.269720101781175,163,138,301,76.59033078880407,156,139,295,75.06361323155217,101,82,183,46.56488549618321,86,95,181,46.0559796437659,85,85,170,43.58974358974359,5,7,12,6.70391061452514,1705313000,5th
Magsaysay,2025,20,32,52,26.39593908629442,30,37,67,31.455399061032864,8,18,26,12.206572769953052,46,41,87,40.845070422535215,43,41,84,39.436619718309856,79,87,166,77.93427230046949,46,42,88,41.31455399061033,42,42,84,39.436619718309856,35,50,85,39.906103286384976,29,38,67,31.455399061032864,31,47,78,36.61971830985916,54,45,99,46.478873239436616,73,79,152,71.36150234741784,68,84,152,71.36150234741784,41,67,108,50.70422535211267,69,68,137,64.31924882629107,64,65,129,60.84905660377359,5,5,10,16.666666666666664,1705314000,5th
Narra,2025,400,802,1202,82.66850068775791,488,484,972,61.20906801007556,411,824,1235,77.77078085642317,654,567,1221,76.88916876574308,682,638,1320,83.12342569269522,762,713,1475,92.88413098236776,598,515,1113,70.088161209068,586,508,1094,68.89168765743074,584,530,1114,70.15113350125944,564,504,1068,67.2544080604534,483,489,972,61.20906801007556,707,653,1360,85.64231738035264,790,724,1514,95.34005037783375,659,625,1284,80.85642317380352,630,573,1203,75.75566750629723,555,528,1083,68.19899244332494,451,439,890,57.05128205128205,160,150,310,40.36458333333333,1705315000,1st
Quezon,2025,335,697,1032,68.16380449141347,368,536,904,54.921020656136086,41,89,130,7.897934386391252,538,522,1060,64.39854191980558,591,527,1118,67.92223572296476,604,561,1165,70.77764277035237,438,406,844,51.275820170109355,400,362,762,46.29404617253949,415,378,793,48.17739975698663,416,380,796,48.359659781287974,181,200,381,23.147023086269744,544,480,1024,62.21142162818955,390,369,759,46.11178614823815,282,285,567,34.44714459295261,458,455,913,55.46780072904009,423,420,843,51.21506682867558,397,372,769,47.06242350061199,77,65,142,14.35793731041456,1705317000,1st
Roxas,2025,327,701,1028,71.6376306620209,454,419,873,56.43180349062702,350,721,1071,69.23076923076923,488,470,958,61.926308985132515,635,566,1201,77.63413057530705,766,684,1450,93.72979961215255,360,335,695,44.9256625727214,394,347,741,47.89915966386555,425,358,783,50.61409179056238,476,423,899,58.11247575953459,424,388,812,52.488687782805435,585,544,1129,72.97996121525533,822,756,1578,102.0038784744667,803,732,1535,99.22430510665805,545,478,1023,66.12798965740141,496,456,952,61.53846153846154,365,353,718,46.83626875407697,141,123,264,28.356605800214822,1705318000,1st
San Vicente,2025,155,347,502,69.43291839557399,199,267,466,59.82028241335045,109,222,331,42.49037227214377,223,211,434,55.71245186136073,241,219,460,59.05006418485238,267,257,524,67.26572528883183,198,182,380,48.78048780487805,219,182,401,51.47625160462132,205,177,382,49.0372272143774,223,201,424,54.42875481386393,237,205,442,56.73940949935815,287,249,536,68.80616174582799,323,278,601,77.15019255455712,352,321,673,86.39281129653402,270,214,484,62.130937098844676,237,214,451,57.89473684210527,235,214,449,58.2360570687419,15,6,21,7.216494845360824,1705319000,1st
Taytay,2025,393,735,1128,67.54491017964071,462,590,1052,57.54923413566739,413,824,1237,67.66958424507659,569,600,1169,63.949671772428886,718,744,1462,79.97811816192561,740,834,1574,86.10503282275711,408,490,898,49.12472647702407,408,475,883,48.304157549234134,403,472,875,47.86652078774617,485,530,1015,55.525164113785564,435,484,919,50.27352297592997,766,793,1559,85.28446389496717,636,729,1365,74.67177242888403,477,526,1003,54.868708971553616,567,617,1184,64.77024070021882,574,582,1156,63.23851203501094,555,590,1145,63.32964601769911,169,130,299,35.76555023923445,1705320000,1st
Kalayaan,2025,0,0,0,0.0,0,0,0,0.0,0,0,0,0.0,1,2,3,0.0,1,1,2,0.0,2,2,4,0.0,1,1,2,0.0,1,2,3,0.0,2,0,2,0.0,2,0,2,0.0,0,2,2,0.0,1,1,2,0.0,2,2,4,0.0,0,2,2,0.0,0,0,0,0.0,0,0,0,0.0,0,0,0,0.0,0,0,0,0.0,1705321000,5th
Culion,2025,113,232,345,64.72795497185741,150,148,298,51.91637630662021,133,281,414,72.12543554006969,150,112,262,45.64459930313589,140,130,270,47.038327526132406,166,138,304,52.961672473867594,146,115,261,45.47038327526132,137,113,250,43.55400696864111,143,111,254,44.25087108013937,147,110,257,44.77351916376306,55,49,104,18.118466898954704,164,130,294,51.21951219512195,141,122,263,45.818815331010455,119,126,245,42.68292682926829,118,118,236,41.11498257839721,134,116,250,43.55400696864111,90,84,174,30.526315789473685,44,41,85,18.681318681318682,1705322000,3rd
Rizal,2025,294,552,846,60.08522727272727,362,461,823,53.68558382257012,140,270,410,26.74494455316373,515,452,967,63.078930202217876,611,507,1118,72.92889758643183,646,595,1241,80.95238095238095,406,341,747,48.7279843444227,419,367,786,51.2720156555773,413,340,753,49.11937377690802,431,367,798,52.054794520547944,288,270,558,36.399217221135025,637,597,1234,80.49575994781473,583,536,1119,72.99412915851272,446,376,822,53.62035225048923,509,456,965,62.9484670580561,538,475,1013,66.07958251793869,463,424,887,58.625247851949766,86,56,142,15.638766519823788,1705323000,1st
Sofronio Española,2025,165,360,525,65.70713391739675,302,298,600,69.76744186046511,125,273,398,46.27906976744186,383,320,703,81.74418604651163,429,372,801,93.13953488372093,483,362,845,98.25581395348837,321,266,587,68.25581395348837,316,244,560,65.11627906976744,327,252,579,67.32558139534883,316,232,548,63.72093023255814,247,213,460,53.48837209302325,376,333,709,82.44186046511628,455,368,823,95.69767441860465,356,316,672,78.13953488372093,353,301,654,76.04651162790698,378,298,676,78.6046511627907,326,262,588,69.50354609929079,41,40,81,25.391849529780565,1705324000,2nd
Romblon ,2025,1632,1654,3286,59.45359146010494,1654,1724,3378,56.23439320792409,1644,1669,3313,55.15232229066089,2030,2005,4035,67.17163309472282,2123,2033,4156,69.18594972532046,2204,2086,4290,71.41668053937073,1525,1492,3017,50.22473780589313,1561,1510,3071,51.12368902946562,1635,1568,3203,53.32112535375395,1981,1890,3871,64.44148493424339,1718,1612,3330,55.43532545363742,2147,2126,4273,71.13367737639422,2584,2458,5042,83.93540868986182,2391,2354,4745,78.99117696021308,2077,1963,4040,67.25486931912769,1948,1923,3871,64.44148493424339,1934,1928,3862,64.7334897753939,61,50,111,5.879237288135593,1705900000,3rd
Alcantara,2025,99,78,177,58.415841584158414,104,81,185,55.55555555555556,94,76,170,51.051051051051054,132,88,220,66.06606606606607,122,96,218,65.46546546546547,126,79,205,61.56156156156156,121,88,209,62.76276276276276,110,76,186,55.85585585585585,120,75,195,58.55855855855856,130,84,214,64.26426426426426,89,68,157,47.147147147147145,127,87,214,64.26426426426426,120,72,192,57.65765765765766,124,79,203,60.96096096096096,133,81,214,64.26426426426426,113,85,198,59.45945945945946,108,92,200,60.06006006006006,6,3,9,8.411214953271028,1705901000,5th
Banton,2025,3,12,15,20.54794520547945,3,16,19,25.333333333333336,18,42,60,80.0,15,20,35,46.666666666666664,13,15,28,37.333333333333336,17,20,37,49.333333333333336,6,14,20,26.666666666666668,10,11,21,28.000000000000004,15,14,29,38.666666666666664,19,15,34,45.33333333333333,17,15,32,42.66666666666667,17,20,37,49.333333333333336,19,24,43,57.333333333333336,18,28,46,61.33333333333333,19,21,40,53.333333333333336,15,19,34,45.33333333333333,12,18,30,40.0,0,0,0,0.0,1705902000,5th
Cajidiocan,2025,135,115,250,54.94505494505495,168,153,321,64.58752515090544,149,131,280,56.33802816901409,191,170,361,72.63581488933602,203,194,397,79.87927565392354,213,196,409,82.29376257545272,119,129,248,49.899396378269614,117,122,239,48.08853118712273,127,132,259,52.112676056338024,145,164,309,62.17303822937625,140,152,292,58.752515090543255,136,143,279,56.13682092555332,132,134,266,53.52112676056338,116,138,254,51.10663983903421,134,154,288,57.947686116700204,140,163,303,60.96579476861167,122,154,276,55.757575757575765,22,13,35,14.705882352941178,1705903000,4th
Calatrava,2025,24,17,41,21.578947368421055,49,62,111,53.36538461538461,13,10,23,11.057692307692307,82,79,161,77.40384615384616,86,76,162,77.88461538461539,102,74,176,84.61538461538461,64,65,129,62.019230769230774,62,57,119,57.21153846153846,63,59,122,58.65384615384615,77,71,148,71.15384615384616,53,48,101,48.55769230769231,77,85,162,77.88461538461539,98,87,185,88.9423076923077,92,76,168,80.76923076923077,78,69,147,70.67307692307693,81,64,145,69.71153846153845,66,59,125,60.38647342995169,8,8,16,21.91780821917808,1705904000,5th
Concepcion,2025,6,9,15,31.25,5,10,15,30.0,5,12,17,34.0,10,6,16,32.0,9,13,22,44.0,11,7,18,36.0,11,9,20,40.0,7,10,17,34.0,11,8,19,38.0,14,6,20,40.0,16,3,19,38.0,10,6,16,32.0,18,11,29,57.99999999999999,16,11,27,54.0,1,0,1,2.0,2,2,4,8.0,15,5,20,40.0,0,1,1,3.125,1705905000,6th
Corcuera,2025,39,41,80,75.47169811320755,40,41,81,71.05263157894737,37,36,73,64.03508771929825,45,43,88,77.19298245614034,52,50,102,89.47368421052632,49,50,99,86.8421052631579,43,38,81,71.05263157894737,45,42,87,76.31578947368422,41,44,85,74.56140350877193,48,48,96,84.21052631578947,30,27,57,50.0,51,56,107,93.85964912280701,58,58,116,101.75438596491229,56,42,98,85.96491228070175,34,32,66,57.89473684210527,27,31,58,50.877192982456144,30,39,69,60.526315789473685,3,3,6,33.33333333333333,1705906000,5th
Looc,2025,123,171,294,82.8169014084507,118,156,274,70.61855670103093,106,162,268,69.0721649484536,115,183,298,76.80412371134021,121,157,278,71.64948453608247,113,163,276,71.1340206185567,59,88,147,37.88659793814433,76,89,165,42.52577319587629,80,93,173,44.58762886597938,112,145,257,66.23711340206185,114,138,252,64.94845360824742,140,198,338,87.11340206185567,159,215,374,96.3917525773196,134,193,327,84.27835051546391,151,188,339,87.37113402061856,142,171,313,80.6701030927835,140,171,311,80.56994818652849,2,0,2,2.3255813953488373,1705907000,4th
Magdiwang,2025,57,44,101,33.114754098360656,55,46,101,30.33033033033033,60,42,102,30.630630630630627,65,41,106,31.83183183183183,84,56,140,42.04204204204204,100,64,164,49.249249249249246,56,40,96,28.82882882882883,60,44,104,31.23123123123123,76,51,127,38.13813813813814,72,50,122,36.63663663663664,55,39,94,28.22822822822823,56,44,100,30.03003003003003,96,69,165,49.549549549549546,91,71,162,48.64864864864865,55,42,97,29.129129129129126,47,31,78,23.423423423423422,83,68,151,46.03658536585366,4,5,9,7.317073170731707,1705908000,5th
Odiongan,2025,288,322,610,76.44110275689223,294,322,616,71.54471544715447,291,321,612,71.0801393728223,298,335,633,73.5191637630662,296,339,635,73.75145180023229,313,341,654,75.9581881533101,199,229,428,49.70963995354239,208,233,441,51.21951219512195,221,235,456,52.961672473867594,307,328,635,73.75145180023229,304,300,604,70.15098722415796,364,368,732,85.01742160278745,414,446,860,99.88385598141696,388,429,817,94.88966318234611,319,320,639,74.21602787456446,303,295,598,69.45412311265969,299,305,604,70.80890973036342,0,0,0,0.0,1705909000,2nd
Romblon ,2025,315,290,605,79.08496732026144,219,207,426,51.01796407185629,315,290,605,72.45508982035929,306,248,554,66.34730538922156,298,244,542,64.91017964071857,322,256,578,69.22155688622755,250,187,437,52.33532934131736,234,199,433,51.8562874251497,232,189,421,50.41916167664671,287,248,535,64.07185628742515,254,193,447,53.53293413173653,339,270,609,72.93413173652694,431,358,789,94.49101796407186,388,335,723,86.58682634730539,313,253,566,67.78443113772455,308,270,578,69.22155688622755,305,263,568,68.6819830713422,2,0,2,0.7142857142857143,1705910000,3rd
San Agustin,2025,110,102,212,49.074074074074076,132,145,277,58.93617021276596,115,116,231,49.148936170212764,162,180,342,72.76595744680851,191,172,363,77.23404255319149,186,190,376,80.0,106,95,201,42.765957446808514,116,110,226,48.08510638297872,106,126,232,49.361702127659576,147,148,295,62.76595744680851,133,129,262,55.74468085106383,198,199,397,84.46808510638299,247,222,469,99.7872340425532,217,226,443,94.25531914893617,191,172,363,77.23404255319149,167,200,367,78.08510638297872,183,202,385,82.61802575107296,1,3,4,3.7735849056603774,1705911000,4th
San Andress,2025,63,76,139,39.94252873563218,78,91,169,45.43010752688172,58,63,121,32.526881720430104,119,124,243,65.32258064516128,131,129,260,69.89247311827957,121,132,253,68.01075268817203,80,98,178,47.8494623655914,98,93,191,51.344086021505376,98,91,189,50.806451612903224,138,140,278,74.73118279569893,94,92,186,50.0,136,134,270,72.58064516129032,169,178,347,93.27956989247312,160,170,330,88.70967741935483,140,140,280,75.26881720430107,114,136,250,67.20430107526882,103,118,221,60.05434782608695,1,6,7,6.730769230769231,1705912000,5th
San Fernando,2025,119,124,243,54.97737556561086,136,145,281,57.70020533880903,137,139,276,56.67351129363449,163,166,329,67.5564681724846,176,167,343,70.4312114989733,186,173,359,73.71663244353182,161,163,324,66.52977412731006,162,161,323,66.32443531827515,180,179,359,73.71663244353182,164,144,308,63.244353182751546,132,112,244,50.10266940451745,175,192,367,75.35934291581108,203,187,390,80.08213552361396,162,154,316,64.8870636550308,160,148,308,63.244353182751546,163,135,298,61.19096509240246,158,142,300,62.24066390041494,3,2,5,4.716981132075472,1705913000,4th
San Jose,2025,42,56,98,44.54545454545455,59,67,126,52.94117647058824,45,50,95,39.91596638655462,76,94,170,71.42857142857143,80,96,176,73.94957983193278,88,99,187,78.57142857142857,58,75,133,55.88235294117647,63,75,138,57.98319327731093,63,71,134,56.30252100840336,65,73,138,57.98319327731093,100,85,185,77.73109243697479,68,78,146,61.34453781512605,111,111,222,93.27731092436974,119,106,225,94.53781512605042,107,92,199,83.61344537815127,112,80,192,80.67226890756302,100,76,176,74.26160337552743,7,4,11,14.102564102564102,1705914000,5th
Santa Fe,2025,88,96,184,55.08982035928144,81,82,163,44.53551912568306,81,88,169,46.17486338797814,125,111,236,64.48087431693989,135,122,257,70.21857923497268,140,125,265,72.40437158469946,96,89,185,50.54644808743169,106,106,212,57.92349726775956,114,107,221,60.38251366120219,133,121,254,69.39890710382514,112,133,245,66.93989071038251,121,114,235,64.20765027322405,155,148,303,82.78688524590164,156,172,328,89.61748633879782,125,149,274,74.86338797814209,117,134,251,68.5792349726776,118,125,243,66.57534246575342,2,0,2,1.3245033112582782,1705915000,5th
Ferrol,2025,54,38,92,51.39664804469274,54,38,92,48.421052631578945,55,38,93,48.94736842105264,53,42,95,50.0,52,43,95,50.0,48,45,93,48.94736842105264,49,32,81,42.63157894736842,40,35,75,39.473684210526315,38,39,77,40.526315789473685,52,42,94,49.473684210526315,39,26,65,34.21052631578947,55,47,102,53.68421052631579,72,54,126,66.3157894736842,68,46,114,60.0,49,33,82,43.15789473684211,44,36,80,42.10526315789473,42,27,69,36.31578947368421,0,0,0,0.0,1705916000,6th
Santa Maria,2025,67,63,130,74.71264367816092,59,62,121,63.68421052631579,65,53,118,62.10526315789474,73,75,148,77.89473684210526,74,64,138,72.63157894736842,69,72,141,74.21052631578947,47,53,100,52.63157894736842,47,47,94,49.473684210526315,50,55,105,55.26315789473685,71,63,134,70.52631578947368,36,52,88,46.31578947368421,77,85,162,85.26315789473684,82,84,166,87.36842105263159,86,78,164,86.31578947368422,68,69,137,72.10526315789474,53,71,124,65.26315789473685,50,64,114,60.0,0,2,2,2.898550724637681,1705917000,5th
City of Puerto Princesa ,2025,1744,1592,3336,58.54685854685855,1773,1646,3419,55.45823195458232,1586,1472,3058,49.60259529602595,2511,2286,4797,77.81021897810218,2745,2378,5123,83.09813463098135,2894,2596,5490,89.05109489051095,2147,1987,4134,67.0559610705596,2112,1909,4021,65.22303325223034,2114,1883,3997,64.83373884833739,2076,1849,3925,63.665855636658556,1871,1730,3601,58.41038118410381,2696,2370,5066,82.1735604217356,2869,2659,5528,89.66747769667478,2474,2328,4802,77.89132197891323,2237,2048,4285,69.50527169505271,1975,1873,3848,62.416869424168695,1517,1443,2960,48.50073734229068,575,543,1118,39.914316315601575,1731500000,1st
NIR,2025,21204,20668,41872,44.55036813210197,21861,20302,42163,41.25901498174986,20381,19361,39742,38.88992181307552,29354,27702,57056,55.83270542415673,30535,28947,59482,58.20669139160983,33160,31755,64915,63.523206544607646,24324,23071,47395,46.37883962384163,24832,23513,48345,47.30847139180554,25230,24332,49562,48.4993786145551,25883,24932,50815,49.72551398851171,25027,23511,48538,47.49733342466558,30809,29156,59965,58.679335753637794,34384,32629,67013,65.57622491217427,34490,32714,67204,65.7631298255228,30614,28922,59536,58.25953361842041,29979,28620,58599,57.342623127281264,27491,26256,53747,52.88757687576876,3228,2896,6124,14.911127343559777,1800000000,
Negros Occidental,2025,13723,13164,26887,51.040282470860696,15552,14441,29993,52.28267122213119,15403,14588,29991,52.27918489724057,16393,15338,31731,55.31228755207698,17091,16064,33155,57.79455087419597,18833,17857,36690,63.956630118360735,12849,11997,24846,43.31061411612948,13173,12336,25509,44.46633081736887,13426,12909,26335,45.906182997193504,13634,13100,26734,46.60170481287152,13586,12589,26175,45.62727700594419,18210,17091,35301,61.53537748182754,21088,19758,40846,71.20121324106194,21283,19945,41228,71.8671012951697,17938,16825,34763,60.59755608625168,18009,17244,35253,61.451705684452726,16993,16273,33266,58.24083476312196,1284,1152,2436,11.971692549636328,1804500000,1st
City of Bago,2025,761,765,1526,41.28787878787879,830,839,1669,41.58983304261151,1068,1169,2237,55.74383254423125,1163,1090,2253,56.142536755544484,1201,1165,2366,58.95838524794418,1311,1251,2562,63.842511836531266,979,965,1944,48.44256167455769,1022,976,1998,49.788188387739844,1048,1014,2062,51.38300523299277,1096,1043,2139,53.301769249937706,1272,1154,2426,60.4535260403688,1137,1106,2243,55.893346623473704,1417,1323,2740,68.27809618739099,1478,1438,2916,72.66384251183653,1327,1263,2590,64.54024420632943,1615,1603,3218,80.18938450037379,1613,1602,3215,80.11462746075256,8,13,21,2.7522935779816518,1804502000,2nd
Binalbagan,2025,400,470,870,64.92537313432835,325,363,688,46.70739986422268,200,244,444,30.14256619144603,452,478,930,63.13645621181263,437,446,883,59.94568906992532,445,463,908,61.642905634758996,330,359,689,46.77528852681602,340,348,688,46.70739986422268,361,379,740,50.23761031907671,370,388,758,51.45960624575696,455,421,876,59.47046843177189,555,556,1111,75.42430414120842,587,604,1191,80.85539714867616,606,539,1145,77.73251866938222,472,433,905,61.43923964697895,417,357,774,52.54582484725051,409,344,753,51.57534246575343,60,52,112,18.181818181818183,1804503000,1st
City of Cadiz,2025,701,683,1384,42.91472868217055,987,921,1908,54.34349188265452,856,832,1688,48.077470806038164,953,899,1852,52.748504699515806,1024,978,2002,57.02079179720877,1231,1152,2383,67.8724010253489,861,840,1701,48.447735687838225,869,858,1727,49.18826545143833,917,887,1804,51.38137282825406,1006,973,1979,56.36570777556251,1062,983,2045,58.245514098547424,1103,1088,2191,62.403873540301916,1345,1293,2638,75.13528909142696,1375,1319,2694,76.73027627456565,1106,1030,2136,60.83736827114782,1088,1049,2137,60.865850185132444,1029,1000,2029,57.98799657044869,44,47,91,7.483552631578948,1804504000,2nd
Calatrava,2025,498,508,1006,61.41636141636142,236,235,471,26.38655462184874,140,139,279,15.630252100840336,487,496,983,55.070028011204485,488,500,988,55.35014005602241,553,530,1083,60.67226890756302,257,257,514,28.79551820728291,303,281,584,32.71708683473389,266,255,521,29.187675070028014,236,259,495,27.73109243697479,184,160,344,19.271708683473392,551,564,1115,62.46498599439776,657,668,1325,74.2296918767507,611,626,1237,69.29971988795518,564,537,1101,61.680672268907564,521,524,1045,58.543417366946784,460,448,908,51.09735509285313,66,71,137,16.646415552855405,1804505000,1st
Candoni,2025,144,151,295,59.59595959595959,121,102,223,41.44981412639405,121,108,229,42.56505576208178,170,154,324,60.223048327137555,189,171,360,66.91449814126395,213,178,391,72.67657992565056,125,100,225,41.82156133828997,127,118,245,45.539033457249076,131,117,248,46.09665427509294,166,148,314,58.36431226765799,151,151,302,56.13382899628253,207,181,388,72.11895910780669,230,221,451,83.82899628252788,221,214,435,80.85501858736059,169,165,334,62.0817843866171,170,154,324,60.223048327137555,170,154,324,60.447761194029844,0,0,0,0.0,1804506000,4th
Cauayan,2025,346,358,704,27.881188118811885,504,471,975,35.54502369668246,203,182,385,14.035727305869486,772,726,1498,54.611738971928546,807,702,1509,55.012759752096244,904,776,1680,61.24681006197594,511,461,972,35.43565439300036,488,462,950,34.633612832664966,517,492,1009,36.78454247174626,565,523,1088,39.66460080204156,571,492,1063,38.753189938024065,836,758,1594,58.11155668975574,1005,889,1894,69.04848705796573,942,850,1792,65.32993073277433,727,683,1410,51.403572730586944,692,644,1336,48.70579657309515,639,596,1235,45.27126099706745,51,47,98,6.67574931880109,1804507000,1st
Enrique B. Magalona,2025,349,325,674,53.07086614173229,134,141,275,19.94198694706309,141,149,290,21.029731689630164,367,343,710,51.48658448150834,383,360,743,53.87962291515591,429,377,806,58.44815083393764,213,205,418,30.311820159535895,225,218,443,32.12472806381436,251,216,467,33.86511965192168,249,242,491,35.60551124002901,234,241,475,34.445250181290795,355,341,696,50.4713560551124,441,404,845,61.27628716461204,499,475,974,70.6308919506889,344,353,697,50.54387237128354,343,350,693,50.25380710659898,338,350,688,49.891225525743295,21,30,51,8.600337268128163,1804508000,2nd
City of Escalante,2025,453,428,881,40.74930619796485,631,502,1133,48.43950406156477,517,424,941,40.23086789226165,762,607,1369,58.52928601966653,761,603,1364,58.31551945275759,863,742,1605,68.61906797776828,648,526,1174,50.19238991021804,639,529,1168,49.93587002992732,676,543,1219,52.11628901239847,656,545,1201,51.34672937152629,636,529,1165,49.80761008978195,831,712,1543,65.96836254809747,973,803,1776,75.92988456605387,1008,787,1795,76.74219752030783,827,741,1568,67.03719538264215,849,734,1583,67.67849508336896,830,710,1540,66.40793445450626,16,17,33,4.881656804733728,1804509000,4th
City of Himamaylan,2025,771,694,1465,61.68421052631579,657,582,1239,48.004649360712904,579,475,1054,40.836884928322355,801,724,1525,59.08562572646261,847,765,1612,62.45641224331654,864,858,1722,66.71832623014336,754,686,1440,55.79232855482371,787,718,1505,58.31073227431228,793,761,1554,60.20922123208059,833,873,1706,66.0984114684231,894,864,1758,68.11313444401395,912,807,1719,66.60209221232081,1104,1042,2146,83.14606741573034,1094,1066,2160,83.68849283223557,878,886,1764,68.34560247965905,917,927,1844,71.44517628826036,835,846,1681,65.38311940879036,82,81,163,25.038402457757297,1804510000,3rd
Hinigaran,2025,442,415,857,50.29342723004695,365,345,710,38.316243928764166,383,365,748,40.36697247706422,523,472,995,53.696708041014574,527,493,1020,55.04587155963303,550,548,1098,59.255261737722606,343,300,643,34.7004856988667,351,321,672,36.265515380464116,334,342,676,36.481381543443064,353,348,701,37.830545062061525,309,335,644,34.75445223961144,530,465,995,53.696708041014574,600,564,1164,62.81705342687533,684,676,1360,73.39449541284404,481,509,990,53.42687533729088,495,517,1012,54.61413923367512,492,515,1007,54.344306529951425,1,1,2,0.2777777777777778,1804511000,1st
Hinoba-an,2025,368,352,720,50.70422535211267,436,364,800,52.424639580602886,365,349,714,46.788990825688074,417,367,784,51.37614678899083,453,419,872,57.14285714285714,481,435,916,60.026212319790304,338,312,650,42.59501965923984,317,328,645,42.26736566186107,326,316,642,42.070773263433814,310,275,585,38.33551769331586,246,201,447,29.29226736566186,526,462,988,64.74442988204456,645,554,1199,78.57142857142857,571,515,1086,71.16644823066841,484,410,894,58.58453473132372,480,428,908,59.501965923984265,457,406,863,57.001321003963014,44,37,81,12.180451127819548,1804512000,1st
Ilog,2025,365,307,672,53.54581673306773,304,265,569,41.776798825256975,302,251,553,40.602055800293684,393,347,740,54.33186490455213,417,364,781,57.34214390602056,462,417,879,64.53744493392071,302,251,553,40.602055800293684,325,269,594,43.61233480176212,328,280,608,44.640234948605,367,304,671,49.265785609397945,421,360,781,57.34214390602056,413,356,769,56.46108663729809,522,442,964,70.77826725403817,574,487,1061,77.90014684287812,457,402,859,63.06901615271659,447,403,850,62.40822320117474,447,402,849,62.61061946902655,0,1,1,0.234192037470726,1804513000,2nd
Isabela,2025,340,284,624,49.48453608247423,300,286,586,42.494561276287165,348,292,640,46.410442349528644,407,400,807,58.52066715010877,410,401,811,58.810732414793335,430,441,871,63.161711385061636,326,278,604,43.79985496736766,312,270,582,42.20449601160261,320,322,642,46.55547498187092,309,324,633,45.902828136330676,237,215,452,32.777374909354606,445,402,847,61.42131979695431,460,438,898,65.11965192168238,476,452,928,67.29514140681654,428,408,836,60.62364031907179,371,404,775,56.20014503263234,297,321,618,44.88017429193899,36,37,73,12.006578947368421,1804514000,2nd
City of Kabankalan,2025,872,756,1628,37.922198928488235,1887,1776,3663,78.48725091064924,2280,2211,4491,96.22884079708592,1315,1206,2521,54.01757017355903,1346,1220,2566,54.9817870152132,1478,1321,2799,59.97428755088923,1055,939,1994,42.72551960574245,1076,959,2035,43.60402828369402,1095,963,2058,44.09685022498393,1194,1052,2246,48.12513391900578,1082,1024,2106,45.12534818941504,1426,1253,2679,57.40304263981144,1478,1389,2867,61.431326333833304,1488,1352,2840,60.8527962288408,1292,1216,2508,53.739018641525604,1371,1296,2667,57.145918148703664,1263,1197,2460,53.17769130998703,133,116,249,13.613996719518862,1804515000,1st
City of La Carlota,2025,583,573,1156,91.8918918918919,465,445,910,67.05969049373618,601,612,1213,89.38835666912307,484,429,913,67.28076639646278,491,432,923,68.01768607221813,456,413,869,64.03831982313928,448,381,829,61.09064112011791,471,410,881,64.92262343404569,437,374,811,59.76418570375829,401,329,730,53.79513633014001,462,366,828,61.016949152542374,460,403,863,63.596168017686075,515,450,965,71.11274871039058,474,409,883,65.07000736919676,551,473,1024,75.46057479734709,556,487,1043,76.86072218128224,556,485,1041,76.71333824613117,1,3,4,0.9345794392523363,1804516000,4th
La Castellana,2025,437,427,864,48.67605633802817,470,432,902,46.78423236514523,442,462,904,46.88796680497925,573,552,1125,58.350622406639005,593,565,1158,60.06224066390041,650,596,1246,64.62655601659752,387,334,721,37.39626556016597,417,377,794,41.18257261410788,422,398,820,42.531120331950206,458,420,878,45.53941908713693,451,375,826,42.84232365145228,588,696,1284,66.59751037344398,678,628,1306,67.73858921161826,664,607,1271,65.92323651452283,612,537,1149,59.5954356846473,589,539,1128,58.50622406639005,566,519,1085,56.628392484342385,32,30,62,6.950672645739911,1804517000,1st
Manapla,2025,266,269,535,49.263351749539595,125,158,283,23.701842546063652,250,236,486,40.7035175879397,274,282,556,46.56616415410385,323,338,661,55.36013400335008,394,378,772,64.65661641541038,237,260,497,41.62479061976549,263,274,537,44.9748743718593,276,278,554,46.39865996649916,271,284,555,46.482412060301506,261,235,496,41.541038525963145,343,335,678,56.78391959798995,411,422,833,69.76549413735343,455,427,882,73.86934673366834,348,289,637,53.3500837520938,288,245,533,44.63986599664992,283,236,519,43.50377200335289,38,33,71,12.769784172661872,1804518000,2nd
Moises Padilla,2025,248,227,475,49.79035639412998,263,249,512,49.468599033816425,134,145,279,26.956521739130434,298,272,570,55.072463768115945,290,276,566,54.685990338164245,320,313,633,61.15942028985507,240,208,448,43.28502415458937,224,228,452,43.671497584541065,253,247,500,48.309178743961354,252,256,508,49.08212560386473,168,159,327,31.594202898550726,376,357,733,70.82125603864733,401,403,804,77.68115942028986,375,362,737,71.20772946859904,304,282,586,56.61835748792271,318,307,625,60.38647342995169,305,283,588,56.97674418604651,25,25,50,11.627906976744185,1804519000,3rd
Murcia,2025,359,415,774,43.532058492688414,428,407,835,42.580316165221824,515,465,980,49.97450280469148,606,583,1189,60.63233044365119,639,574,1213,61.856195818459966,651,615,1266,64.55889852116267,499,477,976,49.77052524222336,503,446,949,48.393676695563485,482,501,983,50.12748597654259,486,475,961,49.005609382967876,375,385,760,38.75573686894442,703,646,1349,68.79143294237635,710,642,1352,68.94441611422744,694,645,1339,68.28148903620603,605,610,1215,61.958184599694036,561,607,1168,59.56144824069353,522,559,1081,55.464340687532065,77,61,138,19.060773480662984,1804520000,1st
Pontevedra,2025,278,275,553,58.21052631578948,155,170,325,31.100478468899524,164,173,337,32.248803827751196,299,267,566,54.162679425837325,294,260,554,53.014354066985646,331,292,623,59.61722488038278,183,174,357,34.162679425837325,192,178,370,35.406698564593306,185,188,373,35.693779904306226,196,190,386,36.9377990430622,206,194,400,38.27751196172249,302,268,570,54.54545454545454,361,332,693,66.3157894736842,381,337,718,68.70813397129186,305,274,579,55.406698564593306,300,272,572,54.736842105263165,258,240,498,47.655502392344495,47,27,74,17.090069284064665,1804521000,3rd
Pulupandan,2025,135,122,257,56.6079295154185,131,132,263,53.0241935483871,137,120,257,51.81451612903226,133,146,279,56.25,126,151,277,55.846774193548384,134,159,293,59.07258064516129,106,122,228,45.96774193548387,103,133,236,47.58064516129033,115,141,256,51.61290322580645,143,165,308,62.096774193548384,136,156,292,58.87096774193549,141,149,290,58.46774193548387,153,173,326,65.7258064516129,181,193,374,75.40322580645162,136,146,282,56.85483870967742,128,138,266,53.62903225806451,120,123,243,48.99193548387097,6,15,21,10.294117647058822,1804522000,3rd
City of Sagay,2025,833,746,1579,50.96836668818593,1167,1077,2244,66.42984014209591,1250,1125,2375,70.30787448194198,951,900,1851,54.79573712255773,1024,976,2000,59.20663114268798,1137,1183,2320,68.67969212551806,731,718,1449,42.89520426287744,789,741,1530,45.293072824156305,814,784,1598,47.3060982830077,841,799,1640,48.549437537004145,939,896,1835,54.32208407341622,1095,1033,2128,62.99585553582001,1241,1173,2414,71.4624037892244,1291,1226,2517,74.51154529307283,1094,1023,2117,62.670219064535225,1024,1023,2047,60.59798697454115,1024,1023,2047,60.90449271050282,63,47,110,9.892086330935252,1804523000,3rd
City of San Carlos,2025,862,794,1656,63.49693251533742,1344,1098,2442,86.10719322990127,1117,934,2051,72.32016925246828,817,782,1599,56.382228490832155,890,879,1769,62.37658674188998,997,938,1935,68.22990126939351,610,623,1233,43.47672778561354,637,626,1263,44.5345557122708,650,653,1303,45.94499294781382,734,726,1460,51.48095909732017,787,709,1496,52.750352609308884,1069,995,2064,72.77856135401974,1193,1123,2316,81.66431593794076,1145,1073,2218,78.20874471086037,976,862,1838,64.8095909732017,951,871,1822,64.24541607898449,802,742,1544,54.849023090586144,178,141,319,25.458898643256184,1804524000,2nd
San Enrique,2025,129,95,224,57.289002557544755,129,97,226,52.31481481481482,143,100,243,56.25,113,105,218,50.46296296296296,106,98,204,47.22222222222222,121,119,240,55.55555555555556,74,64,138,31.944444444444443,76,72,148,34.25925925925926,80,85,165,38.19444444444444,112,114,226,52.31481481481482,106,97,203,46.99074074074074,125,127,252,58.333333333333336,128,131,259,59.95370370370371,133,135,268,62.03703703703704,107,101,208,48.148148148148145,90,74,164,37.96296296296296,90,74,164,37.96296296296296,29,23,52,20.8,1804525000,4th
City of Silay,2025,719,749,1468,64.30135786246167,1247,1162,2409,96.1292897047087,1162,1091,2253,89.90422984836393,622,659,1281,51.117318435754186,698,714,1412,56.34477254588987,919,956,1875,74.82043096568236,536,562,1098,43.81484437350359,535,555,1090,43.495610534716675,545,573,1118,44.612928970470875,278,266,544,21.707901037509977,214,249,463,18.4756584197925,737,756,1493,59.57701516360734,906,918,1824,72.78531524341581,914,975,1889,75.37909018355946,844,853,1697,67.71747805267358,963,1003,1966,78.45171588188347,920,958,1878,75.12,56,57,113,33.43195266272189,1804526000,3rd
City of Sipalay,2025,471,460,931,57.89800995024875,460,449,909,52.21137277426766,507,478,985,56.5766800689259,462,477,939,53.93452039058013,487,510,997,57.26593911545089,564,576,1140,65.47960941987364,288,310,598,34.34807581849512,269,309,578,33.19931074095347,290,315,605,34.75014359563469,294,329,623,35.78403216542217,295,284,579,33.25674899483056,556,528,1084,62.263067202757036,658,663,1321,75.87593337162551,668,675,1343,77.13957495692131,536,532,1068,61.34405514072372,575,562,1137,65.30729465824238,566,553,1119,64.60739030023095,4,8,12,2.6030368763557483,1804527000,4th
City of Talisay,2025,534,539,1073,54.55007625826131,553,524,1077,50.39775386055217,588,598,1186,55.49836218998596,532,471,1003,46.93495554515676,555,541,1096,51.28685072531586,553,549,1102,51.56761815629387,424,364,788,36.87412260177819,432,387,819,38.324754328497896,407,425,832,38.93308376228358,483,498,981,45.90547496490407,582,555,1137,53.20542817033223,548,535,1083,50.67852129153019,673,629,1302,60.92653252222742,634,616,1250,58.4932147870847,658,631,1289,60.318203088441734,654,601,1255,58.727187646233034,571,535,1106,51.949271958666046,54,40,94,22.11764705882353,1804528000,4th
Toboso,2025,234,201,435,52.79126213592234,140,133,273,30.066079295154186,116,86,202,22.24669603524229,228,213,441,48.56828193832599,232,214,446,49.118942731277535,247,230,477,52.5330396475771,223,217,440,48.458149779735685,232,218,450,49.55947136563877,242,235,477,52.5330396475771,185,170,355,39.09691629955947,121,119,240,26.431718061674008,267,255,522,57.48898678414097,345,323,668,73.568281938326,305,291,596,65.63876651982379,249,216,465,51.2114537444934,225,188,413,45.48458149779736,184,162,346,38.40177580466148,19,6,25,7.440476190476191,1804529000,3rd
Valladolid,2025,205,193,398,54.670329670329664,219,210,429,54.23514538558787,210,203,413,52.21238938053098,225,216,441,55.75221238938053,223,222,445,56.25790139064475,241,230,471,59.5448798988622,159,156,315,39.823008849557525,176,164,340,42.983565107458915,175,179,354,44.75347661188369,198,202,400,50.56890012642224,226,196,422,53.35018963337548,211,209,420,53.09734513274337,253,236,489,61.820480404551205,302,280,582,73.57774968394438,246,216,462,58.4070796460177,251,213,464,58.659924146649814,250,212,462,58.4070796460177,5,5,10,2.881844380403458,1804530000,4th
City of Victorias,2025,412,412,824,50.09118541033435,391,384,775,43.03164908384231,418,453,871,48.36202109938923,605,522,1127,62.57634647418101,627,547,1174,65.18600777345918,692,608,1300,72.18212104386453,484,406,890,49.416990560799555,515,424,939,52.137701277068295,509,461,970,53.85896724042198,390,383,773,42.92059966685175,332,310,642,35.64686285397002,614,554,1168,64.8528595224875,713,612,1325,73.57023875624652,722,612,1334,74.06996113270405,594,516,1110,61.632426429761246,540,497,1037,57.57912270960578,505,473,978,54.303164908384225,61,50,111,16.76737160120846,1804531000,4th
Salvador Benedicto,2025,208,171,379,61.9281045751634,148,122,270,40.17857142857143,146,117,263,39.13690476190476,189,153,342,50.89285714285714,203,180,383,56.99404761904761,212,213,425,63.24404761904761,178,142,320,47.61904761904761,158,139,297,44.19642857142857,181,185,366,54.46428571428571,202,197,399,59.375,171,174,345,51.33928571428571,248,194,442,65.77380952380952,285,266,551,81.99404761904762,318,286,604,89.88095238095238,217,228,445,66.22023809523809,220,227,447,66.51785714285714,192,205,397,60.151515151515156,27,31,58,21.641791044776117,1804532000,4th
Negros Oriental,2025,4415,4544,8959,30.58305455041988,3882,3660,7542,23.7296668030079,2616,2663,5279,16.60950822766888,8800,8460,17260,54.30576094138376,9172,8897,18069,56.8511468395054,9812,9626,19438,61.158480948934965,7438,7189,14627,46.021458012144855,7589,7333,14922,46.94962715917314,7733,7556,15289,48.104332504798165,8244,8037,16281,51.2254979076865,7460,7135,14595,45.92077525721297,8637,8299,16936,53.28634804769845,8775,8588,17363,54.62983355882075,8567,8422,16989,53.453103860554386,8575,8275,16850,53.01576314381903,7959,7667,15626,49.16464776767454,7046,6863,13909,44.22716143597571,1273,1197,2470,17.647899399828525,1804600000,1st
Amlan,2025,29,33,62,12.73100616016427,18,18,36,6.857142857142858,24,22,46,8.761904761904763,122,130,252,48.0,109,136,245,46.666666666666664,108,126,234,44.57142857142857,110,112,222,42.285714285714285,102,120,222,42.285714285714285,98,112,210,40.0,102,114,216,41.14285714285714,123,124,247,47.04761904761905,127,131,258,49.142857142857146,118,133,251,47.80952380952381,120,112,232,44.19047619047619,126,128,254,48.38095238095238,119,125,244,46.476190476190474,98,104,202,39.071566731141196,22,20,42,17.5,1804601000,4th
Ayungon,2025,91,93,184,18.16386969397828,121,123,244,22.385321100917434,7,7,14,1.2844036697247707,258,259,517,47.43119266055046,279,269,548,50.27522935779817,321,312,633,58.07339449541284,227,218,445,40.825688073394495,236,230,466,42.75229357798165,256,228,484,44.403669724770644,263,243,506,46.42201834862386,268,258,526,48.25688073394495,254,235,489,44.862385321100916,260,265,525,48.1651376146789,268,265,533,48.89908256880734,286,284,570,52.293577981651374,278,272,550,50.45871559633027,250,251,501,46.38888888888889,40,35,75,17.321016166281755,1804602000,2nd
Bacong,2025,77,77,154,18.35518474374255,17,13,30,3.303964757709251,14,13,27,2.973568281938326,153,155,308,33.92070484581498,168,177,345,37.99559471365639,211,185,396,43.61233480176212,145,154,299,32.929515418502206,160,163,323,35.5726872246696,171,168,339,37.33480176211454,177,162,339,37.33480176211454,156,142,298,32.819383259911895,149,159,308,33.92070484581498,151,170,321,35.352422907488986,160,128,288,31.718061674008812,145,145,290,31.938325991189426,139,140,279,30.726872246696036,139,140,279,31.38357705286839,0,0,0,0.0,1804603000,4th
City of Bais,2025,184,230,414,23.115577889447238,138,140,278,14.337287261474987,39,47,86,4.43527591542032,560,511,1071,55.23465703971119,576,571,1147,59.1542031975245,603,598,1201,61.93914388860237,395,364,759,39.14388860237236,376,366,742,38.26714801444043,375,392,767,39.556472408457964,459,503,962,49.61320268179474,361,301,662,34.14130995358432,521,490,1011,52.1402784940691,467,525,992,51.16039195461578,470,506,976,50.33522434244456,423,416,839,43.26972666322847,303,316,619,31.923671995874166,183,165,348,18.096723868954758,176,176,352,26.249067859806114,1804604000,3rd
Basay,2025,104,109,213,30.255681818181817,122,118,240,31.372549019607842,111,113,224,29.28104575163399,235,238,473,61.830065359477125,233,254,487,63.66013071895424,255,274,529,69.15032679738562,180,183,363,47.45098039215686,179,192,371,48.49673202614379,196,208,404,52.81045751633987,213,219,432,56.470588235294116,203,221,424,55.42483660130719,233,241,474,61.96078431372549,228,254,482,63.006535947712415,231,238,469,61.30718954248366,234,242,476,62.22222222222222,205,223,428,55.947712418300654,191,209,400,53.12084993359893,20,30,50,13.123359580052494,1804605000,4th
City of Bayawan,2025,612,721,1333,50.396975425330815,567,570,1137,39.561586638830896,251,286,537,18.684759916492695,937,938,1875,65.24008350730689,966,986,1952,67.91927627000696,1022,1081,2103,73.17327766179541,728,746,1474,51.28740431454419,746,784,1530,53.23590814196242,754,810,1564,54.41892832289492,848,893,1741,60.577592205984686,717,741,1458,50.73068893528184,962,948,1910,66.45789839944328,1050,1061,2111,73.45163535142657,998,1060,2058,71.60751565762004,1015,1031,2046,71.18997912317327,1031,1058,2089,72.68615170494085,894,946,1840,64.74313863476425,138,128,266,24.203821656050955,1804606000,2nd
Bindoy,2025,152,136,288,32.91428571428571,182,147,329,34.63157894736842,102,87,189,19.894736842105264,285,238,523,55.05263157894736,281,268,549,57.78947368421052,296,279,575,60.526315789473685,279,233,512,53.89473684210526,270,260,530,55.78947368421052,269,250,519,54.63157894736842,250,229,479,50.421052631578945,204,219,423,44.526315789473685,277,242,519,54.63157894736842,282,248,530,55.78947368421052,251,240,491,51.68421052631579,240,244,484,50.94736842105263,252,227,479,50.421052631578945,241,215,456,48.45908607863974,9,8,17,5.902777777777778,1804607000,3rd
City of Canlaon,2025,196,223,419,32.556332556332556,140,129,269,19.38040345821326,99,108,207,14.913544668587896,346,320,666,47.982708933717575,351,336,687,49.4956772334294,388,377,765,55.11527377521613,337,320,657,47.3342939481268,339,334,673,48.487031700288185,344,352,696,50.14409221902017,341,346,687,49.4956772334294,339,317,656,47.262247838616716,336,313,649,46.757925072046106,338,327,665,47.91066282420749,352,340,692,49.85590778097983,338,341,679,48.9193083573487,358,299,657,47.3342939481268,337,286,623,45.24328249818446,33,33,66,13.552361396303903,1804608000,4th
Dauin,2025,97,119,216,45.18828451882845,16,21,37,7.061068702290077,13,19,32,6.106870229007633,155,148,303,57.82442748091603,158,145,303,57.82442748091603,174,172,346,66.03053435114504,120,109,229,43.70229007633588,125,109,234,44.656488549618324,147,131,278,53.05343511450382,168,148,316,60.30534351145038,175,157,332,63.358778625954194,153,154,307,58.587786259541986,168,152,320,61.06870229007634,169,165,334,63.74045801526718,184,160,344,65.64885496183206,187,168,355,67.74809160305344,183,167,350,67.04980842911877,4,1,5,5.0,1804609000,4th
City of Dumaguete ,2025,501,520,1021,46.813388353966076,555,535,1090,46.26485568760611,550,552,1102,46.774193548387096,811,771,1582,67.14770797962647,870,747,1617,68.63327674023769,945,846,1791,76.01867572156196,653,611,1264,53.65025466893039,709,606,1315,55.81494057724957,707,627,1334,56.6213921901528,774,724,1498,63.582342954159586,790,707,1497,63.539898132427844,829,777,1606,68.16638370118847,882,770,1652,70.11884550084889,868,812,1680,71.30730050933785,838,753,1591,67.52971137521222,739,666,1405,59.63497453310696,739,666,1405,60.068405301410856,112,85,197,34.62214411247803,1804610000,3rd
City of Guihulngan,2025,185,191,376,15.771812080536913,149,141,290,11.270890011659542,60,60,120,4.663816556548776,532,575,1107,43.02370773416246,593,596,1189,46.21064904780412,583,633,1216,47.260007773027596,415,481,896,34.82316362223086,459,486,945,36.727555382821606,444,469,913,35.483870967741936,483,506,989,38.43762145355616,432,406,838,32.568985619898946,511,535,1046,40.65293431791683,531,567,1098,42.67392149242129,504,543,1047,40.69179945588807,522,525,1047,40.69179945588807,456,462,918,35.678196657598136,384,413,797,31.304006284367635,111,106,217,13.919178960872355,1804611000,5th
Jimalalud,2025,8,13,21,2.6582278481012658,74,87,161,18.896713615023476,8,19,27,3.169014084507042,147,144,291,34.154929577464785,168,179,347,40.72769953051643,194,213,407,47.76995305164319,142,138,280,32.863849765258216,150,157,307,36.032863849765256,147,155,302,35.44600938967136,163,178,341,40.02347417840376,103,103,206,24.178403755868544,136,137,273,32.04225352112676,147,173,320,37.558685446009385,144,148,292,34.27230046948357,175,147,322,37.79342723004695,143,126,269,31.572769953051644,136,123,259,30.79667063020214,2,4,6,1.2096774193548387,1804612000,4th
La Libertad,2025,145,110,255,28.23920265780731,34,40,74,7.574206755373593,38,39,77,7.881269191402252,209,205,414,42.37461617195496,228,218,446,45.64994882292733,244,244,488,49.94882292732856,161,162,323,33.0603889457523,191,188,379,38.792221084953944,196,211,407,41.65813715455476,200,197,397,40.634595701125896,123,130,253,25.895598771750254,207,203,410,41.96519959058342,202,203,405,41.453428863868986,168,167,335,34.28863868986694,187,180,367,37.5639713408393,183,144,327,33.469805527123846,155,117,272,28.128231644260598,29,25,54,12.053571428571429,1804613000,3rd
Mabinay,2025,303,304,607,31.763474620617476,248,231,479,23.14009661835749,161,177,338,16.32850241545894,651,610,1261,60.91787439613526,698,681,1379,66.61835748792271,749,709,1458,70.43478260869566,605,568,1173,56.666666666666664,586,575,1161,56.086956521739125,616,570,1186,57.29468599033817,623,575,1198,57.874396135265705,563,489,1052,50.82125603864734,634,599,1233,59.56521739130435,652,605,1257,60.72463768115942,610,615,1225,59.17874396135265,673,569,1242,60.0,598,539,1137,54.927536231884055,515,469,984,48.046875,89,82,171,25.83081570996979,1804614000,1st
Manjuyod,2025,51,42,93,10.414333706606943,30,21,51,5.25231719876416,11,8,19,1.956745623069001,213,211,424,43.666323377960865,232,221,453,46.6529351184346,237,236,473,48.71266735324408,203,202,405,41.70957775489186,207,201,408,42.01853759011328,207,212,419,43.151390319258496,207,205,412,42.430484037075175,164,182,346,35.633367662203916,206,199,405,41.70957775489186,214,207,421,43.35736354273945,206,195,401,41.29763130792997,209,209,418,43.04840370751803,191,171,362,37.28115345005149,135,123,258,26.903023983315954,61,37,98,17.314487632508836,1804615000,2nd
Pamplona,2025,178,181,359,46.80573663624511,142,143,285,34.29602888086642,152,128,280,33.69434416365824,254,286,540,64.98194945848375,260,313,573,68.95306859205776,272,334,606,72.92418772563177,224,264,488,58.724428399518644,226,264,490,58.96510228640193,236,283,519,62.454873646209386,250,295,545,65.58363417569194,206,227,433,52.105896510228646,253,277,530,63.77858002406739,212,273,485,58.36341756919374,204,255,459,55.23465703971119,236,249,485,58.36341756919374,239,244,483,58.12274368231047,212,201,413,50.304506699147375,32,44,76,22.686567164179106,1804616000,3rd
San Jose,2025,35,20,55,12.44343891402715,7,0,7,1.443298969072165,0,1,1,0.2061855670103093,150,102,252,51.958762886597945,149,110,259,53.402061855670105,156,114,270,55.670103092783506,143,102,245,50.51546391752577,143,106,249,51.340206185567006,150,115,265,54.63917525773196,148,107,255,52.57731958762887,131,109,240,49.48453608247423,139,100,239,49.27835051546392,143,112,255,52.57731958762887,138,100,238,49.072164948453604,155,126,281,57.938144329896915,120,120,240,49.48453608247423,105,94,199,41.544885177453025,14,14,28,11.864406779661017,1804617000,5th
Santa Catalina,2025,130,157,287,16.628041714947855,251,207,458,24.4136460554371,145,167,312,16.631130063965884,532,505,1037,55.27718550106609,569,503,1072,57.14285714285714,636,558,1194,63.646055437100216,468,426,894,47.6545842217484,470,408,878,46.80170575692964,479,441,920,49.040511727078886,489,445,934,49.78678038379531,426,364,790,42.11087420042644,532,494,1026,54.69083155650319,577,509,1086,57.88912579957356,539,478,1017,54.211087420042645,475,432,907,48.347547974413644,405,394,799,42.59061833688699,363,372,735,39.902280130293164,84,75,159,17.745535714285715,1804618000,1st
Siaton,2025,296,263,559,31.90639269406393,257,219,476,25.06582411795682,125,113,238,12.53291205897841,568,522,1090,57.3986308583465,586,551,1137,59.87361769352291,626,606,1232,64.87625065824118,377,339,716,37.70405476566614,381,348,729,38.388625592417064,367,335,702,36.96682464454976,423,414,837,44.07582938388626,429,431,860,45.286993154291736,510,475,985,51.86940494997367,496,437,933,49.13112164296998,502,486,988,52.027382833070035,461,468,929,48.92048446550816,401,395,796,41.91679831490258,402,393,795,42.108050847457626,70,83,153,17.327293318233295,1804619000,1st
Sibulan,2025,214,193,407,35.57692307692308,165,169,334,26.74139311449159,156,159,315,25.22017614091273,394,404,798,63.89111289031225,405,395,800,64.05124099279423,408,436,844,67.57405924739793,392,397,789,63.17053642914331,401,384,785,62.85028022417934,390,404,794,63.570856685348275,408,410,818,65.49239391513211,383,401,784,62.770216172938355,398,412,810,64.85188150520416,401,386,787,63.01040832666133,374,383,757,60.608486789431545,394,402,796,63.730984787830266,372,369,741,59.32746196957566,320,340,660,53.484602917341974,54,49,103,21.280991735537192,1804620000,2nd
City of Tanjay,2025,320,303,623,42.61285909712722,252,221,473,29.673776662484315,201,178,379,23.776662484316187,433,396,829,52.00752823086575,433,417,850,53.324968632371395,470,435,905,56.77540777917189,392,369,761,47.74153074027603,386,374,760,47.67879548306148,425,371,796,49.937264742785445,442,396,838,52.57214554579674,403,410,813,51.00376411543287,430,388,818,51.31744040150564,413,410,823,51.63111668757841,448,388,836,52.446675031367626,435,443,878,55.081555834378925,422,435,857,53.76411543287327,372,384,756,47.69716088328076,65,71,136,19.400855920114125,1804621000,4th
Tayasan,2025,71,70,141,18.076923076923077,112,98,210,24.59016393442623,61,65,126,14.754098360655737,243,209,452,52.92740046838408,239,210,449,52.57611241217799,262,226,488,57.14285714285714,238,215,453,53.04449648711944,236,199,435,50.93676814988291,240,219,459,53.74707259953162,253,206,459,53.74707259953162,228,181,409,47.89227166276346,239,217,456,53.39578454332553,238,211,449,52.57611241217799,245,216,461,53.98126463700235,232,197,429,50.23419203747073,244,199,443,51.87353629976581,196,168,364,43.02600472813239,35,30,65,17.473118279569892,1804622000,3rd
Valencia,2025,125,138,263,42.1474358974359,54,50,104,15.072463768115943,56,56,112,16.231884057971012,184,198,382,55.362318840579704,197,198,395,57.2463768115942,218,207,425,61.59420289855072,181,195,376,54.492753623188406,191,191,382,55.362318840579704,192,178,370,53.62318840579711,194,178,372,53.91304347826087,207,187,394,57.10144927536231,176,197,373,54.05797101449276,190,191,381,55.21739130434783,182,184,366,53.04347826086957,213,193,406,58.84057971014492,201,187,388,56.231884057971016,187,175,362,52.846715328467155,15,11,26,14.285714285714285,1804623000,1st
Vallehermoso,2025,225,225,450,54.151624548736464,211,188,399,44.13716814159292,217,218,435,48.11946902654867,255,239,494,54.64601769911505,249,251,500,55.309734513274336,259,254,513,56.74778761061947,194,168,362,40.04424778761062,192,178,370,40.929203539823014,192,190,382,42.256637168141594,215,201,416,46.017699115044245,206,201,407,45.02212389380531,250,226,476,52.654867256637175,238,238,476,52.654867256637175,247,248,495,54.756637168141594,234,233,467,51.65929203539823,242,245,487,53.87168141592921,192,212,404,45.24076147816349,46,38,84,17.31958762886598,1804624000,3rd
Zamboanguita,2025,86,73,159,27.17948717948718,20,31,51,7.981220657276995,15,21,36,5.633802816901409,173,146,319,49.92175273865415,175,165,340,53.20813771517997,175,171,346,54.147104851330205,129,113,242,37.8716744913928,128,110,238,37.245696400625974,135,125,260,40.68857589984351,151,143,294,46.009389671361504,120,127,247,38.654147104851326,175,150,325,50.86071987480438,177,161,338,52.895148669796555,169,150,319,49.92175273865415,145,158,303,47.417840375586856,131,143,274,42.87949921752739,117,130,247,39.08227848101266,12,12,24,7.643312101910828,1804625000,4th
Siquijor ,2025,463,438,901,53.91980849790544,461,444,905,50.89988751406074,426,387,813,45.72553430821147,536,528,1064,59.84251968503938,546,500,1046,58.83014623172104,509,501,1010,56.80539932508436,532,530,1062,59.730033745781775,542,500,1042,58.60517435320585,505,495,1000,56.2429696287964,510,492,1002,56.35545556805399,508,490,998,56.13048368953881,534,527,1061,59.67379077615298,548,505,1053,59.22384701912261,503,485,988,55.56805399325084,519,492,1011,56.861642294713164,525,483,1008,56.69291338582677,513,479,992,55.793025871766034,10,7,17,2.380952380952381,1806100000,5th
Enrique Villanueva,2025,22,27,49,45.794392523364486,25,31,56,50.45045045045045,20,27,47,42.34234234234234,27,27,54,48.64864864864865,29,27,56,50.45045045045045,27,24,51,45.94594594594595,27,27,54,48.64864864864865,29,27,56,50.45045045045045,27,24,51,45.94594594594595,27,24,51,45.94594594594595,30,25,55,49.549549549549546,27,27,54,48.64864864864865,29,27,56,50.45045045045045,27,24,51,45.94594594594595,30,25,55,49.549549549549546,35,30,65,58.55855855855856,35,30,65,58.55855855855856,0,0,0,0.0,1806101000,5th
Larena,2025,59,63,122,55.96330275229357,53,64,117,52.0,58,63,121,53.77777777777778,57,67,124,55.111111111111114,54,67,121,53.77777777777778,63,66,129,57.333333333333336,56,67,123,54.666666666666664,52,66,118,52.44444444444445,64,64,128,56.888888888888886,63,64,127,56.44444444444444,70,62,132,58.666666666666664,60,66,126,56.00000000000001,53,66,119,52.888888888888886,63,64,127,56.44444444444444,70,62,132,58.666666666666664,62,68,130,57.77777777777777,62,68,130,57.77777777777777,0,0,0,0.0,1806102000,5th
Lazi,2025,104,91,195,53.278688524590166,111,103,214,54.04040404040404,109,102,211,53.28282828282829,114,118,232,58.58585858585859,113,117,230,58.080808080808076,114,114,228,57.57575757575758,111,119,230,58.080808080808076,114,117,231,58.333333333333336,108,113,221,55.80808080808081,111,114,225,56.81818181818182,112,117,229,57.82828282828283,111,117,228,57.57575757575758,116,118,234,59.09090909090909,102,106,208,52.52525252525253,115,117,232,58.58585858585859,114,112,226,57.07070707070707,109,108,217,54.7979797979798,5,6,11,8.088235294117647,1806103000,4th
Maria,2025,84,54,138,55.42168674698795,81,53,134,51.34099616858238,74,54,128,49.042145593869726,78,65,143,54.78927203065134,78,62,140,53.63984674329502,76,60,136,52.10727969348659,78,65,143,54.78927203065134,77,61,138,52.87356321839081,76,58,134,51.34099616858238,80,57,137,52.490421455938694,79,61,140,53.63984674329502,78,64,142,54.406130268199234,77,62,139,53.25670498084292,76,56,132,50.57471264367817,83,62,145,55.55555555555556,79,63,142,54.406130268199234,79,63,142,54.406130268199234,0,0,0,0.0,1806104000,5th
San Juan,2025,65,88,153,63.48547717842323,58,92,150,57.03422053231939,33,31,64,24.334600760456272,91,94,185,70.34220532319392,97,92,189,71.86311787072243,89,98,187,71.10266159695817,90,95,185,70.34220532319392,95,94,189,71.86311787072243,87,99,186,70.72243346007605,87,99,186,70.72243346007605,107,93,200,76.04562737642586,89,96,185,70.34220532319392,95,95,190,72.24334600760456,86,101,187,71.10266159695817,105,94,199,75.66539923954373,93,84,177,67.30038022813687,88,83,171,65.0190114068441,5,1,6,6.122448979591836,1806105000,5th
Siquijor ,2025,129,115,244,49.795918367346935,133,101,234,44.827586206896555,132,110,242,46.36015325670498,169,157,326,62.45210727969349,175,135,310,59.38697318007663,140,139,279,53.44827586206896,170,157,327,62.643678160919535,175,135,310,59.38697318007663,143,137,280,53.63984674329502,142,134,276,52.87356321839081,110,132,242,46.36015325670498,169,157,326,62.45210727969349,178,137,315,60.3448275862069,149,134,283,54.214559386973185,116,132,248,47.509578544061306,142,126,268,51.34099616858238,140,127,267,51.14942528735632,0,0,0,0.0,1806106000,4th
City of Bacolod ,2025,2603,2522,5125,49.54084098598357,1966,1757,3723,33.05513628695729,1936,1723,3659,32.486904022019,3625,3376,7001,62.15928260676552,3726,3486,7212,64.03267335523395,4006,3771,7777,69.04909881914233,3505,3355,6860,60.90739589807333,3528,3344,6872,61.013939447749266,3566,3372,6938,61.59992897096688,3495,3303,6798,60.35692089141437,3473,3297,6770,60.10831927550386,3428,3239,6667,59.193820474118795,3973,3778,7751,68.81825446151115,4137,3862,7999,71.02015448814703,3582,3330,6912,61.3690846133357,3486,3226,6712,59.59335878540354,2939,2641,5580,49.46808510638298,661,540,1201,19.976713240186296,1830200000,1st
BARMM,2025,31397,31348,62745,46.288509206798864,44331,44422,88753,59.84612479939583,25495,25368,50863,34.29690766139365,46782,46606,93388,62.97150409299942,46591,46314,92905,62.64581731871451,46305,45905,92210,62.177178999608905,45486,45267,90753,61.19472427883643,45102,44710,89812,60.56020822375962,44708,44413,89121,60.0942671036129,43053,42729,85782,57.84278027268681,38187,38316,76503,51.58595298782215,46801,46407,93208,62.85013013984977,46659,46687,93346,62.94318350393117,44498,44652,89150,60.113821796064784,44791,44595,89386,60.27295653463878,44678,44946,89624,60.433439872692205,43477,43812,87289,59.28066446175474,3450,3436,6886,9.678688893261743,1900000000,
Basilan,2025,1408,1347,2755,23.557075673364686,2596,2509,5105,39.91087483386757,1138,1151,2289,17.895395199749824,2827,2706,5533,43.256977562348524,2769,2739,5508,43.061527636619495,2455,2317,4772,37.307481823156905,2745,2716,5461,42.69408177624893,2583,2544,5127,40.08287076850911,2354,2317,4671,36.51786412321164,2274,2179,4453,34.81354077085451,1683,1670,3353,26.213744038777264,3074,2915,5989,46.821984207646,3024,2909,5933,46.384176374012974,2592,2593,5185,40.53631459620045,2234,2171,4405,34.43827691345477,2013,1963,3976,31.08435618794465,1867,1844,3711,29.112732407625323,389,421,810,9.210825562883784,1900700000,3rd
City of Lamitan,2025,519,486,1005,37.98185941043084,759,703,1462,50.85217391304347,446,427,873,30.36521739130435,858,800,1658,57.66956521739131,792,742,1534,53.356521739130436,783,714,1497,52.0695652173913,874,815,1689,58.74782608695652,806,777,1583,55.060869565217395,747,730,1477,51.37391304347826,769,717,1486,51.686956521739134,595,561,1156,40.208695652173915,904,856,1760,61.21739130434782,886,833,1719,59.79130434782609,812,783,1595,55.47826086956522,681,647,1328,46.19130434782608,649,624,1273,44.278260869565216,629,590,1219,42.53314724354501,66,92,158,8.812046848856665,1900702000,6th
Lantawan,2025,69,74,143,15.995525727069351,108,113,221,22.551020408163268,44,47,91,9.285714285714286,154,149,303,30.918367346938773,131,117,248,25.30612244897959,126,123,249,25.408163265306122,137,127,264,26.93877551020408,120,122,242,24.693877551020407,102,96,198,20.20408163265306,107,89,196,20.0,66,68,134,13.673469387755102,175,154,329,33.57142857142857,160,135,295,30.102040816326532,119,104,223,22.75510204081633,117,108,225,22.95918367346939,122,108,230,23.46938775510204,111,99,210,21.472392638036812,15,13,28,3.8997214484679668,1900703000,3rd
Maluso,2025,89,117,206,17.052980132450333,309,332,641,48.15927873779113,125,148,273,20.510894064613073,324,325,649,48.760330578512395,281,535,816,61.30728775356874,252,270,522,39.21863260706236,338,334,672,50.48835462058603,291,292,583,43.80165289256198,254,275,529,39.744552967693465,241,257,498,37.415477084898576,193,201,394,29.601803155522166,399,387,786,59.053343350864004,356,372,728,54.69571750563485,270,320,590,44.32757325319309,241,273,514,38.6175807663411,234,230,464,34.86100676183321,214,213,427,32.27513227513227,38,47,85,10.167464114832537,1900704000,4th
Sumisip,2025,129,93,222,15.557112824106516,347,332,679,43.55355997434253,50,50,100,6.414368184733804,372,343,715,45.86273252084669,523,324,847,54.32969852469532,330,314,644,41.308531109685696,329,369,698,44.772289929441946,343,343,686,44.00256574727389,327,319,646,41.43681847338037,301,281,582,37.33162283515073,193,186,379,24.310455420141118,351,345,696,44.64400256574728,315,314,629,40.346375881975625,254,267,521,33.418858242463116,291,266,557,35.72803078896729,250,230,480,30.788967286722258,223,226,449,29.080310880829014,55,63,118,12.215320910973086,1900705000,1st
Tipo-Tipo,2025,128,110,238,36.50306748466258,175,181,356,49.58217270194986,77,83,160,22.284122562674096,192,193,385,53.62116991643454,154,163,317,44.15041782729805,151,140,291,40.52924791086351,188,210,398,55.43175487465181,160,170,330,45.96100278551532,150,147,297,41.364902506963794,147,138,285,39.693593314763234,101,130,231,32.17270194986072,184,175,359,50.0,189,182,371,51.67130919220055,153,154,307,42.757660167130915,120,114,234,32.590529247910865,115,117,232,32.31197771587744,102,111,213,29.873772791023846,16,13,29,5.88235294117647,1900706000,3rd
Tuburan,2025,170,172,342,45.66088117489986,251,249,500,62.03473945409429,211,210,421,52.23325062034739,251,240,491,60.9181141439206,250,249,499,61.9106699751861,257,247,504,62.531017369727046,234,222,456,56.575682382134,230,225,455,56.451612903225815,232,223,455,56.451612903225815,220,238,458,56.82382133995038,162,210,372,46.15384615384615,280,255,535,66.37717121588089,319,335,654,81.14143920595534,331,341,672,83.37468982630273,232,272,504,62.531017369727046,226,263,489,60.66997518610422,226,263,489,60.89663760896637,5,2,7,1.9283746556473829,1900707000,2nd
Akbar,2025,23,30,53,10.75050709939148,67,48,115,21.335807050092765,36,32,68,12.615955473098332,63,59,122,22.634508348794064,65,58,123,22.820037105751393,56,46,102,18.923933209647494,63,50,113,20.964749536178108,62,50,112,20.77922077922078,42,36,78,14.471243042671613,42,31,73,13.543599257884972,38,27,65,12.059369202226346,67,55,122,22.634508348794064,74,65,139,25.788497217068645,60,59,119,22.07792207792208,44,32,76,14.100185528756956,27,25,52,9.647495361781075,26,21,47,8.719851576994433,17,27,44,8.712871287128712,1900708000,-
Al-Barka,2025,62,63,125,16.129032258064516,124,122,246,29.25089179548157,99,100,199,23.662306777645657,99,121,220,26.159334126040427,103,116,219,26.040428061831157,109,99,208,24.732461355529132,93,114,207,24.61355529131986,98,104,202,24.019024970273485,93,95,188,22.35434007134364,81,97,178,21.16527942925089,51,50,101,12.009512485136742,107,121,228,27.110582639714625,135,115,250,29.72651605231867,138,130,268,31.866825208085615,92,83,175,20.80856123662307,101,86,187,22.235434007134362,96,78,174,20.689655172413794,12,10,22,3.268945022288262,1900709000,-
Hadji Mohammad Ajul,2025,48,44,92,11.901681759379043,141,130,271,32.147093712930015,4,4,8,0.9489916963226572,143,129,272,32.26571767497035,124,117,241,28.58837485172005,104,102,206,24.436536180308423,143,139,282,33.45195729537366,128,119,247,29.30011862396204,117,109,226,26.809015421115067,89,86,175,20.759193357058127,61,46,107,12.69276393831554,151,146,297,35.231316725978644,138,137,275,32.62158956109134,89,95,184,21.826809015421116,102,98,200,23.72479240806643,56,56,112,13.285883748517199,48,49,97,11.506524317912218,59,54,113,14.848883048620237,1900710000,-
Ungkaya Pukan,2025,31,30,61,6.86936936936937,106,96,202,21.041666666666668,29,27,56,5.833333333333333,114,107,221,23.020833333333332,106,97,203,21.145833333333332,83,78,161,16.770833333333332,116,111,227,23.645833333333332,120,113,233,24.270833333333332,82,78,160,16.666666666666664,95,87,182,18.958333333333332,66,64,130,13.541666666666666,131,123,254,26.458333333333332,136,118,254,26.458333333333332,108,111,219,22.8125,92,79,171,17.8125,62,67,129,13.4375,55,62,117,12.21294363256785,32,32,64,8.421052631578947,1900711000,-
Hadji Muhtamad,2025,59,56,115,16.61849710982659,80,66,146,18.961038961038962,4,5,9,1.1688311688311688,103,93,196,25.454545454545453,105,83,188,24.415584415584416,76,77,153,19.870129870129873,111,96,207,26.88311688311688,111,104,215,27.92207792207792,95,95,190,24.675324675324674,74,67,141,18.31168831168831,55,44,99,12.857142857142856,133,114,247,32.077922077922075,118,122,240,31.16883116883117,100,78,178,23.116883116883116,91,74,165,21.428571428571427,71,61,132,17.142857142857142,52,50,102,13.246753246753245,29,32,61,10.234899328859061,1900712000,-
Tabuan-Lasa,2025,81,72,153,30.72289156626506,129,137,266,46.748681898066785,13,18,31,5.448154657293498,154,147,301,52.899824253075565,135,138,273,47.97891036906854,128,107,235,41.30052724077329,119,129,248,43.58523725834798,114,125,239,42.00351493848858,113,114,227,39.894551845342704,108,91,199,34.973637961335676,102,83,185,32.51318101933216,192,184,376,66.08084358523726,198,181,379,66.60808435852373,158,151,309,54.305799648506145,131,125,256,44.991212653778554,100,96,196,34.44639718804921,85,82,167,29.349736379613354,45,36,81,24.545454545454547,1900713000,-
Lanao Del Sur,2025,8926,9032,17958,53.58837396675719,11020,11129,22149,60.32191295822212,8880,8903,17783,48.43128710714091,11873,11876,23749,64.67944877171959,11606,11715,23321,63.51380794160902,11575,11627,23202,63.18971621548014,11422,11343,22765,61.99956424641865,11068,11061,22129,60.267443760553405,10917,10833,21750,59.23525246473119,10650,10677,21327,58.0832289340378,10032,9921,19953,54.34119505419686,11860,11855,23715,64.58685113568278,12118,12212,24330,66.26177896399587,12209,12194,24403,66.46059153548669,12192,11917,24109,65.65989432975653,11615,11629,23244,63.304101530584454,11459,11478,22937,62.78089503216094,1237,1149,2386,14.891094052299819,1903600000,1st
Bacolod-Kalawi,2025,33,25,58,9.897610921501707,134,111,245,37.925696594427244,124,104,228,35.294117647058826,143,122,265,41.021671826625386,144,124,268,41.48606811145511,123,119,242,37.461300309597526,156,132,288,44.58204334365325,136,116,252,39.0092879256966,111,112,223,34.52012383900929,106,109,215,33.28173374613003,101,91,192,29.721362229102166,156,131,287,44.42724458204334,132,112,244,37.77089783281733,113,108,221,34.21052631578947,116,103,219,33.90092879256966,119,84,203,31.424148606811148,117,80,197,30.495356037151705,1,2,3,1.006711409395973,1903601000,3rd
Balabagan,2025,32,36,68,8.751608751608751,176,206,382,45.20710059171598,98,87,185,21.893491124260358,233,245,478,56.5680473372781,224,276,500,59.171597633136095,228,268,496,58.698224852071,214,236,450,53.25443786982249,211,256,467,55.26627218934911,223,265,488,57.75147928994083,238,275,513,60.71005917159763,206,221,427,50.53254437869823,241,237,478,56.5680473372781,237,285,522,61.77514792899408,245,269,514,60.82840236686391,209,229,438,51.83431952662721,192,236,428,50.650887573964496,176,217,393,46.730083234244944,19,17,36,6.282722513089005,1903602000,4th*
Balindong,2025,218,193,411,50.61576354679803,326,304,630,70.70707070707071,227,211,438,49.158249158249156,396,376,772,86.64421997755332,365,367,732,82.15488215488216,346,367,713,80.02244668911335,348,322,670,75.19640852974186,321,322,643,72.16610549943884,306,328,634,71.15600448933782,313,345,658,73.84960718294052,372,327,699,78.45117845117845,388,375,763,85.6341189674523,376,393,769,86.30751964085297,375,369,744,83.5016835016835,423,363,786,88.21548821548821,403,358,761,85.40965207631874,399,354,753,85.56818181818183,34,22,56,38.88888888888889,1903603000,4th*
Bayang,2025,147,147,294,86.98224852071006,147,147,294,75.0,106,109,215,54.8469387755102,159,142,301,76.78571428571429,146,134,280,71.42857142857143,138,123,261,66.58163265306123,147,141,288,73.46938775510205,136,134,270,68.87755102040816,129,123,252,64.28571428571429,133,125,258,65.81632653061224,125,128,253,64.54081632653062,154,147,301,76.78571428571429,147,132,279,71.1734693877551,139,121,260,66.3265306122449,126,129,255,65.05102040816327,121,123,244,62.244897959183675,121,123,244,62.244897959183675,29,30,59,26.10619469026549,1903604000,5th
Binidayan,2025,137,142,279,38.16689466484268,140,149,289,35.76732673267327,137,142,279,34.52970297029702,192,185,377,46.65841584158416,169,166,335,41.46039603960396,163,161,324,40.099009900990104,182,179,361,44.67821782178218,142,136,278,34.4059405940594,134,146,280,34.65346534653465,142,147,289,35.76732673267327,119,132,251,31.064356435643564,192,186,378,46.78217821782179,163,152,315,38.98514851485149,155,157,312,38.613861386138616,154,165,319,39.48019801980198,163,160,323,39.975247524752476,163,160,323,39.975247524752476,18,19,37,7.0476190476190474,1903605000,4th
Bubong,2025,115,117,232,31.266846361185983,163,159,322,39.851485148514854,160,157,317,39.23267326732673,202,207,409,50.61881188118812,226,206,432,53.46534653465347,229,184,413,51.113861386138616,190,181,371,45.915841584158414,210,169,379,46.9059405940594,228,162,390,48.26732673267327,225,151,376,46.53465346534654,235,213,448,55.44554455445545,193,183,376,46.53465346534654,228,198,426,52.722772277227726,233,177,410,50.742574257425744,255,226,481,59.52970297029702,287,261,548,67.82178217821783,287,260,547,68.71859296482413,18,2,20,3.418803418803419,1903606000,2nd
Butig,2025,217,222,439,55.49936788874842,317,307,624,72.47386759581882,270,270,540,62.7177700348432,358,309,667,77.46806039488966,336,292,628,72.93844367015099,332,281,613,71.19628339140534,303,289,592,68.75725900116144,264,265,529,61.440185830429726,247,243,490,56.91056910569105,230,221,451,52.38095238095239,289,264,553,64.22764227642277,360,312,672,78.04878048780488,335,287,622,72.24157955865273,316,275,591,68.6411149825784,357,347,704,81.76538908246226,324,336,660,76.65505226480836,324,336,660,77.28337236533957,34,40,74,12.091503267973856,1903607000,6th*
Ganassi,2025,50,68,118,20.848056537102476,112,132,244,37.82945736434108,57,64,121,18.75968992248062,147,162,309,47.906976744186046,144,158,302,46.821705426356594,148,168,316,48.992248062015506,147,160,307,47.5968992248062,138,159,297,46.04651162790698,132,167,299,46.35658914728682,121,154,275,42.63565891472868,127,162,289,44.8062015503876,150,161,311,48.21705426356589,146,176,322,49.92248062015504,158,180,338,52.4031007751938,134,170,304,47.13178294573643,139,145,284,44.031007751937985,137,140,277,42.945736434108525,43,33,76,19.638242894056848,1903609000,4th
Kapai,2025,206,243,449,87.866927592955,209,245,454,80.49645390070921,200,236,436,77.30496453900709,233,259,492,87.2340425531915,242,255,497,88.12056737588652,227,254,481,85.28368794326241,208,205,413,73.22695035460993,200,210,410,72.69503546099291,205,213,418,74.11347517730496,201,217,418,74.11347517730496,215,221,436,77.30496453900709,269,274,543,96.27659574468085,292,317,609,107.97872340425532,271,302,573,101.59574468085107,216,220,436,77.30496453900709,207,217,424,75.177304964539,207,217,424,75.177304964539,61,59,120,36.25377643504532,1903610000,4th
Lumba-Bayabao,2025,288,345,633,68.72964169381108,295,351,646,62.96296296296296,284,345,629,61.306042884990255,368,451,819,79.82456140350878,372,433,805,78.46003898635477,375,447,822,80.11695906432749,351,422,773,75.3411306042885,344,398,742,72.31968810916179,320,382,702,68.42105263157895,347,418,765,74.56140350877193,372,431,803,78.26510721247564,359,440,799,77.87524366471736,379,448,827,80.60428849902534,412,496,908,88.4990253411306,407,479,886,86.35477582846003,410,490,900,87.71929824561403,407,489,896,87.32943469785575,1,10,11,3.6544850498338874,1903611000,2nd
Lumbatan,2025,123,114,237,36.405529953917046,126,113,239,33.70944992947813,58,52,110,15.514809590973202,143,134,277,39.06911142454161,142,135,277,39.06911142454161,141,126,267,37.65867418899859,141,134,275,38.787023977433,139,133,272,38.3638928067701,141,124,265,37.37658674188998,144,128,272,38.3638928067701,145,154,299,42.17207334273625,143,134,277,39.06911142454161,142,135,277,39.06911142454161,141,126,267,37.65867418899859,138,156,294,41.46685472496474,119,130,249,35.119887165021154,117,126,243,34.27362482369535,11,15,26,5.158730158730158,1903612000,5th*
Madalum,2025,285,298,583,78.4656796769852,288,298,586,71.72582619339045,285,295,580,70.99143206854345,283,294,577,70.62423500611995,274,288,562,68.78824969400245,274,278,552,67.56425948592411,281,291,572,70.01223990208078,206,210,416,50.91799265605875,211,210,421,51.52998776009792,257,262,519,63.52509179926561,296,276,572,70.01223990208078,261,263,524,64.13708690330478,249,257,506,61.933904528763776,255,267,522,63.8922888616891,291,273,564,69.03304773561811,284,246,530,64.87148102815178,283,240,523,64.01468788249693,34,28,62,17.51412429378531,1903613000,3rd
Madamba,2025,197,234,431,65.402124430956,225,258,483,66.99029126213593,190,215,405,56.171983356449374,258,263,521,72.26074895977808,260,256,516,71.56726768377254,244,257,501,69.4868238557559,244,262,506,70.18030513176144,240,245,485,67.26768377253815,230,242,472,65.46463245492372,232,248,480,66.57420249653259,187,198,385,53.398058252427184,250,258,508,70.45769764216367,273,278,551,76.42163661581137,278,290,568,78.77947295423023,226,244,470,65.18723994452151,244,245,489,67.82246879334258,244,245,489,67.82246879334258,36,28,64,23.52941176470588,1903614000,4th
Malabang,2025,495,444,939,69.81412639405204,564,519,1083,74.02597402597402,472,441,913,62.40601503759399,391,375,766,52.358168147641834,303,280,583,39.849624060150376,356,349,705,48.18865345181135,425,406,831,56.80109364319891,436,395,831,56.80109364319891,432,399,831,56.80109364319891,352,335,687,46.958304853041696,304,291,595,40.66985645933015,305,315,620,42.378673957621324,376,328,704,48.1203007518797,390,386,776,53.041695146958304,520,496,1016,69.44634313055366,491,514,1005,68.69446343130554,489,512,1001,68.56164383561644,70,80,150,33.11258278145696,1903615000,3rd
Marantao,2025,288,252,540,47.82993799822852,330,292,622,49.79983987189752,296,258,554,44.35548438751001,434,385,819,65.5724579663731,430,384,814,65.17213771016813,415,372,787,63.01040832666133,424,367,791,63.3306645316253,399,360,759,60.76861489191353,404,368,772,61.809447558046436,397,357,754,60.368294635708565,326,299,625,50.0400320256205,438,383,821,65.73258606885508,457,399,856,68.53482786228983,471,420,891,71.33706965572458,421,393,814,65.17213771016813,380,352,732,58.60688550840673,374,352,726,58.595641646489106,39,33,72,11.960132890365449,1903616000,2nd
City of Marawi,2025,2079,2163,4242,66.86633039092055,2381,2461,4842,70.01156737998843,1870,1893,3763,54.41006362058993,2708,2785,5493,79.42452284557547,2711,2789,5500,79.52573742047426,2754,2789,5543,80.14748409485252,2574,2659,5233,75.66512434933487,2583,2669,5252,75.93984962406014,2631,2659,5290,76.4893001735107,2640,2651,5291,76.50375939849624,2544,2623,5167,74.71081550028919,2721,2806,5527,79.91613649508386,2840,2928,5768,83.40080971659918,2946,2985,5931,85.75766338924234,3144,3209,6353,91.85945633314054,3149,3219,6368,92.07634470792365,3078,3174,6252,91.25675083929353,69,78,147,42.241379310344826,1903617000,4th
Masiu,2025,328,275,603,63.07531380753139,364,312,676,64.31969552806851,330,288,618,58.801141769743104,397,364,761,72.40723120837298,380,371,751,71.45575642245481,374,371,745,70.88487155090391,399,373,772,73.45385347288297,359,316,675,64.2245480494767,344,301,645,61.37012369172217,287,261,548,52.14081826831589,217,168,385,36.631779257849665,410,376,786,74.78591817316841,401,366,767,72.97811607992388,393,363,756,71.93149381541389,320,261,581,55.28068506184586,306,249,555,52.80685061845861,306,249,555,52.907530981887504,89,78,167,16.817724068479357,1903618000,5th
Mulondo,2025,120,136,256,35.16483516483517,125,145,270,33.91959798994975,120,138,258,32.41206030150754,131,141,272,34.17085427135678,146,134,280,35.175879396984925,153,138,291,36.55778894472362,124,136,260,32.663316582914575,136,120,256,32.1608040201005,130,141,271,34.04522613065327,153,152,305,38.31658291457287,181,145,326,40.95477386934673,131,142,273,34.2964824120603,147,136,283,35.55276381909548,172,153,325,40.82914572864322,197,156,353,44.346733668341706,179,148,327,41.08040201005025,175,147,322,40.86294416243655,2,4,6,1.2711864406779663,1903619000,3rd
Pagayawan,2025,73,75,148,29.838709677419356,106,101,207,38.764044943820224,71,81,152,28.46441947565543,86,82,168,31.46067415730337,104,78,182,34.08239700374532,78,67,145,27.153558052434455,82,78,160,29.962546816479403,90,76,166,31.086142322097377,76,63,139,26.02996254681648,74,65,139,26.02996254681648,30,36,66,12.359550561797752,97,82,179,33.52059925093633,99,80,179,33.52059925093633,83,67,150,28.08988764044944,66,64,130,24.344569288389515,48,44,92,17.228464419475657,47,43,90,16.853932584269664,31,32,63,13.20754716981132,1903620000,5th
Piagapo,2025,261,209,470,48.65424430641822,390,383,773,72.31057062675397,225,220,445,41.62768942937324,299,254,553,51.73058933582788,248,215,463,43.31150608044902,267,223,490,45.83723105706268,334,296,630,58.93358278765201,298,251,549,51.356407857811035,303,254,557,52.104770813844716,260,217,477,44.62114125350795,246,227,473,44.24695977549111,315,297,612,57.24976613657624,266,237,503,47.0533208606174,282,230,512,47.895229186155284,382,345,727,68.00748362956034,355,308,663,62.02057998129092,355,308,663,62.42937853107344,38,36,74,59.67741935483871,1903621000,4th
Poona Bayabao,2025,252,287,539,51.52963671128107,274,306,580,50.56669572798606,211,247,458,39.93025283347864,238,276,514,44.81255448997384,235,281,516,44.986922406277245,247,261,508,44.289450741063646,245,279,524,45.68439407149085,251,289,540,47.079337401918046,273,280,553,48.21272885789015,271,270,541,47.166521360069744,296,343,639,55.71054925893636,209,247,456,39.75588491717524,278,328,606,52.833478639930256,294,314,608,53.00784655623365,309,348,657,57.27986050566696,225,247,472,41.15082824760244,208,225,433,37.949167397020155,38,43,81,13.30049261083744,1903622000,4th
Pualas,2025,136,118,254,55.09761388286334,145,129,274,55.35353535353536,113,87,200,40.4040404040404,145,130,275,55.55555555555556,159,123,282,56.96969696969697,160,126,286,57.77777777777777,144,128,272,54.94949494949495,164,128,292,58.98989898989899,168,125,293,59.1919191919192,138,97,235,47.474747474747474,126,87,213,43.03030303030303,145,130,275,55.55555555555556,162,127,289,58.38383838383838,171,140,311,62.82828282828283,161,100,261,52.72727272727272,135,112,247,49.898989898989896,135,112,247,49.898989898989896,12,8,20,7.547169811320755,1903623000,5th
Ditsaan-Ramain,2025,192,187,379,53.15568022440392,214,217,431,55.82901554404145,209,215,424,54.92227979274611,213,200,413,53.49740932642487,214,201,415,53.75647668393783,222,186,408,52.84974093264248,196,165,361,46.76165803108808,201,167,368,47.66839378238342,204,160,364,47.15025906735752,201,166,367,47.538860103626945,165,151,316,40.932642487046635,214,198,412,53.36787564766839,222,209,431,55.82901554404145,231,202,433,56.0880829015544,169,157,326,42.2279792746114,127,175,302,39.119170984455955,127,175,302,39.425587467362924,22,13,35,6.628787878787879,1903624000,3rd
Saguiaran,2025,160,150,310,38.413878562577445,335,282,617,70.27334851936219,175,160,335,38.15489749430524,325,301,626,71.29840546697038,306,295,601,68.45102505694761,265,292,557,63.43963553530752,294,265,559,63.667425968109335,279,247,526,59.90888382687927,263,241,504,57.40318906605923,227,241,468,53.30296127562642,203,197,400,45.558086560364465,323,311,634,72.20956719817767,313,322,635,72.32346241457859,261,282,543,61.84510250569476,287,258,545,62.07289293849658,282,275,557,63.43963553530752,277,269,546,62.758620689655174,103,87,190,35.714285714285715,1903625000,4th
Tamparan,2025,195,183,378,47.42785445420326,194,185,379,42.776523702031604,189,180,369,41.64785553047404,210,208,418,47.17832957110609,239,210,449,50.67720090293454,219,224,443,50.0,210,208,418,47.17832957110609,219,200,419,47.29119638826185,186,198,384,43.340857787810386,182,192,374,42.21218961625282,213,205,418,47.17832957110609,209,208,417,47.065462753950335,238,209,447,50.45146726862303,225,228,453,51.128668171557564,218,208,426,48.081264108352144,237,212,449,50.67720090293454,237,212,449,50.90702947845806,17,12,29,8.978328173374612,1903626000,5th*
Taraka,2025,188,225,413,78.51711026615969,207,245,452,75.20798668885192,153,188,341,56.738768718802,193,224,417,69.38435940099833,197,242,439,73.04492512479202,185,235,420,69.88352745424294,184,215,399,66.38935108153078,177,209,386,64.22628951747087,163,214,377,62.7287853577371,180,222,402,66.88851913477536,165,173,338,56.2396006655574,194,223,417,69.38435940099833,201,245,446,74.20965058236273,195,244,439,73.04492512479202,203,197,400,66.55574043261231,174,168,342,56.905158069883534,174,167,341,56.833333333333336,16,21,37,14.799999999999999,1903627000,4th
Tubaran,2025,163,187,350,77.43362831858407,222,261,483,96.79358717434869,152,179,331,66.33266533066133,187,226,413,82.76553106212425,186,222,408,81.76352705410822,195,212,407,81.56312625250501,140,156,296,59.318637274549104,121,144,265,53.106212424849694,145,150,295,59.118236472945895,179,195,374,74.9498997995992,129,137,266,53.3066132264529,180,225,405,81.1623246492986,191,218,409,81.96392785571143,186,210,396,79.35871743486975,154,162,316,63.326653306613224,142,144,286,57.31462925851704,142,144,286,57.31462925851704,12,5,17,4.857142857142857,1903628000,4th
Tugaya,2025,192,215,407,62.61538461538462,217,237,454,63.143254520166906,176,202,378,52.57301808066759,211,229,440,61.19610570236439,180,217,397,55.21557719054242,218,234,452,62.865090403337966,193,209,402,55.910987482614736,184,217,401,55.77190542420028,165,162,327,45.479833101529906,162,179,341,47.426981919332405,125,111,236,32.82336578581363,205,228,433,60.22253129346314,208,252,460,63.97774687065368,226,242,468,65.0904033379694,173,160,333,46.31432545201669,153,154,307,42.698191933240615,151,155,306,42.55910987482615,26,29,55,12.471655328798185,1903629000,5th
Wao,2025,332,313,645,53.17394888705689,345,328,673,50.98484848484849,342,321,663,50.227272727272734,440,437,877,66.43939393939394,441,453,894,67.72727272727272,439,415,854,64.6969696969697,440,424,864,65.45454545454545,435,464,899,68.10606060606061,430,412,842,63.787878787878796,428,409,837,63.40909090909091,364,358,722,54.6969696969697,456,435,891,67.5,479,475,954,72.27272727272728,468,428,896,67.87878787878789,383,377,760,57.57575757575758,421,396,817,61.89393939393939,417,390,807,61.88650306748467,9,13,22,4.814004376367615,1903630000,2nd
Marogong,2025,168,192,360,32.05699020480855,220,235,455,37.47940691927512,200,197,397,32.70181219110379,218,235,453,37.31466227347611,198,231,429,35.33772652388797,190,211,401,33.031301482701814,189,208,397,32.70181219110379,177,218,395,32.53706754530478,154,180,334,27.51235584843493,160,193,353,29.077429983525537,125,120,245,20.181219110378912,206,232,438,36.07907742998353,192,230,422,34.76112026359143,191,221,412,33.93739703459638,184,170,354,29.159802306425043,157,150,307,25.28830313014827,146,144,290,23.907666941467436,62,46,108,10.227272727272728,1903631000,4th
Calanogas,2025,132,127,259,54.07098121085595,172,168,340,65.51059730250482,123,118,241,46.4354527938343,191,168,359,69.17148362235068,178,177,355,68.40077071290945,162,161,323,62.23506743737958,191,168,359,69.17148362235068,178,177,355,68.40077071290945,162,161,323,62.23506743737958,149,145,294,56.64739884393064,172,172,344,66.28131021194605,191,168,359,69.17148362235068,179,177,356,68.59344894026975,164,163,327,63.005780346820806,202,201,403,77.64932562620423,187,195,382,73.60308285163777,187,192,379,73.02504816955684,51,27,78,43.333333333333336,1903632000,5th
Buadiposo-Buntong,2025,145,146,291,72.93233082706767,152,152,304,68.0089485458613,138,140,278,62.19239373601789,153,148,301,67.33780760626398,162,155,317,70.917225950783,173,156,329,73.60178970917227,169,146,315,70.46979865771812,177,151,328,73.37807606263982,181,139,320,71.58836689038031,171,138,309,69.12751677852349,165,142,307,68.68008948545862,166,149,315,70.46979865771812,151,152,303,67.78523489932886,186,142,328,73.37807606263982,174,143,317,70.917225950783,168,147,315,70.46979865771812,168,145,313,70.02237136465325,3,1,4,4.166666666666666,1903633000,4th
Maguing,2025,115,111,226,23.664921465968586,301,290,591,57.156673114119926,205,177,382,36.94390715667311,370,377,747,72.24371373307544,379,390,769,74.37137330754352,376,400,776,75.04835589941973,382,383,765,73.98452611218569,395,396,791,76.4990328820116,374,403,777,75.14506769825918,277,311,588,56.86653771760155,190,200,390,37.71760154738878,380,384,764,73.88781431334623,388,391,779,75.3384912959381,370,404,774,74.85493230174082,348,340,688,66.53771760154739,239,291,530,51.25725338491296,238,291,529,51.35922330097087,94,79,173,18.783930510314875,1903634000,2nd
Picong,2025,165,159,324,83.93782383419689,213,211,424,99.53051643192488,182,161,343,80.51643192488262,246,221,467,109.6244131455399,233,208,441,103.52112676056338,215,198,413,96.94835680751174,237,216,453,106.33802816901408,232,203,435,102.11267605633803,209,190,399,93.66197183098592,198,188,386,90.61032863849765,164,158,322,75.5868544600939,244,232,476,111.73708920187792,252,223,475,111.50234741784037,235,221,456,107.04225352112675,176,175,351,82.3943661971831,148,155,303,71.12676056338029,148,155,303,71.12676056338029,32,39,71,32.71889400921659,1903635000,4th*
Lumbayanague,2025,198,173,371,57.43034055727554,223,204,427,60.140845070422536,202,181,383,53.94366197183098,236,213,449,63.23943661971831,217,224,441,62.112676056338024,212,224,436,61.408450704225345,213,197,410,57.74647887323944,196,199,395,55.633802816901415,200,196,396,55.774647887323944,212,209,421,59.29577464788732,174,149,323,45.49295774647887,233,209,442,62.25352112676056,219,222,441,62.112676056338024,216,222,438,61.69014084507042,185,152,337,47.46478873239436,160,181,341,48.02816901408451,157,181,338,47.6056338028169,32,41,73,14.313725490196077,1903636000,4th
Amai Manabilang,2025,116,104,220,51.28205128205128,173,159,332,71.70626349892008,123,114,237,51.18790496760259,217,208,425,91.792656587473,209,212,421,90.92872570194385,217,225,442,95.46436285097192,223,198,421,90.92872570194385,209,208,417,90.06479481641469,215,226,441,95.24838012958963,214,224,438,94.60043196544277,221,204,425,91.792656587473,219,205,424,91.5766738660907,208,209,417,90.06479481641469,209,226,435,93.9524838012959,222,200,422,91.14470842332614,204,217,421,90.92872570194385,204,207,411,89.73799126637554,3,13,16,25.806451612903224,1903637000,3rd
Tagoloan Ii,2025,109,96,205,84.36213991769547,116,103,219,83.58778625954199,111,100,211,80.53435114503816,111,103,214,81.67938931297711,107,110,217,82.82442748091603,107,109,216,82.44274809160305,116,105,221,84.35114503816794,104,112,216,82.44274809160305,110,111,221,84.35114503816794,99,101,200,76.33587786259542,66,80,146,55.72519083969466,117,106,223,85.1145038167939,106,109,215,82.06106870229007,112,109,221,84.35114503816794,105,114,219,83.58778625954199,103,112,215,82.06106870229007,103,111,214,81.67938931297711,16,15,31,38.2716049382716,1903638000,4th
Kapatagan,2025,168,194,362,54.27286356821589,245,285,530,73.10344827586206,188,226,414,57.103448275862064,276,297,573,79.0344827586207,258,287,545,75.17241379310344,272,291,563,77.65517241379311,244,260,504,69.51724137931035,239,256,495,68.27586206896552,242,258,500,68.96551724137932,224,234,458,63.172413793103445,188,205,393,54.206896551724135,304,323,627,86.48275862068967,302,333,635,87.58620689655172,300,329,629,86.75862068965517,269,283,552,76.13793103448275,295,274,569,78.48275862068965,295,274,569,78.48275862068965,4,4,8,3.463203463203463,1903639000,4th
Sultan Dumalondong,2025,67,67,134,30.52391799544419,80,74,154,32.083333333333336,74,68,142,29.583333333333332,91,88,179,37.291666666666664,103,91,194,40.416666666666664,104,87,191,39.791666666666664,91,88,179,37.291666666666664,103,91,194,40.416666666666664,104,87,191,39.791666666666664,98,88,186,38.75,118,96,214,44.583333333333336,91,88,179,37.291666666666664,105,92,197,41.041666666666664,109,88,197,41.041666666666664,118,96,214,44.583333333333336,104,111,215,44.79166666666667,104,111,215,45.073375262054505,7,5,12,7.361963190184049,1903640000,6th*
Lumbaca-Unayan,2025,41,60,101,35.06944444444444,54,65,119,38.387096774193544,34,36,70,22.58064516129032,41,52,93,30.0,39,45,84,27.09677419354839,32,38,70,22.58064516129032,47,56,103,33.225806451612904,39,45,84,27.09677419354839,32,38,70,22.58064516129032,28,37,65,20.967741935483872,26,26,52,16.7741935483871,41,52,93,30.0,39,45,84,27.09677419354839,32,38,70,22.58064516129032,50,48,98,31.61290322580645,34,48,82,26.451612903225808,35,46,81,26.129032258064516,1,2,3,1.7647058823529411,1903641000,-
Sulu,2025,4746,5053,9799,45.736289381563594,5667,6005,11672,49.47230110626033,3403,3588,6991,29.631670410715046,6214,6422,12636,53.55825880557793,6175,6398,12573,53.29123044970966,6096,6310,12406,52.5833933793922,6389,6544,12933,54.81710676895689,6248,6402,12650,53.61759844021532,6128,6417,12545,53.17255118043488,5992,6110,12102,51.294875598694524,5423,5468,10891,46.16199720256008,6272,6417,12689,53.78290170813377,6284,6581,12865,54.52888568643242,6266,6476,12742,54.00754461068961,6030,6239,12269,52.002712669012,6116,6275,12391,52.51981519942356,5783,5949,11732,49.82375674183548,389,393,782,5.959003276689781,1906600000,2nd
Indanan,2025,377,397,774,34.430604982206404,530,518,1048,41.92,336,375,711,28.439999999999998,671,671,1342,53.68000000000001,676,669,1345,53.800000000000004,681,673,1354,54.16,677,663,1340,53.6,677,677,1354,54.16,674,691,1365,54.6,670,660,1330,53.2,644,632,1276,51.04,687,655,1342,53.68000000000001,705,708,1413,56.52,713,752,1465,58.599999999999994,649,647,1296,51.839999999999996,670,642,1312,52.480000000000004,633,605,1238,49.65904532691536,55,53,108,9.045226130653267,1906601000,3rd
Jolo ,2025,720,691,1411,49.543539325842694,987,976,1963,63.037893384714195,808,773,1581,50.77071290944123,1094,1027,2121,68.11175337186897,1014,920,1934,62.10661528580603,922,871,1793,57.57867694283879,1105,1024,2129,68.36865767501605,1008,879,1887,60.59730250481695,911,891,1802,57.86769428387926,901,804,1705,54.75272960822094,752,714,1466,47.07771355170199,1091,1048,2139,68.68978805394991,1026,951,1977,63.48747591522158,984,962,1946,62.49197174052665,814,750,1564,50.224791265253685,910,813,1723,55.33076429030186,895,800,1695,54.783451842275376,132,126,258,17.074784910655193,1906602000,1st
Kalingalan Caluang,2025,255,301,556,89.6774193548387,272,306,578,83.40548340548341,193,216,409,59.01875901875901,279,315,594,85.71428571428571,282,311,593,85.56998556998558,279,307,586,84.55988455988455,279,318,597,86.14718614718615,275,304,579,83.54978354978356,290,314,604,87.15728715728716,285,312,597,86.14718614718615,286,317,603,87.01298701298701,279,317,596,86.002886002886,281,315,596,86.002886002886,279,308,587,84.7041847041847,313,350,663,95.67099567099568,326,338,664,95.81529581529583,325,338,663,96.22641509433963,0,0,0,0.0,1906603000,5th
Luuk,2025,147,159,306,42.44105409153953,167,181,348,43.22981366459627,159,173,332,41.24223602484472,168,182,350,43.47826086956522,177,186,363,45.09316770186335,184,186,370,45.962732919254655,171,184,355,44.099378881987576,178,187,365,45.3416149068323,184,190,374,46.45962732919255,185,189,374,46.45962732919255,195,190,385,47.82608695652174,168,180,348,43.22981366459627,175,186,361,44.84472049689441,183,184,367,45.590062111801245,195,190,385,47.82608695652174,199,204,403,50.06211180124224,198,203,401,49.81366459627329,11,11,22,4.910714285714286,1906604000,3rd
Maimbung,2025,299,294,593,39.612558450233806,314,317,631,39.1439205955335,57,65,122,7.568238213399504,404,392,796,49.37965260545906,425,407,832,51.61290322580645,413,404,817,50.68238213399504,416,404,820,50.86848635235732,421,408,829,51.42679900744417,421,395,816,50.62034739454094,412,388,800,49.62779156327544,395,367,762,47.270471464019856,406,414,820,50.86848635235732,447,434,881,54.65260545905707,426,412,838,51.98511166253101,414,390,804,49.87593052109181,414,369,783,48.57320099255583,395,352,747,46.42635177128651,17,7,24,2.3369036027263874,1906605000,5th
Hadji Panglima Tahil,2025,73,75,148,58.964143426294825,65,81,146,52.707581227436826,21,30,51,18.4115523465704,43,56,99,35.74007220216607,47,53,100,36.101083032490976,44,47,91,32.851985559566785,50,58,108,38.98916967509025,48,49,97,35.018050541516246,38,46,84,30.324909747292416,48,52,100,36.101083032490976,35,43,78,28.158844765342963,49,57,106,38.26714801444043,47,52,99,35.74007220216607,40,44,84,30.324909747292416,49,54,103,37.18411552346571,50,62,112,40.43321299638989,39,52,91,32.851985559566785,7,9,16,7.804878048780488,1906606000,6th
Old Panamao,2025,214,242,456,56.15763546798029,233,277,510,56.729699666295886,197,231,428,47.60845383759733,225,268,493,54.83870967741935,235,267,502,55.83982202447163,243,266,509,56.61846496106785,228,275,503,55.951056729699665,234,261,495,55.06117908787542,240,246,486,54.06006674082313,235,246,481,53.50389321468298,213,204,417,46.38487208008899,229,262,491,54.61624026696329,239,260,499,55.506117908787544,227,247,474,52.72525027808677,228,228,456,50.723025583982206,224,237,461,51.279199110122356,223,237,460,51.16796440489433,5,8,13,2.748414376321353,1906607000,4th
Pangutaran,2025,188,213,401,34.36161096829478,234,239,473,37.42088607594937,21,15,36,2.848101265822785,255,246,501,39.63607594936709,238,250,488,38.607594936708864,204,230,434,34.335443037974684,274,258,532,42.08860759493671,249,252,501,39.63607594936709,209,239,448,35.44303797468354,172,200,372,29.430379746835445,157,143,300,23.734177215189874,268,248,516,40.822784810126585,232,253,485,38.370253164556964,217,212,429,33.939873417721515,216,222,438,34.651898734177216,228,222,450,35.60126582278481,192,178,370,29.388403494837174,38,28,66,6.839378238341968,1906608000,4th
Parang,2025,400,384,784,54.86354093771868,406,378,784,49.184441656210794,267,242,509,31.93224592220828,428,425,853,53.513174404015054,409,442,851,53.38770388958595,422,449,871,54.64240903387704,421,428,849,53.26223337515684,409,443,852,53.4504391468005,413,446,859,53.889585947302386,433,449,882,55.33249686323713,431,448,879,55.14429109159348,433,407,840,52.69761606022585,439,486,925,58.03011292346299,431,477,908,56.96361355081556,410,464,874,54.8306148055207,414,462,876,54.95608531994981,416,460,876,54.99058380414312,1,2,3,0.4484304932735426,1906609000,2nd
Pata,2025,52,53,105,21.084337349397593,61,57,118,21.415607985480946,49,51,100,18.148820326678766,63,66,129,23.41197822141561,65,70,135,24.500907441016334,57,66,123,22.323049001814883,66,63,129,23.41197822141561,67,66,133,24.137931034482758,62,68,130,23.593466424682397,61,66,127,23.049001814882033,63,58,121,21.960072595281307,63,61,124,22.50453720508167,68,70,138,25.045372050816695,73,76,149,27.041742286751365,78,75,153,27.76769509981851,73,83,156,28.31215970961887,71,81,152,27.586206896551722,4,2,6,1.5424164524421593,1906610000,5th
Patikul,2025,230,272,502,31.55248271527341,345,429,774,44.203312392918335,163,190,353,20.159908623643634,485,543,1028,58.709308966304974,445,519,964,55.05425471159337,446,504,950,54.25471159337521,489,535,1024,58.480868075385494,431,515,946,54.02627070245573,437,496,933,53.28383780696745,445,484,929,53.05539691604797,401,434,835,47.68703597944032,452,511,963,54.997144488863505,417,503,920,52.54140491147915,438,457,895,51.11364934323244,447,465,912,52.0845231296402,425,486,911,52.02741290691034,361,419,780,44.54597372929754,39,33,72,6.4923354373309285,1906611000,3rd
Siasi,2025,453,485,938,68.61741038771031,455,493,948,61.92031352057479,456,486,942,61.52841280209014,457,475,932,60.875244937949056,460,464,924,60.35271064663619,507,468,975,63.683866753755716,458,471,929,60.67929457870673,479,474,953,62.246897452645335,504,478,982,64.14108425865447,491,466,957,62.50816459830176,472,389,861,56.23775310254735,460,472,932,60.875244937949056,469,477,946,61.78967994774657,486,466,952,62.18158066623122,476,455,931,60.80992815153494,445,409,854,55.780535597648594,431,403,834,54.47419986936642,0,4,4,0.45351473922902497,1906612000,2nd
Talipao,2025,361,401,762,38.89739663093415,410,441,851,39.45294390356977,152,181,333,15.438108484005564,459,475,934,43.30088085303663,474,483,957,44.36717663421418,472,481,953,44.181733889661565,453,470,923,42.79091330551692,472,481,953,44.181733889661565,467,472,939,43.5326842837274,468,488,956,44.32081594807603,396,446,842,39.03569772832638,457,469,926,42.92999536393138,463,493,956,44.32081594807603,482,481,963,44.645340751043115,428,471,899,41.67825683820121,441,499,940,43.579044969865556,441,519,960,44.506258692628656,0,0,0,0.0,1906613000,1st
Tapul,2025,107,117,224,52.70588235294118,129,128,257,54.91452991452992,45,36,81,17.307692307692307,142,138,280,59.82905982905983,131,150,281,60.04273504273504,131,159,290,61.965811965811966,151,139,290,61.965811965811966,137,154,291,62.17948717948718,128,162,290,61.965811965811966,134,155,289,61.75213675213676,153,159,312,66.66666666666666,142,146,288,61.53846153846154,132,152,284,60.68376068376068,132,150,282,60.256410256410255,156,179,335,71.58119658119658,138,182,320,68.37606837606837,137,184,321,68.58974358974359,0,4,4,1.8433179723502304,1906614000,5th
Tongkil,2025,121,123,244,20.384294068504595,172,176,348,26.64624808575804,104,102,206,15.773353751914243,169,185,354,27.105666156202147,159,180,339,25.957120980091887,164,168,332,25.42113323124043,279,300,579,44.33384379785605,221,230,451,34.53292496171516,232,239,471,36.06431852986218,159,190,349,26.72281776416539,187,180,367,28.101071975497703,224,218,442,33.84379785604901,211,200,411,31.470137825421133,209,213,422,32.31240428790199,255,262,517,39.586523736600306,238,233,471,36.06431852986218,128,127,255,19.525267993874426,53,51,104,9.090909090909092,1906615000,4th
Panglima Estino,2025,322,381,703,99.57507082152975,324,384,708,92.06762028608583,82,103,185,24.057217165149545,317,369,686,89.20676202860858,325,366,691,89.85695708712613,319,366,685,89.07672301690506,313,368,681,88.55656697009103,329,358,687,89.3368010403121,317,356,673,87.51625487646294,307,354,661,85.95578673602081,286,341,627,81.53446033810144,298,363,661,85.95578673602081,305,367,672,87.38621586475944,310,356,666,86.60598179453837,292,365,657,85.43563068920676,273,323,596,77.50325097529259,273,323,596,77.50325097529259,3,7,10,3.436426116838488,1906616000,5th
Lugus,2025,49,64,113,15.848527349228611,100,122,222,27.92452830188679,43,63,106,13.333333333333334,104,98,202,25.40880503144654,99,119,218,27.42138364779874,103,119,222,27.92452830188679,93,90,183,23.0188679245283,108,117,225,28.30188679245283,113,139,252,31.69811320754717,89,82,171,21.50943396226415,73,82,155,19.49685534591195,98,88,186,23.39622641509434,104,108,212,26.666666666666668,105,100,205,25.78616352201258,102,120,222,27.92452830188679,130,158,288,36.22641509433962,111,129,240,30.22670025188917,18,30,48,7.855973813420622,1906617000,5th
Pandami,2025,229,249,478,60.20151133501259,287,326,613,71.44522144522143,87,96,183,21.328671328671327,272,281,553,64.45221445221445,303,310,613,71.44522144522143,306,307,613,71.44522144522143,281,282,563,65.61771561771562,303,311,614,71.56177156177156,282,303,585,68.18181818181817,309,336,645,75.17482517482517,249,284,533,62.121212121212125,281,291,572,66.66666666666666,310,331,641,74.70862470862471,331,345,676,78.78787878787878,297,320,617,71.91142191142191,296,315,611,71.21212121212122,294,307,601,70.04662004662005,5,13,18,5.247813411078718,1906618000,4th
Omar,2025,149,152,301,51.71821305841925,176,176,352,54.23728813559322,163,160,323,49.76887519260401,179,210,389,59.93836671802774,211,232,443,68.25885978428352,199,239,438,67.4884437596302,185,214,399,61.47919876733437,202,236,438,67.4884437596302,206,246,452,69.64560862865947,188,189,377,58.089368258859785,35,37,72,11.093990755007704,187,210,397,61.17103235747303,214,235,449,69.18335901386749,200,234,434,66.87211093990754,211,232,443,68.25885978428352,222,238,460,70.87827426810478,220,232,452,70.1863354037267,1,5,6,3.7037037037037033,1906619000,-
Tawi-Tawi,2025,2152,2072,4224,33.468029474685046,2579,2501,5080,36.78227499818985,2654,2472,5126,37.11534284266165,2589,2427,5016,36.31887625805517,2588,2403,4991,36.13786112519007,2638,2505,5143,37.23843313300992,1620,1541,3161,22.887553399464196,1601,1512,3113,22.540004344363187,1642,1577,3219,23.307508507711244,2228,2092,4320,31.27941495909058,2346,2396,4742,34.33495040185359,2682,2536,5218,37.781478531605245,2752,2602,5354,38.76620085439143,3010,2902,5912,42.80645861994063,2555,2468,5023,36.3695604952574,2523,2520,5043,36.51437260154949,2495,2500,4995,36.224526796722024,194,201,395,4.755598362629424,1907000000,3rd
Panglima Sugala,2025,109,129,238,17.048710601719197,218,262,480,31.108230719377833,116,147,263,17.044718081659106,189,232,421,27.284510693454312,199,215,414,26.830848995463384,197,242,439,28.45106934543098,142,152,294,19.053791315618923,144,141,285,18.470511989630587,144,166,310,20.090732339598187,171,216,387,25.081011017498376,159,200,359,23.266364225534673,192,235,427,27.67336357744653,213,230,443,28.710304601425797,216,246,462,29.941672067401164,177,205,382,24.75696694750486,132,167,299,19.377835385612443,128,160,288,18.6649384316267,83,87,170,13.260530421216849,1907001000,3rd
Bongao ,2025,822,744,1566,44.43813847900113,892,800,1692,44.25843578341617,1380,1192,2572,67.2770075856657,883,747,1630,42.636672770075855,878,719,1597,41.7734763274915,874,747,1621,42.40125555846194,450,360,810,21.187549045252418,421,353,774,20.245880198796755,422,311,733,19.173424012555586,541,419,960,25.11116923881768,723,685,1408,36.829714883599266,892,749,1641,42.92440491760397,947,791,1738,45.46167930944285,1005,917,1922,50.274653413549565,828,709,1537,40.20402825006539,829,765,1594,41.69500392362019,819,766,1585,41.56831890899554,19,18,37,1.72173103769195,1907002000,2nd
Mapun,2025,118,64,182,26.0,203,123,326,42.61437908496732,122,64,186,24.313725490196077,210,151,361,47.18954248366013,212,160,372,48.627450980392155,211,168,379,49.54248366013072,120,106,226,29.54248366013072,111,104,215,28.104575163398692,108,109,217,28.366013071895424,211,168,379,49.54248366013072,208,201,409,53.4640522875817,210,151,361,47.18954248366013,219,165,384,50.19607843137255,274,213,487,63.66013071895424,208,201,409,53.4640522875817,211,218,429,56.07843137254902,211,218,429,56.52173913043478,0,0,0,0.0,1907003000,4th
Simunul,2025,87,72,159,21.03174603174603,129,120,249,29.784688995215312,91,89,180,21.5311004784689,149,122,271,32.41626794258373,155,135,290,34.688995215311,162,147,309,36.961722488038276,65,48,113,13.516746411483254,64,49,113,13.516746411483254,59,52,111,13.277511961722489,152,122,274,32.77511961722488,108,117,225,26.913875598086122,158,131,289,34.569377990430624,142,130,272,32.535885167464116,172,149,321,38.39712918660287,136,130,266,31.818181818181817,130,149,279,33.37320574162679,128,146,274,32.77511961722488,11,19,30,7.712082262210797,1907004000,4th
Sitangkai,2025,356,398,754,80.12752391073327,366,416,782,74.19354838709677,304,332,636,60.341555977229596,313,344,657,62.33396584440227,312,344,656,62.239089184060724,297,350,647,61.38519924098672,194,231,425,40.32258064516129,204,243,447,42.40986717267552,198,249,447,42.40986717267552,304,356,660,62.61859582542695,344,393,737,69.92409867172675,374,419,793,75.23719165085389,378,421,799,75.80645161290323,424,476,900,85.38899430740038,346,394,740,70.20872865275142,357,396,753,71.44212523719166,357,392,749,71.46946564885496,10,19,29,7.988980716253444,1907005000,1st
South Ubian,2025,72,79,151,22.91350531107739,101,111,212,29.120879120879124,75,76,151,20.741758241758244,138,160,298,40.934065934065934,126,164,290,39.83516483516483,145,174,319,43.81868131868132,106,121,227,31.181318681318682,93,114,207,28.434065934065934,107,123,230,31.59340659340659,145,162,307,42.17032967032967,142,129,271,37.22527472527473,130,162,292,40.10989010989011,132,152,284,39.010989010989015,136,167,303,41.620879120879124,140,140,280,38.46153846153847,143,142,285,39.14835164835165,134,133,267,36.675824175824175,11,11,22,5.405405405405405,1907006000,3rd
Tandubas,2025,178,189,367,46.45569620253164,189,194,383,43.32579185520362,188,185,373,42.19457013574661,199,172,371,41.96832579185521,223,179,402,45.47511312217195,264,213,477,53.959276018099544,196,173,369,41.742081447963805,217,179,396,44.79638009049774,245,219,464,52.488687782805435,232,193,425,48.07692307692308,205,213,418,47.28506787330316,199,173,372,42.081447963800905,215,180,395,44.68325791855204,252,223,475,53.73303167420814,208,220,428,48.41628959276018,211,216,427,48.30316742081448,211,216,427,48.30316742081448,0,0,0,0.0,1907007000,2nd
Turtle Islands,2025,36,34,70,49.29577464788733,49,47,96,61.146496815286625,47,43,90,57.324840764331206,47,53,100,63.69426751592356,49,49,98,62.42038216560509,47,47,94,59.87261146496815,31,34,65,41.40127388535032,29,30,59,37.57961783439491,25,27,52,33.12101910828025,39,39,78,49.681528662420384,47,33,80,50.955414012738856,47,53,100,63.69426751592356,49,49,98,62.42038216560509,47,47,94,59.87261146496815,48,38,86,54.77707006369427,50,37,87,55.4140127388535,50,37,87,55.4140127388535,0,0,0,0.0,1907008000,5th
Languyan,2025,105,89,194,13.287671232876713,147,139,286,18.01007556675063,81,64,145,9.130982367758186,178,159,337,21.221662468513856,153,156,309,19.458438287153655,138,133,271,17.065491183879093,91,90,181,11.397984886649875,89,76,165,10.390428211586903,71,75,146,9.193954659949624,127,119,246,15.491183879093198,113,106,219,13.790931989924433,178,166,344,21.662468513853906,160,176,336,21.158690176322416,149,131,280,17.632241813602015,136,115,251,15.806045340050378,106,76,182,11.460957178841308,90,63,153,9.634760705289674,53,37,90,6.451612903225806,1907009000,1st
Sapa-Sapa,2025,134,141,275,21.251931993817617,141,147,288,20.615604867573374,136,148,284,20.32927702219041,131,122,253,18.11023622047244,124,117,241,17.25125268432355,146,130,276,19.75662133142448,108,87,195,13.95848246241947,102,86,188,13.457408732999285,129,110,239,17.108088761632068,157,143,300,21.47458840372226,129,134,263,18.82605583392985,145,133,278,19.89978525411596,134,135,269,19.255547602004295,165,151,316,22.619899785254116,133,130,263,18.82605583392985,159,158,317,22.691481746599855,173,174,347,24.838940586972083,7,10,17,1.7293997965412005,1907010000,3rd
Sibutu,2025,135,133,268,27.94577685088634,144,142,286,27.606177606177607,114,132,246,23.745173745173744,152,165,317,30.598455598455597,157,165,322,31.08108108108108,157,154,311,30.01930501930502,117,139,256,24.71042471042471,127,137,264,25.482625482625483,134,136,270,26.061776061776058,149,155,304,29.343629343629345,168,185,353,34.07335907335907,157,164,321,30.984555984555982,163,173,336,32.432432432432435,170,182,352,33.97683397683397,195,186,381,36.77606177606177,195,196,391,37.74131274131275,194,195,389,37.54826254826255,0,0,0,0.0,1907011000,-
Maguindanao,2025,11467,11181,22648,0.9608824777259228,18592,18348,36940,0.7923807889487119,7648,7500,15148,0.3249318947210365,18964,18878,37842,0.8117291233188185,19217,18868,38085,0.8169415903387031,19296,18938,38234,0.8201377120916364,18875,18795,37670,0.808039640489929,19282,18854,38136,0.818035564898432,19316,18918,38234,0.8201377120916364,18057,17818,35875,0.7695360260837856,15371,15466,30837,0.6614684999678243,18481,18242,36723,0.7877260344494734,18233,18183,36416,0.7811407366095369,16457,16545,33002,0.7079087925523928,17656,17648,35304,0.7572878011111349,18088,18276,36364,0.7800253115682447,17611,17848,35459,0.7719218042493905,971,1027,1998,0.11965504850880344,1908700000,1st
Barira,2025,361,319,680,63.19702602230484,576,526,1102,93.8671209540034,145,125,270,22.998296422487225,596,539,1135,96.67802385008518,606,572,1178,100.34071550255537,601,552,1153,98.21124361158434,548,496,1044,88.9267461669506,572,531,1103,93.95229982964224,560,513,1073,91.396933560477,569,540,1109,94.4633730834753,534,546,1080,91.9931856899489,549,464,1013,86.2862010221465,473,426,899,76.57580919931857,404,391,795,67.71720613287904,530,523,1053,89.69335604770016,467,533,1000,85.17887563884156,444,511,955,82.61245674740483,22,21,43,12.721893491124261,1908701000,4th
Buldon,2025,452,444,896,62.6135569531796,622,636,1258,80.95238095238095,225,209,434,27.927927927927925,698,711,1409,90.66924066924066,744,730,1474,94.85199485199485,782,749,1531,98.51994851994851,691,719,1410,90.73359073359073,747,723,1470,94.5945945945946,789,739,1528,98.32689832689833,793,770,1563,100.57915057915059,664,620,1284,82.62548262548263,675,686,1361,87.58043758043758,632,619,1251,80.5019305019305,623,604,1227,78.95752895752895,700,656,1356,87.25868725868726,730,684,1414,90.990990990991,713,659,1372,89.0330953926022,26,35,61,25.416666666666664,1908702000,4th*
City of Cotabato,2025,1467,1382,2849,39.32367149758454,1701,1738,3439,43.59787018255578,836,830,1666,21.120689655172413,2139,2133,4272,54.15821501014199,2174,2117,4291,54.399087221095336,2172,2152,4324,54.817444219066935,2186,2131,4317,54.72870182555781,2192,2140,4332,54.918864097363084,2194,2158,4352,55.172413793103445,2211,2195,4406,55.85699797160243,2029,2057,4086,51.800202839756594,2169,2125,4294,54.437119675456394,2213,2182,4395,55.71754563894523,2188,2167,4355,55.2104462474645,2124,2153,4277,54.22160243407708,2301,2278,4579,58.050202839756594,2301,2278,4579,58.675038441824704,82,72,154,4.398743216223936,1908703000,3rd
Datu Blah T. Sinsuat,2025,190,185,375,45.50970873786408,317,278,595,64.81481481481481,185,171,356,38.77995642701525,311,286,597,65.0326797385621,298,289,587,63.9433551198257,308,301,609,66.33986928104575,314,292,606,66.01307189542483,300,292,592,64.4880174291939,312,305,617,67.21132897603485,298,300,598,65.14161220043573,286,302,588,64.05228758169935,334,309,643,70.04357298474946,360,337,697,75.92592592592592,388,410,798,86.9281045751634,284,311,595,64.81481481481481,277,297,574,62.527233115468405,268,290,558,61.31868131868132,12,11,23,6.084656084656085,1908704000,-
Datu Odin Sinsuat,2025,1089,995,2084,56.73836101279608,1678,1629,3307,83.27877109040543,477,483,960,24.175270712666837,1695,1673,3368,84.81490808360614,1680,1668,3348,84.31125661042559,1721,1832,3553,89.47368421052632,1766,1754,3520,88.64265927977839,1749,1712,3461,87.15688743389575,1800,1792,3592,90.4558045832284,1725,1724,3449,86.85469654998741,1525,1536,3061,77.08385797028457,1891,1901,3792,95.492319315034,2032,2038,4070,102.49307479224376,1874,1850,3724,93.77990430622009,1632,1701,3333,83.93351800554017,1753,1762,3515,88.51674641148325,1666,1669,3335,85.16343207354443,102,97,199,13.143989431968295,1908705000,2nd
Kabuntalan,2025,273,274,547,67.86600496277916,435,426,861,96.8503937007874,268,287,555,62.429696287964006,419,410,829,93.25084364454443,414,405,819,92.1259842519685,411,394,805,90.5511811023622,400,386,786,88.41394825646795,396,395,791,88.9763779527559,396,391,787,88.52643419572553,422,406,828,93.13835770528684,371,366,737,82.9021372328459,299,306,605,68.05399325084365,337,328,665,74.80314960629921,361,326,687,77.27784026996626,357,358,715,80.42744656917885,386,395,781,87.85151856017997,382,395,777,87.99546998867497,9,6,15,9.740259740259742,1908706000,5th*
Matanog,2025,241,252,493,36.846038863976084,456,484,940,64.29548563611492,152,158,310,21.203830369357046,525,566,1091,74.62380300957592,528,570,1098,75.10259917920656,530,576,1106,75.64979480164159,526,571,1097,75.03419972640218,527,574,1101,75.3077975376197,534,591,1125,76.94938440492476,492,544,1036,70.86183310533517,470,501,971,66.41586867305061,536,560,1096,74.96580027359782,530,557,1087,74.35020519835841,512,527,1039,71.0670314637483,465,506,971,66.41586867305061,500,514,1014,69.35704514363886,500,514,1014,70.46560111188325,11,16,27,4.160246533127889,1908707000,4th
Northern Kabuntalan,2025,291,245,536,104.28015564202336,314,269,583,101.39130434782608,107,86,193,33.565217391304344,326,259,585,101.7391304347826,343,280,623,108.34782608695652,343,267,610,106.08695652173914,338,266,604,105.04347826086958,340,277,617,107.30434782608695,350,283,633,110.08695652173913,325,279,604,105.04347826086958,258,223,481,83.65217391304348,335,277,612,106.43478260869566,292,259,551,95.82608695652173,268,227,495,86.08695652173914,317,287,604,105.04347826086958,300,293,593,103.1304347826087,301,288,589,103.51493848857645,6,6,12,24.0,1908708000,5th*
Parang,2025,1088,1084,2172,74.4345442083619,1502,1442,2944,91.59925326695706,527,501,1028,31.985065339141254,1407,1378,2785,86.65214685749845,1443,1375,2818,87.67890479153702,1411,1345,2756,85.74984443061605,1391,1381,2772,86.24766645924082,1466,1363,2829,88.02115743621655,1421,1356,2777,86.40323584318607,1253,1250,2503,77.87803360298693,1009,977,1986,61.792159303049154,1139,1068,2207,68.66832607342876,974,991,1965,61.13876789047915,831,854,1685,52.42688238954574,1373,1383,2756,85.74984443061605,1371,1388,2759,85.8431860609832,1370,1382,2752,86.75914249684742,18,18,36,2.6124818577648767,1908709000,1st*
Sultan Kudarat,2025,998,973,1971,59.92702949224689,1488,1396,2884,80.31189083820662,417,371,788,21.94374825953773,1683,1588,3271,91.08883319409635,1758,1522,3280,91.33945976051238,1821,1587,3408,94.90392648287384,1673,1544,3217,89.58507379560011,1710,1506,3216,89.55722639933165,1722,1514,3236,90.11417432470064,1513,1317,2830,78.80813143971038,1231,1200,2431,67.69702032859928,1492,1372,2864,79.75494291283765,1495,1352,2847,79.28153717627401,1286,1170,2456,68.39320523531049,1545,1414,2959,82.4004455583403,1787,1612,3399,94.65329991645781,1752,1588,3340,94.67120181405896,43,40,83,39.71291866028708,1908710000,1st
Sultan Mastura,2025,316,315,631,64.98455200823892,352,311,663,63.81135707410972,194,183,377,36.28488931665063,408,372,780,75.07218479307026,399,385,784,75.45717035611165,402,366,768,73.9172281039461,407,382,789,75.93840230991337,406,385,791,76.13089509143407,402,364,766,73.7247353224254,359,303,662,63.71511068334937,324,295,619,59.576515880654476,426,387,813,78.2483156881617,462,440,902,86.81424446583253,482,462,944,90.85659287776708,373,326,699,67.2762271414822,365,355,720,69.29740134744947,360,350,710,70.85828343313374,10,7,17,5.0,1908711000,5th
Talitay,2025,143,152,295,70.23809523809523,173,203,376,81.03448275862068,114,134,248,53.44827586206896,169,201,370,79.74137931034483,171,205,376,81.03448275862068,173,216,389,83.83620689655173,168,199,367,79.09482758620689,167,207,374,80.60344827586206,167,208,375,80.81896551724138,147,185,332,71.55172413793103,163,183,346,74.56896551724138,169,221,390,84.05172413793103,169,198,367,79.09482758620689,140,178,318,68.53448275862068,175,188,363,78.23275862068965,184,217,401,86.42241379310344,184,217,401,87.17391304347825,5,5,10,47.61904761904761,1908712000,-
Upi,2025,389,373,762,39.56386292834891,695,663,1358,66.08272506082726,503,475,978,47.59124087591241,658,682,1340,65.20681265206812,679,668,1347,65.54744525547446,694,671,1365,66.42335766423358,647,669,1316,64.0389294403893,688,647,1335,64.96350364963503,736,741,1477,71.8734793187348,674,643,1317,64.08759124087591,635,554,1189,57.858880778588805,736,761,1497,72.84671532846716,909,898,1807,87.93187347931874,842,837,1679,81.70316301703163,667,664,1331,64.76885644768856,659,698,1357,66.03406326034063,655,733,1388,68.34071885770557,19,13,32,3.6036036036036037,1908713000,1st
Ampatuan,2025,193,194,387,48.80201765447667,312,321,633,72.26027397260275,130,106,236,26.94063926940639,312,332,644,73.51598173515981,338,342,680,77.6255707762557,345,359,704,80.36529680365297,316,340,656,74.88584474885845,345,349,694,79.22374429223744,338,364,702,80.13698630136986,328,358,686,78.31050228310502,264,285,549,62.671232876712324,335,339,674,76.9406392694064,331,369,700,79.90867579908677,320,360,680,77.6255707762557,307,357,664,75.79908675799086,297,353,650,74.20091324200914,297,353,650,75.31865585168018,36,38,74,24.503311258278146,1908801000,4th
Buluan,2025,421,441,862,52.52894576477758,613,706,1319,72.67217630853995,232,253,485,26.72176308539945,593,681,1274,70.19283746556474,619,702,1321,72.78236914600551,613,695,1308,72.06611570247934,608,667,1275,70.24793388429752,614,677,1291,71.12947658402203,613,687,1300,71.62534435261708,500,582,1082,59.61432506887052,400,467,867,47.768595041322314,592,679,1271,70.02754820936639,497,566,1063,58.56749311294765,367,437,804,44.29752066115702,503,526,1029,56.69421487603306,488,528,1016,55.97796143250689,390,436,826,46.53521126760564,104,112,216,16.70533642691415,1908802000,4th*
Datu Abdullah Sangki,2025,186,145,331,31.404174573055027,303,289,592,51.47826086956522,199,180,379,32.95652173913044,318,303,621,54.0,328,316,644,56.00000000000001,345,330,675,58.69565217391305,318,305,623,54.17391304347826,333,314,647,56.260869565217384,359,330,689,59.913043478260875,327,320,647,56.260869565217384,236,233,469,40.78260869565217,328,325,653,56.78260869565217,381,369,750,65.21739130434783,380,351,731,63.56521739130435,317,335,652,56.69565217391305,272,293,565,49.130434782608695,272,293,565,49.86760812003531,54,71,125,17.8826895565093,1908803000,-
Datu Anggal Midtimbang,2025,214,188,402,48.201438848920866,458,475,933,101.19305856832972,136,151,287,31.127982646420826,460,474,934,101.30151843817788,473,501,974,105.63991323210413,472,494,966,104.77223427331887,460,474,934,101.30151843817788,473,501,974,105.63991323210413,472,494,966,104.77223427331887,457,498,955,103.57917570498915,360,431,791,85.79175704989154,370,411,781,84.70715835140999,328,363,691,74.94577006507592,320,367,687,74.51193058568329,338,383,721,78.1995661605206,336,397,733,79.50108459869848,331,394,725,79.06215921483097,12,14,26,5.158730158730158,1908804000,-
Datu Hoffer Ampatuan,2025,61,69,130,16.883116883116884,217,245,462,54.804270462633454,44,43,87,10.320284697508896,201,242,443,52.55041518386714,209,234,443,52.55041518386714,220,228,448,53.143534994068794,210,249,459,54.44839857651246,211,236,447,53.02491103202846,218,229,447,53.02491103202846,196,222,418,49.58481613285884,189,211,400,47.44958481613286,198,245,443,52.55041518386714,245,273,518,61.44721233689205,232,275,507,60.14234875444839,203,229,432,51.245551601423486,187,215,402,47.686832740213525,172,205,377,45.09569377990431,33,31,64,13.502109704641349,1908805000,-
Datu Paglas,2025,299,256,555,48.98499558693734,576,546,1122,90.63004846526655,340,297,637,51.453957996768985,545,560,1105,89.25686591276252,562,575,1137,91.84168012924071,537,581,1118,90.30694668820679,531,541,1072,86.59127625201938,536,549,1085,87.64135702746366,536,550,1086,87.7221324717286,497,510,1007,81.34087237479805,486,515,1001,80.8562197092084,577,574,1151,92.97253634894992,647,640,1287,103.95799676898223,575,579,1154,93.21486268174475,510,545,1055,85.21809369951535,554,565,1119,90.38772213247172,562,547,1109,92.03319502074689,3,8,11,7.971014492753622,1908806000,4th
Datu Piang,2025,243,300,543,75.83798882681563,313,355,668,84.87928843710291,203,235,438,55.65438373570522,384,418,802,101.90597204574333,362,392,754,95.80686149936467,326,369,695,88.31003811944092,376,395,771,97.96696315120712,357,397,754,95.80686149936467,332,351,683,86.78526048284625,319,348,667,84.75222363405337,195,239,434,55.14612452350699,337,376,713,90.5972045743329,338,366,704,89.45362134688692,311,332,643,81.70266836086404,325,358,683,86.78526048284625,336,381,717,91.10546378653113,348,389,737,95.46632124352331,7,10,17,16.831683168316832,1908807000,2nd
Datu Salibo,2025,297,276,573,73.18007662835248,414,390,804,95.0354609929078,203,188,391,46.21749408983452,369,356,725,85.69739952718676,359,354,713,84.27895981087471,369,384,753,89.00709219858156,353,359,712,84.16075650118204,371,367,738,87.2340425531915,373,382,755,89.24349881796691,336,354,690,81.56028368794325,295,301,596,70.44917257683215,318,302,620,73.28605200945626,304,340,644,76.12293144208037,241,276,517,61.111111111111114,336,355,691,81.67848699763593,332,343,675,79.7872340425532,300,329,629,75.14934289127837,22,23,45,12.32876712328767,1908808000,-
Datu Saudi Ampatuan,2025,180,179,359,39.23497267759563,432,490,922,91.2871287128713,239,256,495,49.00990099009901,385,448,833,82.47524752475248,387,452,839,83.06930693069306,397,449,846,83.76237623762376,394,448,842,83.36633663366337,410,461,871,86.23762376237623,401,451,852,84.35643564356435,325,388,713,70.59405940594058,244,283,527,52.178217821782184,400,438,838,82.97029702970296,403,435,838,82.97029702970296,352,382,734,72.67326732673267,382,464,846,83.76237623762376,375,410,785,77.72277227722772,390,415,805,81.89216683621567,27,31,58,11.394891944990176,1908809000,4th
Datu Unsay,2025,73,80,153,54.25531914893617,152,166,318,101.59744408945687,43,62,105,33.54632587859425,150,159,309,98.7220447284345,154,159,313,100.0,145,145,290,92.65175718849841,140,157,297,94.88817891373802,149,150,299,95.52715654952077,142,142,284,90.73482428115017,137,144,281,89.77635782747603,110,122,232,74.12140575079871,148,174,322,102.87539936102237,147,166,313,100.0,152,152,304,97.12460063897763,184,186,370,118.21086261980831,187,186,373,119.16932907348243,145,150,295,95.46925566343042,11,15,26,54.166666666666664,1908810000,5th
Gen. S.K. Pendatun,2025,287,301,588,49.411764705882355,599,535,1134,87.77089783281734,268,268,536,41.48606811145511,560,544,1104,85.44891640866872,571,560,1131,87.53869969040248,577,545,1122,86.8421052631579,550,544,1094,84.6749226006192,582,551,1133,87.69349845201239,571,531,1102,85.29411764705883,485,464,949,73.45201238390094,418,388,806,62.38390092879257,626,610,1236,95.6656346749226,639,629,1268,98.14241486068111,613,569,1182,91.48606811145511,448,402,850,65.78947368421053,420,413,833,64.47368421052632,442,416,858,68.75,24,19,43,7.610619469026549,1908811000,4th*
Guindulungan,2025,402,410,812,103.17662007623889,463,469,932,109.13348946135832,164,172,336,39.34426229508197,475,488,963,112.76346604215458,465,480,945,110.65573770491804,464,463,927,108.5480093676815,485,489,974,114.05152224824356,471,481,952,111.47540983606557,467,473,940,110.0702576112412,453,446,899,105.26932084309134,371,371,742,86.88524590163934,400,404,804,94.14519906323186,339,334,673,78.80562060889929,313,310,623,72.95081967213115,369,382,751,87.93911007025761,404,424,828,96.95550351288055,398,413,811,95.8628841607565,7,6,13,6.310679611650485,1908812000,-
Mamasapano,2025,173,160,333,37.755102040816325,304,299,603,62.551867219917014,147,143,290,30.08298755186722,353,345,698,72.40663900414937,372,362,734,76.14107883817427,375,346,721,74.79253112033194,345,345,690,71.57676348547717,377,359,736,76.34854771784232,377,363,740,76.76348547717843,368,340,708,73.44398340248964,345,373,718,74.48132780082987,389,357,746,77.38589211618257,355,358,713,73.96265560165975,316,340,656,68.04979253112033,373,363,736,76.34854771784232,331,330,661,68.56846473029046,334,353,687,72.16386554621849,21,20,41,12.933753943217665,1908813000,5th
Mangudadatu,2025,102,69,171,16.42651296829971,322,274,596,52.696728558797524,125,111,236,20.866489832007073,320,272,592,52.343059239610966,335,302,637,56.32183908045977,353,310,663,58.620689655172406,332,277,609,53.84615384615385,335,317,652,57.64809902740937,353,309,662,58.53227232537578,332,301,633,55.96816976127321,283,255,538,47.5685234305924,363,312,675,59.6816976127321,382,331,713,63.04155614500442,406,379,785,69.40760389036251,329,306,635,56.145004420866485,361,370,731,64.63306808134395,328,344,672,59.94647636039251,19,14,33,4.910714285714286,1908814000,-
Pagagawan,2025,417,462,879,81.99626865671642,496,548,1044,88.25021132713441,170,187,357,30.17751479289941,549,586,1135,95.9425190194421,563,571,1134,95.85798816568047,518,547,1065,90.0253592561285,547,574,1121,94.75908706677939,571,586,1157,97.8021978021978,538,594,1132,95.68892645815723,563,586,1149,97.12595097210482,506,529,1035,87.4894336432798,495,500,995,84.10819949281488,438,435,873,73.79543533389688,271,300,571,48.26711749788673,461,461,922,77.9374471682164,467,505,972,82.16398985629755,495,544,1039,88.8034188034188,67,73,140,48.61111111111111,1908815000,5th
Pagalungan,2025,255,232,487,31.541450777202073,652,648,1300,77.56563245823389,155,130,285,17.00477326968974,725,654,1379,82.27923627684964,711,635,1346,80.31026252983293,685,605,1290,76.9689737470167,737,657,1394,83.17422434367542,734,660,1394,83.17422434367542,710,621,1331,79.41527446300715,693,594,1287,76.78997613365155,562,487,1049,62.58949880668258,674,575,1249,74.52267303102626,641,540,1181,70.4653937947494,472,419,891,53.16229116945107,722,595,1317,78.5799522673031,686,597,1283,76.55131264916469,656,551,1207,73.41849148418491,48,71,119,27.293577981651374,1908816000,1st
Paglat,2025,165,138,303,41.67812929848693,271,249,520,66.2420382165605,68,77,145,18.471337579617835,261,241,502,63.94904458598726,283,251,534,68.02547770700636,296,257,553,70.44585987261146,261,240,501,63.82165605095541,288,253,541,68.91719745222929,296,257,553,70.44585987261146,269,259,528,67.26114649681529,285,260,545,69.42675159235668,288,255,543,69.17197452229298,313,262,575,73.24840764331209,293,247,540,68.78980891719745,299,272,571,72.73885350318471,300,247,547,69.68152866242038,285,227,512,66.23544631306598,14,27,41,8.742004264392325,1908817000,-
Pandag,2025,318,265,583,49.3649449618967,371,333,704,55.56432517758485,103,98,201,15.864246250986582,379,333,712,56.19573796369376,392,327,719,56.74822415153907,379,318,697,55.011838989739545,378,331,709,55.95895816890292,392,327,719,56.74822415153907,371,318,689,54.38042620363063,361,307,668,52.72296764009471,316,306,622,49.09234411996843,381,354,735,58.011049723756905,422,373,795,62.74664561957379,398,371,769,60.69455406471981,338,341,679,53.591160220994475,335,339,674,53.196527229676406,328,319,647,51.430842607313195,7,20,27,3.5999999999999996,1908818000,-
Rajah Buayan,2025,319,323,642,49.80605120248254,497,525,1022,73.20916905444126,323,316,639,45.77363896848137,518,546,1064,76.21776504297995,524,552,1076,77.07736389684814,547,549,1096,78.51002865329512,489,521,1010,72.34957020057307,514,542,1056,75.64469914040114,544,544,1088,77.93696275071633,547,542,1089,78.00859598853869,512,526,1038,74.35530085959886,461,476,937,67.12034383954155,435,445,880,63.03724928366762,477,472,949,67.97994269340974,509,517,1026,73.49570200573066,516,534,1050,75.21489971346705,495,526,1021,73.87843704775688,4,7,11,1.8675721561969438,1908819000,-
Shariff Aguak,2025,182,196,378,32.25255972696246,528,481,1009,79.32389937106919,180,175,355,27.908805031446544,521,507,1028,80.81761006289308,485,470,955,75.07861635220125,469,467,936,73.58490566037736,519,512,1031,81.05345911949685,500,490,990,77.83018867924528,461,476,937,73.66352201257862,467,457,924,72.64150943396226,427,435,862,67.76729559748428,485,473,958,75.31446540880503,442,483,925,72.72012578616352,359,400,759,59.66981132075472,509,489,998,78.45911949685535,492,498,990,77.83018867924528,486,493,979,78.38270616493195,57,58,115,18.4,1908820000,2nd
Shariff Saydona Mustapha,2025,190,187,377,49.345549738219894,344,322,666,79.47494033412887,283,241,524,62.52983293556086,328,308,636,75.89498806682577,331,311,642,76.6109785202864,338,304,642,76.6109785202864,327,307,634,75.65632458233891,323,314,637,76.0143198090692,339,311,650,77.56563245823389,339,310,649,77.44630071599046,297,269,566,67.5417661097852,352,341,693,82.69689737470168,359,363,722,86.15751789976133,322,304,626,74.7016706443914,323,271,594,70.88305489260142,315,287,602,71.83770883054893,289,278,567,68.39565741857659,29,12,41,11.647727272727272,1908821000,-
South Upi,2025,293,283,576,39.88919667590028,595,600,1195,77.34627831715211,296,275,571,36.957928802588995,608,608,1216,78.70550161812298,579,590,1169,75.66343042071198,548,548,1096,70.93851132686085,600,621,1221,79.02912621359224,574,584,1158,74.9514563106796,549,564,1113,72.03883495145631,496,529,1025,66.34304207119742,441,488,929,60.129449838187696,618,630,1248,80.7766990291262,534,622,1156,74.8220064724919,451,541,992,64.20711974110033,502,539,1041,67.37864077669903,627,621,1248,80.7766990291262,604,601,1205,78.86125654450262,29,23,52,16.352201257861633,1908822000,4th*
Sultan Sa Barongis,2025,140,157,297,35.273159144893114,375,394,769,84.87858719646799,128,171,299,33.00220750551877,364,385,749,82.6710816777042,368,389,757,83.55408388520972,372,403,775,85.54083885209714,354,384,738,81.45695364238411,357,380,737,81.34657836644593,362,395,757,83.55408388520972,324,344,668,73.73068432671081,115,134,249,27.483443708609272,403,434,837,92.3841059602649,315,357,672,74.17218543046357,174,222,396,43.70860927152318,291,313,604,66.66666666666666,296,318,614,67.77041942604856,294,315,609,67.74193548387096,18,23,41,8.932461873638346,1908823000,2nd
Talayan,2025,226,259,485,67.92717086834735,377,425,802,99.75124378109453,155,182,337,41.91542288557214,391,423,814,101.24378109452736,384,372,756,94.02985074626866,409,386,795,98.88059701492537,376,399,775,96.39303482587064,397,397,794,98.75621890547264,405,385,790,98.2587064676617,368,354,722,89.80099502487562,244,255,499,62.06467661691543,362,346,708,88.05970149253731,333,321,654,81.34328358208955,331,324,655,81.46766169154229,360,342,702,87.31343283582089,395,374,769,95.64676616915423,375,361,736,92.0,35,26,61,101.66666666666666,1908824000,4th*
Special Geographic Area (SGA),2025,1231,1281,2512,39.87934592792507,2176,2192,4368,63.46992153443767,936,924,1860,27.027027027027028,2176,2164,4340,63.06306306306306,2062,2074,4136,60.098808485905266,2073,2056,4129,59.99709386806161,2249,2197,4446,64.60331299040976,2128,2197,4325,62.84510316768382,2157,2193,4350,63.208369659982566,1641,1658,3299,47.9366463237431,1303,1338,2641,38.37547224643999,2263,2317,4580,66.55042138913106,2035,2018,4053,58.89276373147341,1776,1775,3551,51.598372566114506,2000,1999,3999,58.108108108108105,2022,2005,4027,58.51496657948271,1961,1915,3876,56.26360865147336,188,173,361,7.679217187832377,1999900000,
Carmen Cluster,2025,213,211,424,41.98019801980198,309,295,604,55.46372819100092,112,120,232,21.30394857667585,344,358,702,64.46280991735537,306,319,625,57.3921028466483,321,307,628,57.66758494031221,344,352,696,63.91184573002755,308,309,617,56.65748393021121,325,316,641,58.8613406795225,228,232,460,42.240587695133144,152,166,318,29.201101928374655,300,314,614,56.38200183654729,241,244,485,44.53627180899908,165,197,362,33.2415059687787,318,316,634,58.21854912764004,278,319,597,54.82093663911846,265,298,563,52.81425891181989,42,51,93,12.89875173370319,1999901000,-
Kabacan Cluster,2025,72,72,144,30.125523012552303,202,168,370,71.70542635658916,38,30,68,13.178294573643413,192,157,349,67.63565891472868,152,128,280,54.263565891472865,149,131,280,54.263565891472865,191,162,353,68.4108527131783,172,143,315,61.04651162790697,156,149,305,59.10852713178295,86,80,166,32.17054263565892,30,24,54,10.465116279069768,179,181,360,69.76744186046511,144,124,268,51.93798449612403,139,117,256,49.6124031007752,156,147,303,58.720930232558146,137,126,263,50.968992248062015,142,123,265,51.9607843137255,20,21,41,11.714285714285715,1999902000,-
Midsayap Cluster I,2025,136,111,247,28.9906103286385,179,174,353,38.20346320346321,114,127,241,26.082251082251084,163,166,329,35.60606060606061,163,169,332,35.93073593073593,179,169,348,37.66233766233766,174,165,339,36.688311688311686,168,192,360,38.961038961038966,205,193,398,43.073593073593074,136,148,284,30.735930735930733,135,154,289,31.277056277056275,206,206,412,44.58874458874459,201,218,419,45.34632034632035,179,161,340,36.79653679653679,152,173,325,35.17316017316017,185,195,380,41.125541125541126,182,190,372,40.70021881838075,16,15,31,4.194857916102842,1999903000,-
Midsayap Cluster II,2025,117,134,251,31.691919191919194,280,324,604,69.9074074074074,183,198,381,44.09722222222222,273,295,568,65.74074074074075,243,256,499,57.754629629629626,247,287,534,61.80555555555556,310,313,623,72.10648148148148,274,299,573,66.31944444444444,231,315,546,63.19444444444444,237,286,523,60.532407407407405,223,259,482,55.78703703703704,288,343,631,73.0324074074074,252,271,523,60.532407407407405,192,256,448,51.85185185185185,261,311,572,66.20370370370371,263,270,533,61.68981481481482,239,250,489,57.3943661971831,12,8,20,3.0534351145038165,1999904000,-
Pigcawayan Cluster,2025,173,176,349,61.335676625659055,246,261,507,82.17179902755267,115,127,242,39.222042139384115,256,246,502,81.36142625607779,238,221,459,74.39222042139384,232,221,453,73.41977309562398,257,239,496,80.38897893030794,245,240,485,78.6061588330632,239,217,456,73.90599675850892,209,180,389,63.04700162074555,180,164,344,55.753646677471636,249,234,483,78.28200972447326,213,212,425,68.88168557536467,189,198,387,62.72285251215559,232,182,414,67.09886547811993,234,212,446,72.28525121555916,220,191,411,67.04730831973899,38,34,72,22.085889570552148,1999905000,-
Pikit Cluster I,2025,193,203,396,39.285714285714285,305,278,583,53.04822565969063,100,91,191,17.37943585077343,275,293,568,51.68334849863512,298,277,575,52.32029117379435,300,278,578,52.593266606005464,285,310,595,54.14012738853503,308,299,607,55.23202911737943,332,301,633,57.597816196542304,206,207,413,37.57961783439491,179,157,336,30.573248407643312,329,344,673,61.23748862602366,296,275,571,51.956323930846224,260,228,488,44.40400363967243,268,243,511,46.496815286624205,328,290,618,56.23293903548681,323,282,605,53.92156862745098,22,13,35,4.516129032258064,1999906000,-
Pikit Cluster II,2025,171,216,387,46.34730538922155,304,331,635,67.76947705442903,65,69,134,14.300960512273212,322,325,647,69.05016008537886,333,358,691,73.74599786552828,327,333,660,70.4375667022412,334,332,666,71.07790821771611,340,370,710,75.77374599786553,332,337,669,71.39807897545357,252,257,509,54.322305229455715,189,201,390,41.6221985058698,305,321,626,66.80896478121664,324,299,623,66.48879402347919,324,277,601,64.14087513340448,296,281,577,61.5795090715048,274,267,541,57.73745997865528,271,259,530,55.38140020898642,7,7,14,2.405498281786942,1999907000,-
Pikit Cluster III,2025,156,158,314,41.58940397350994,351,361,712,85.16746411483254,209,162,371,44.37799043062201,351,324,675,80.74162679425837,329,346,675,80.74162679425837,318,330,648,77.51196172248804,354,324,678,81.10047846889952,313,345,658,78.70813397129187,337,365,702,83.97129186602871,287,268,555,66.38755980861244,215,213,428,51.196172248803826,407,374,781,93.42105263157895,364,375,739,88.39712918660287,328,341,669,80.02392344497608,317,346,663,79.30622009569377,323,326,649,77.63157894736842,319,322,641,74.97076023391813,31,24,55,9.945750452079565,1999908000,-
Alburquerque,2025,54,36,90,67.66917293233082,16,16,32,21.052631578947366,10,3,13,8.552631578947368,54,46,100,65.78947368421053,66,43,109,71.71052631578947,73,58,131,86.18421052631578,60,46,106,69.73684210526315,65,42,107,70.39473684210526,64,48,112,73.68421052631578,63,49,112,73.68421052631578,62,48,110,72.36842105263158,62,45,107,70.39473684210526,62,41,103,67.76315789473685,63,41,104,68.42105263157895,67,50,117,76.97368421052632,39,36,75,49.34210526315789,39,35,74,48.68421052631579,14,20,34,47.88732394366197,0701201000,5th
