Area,PSGC,Region,Province,Geography,Income_Class,Year,CPAB_M,CPAB_F,CPAB_Total,CPAB_Percent,BCG_M,BCG_F,BCG_Total,BCG_Percent,HEPA_B1_M,HEPA_B1_F,HEPA_B1_Total,HEPA_B1_Percent,DPT_1_M,DPT_1_F,DPT_1_Total,DPT_1_Percent,DPT_2_M,DPT_2_F,DPT_2_Total,DPT_2_Percent,DPT_3_M,DPT_3_F,DPT_3_Total,DPT_3_Percent,OPV_1_M,OPV_1_F,OPV_1_Total,OPV_1_Percent,OPV_2_M,OPV_2_F,OPV_2_Total,OPV_2_Percent,OPV_3_M,OPV_3_F,OPV_3_Total,OPV_3_Percent,IPV_1_M,IPV_1_F,IPV_1_Total,IPV_1_Percent,IPV_2_M,IPV_2_F,IPV_2_Total,IPV_2_Percent,PCV_1_M,PCV_1_F,PCV_1_Total,PCV_1_Percent,PCV_2_M,PCV_2_F,PCV_2_Total,PCV_2_Percent,PCV_3_M,PCV_3_F,PCV_3_Total,PCV_3_Percent,MCV_1_M,MCV_1_F,MCV_1_Total,MCV_1_Percent,MCV_2_M,MCV_2_F,MCV_2_Total,MCV_2_Percent,FIC_M,FIC_F,FIC_Total,FIC_Percent,CIC_M,CIC_F,CIC_Total,CIC_Percent
REGION 1,0100000000,REGION 1,,Region,,2018,38438.0,35392.0,73830.0,92.94040635464135,41545.0,37655.0,79200.0,56.54930244507618,39623.0,36836.0,76459.0,54.59221105616261,48161.0,44706.0,92867.0,66.30762714857184,49068.0,45979.0,95047.0,67.86416097849943,48016.0,45744.0,93760.0,66.94523481376694,44049.0,40825.0,84874.0,60.60057444095196,45336.0,41042.0,86378.0,61.674439982333205,44900.0,42765.0,87665.0,62.59336614706569,0.0,0.0,0.0,0.0,0.0,0.0,0.0,0.0,44990.0,41955.0,86945.0,62.079281579383185,45943.0,42976.0,88919.0,63.48873010244607,45465.0,43172.0,88637.0,63.28738031343708,48286.0,44869.0,93155.0,66.51326097564484,44281.0,41581.0,85862.0,61.30601270882741,47458.0,44158.0,91616.0,65.41440521222347,1785.0,1624.0,3409.0,2.4340476267078874
REGION 1,0100000000,REGION 1,,Region,,2019,30855.0,30005.0,60860.0,60.329774232166166,32119.0,30727.0,62846.0,62.298471761332806,28082.0,26964.0,55046.0,54.566427084847504,40432.0,37671.0,78103.0,77.42254940609389,42069.0,37948.0,80017.0,79.3198742151699,41767.0,38601.0,80368.0,79.66781622561174,41208.0,37648.0,78856.0,78.16898910370843,45118.0,41586.0,86704.0,85.94861559358749,42387.0,38919.0,81306.0,80.59764416234805,41406.0,38329.0,79735.0,79.04033106148158,0.0,0.0,0.0,0.0,41987.0,38170.0,80157.0,79.45865450423503,42656.0,38753.0,81409.0,80.69974680358882,41213.0,38314.0,79527.0,78.83414320344198,39337.0,35463.0,74800.0,74.14832587193607,37396.0,34854.0,72250.0,71.6205420353928,34849.0,32553.0,67402.0,66.81477888262346,2615.0,2549.0,5164.0,5.119010090944891
REGION 1,0100000000,REGION 1,,Region,,2020,31439.0,29974.0,61413.0,63.14247231675595,29399.0,27422.0,56821.0,58.421155447712856,27504.0,26366.0,53870.0,55.38705133609566,38876.0,36515.0,75391.0,77.51411151437884,39835.0,37110.0,76945.0,79.111874235305,40081.0,37267.0,77348.0,79.52622325495317,38906.0,36265.0,75171.0,77.28791601978182,41002.0,38392.0,79394.0,81.62984135470538,39989.0,37251.0,77240.0,79.41518183033281,39821.0,37073.0,76894.0,79.05943800701206,0.0,0.0,0.0,0.0,39140.0,36744.0,75884.0,78.02099505454396,40082.0,37561.0,77643.0,79.82953084998098,40176.0,37598.0,77774.0,79.9642199854001,42150.0,38744.0,80894.0,83.17208336332136,42887.0,39615.0,82502.0,84.82536679655772,42150.0,38744.0,80894.0,83.17208336332136,42887.0,39615.0,82502.0,84.82536679655772
REGION 1,0100000000,REGION 1,,Region,,2021,27744.0,26545.0,54289.0,55.85402991831108,26313.0,25087.0,51400.0,52.88174653799461,24216.0,23215.0,47431.0,48.798329183728065,34669.0,32302.0,66971.0,68.90162349019528,35304.0,33564.0,68868.0,70.85330973888352,35824.0,34007.0,69831.0,71.84407086565568,34693.0,32298.0,66991.0,68.92220004526843,35703.0,33804.0,69507.0,71.51073067347065,36175.0,34320.0,70495.0,72.52721249408424,35422.0,33759.0,69181.0,71.1753328257783,0.0,0.0,0.0,0.0,34121.0,32005.0,66126.0,68.0322640383547,34774.0,33226.0,68000.0,69.96028724870882,35180.0,33515.0,68695.0,70.67532253750078,38174.0,35631.0,73805.0,75.93263235869051,40358.0,37971.0,78329.0,80.58704911623697,38174.0,35631.0,73805.0,75.93263235869051,40358.0,37971.0,78329.0,80.58704911623697
REGION 1,0100000000,REGION 1,,Region,,2022,28924.0,28503.0,57427.0,59.14273061514537,25967.0,25129.0,51096.0,52.62258107704508,24408.0,23605.0,48013.0,49.44747113770482,37392.0,34574.0,71966.0,74.11610830183626,37591.0,34961.0,72552.0,74.71961606195738,37488.0,34813.0,72301.0,74.46111700429458,37342.0,34421.0,71763.0,73.90704332691377,37751.0,35297.0,73048.0,75.23043491694045,37860.0,35208.0,73068.0,75.25103245141557,38381.0,36867.0,75248.0,77.49616370920401,16364.0,14659.0,31023.0,31.949865601087552,37690.0,34786.0,72476.0,74.64134543095192,38040.0,35991.0,74031.0,76.24280373639274,37528.0,34878.0,72406.0,74.56925406028898,36978.0,33406.0,70384.0,72.48684332485401,105233.0,34366.0,71155.0,67.61662216224948,35656.0,33181.0,68837.0,65.41389107979437,1133.0,1186.0,2319.0,2.6023139160391864
REGION 1,0100000000,REGION 1,,Region,,2023,30420.0,29400.0,59820.0,62.30211631394768,25770.0,24620.0,50390.0,52.48083652724546,24779.0,23655.0,48434.0,50.443676053991005,38538.0,36300.0,74838.0,77.9432594567572,38964.0,37110.0,76074.0,79.2305449091818,39489.0,37414.0,76903.0,80.09394267622064,37908.0,36994.0,74902.0,78.0099150141643,36340.0,35653.0,71993.0,74.98021163139477,34692.0,33837.0,68529.0,71.37247958673555,37764.0,36749.0,74513.0,77.60477420429929,34634.0,32139.0,66773.0,69.54361773037827,38141.0,35761.0,73902.0,76.96842192967839,39446.0,37251.0,76697.0,79.87939510081652,39640.0,37719.0,77359.0,80.5688635227462,38498.0,35652.0,74150.0,77.2267122146309,39145.0,36995.0,76140.0,72.95479370676274,38229.0,36162.0,74391.0,71.27896058103214,916.0,833.0,1749.0,1.9501806342268408
REGION 1,0100000000,REGION 1,,Region,,2024,29267.0,28133.0,57400.0,59.77672248604515,31055.0,29653.0,60708.0,63.221694576355915,29032.0,27903.0,56935.0,59.29246854952929,36299.0,34555.0,70854.0,73.78780304923768,36624.0,34772.0,71396.0,74.35224527201532,36062.0,34388.0,70450.0,73.36707489794219,36402.0,34548.0,70950.0,73.88777805548614,37625.0,36043.0,73668.0,76.71832041989502,39721.0,37798.0,77519.0,80.7287761392985,38745.0,36736.0,75481.0,78.60639006914938,36370.0,34369.0,70739.0,73.66804132300258,32099.0,30884.0,62983.0,65.59089394318087,29771.0,28306.0,58077.0,60.48175456135966,29312.0,28077.0,57389.0,59.765267016579195,38282.0,36092.0,74374.0,77.45355327834707,104281.0,38813.0,79668.0,76.39742618501933,40149.0,38169.0,78318.0,75.10284711500657,755.0,699.0,1454.0,1.620796129708279
REGION 1,0100000000,REGION 1,,Region,,2025,28447.0,27229.0,55676.0,57.60400608361872,30592.0,29116.0,59708.0,56.88155550686393,30419.0,29221.0,59640.0,56.81677447627395,35234.0,32982.0,68216.0,64.98680562832836,36033.0,33988.0,70021.0,66.70636092560662,37207.0,35340.0,72547.0,69.11278567958159,22389.0,21280.0,43669.0,41.601806247558805,23653.0,22494.0,46147.0,43.962503215234975,24958.0,24033.0,48991.0,46.67187455343959,33324.0,31664.0,64988.0,61.91161199973325,33880.0,32013.0,65893.0,62.773771303908774,37223.0,34717.0,71940.0,68.53451971534453,40473.0,38433.0,78906.0,75.17076470195963,40750.0,38540.0,79290.0,75.53658699235012,37229.0,34922.0,72151.0,68.73553144261639,39223.0,37437.0,76660.0,73.03108536806104,38604.0,36812.0,75416.0,72.31998158820878,510.0,426.0,936.0,3.6051303778453954
ILOCOS NORTE,0102800000,REGION 1,Ilocos Norte,Province,1st,2018,3327.0,2991.0,6318.0,96.41385624904623,4275.0,3099.0,7374.0,55.32641685596494,3347.0,2987.0,6334.0,47.523396306710325,3723.0,3490.0,7213.0,54.118449251705336,3775.0,3608.0,7383.0,55.39394299533349,3819.0,3573.0,7392.0,55.46146913470204,3722.0,3484.0,7206.0,54.06592892108535,4930.0,3600.0,8530.0,63.99977431263642,3808.0,3584.0,7392.0,55.46146913470204,0.0,0.0,0.0,0.0,0.0,0.0,0.0,0.0,3723.0,3476.0,7199.0,54.013408590465374,3772.0,3576.0,7348.0,55.131341342233576,3844.0,3584.0,7428.0,55.73157369217624,4059.0,3696.0,7755.0,58.18502342256687,3861.0,3617.0,7478.0,56.10671891089041,4198.0,3686.0,7884.0,59.15289808684941,11.0,11.0,22.0,0.16506389623423226
ILOCOS NORTE,0102800000,REGION 1,Ilocos Norte,Province,1st,2019,2798.0,2728.0,5526.0,61.71974435828955,2786.0,2676.0,5462.0,61.00493009138211,2741.0,2658.0,5399.0,60.30128479739509,2775.0,3045.0,5820.0,65.00342239689562,3414.0,3093.0,6507.0,72.6765067932302,3386.0,3069.0,6455.0,72.09572020136791,3342.0,3026.0,6368.0,71.1240195572906,6456.0,6435.0,12891.0,143.97922991724766,3426.0,3081.0,6507.0,72.6765067932302,3463.0,3102.0,6565.0,73.32430722261508,0.0,0.0,0.0,0.0,3319.0,3045.0,6364.0,71.07934366560889,3441.0,3102.0,6543.0,73.07858981836563,3468.0,3043.0,6511.0,72.72118268491192,3336.0,2994.0,6330.0,70.69959858631431,3204.0,2958.0,6162.0,68.82321113568226,3232.0,2977.0,6209.0,69.34815286294243,34.0,20.0,54.0,0.6031245377031552
ILOCOS NORTE,0102800000,REGION 1,Ilocos Norte,Province,1st,2020,2788.0,2637.0,5425.0,66.93399136335594,3379.0,2576.0,5955.0,73.47316471314004,2785.0,2596.0,5381.0,66.39111659469464,2865.0,2634.0,5499.0,67.8470080197409,2873.0,2719.0,5592.0,68.99444787168414,2925.0,2773.0,5698.0,70.30228254164096,2868.0,2639.0,5507.0,67.94571252313388,2884.0,2745.0,5629.0,69.45095619987663,2929.0,2774.0,5703.0,70.36397285626157,2923.0,2764.0,5687.0,70.16656384947562,0.0,0.0,0.0,0.0,2869.0,2651.0,5520.0,68.10610734114744,2866.0,2744.0,5610.0,69.21653300431832,2932.0,2790.0,5722.0,70.59839605181986,2991.0,2743.0,5734.0,70.7464528069093,3114.0,2789.0,5903.0,72.83158544108575,2991.0,2743.0,5734.0,70.7464528069093,3114.0,2789.0,5903.0,72.83158544108575
ILOCOS NORTE,0102800000,REGION 1,Ilocos Norte,Province,1st,2021,2184.0,2153.0,4337.0,54.30753819183571,2216.0,2179.0,4395.0,55.03380916604057,2225.0,2178.0,4403.0,55.13398447282745,2543.0,2457.0,5000.0,62.60956674179815,2530.0,2486.0,5016.0,62.8099173553719,2608.0,2436.0,5044.0,63.16053092912597,2538.0,2463.0,5001.0,62.6220886551465,2531.0,2483.0,5014.0,62.78487352867518,2604.0,2458.0,5062.0,63.385925369396446,2600.0,2462.0,5062.0,63.385925369396446,0.0,0.0,0.0,0.0,2546.0,2457.0,5003.0,62.64713248184323,2530.0,2496.0,5026.0,62.93513648885549,2607.0,2459.0,5066.0,63.436013022789886,2800.0,2623.0,5423.0,67.90633608815428,2830.0,2764.0,5594.0,70.04758327072376,2800.0,2623.0,5423.0,67.90633608815428,2830.0,2764.0,5594.0,70.04758327072376
ILOCOS NORTE,0102800000,REGION 1,Ilocos Norte,Province,1st,2022,1886.0,2649.0,4535.0,57.74127832951363,1965.0,2727.0,4692.0,59.74025974025974,1931.0,2698.0,4629.0,58.93812070282658,2832.0,2755.0,5587.0,71.13572701807996,2807.0,2817.0,5624.0,71.60682454800101,2826.0,2851.0,5677.0,72.28163992869875,2833.0,2753.0,5586.0,71.12299465240642,2809.0,2806.0,5615.0,71.49223325693914,2828.0,2862.0,5690.0,72.44716068245481,2872.0,2851.0,5723.0,72.86732874968169,1091.0,1082.0,2173.0,27.66743060860708,2838.0,2765.0,5603.0,71.33944486885665,2810.0,2804.0,5614.0,71.4795008912656,2811.0,2832.0,5643.0,71.84873949579831,2775.0,2507.0,5282.0,67.25235548764961,8499.0,2521.0,5244.0,61.701376632545,2722.0,2521.0,5243.0,61.68961054241675,1.0,1.0,2.0,0.028739761459979883
ILOCOS NORTE,0102800000,REGION 1,Ilocos Norte,Province,1st,2023,3631.0,3859.0,7490.0,84.04398563734291,3549.0,3679.0,7228.0,81.10412926391383,3489.0,3618.0,7107.0,79.74640933572711,3863.0,3861.0,7724.0,86.66965888689407,3782.0,3877.0,7659.0,85.9403052064632,3806.0,3867.0,7673.0,86.09739676840216,3675.0,3717.0,7392.0,82.9443447037702,3532.0,3625.0,7157.0,80.30745062836625,3348.0,3369.0,6717.0,75.37028725314184,3538.0,3569.0,7107.0,79.74640933572711,3471.0,3415.0,6886.0,77.26660682226212,3834.0,3890.0,7724.0,86.66965888689407,3824.0,3921.0,7745.0,86.9052962298025,3833.0,3897.0,7730.0,86.73698384201077,3792.0,3724.0,7516.0,84.33572710951526,3879.0,3803.0,7682.0,78.85444467255184,3875.0,3803.0,7678.0,78.81338534181893,4.0,0.0,4.0,0.04738213693437574
ILOCOS NORTE,0102800000,REGION 1,Ilocos Norte,Province,1st,2024,3661.0,3714.0,7375.0,83.72119423317062,4169.0,4120.0,8289.0,94.09694630491543,4025.0,3994.0,8019.0,91.03189919400613,3935.0,3938.0,7873.0,89.37450334884777,3836.0,3932.0,7768.0,88.18254058349414,3826.0,3963.0,7789.0,88.42093313656487,3844.0,3869.0,7713.0,87.55817913497559,3908.0,3973.0,7881.0,89.46531955954138,4151.0,4272.0,8423.0,95.61811783403338,4025.0,4101.0,8126.0,92.24656601203314,4364.0,4394.0,8758.0,99.42104665682825,3824.0,3870.0,7694.0,87.34249063457827,3734.0,3805.0,7539.0,85.58292655238961,3652.0,3759.0,7411.0,84.12986718129186,4060.0,4062.0,8122.0,92.20115790668635,9590.0,4291.0,8720.0,90.92805005213765,4429.0,4291.0,8720.0,90.92805005213765,2.0,2.0,4.0,0.047670122750566084
ILOCOS NORTE,0102800000,REGION 1,Ilocos Norte,Province,1st,2025,3329.0,3270.0,6599.0,74.71693840579711,3353.0,3297.0,6650.0,69.1699604743083,3348.0,3308.0,6656.0,69.23236946120241,3894.0,3741.0,7635.0,79.41543582275847,3898.0,3821.0,7719.0,80.28916163927605,3925.0,3868.0,7793.0,81.05887247763678,3559.0,3463.0,7022.0,73.03931766174328,3599.0,3546.0,7145.0,74.3187018930726,3630.0,3562.0,7192.0,74.80757229040982,3902.0,3844.0,7746.0,80.57000208029956,3882.0,3774.0,7656.0,79.63386727688787,3966.0,3778.0,7744.0,80.54919908466819,4006.0,3925.0,7931.0,82.49427917620137,4025.0,3936.0,7961.0,82.80632411067194,3928.0,3814.0,7742.0,80.52839608903682,4361.0,4311.0,8672.0,90.2017890576243,4290.0,4260.0,8550.0,89.15537017726798,4.0,1.0,5.0,0.5747126436781609
ILOCOS SUR,0102900000,REGION 1,Ilocos Sur,Province,1st,2018,4826.0,4310.0,9136.0,97.97319034852548,4853.0,4326.0,9179.0,57.61468910319118,4824.0,4316.0,9140.0,57.36989415003458,4995.0,4672.0,9667.0,60.67776441448406,5140.0,4696.0,9836.0,61.738542544829336,5199.0,4999.0,10198.0,64.01074185361625,4990.0,4676.0,9666.0,60.671487620813366,5218.0,4755.0,9973.0,62.59846327771279,5200.0,4982.0,10182.0,63.910313154885344,0.0,0.0,0.0,0.0,0.0,0.0,0.0,0.0,4990.0,4706.0,9696.0,60.85979143093384,5144.0,4706.0,9850.0,61.82641765621888,5185.0,5019.0,10204.0,64.04840261564036,5717.0,5089.0,10806.0,67.827032405391,5065.0,4651.0,9716.0,60.98532730434748,5701.0,5065.0,10766.0,67.5759606585637,185.0,160.0,345.0,2.1654938163853314
ILOCOS SUR,0102900000,REGION 1,Ilocos Sur,Province,1st,2019,2870.0,2873.0,5743.0,56.39252901338831,3055.0,3044.0,6099.0,59.88821773509583,3083.0,3010.0,6093.0,59.82930163304457,3672.0,3341.0,7013.0,68.86310394756961,3750.0,3479.0,7229.0,70.98408362141461,3803.0,3483.0,7286.0,71.54378659090149,3667.0,3331.0,6998.0,68.71581369244149,3735.0,3459.0,7194.0,70.64040635944899,3725.0,3428.0,7153.0,70.23781299543211,3715.0,3348.0,7063.0,69.35407146466336,0.0,0.0,0.0,0.0,3815.0,3460.0,7275.0,71.43577373714088,3471.0,3479.0,6950.0,68.24448487603149,3510.0,3193.0,6703.0,65.81910534158834,3741.0,3495.0,7236.0,71.05281907380774,3593.0,3381.0,6974.0,68.48014928423648,3625.0,3424.0,7049.0,69.21660055987711,163.0,187.0,350.0,3.4367726196562614
ILOCOS SUR,0102900000,REGION 1,Ilocos Sur,Province,1st,2020,3717.0,3628.0,7345.0,78.72454448017149,3659.0,3658.0,7317.0,78.42443729903536,3718.0,3636.0,7354.0,78.82100750267954,3892.0,3676.0,7568.0,81.11468381564845,4030.0,3850.0,7880.0,84.45873526259379,4096.0,3851.0,7947.0,85.17684887459806,3883.0,3660.0,7543.0,80.84673097534834,4002.0,3853.0,7855.0,84.19078242229368,4079.0,3833.0,7912.0,84.80171489817792,4044.0,3824.0,7868.0,84.33011789924973,0.0,0.0,0.0,0.0,3887.0,3687.0,7574.0,81.17899249732046,4032.0,3874.0,7906.0,84.73740621650589,4099.0,3870.0,7969.0,85.41264737406216,4290.0,3852.0,8142.0,87.2668810289389,4565.0,4137.0,8702.0,93.2690246516613,4290.0,3852.0,8142.0,87.2668810289389,4565.0,4137.0,8702.0,93.2690246516613
ILOCOS SUR,0102900000,REGION 1,Ilocos Sur,Province,1st,2021,3554.0,3487.0,7041.0,76.5575731216701,3659.0,3556.0,7215.0,78.44949440034794,3638.0,3542.0,7180.0,78.06893552245297,3502.0,3347.0,6849.0,74.4699358486463,3654.0,3417.0,7071.0,76.88376644558008,3522.0,3343.0,6865.0,74.64390562139828,3515.0,3331.0,6846.0,74.43731651625531,3634.0,3397.0,7031.0,76.44884201370013,3523.0,3334.0,6857.0,74.55692073502229,3412.0,3244.0,6656.0,72.37142546482549,0.0,0.0,0.0,0.0,3542.0,3344.0,6886.0,74.87224094813526,3624.0,3428.0,7052.0,76.6771773404371,3519.0,3352.0,6871.0,74.70914428618028,3971.0,3779.0,7750.0,84.26660867674242,4186.0,3994.0,8180.0,88.94204631945199,3971.0,3779.0,7750.0,84.26660867674242,4186.0,3994.0,8180.0,88.94204631945199
ILOCOS SUR,0102900000,REGION 1,Ilocos Sur,Province,1st,2022,3827.0,3822.0,7649.0,84.31437389770723,3849.0,3833.0,7682.0,84.67813051146385,3842.0,3817.0,7659.0,84.42460317460318,3554.0,3474.0,7028.0,77.46913580246914,3692.0,3525.0,7217.0,79.55246913580247,3701.0,3438.0,7139.0,78.69268077601411,3660.0,3506.0,7166.0,78.99029982363317,3813.0,3597.0,7410.0,81.67989417989418,3831.0,3529.0,7360.0,81.12874779541445,3881.0,3613.0,7494.0,82.6058201058201,3117.0,2956.0,6073.0,66.94223985890653,3653.0,3534.0,7187.0,79.22178130511463,3763.0,3583.0,7346.0,80.97442680776014,3742.0,3525.0,7267.0,80.10361552028219,3747.0,3489.0,7236.0,79.76190476190477,9875.0,3562.0,7397.0,74.90632911392406,3826.0,3546.0,7372.0,74.65316455696203,9.0,16.0,25.0,0.29239766081871343
ILOCOS SUR,0102900000,REGION 1,Ilocos Sur,Province,1st,2023,4732.0,4473.0,9205.0,92.84849707484365,4809.0,4531.0,9340.0,94.21020778696793,4782.0,4496.0,9278.0,93.58482953399233,4647.0,4305.0,8952.0,90.29655033286262,4705.0,4378.0,9083.0,91.61791406092394,4733.0,4411.0,9144.0,92.2332055678838,4524.0,4200.0,8724.0,87.99677224127497,4422.0,4101.0,8523.0,85.96933629211216,4241.0,3916.0,8157.0,82.27758725035304,4680.0,4345.0,9025.0,91.03288279201129,4714.0,4363.0,9077.0,91.55739358482954,4697.0,4309.0,9006.0,90.84123461771233,4841.0,4390.0,9231.0,93.11075247125278,4769.0,4438.0,9207.0,92.86867056687512,4948.0,4552.0,9500.0,95.82408714948556,5153.0,4938.0,10091.0,93.90470872882933,5117.0,4916.0,10033.0,93.36497301321421,36.0,22.0,58.0,0.6016597510373445
ILOCOS SUR,0102900000,REGION 1,Ilocos Sur,Province,1st,2024,4470.0,4247.0,8717.0,88.64144803742118,4376.0,4227.0,8603.0,87.48220459629856,4341.0,4179.0,8520.0,86.63819402074435,4771.0,4581.0,9352.0,95.09863738051656,4720.0,4551.0,9271.0,94.27496440919259,4905.0,4726.0,9631.0,97.9357331706325,4649.0,4438.0,9087.0,92.4039048200122,4690.0,4578.0,9268.0,94.24445800284727,5009.0,4818.0,9827.0,99.92881838519423,4821.0,4607.0,9428.0,95.871466341265,4689.0,4425.0,9114.0,92.67846247712019,4561.0,4339.0,8900.0,90.50233882448647,4555.0,4424.0,8979.0,91.30567419158024,4701.0,4517.0,9218.0,93.73601789709173,4867.0,4530.0,9397.0,95.55623347569656,10656.0,5391.0,10885.0,102.14902402402402,5494.0,5391.0,10885.0,102.14902402402402,21.0,18.0,39.0,0.4090194022024121
ILOCOS SUR,0102900000,REGION 1,Ilocos Sur,Province,1st,2025,4002.0,3957.0,7959.0,80.79382803776267,4150.0,4138.0,8288.0,77.64661795015927,3939.0,3975.0,7914.0,74.14277684092187,4201.0,3923.0,8124.0,76.11017425519955,4182.0,4042.0,8224.0,77.04703016676035,4291.0,4176.0,8467.0,79.3235900318531,2157.0,2109.0,4266.0,39.96627318718381,2235.0,2199.0,4434.0,41.540191118605954,2365.0,2417.0,4782.0,44.80044969083755,3288.0,3209.0,6497.0,60.8675285741053,3481.0,3341.0,6822.0,63.91231028667791,4181.0,3908.0,8089.0,75.78227468615327,4209.0,4049.0,8258.0,77.36556117669102,4362.0,4184.0,8546.0,80.06370620198614,4475.0,4237.0,8712.0,81.61888701517707,4947.0,4648.0,9595.0,89.89132471425894,4922.0,4632.0,9554.0,89.6584084084084,26.0,34.0,60.0,-26.200873362445414
LA UNION,0103300000,REGION 1,La Union,Province,1st,2018,4485.0,4286.0,8771.0,97.75969683459653,4557.0,4407.0,8964.0,48.34104314729312,4531.0,4393.0,8924.0,48.12533121892501,8266.0,8066.0,16332.0,88.07518035269871,8700.0,8324.0,17024.0,91.80699671346699,8782.0,8477.0,17259.0,93.07430429262963,4726.0,4603.0,9329.0,50.30941449365211,4978.0,4725.0,9703.0,52.32632102389393,4967.0,4778.0,9745.0,52.552818548680435,0.0,0.0,0.0,0.0,0.0,0.0,0.0,0.0,5087.0,4874.0,9961.0,53.71766296186823,5277.0,5097.0,10374.0,55.94488862226895,5276.0,5020.0,10296.0,55.52425036195113,5092.0,4797.0,9889.0,53.32938149080563,4745.0,4529.0,9274.0,50.01281059214596,5059.0,4778.0,9837.0,53.048955983927094,12.0,20.0,32.0,0.17256954269448682
LA UNION,0103300000,REGION 1,La Union,Province,1st,2019,4017.0,3786.0,7803.0,63.172950555594184,4030.0,3820.0,7850.0,63.55346172772195,4015.0,3804.0,7819.0,63.30248627376533,4777.0,4351.0,9128.0,73.90012721664279,4787.0,4405.0,9192.0,74.4182700893274,4806.0,4372.0,9178.0,74.30492633592765,4753.0,4386.0,9139.0,73.98918302288547,4761.0,4375.0,9136.0,73.96489507572836,4804.0,4380.0,9184.0,74.35350223024183,4714.0,4295.0,9009.0,72.93670531274485,0.0,0.0,0.0,0.0,4863.0,4324.0,9187.0,74.37779017739892,4720.0,4371.0,9091.0,73.600575868372,4695.0,4356.0,9051.0,73.27673657294412,4019.0,3706.0,7725.0,62.54146392950981,3761.0,3646.0,7407.0,59.96694153085814,3642.0,3543.0,7185.0,58.169633441233394,119.0,103.0,222.0,1.7973080896247482
LA UNION,0103300000,REGION 1,La Union,Province,1st,2020,3958.0,3805.0,7763.0,67.43984015289722,4012.0,3832.0,7844.0,68.14351489879246,4001.0,3827.0,7828.0,68.00451741812181,4520.0,4360.0,8880.0,77.14360177221788,4568.0,4328.0,8896.0,77.28259925288855,4613.0,4353.0,8966.0,77.8907132308227,4457.0,4336.0,8793.0,76.38780297107115,6047.0,5831.0,11878.0,103.18825471288334,4634.0,4403.0,9037.0,78.50751455129877,4636.0,4404.0,9040.0,78.5335765789245,0.0,0.0,0.0,0.0,4502.0,4356.0,8858.0,76.95248023629571,4586.0,4325.0,8911.0,77.4129093910173,4657.0,4403.0,9060.0,78.70732342976284,5130.0,4711.0,9841.0,85.49213795499956,4909.0,4603.0,9512.0,82.63400225870906,5130.0,4711.0,9841.0,85.49213795499956,4909.0,4603.0,9512.0,82.63400225870906
LA UNION,0103300000,REGION 1,La Union,Province,1st,2021,3207.0,3109.0,6316.0,55.26292764021349,3247.0,3120.0,6367.0,55.709160906466,3238.0,3147.0,6385.0,55.86665500043748,3942.0,3559.0,7501.0,65.63128882666899,4118.0,3893.0,8011.0,70.09362148919416,4115.0,3901.0,8016.0,70.13736984863068,3987.0,3571.0,7558.0,66.13002012424533,4227.0,4001.0,8228.0,71.99230028873917,4148.0,3905.0,8053.0,70.46110770846093,4073.0,3853.0,7926.0,69.3498993787733,0.0,0.0,0.0,0.0,3943.0,3542.0,7485.0,65.49129407647213,4087.0,3815.0,7902.0,69.139907253478,4096.0,3890.0,7986.0,69.87487969201155,4349.0,4094.0,8443.0,73.87347974450958,4559.0,4264.0,8823.0,77.19835506168519,4349.0,4094.0,8443.0,73.87347974450958,4559.0,4264.0,8823.0,77.19835506168519
LA UNION,0103300000,REGION 1,La Union,Province,1st,2022,3333.0,3078.0,6411.0,56.54436408537661,3388.0,3103.0,6491.0,57.24995590051155,3398.0,3124.0,6522.0,57.523372728876346,3895.0,3753.0,7648.0,67.45457752690068,3965.0,3775.0,7740.0,68.26600811430588,3996.0,3744.0,7740.0,68.26600811430588,3904.0,3763.0,7667.0,67.62215558299523,3955.0,3775.0,7730.0,68.177809137414,4099.0,3822.0,7921.0,69.86240959604869,4329.0,4048.0,8377.0,73.88428294231787,1975.0,1908.0,3883.0,34.24766272711236,3913.0,3776.0,7689.0,67.81619333215735,3969.0,3784.0,7753.0,68.3806667842653,3921.0,3751.0,7672.0,67.66625507144117,4008.0,3682.0,7690.0,67.82501322984653,12268.0,3781.0,7763.0,63.27844799478317,3856.0,3658.0,7514.0,61.248777306814475,126.0,123.0,249.0,2.4027791180160185
LA UNION,0103300000,REGION 1,La Union,Province,1st,2023,4721.0,4376.0,9097.0,67.35026282668247,4702.0,4352.0,9054.0,67.03190938032132,4705.0,4349.0,9054.0,67.03190938032132,5077.0,4511.0,9588.0,70.98541497001555,5307.0,4816.0,10123.0,74.9463241282298,5297.0,4908.0,10205.0,75.55341674687199,4907.0,4332.0,9239.0,68.40156955652624,5024.0,4571.0,9595.0,71.03723994965574,4866.0,4311.0,9177.0,67.94254830828459,5098.0,4639.0,9737.0,72.08854667949952,4733.0,4235.0,8968.0,66.39520248759902,5095.0,4504.0,9599.0,71.06685422373585,5353.0,4789.0,10142.0,75.08699193011032,5277.0,4956.0,10233.0,75.76071666543274,4959.0,4506.0,9465.0,70.07477604205226,4864.0,4514.0,9378.0,63.808940600122476,4802.0,4444.0,9246.0,62.91079812206573,62.0,70.0,132.0,1.065203357004519
LA UNION,0103300000,REGION 1,La Union,Province,1st,2024,4311.0,4099.0,8410.0,62.59303364096457,4349.0,4127.0,8476.0,63.08425126525752,4175.0,3968.0,8143.0,60.6058350699613,4828.0,4539.0,9367.0,69.71568919321226,4972.0,4665.0,9637.0,71.72521583804703,5087.0,4670.0,9757.0,72.61833879130694,4761.0,4432.0,9193.0,68.4206609109854,4897.0,4590.0,9487.0,70.60881214647216,5150.0,4694.0,9844.0,73.26585293242036,5174.0,4688.0,9862.0,73.39982137540935,4658.0,4178.0,8836.0,65.76362012503722,4498.0,4204.0,8702.0,64.766299493897,4254.0,4035.0,8289.0,61.69246799642751,4444.0,3974.0,8418.0,62.6525751711819,5135.0,4571.0,9706.0,72.23876153617148,14588.0,4655.0,9881.0,67.73375377022211,5208.0,4643.0,9851.0,67.52810529202084,54.0,57.0,111.0,0.8992222942320155
LA UNION,0103300000,REGION 1,La Union,Province,1st,2025,3909.0,3683.0,7592.0,56.10819599438327,3992.0,3758.0,7750.0,52.74620567617233,3955.0,3738.0,7693.0,52.358265840876605,4668.0,4331.0,8999.0,61.246852242564486,4787.0,4406.0,9193.0,62.567208874974476,4759.0,4464.0,9223.0,62.77138773565644,2543.0,2396.0,4939.0,33.61464643027292,2741.0,2572.0,5313.0,36.160076226774656,2880.0,2764.0,5644.0,38.41284965629892,4114.0,3889.0,8003.0,54.4681140679235,4277.0,4135.0,8412.0,57.25175253522086,4810.0,4457.0,9267.0,63.07085006465664,5264.0,4796.0,10060.0,68.46797794868304,5267.0,4856.0,10123.0,68.89675355611516,5006.0,4788.0,9794.0,66.65759205063637,5038.0,4841.0,9879.0,67.23609882256856,5020.0,4740.0,9760.0,66.90430490814367,18.0,31.0,49.0,1.0344099641123075
PANGASINAN,0105500000,REGION 1,Pangasinan,Province,1st,2018,18410.0,16766.0,35176.0,89.59983698005553,20145.0,18379.0,38524.0,58.07496651463519,19623.0,18077.0,37700.0,56.83278573361403,21839.0,19723.0,41562.0,62.65475439417683,22191.0,20399.0,42590.0,64.2044653685576,20865.0,19657.0,40522.0,61.08695340842196,22404.0,20256.0,42660.0,64.30999043490648,22067.0,20090.0,42157.0,63.551717458142356,22576.0,21224.0,43800.0,66.02854151544548,0.0,0.0,0.0,0.0,0.0,0.0,0.0,0.0,22549.0,20661.0,43210.0,65.13911595621916,23081.0,21178.0,44259.0,66.7204844505046,22390.0,21040.0,43430.0,65.47076616474423,24484.0,22695.0,47179.0,71.12238721820097,22215.0,20813.0,43028.0,64.86475078371205,23532.0,22056.0,45588.0,68.72395321018558,1056.0,940.0,1996.0,3.0089718918910773
PANGASINAN,0105500000,REGION 1,Pangasinan,Province,1st,2019,14906.0,14694.0,29600.0,58.478759192741634,13582.0,12951.0,26533.0,52.41949046152074,12252.0,11933.0,24185.0,47.780702401231636,21293.0,19585.0,40878.0,80.7599566986788,21744.0,19859.0,41603.0,82.19229117214967,21610.0,20117.0,41727.0,82.4372697579571,21245.0,19681.0,40926.0,80.85478711899135,21745.0,19950.0,41695.0,82.37404947774873,22157.0,20493.0,42650.0,84.26077971521725,21287.0,20107.0,41394.0,81.77938371703875,0.0,0.0,0.0,0.0,21993.0,20032.0,42025.0,83.02600861739754,21899.0,20505.0,42404.0,83.77477381111541,21686.0,20263.0,41949.0,82.87586045190267,20781.0,18339.0,39120.0,77.2867925547315,19854.0,18209.0,38063.0,75.1985476740988,17844.0,16209.0,34053.0,67.27625631048753,1377.0,1313.0,2690.0,5.314454805016047
PANGASINAN,0105500000,REGION 1,Pangasinan,Province,1st,2020,14638.0,13905.0,28543.0,56.8948333599107,11656.0,11062.0,22718.0,45.28384627651093,10465.0,10021.0,20486.0,40.83479508850263,19821.0,18736.0,38557.0,76.85576463084037,20640.0,19026.0,39666.0,79.06633710731941,20786.0,19421.0,40207.0,80.14471376176049,19917.0,18588.0,38505.0,76.7521129006538,20403.0,19017.0,39420.0,78.57598469143677,20758.0,19418.0,40176.0,80.08292138414926,20712.0,19333.0,40045.0,79.82179875617923,0.0,0.0,0.0,0.0,20263.0,18952.0,39215.0,78.16735767820124,20958.0,19552.0,40510.0,80.74868442034763,20954.0,19607.0,40561.0,80.85034284803062,22390.0,20498.0,42888.0,85.48875777387977,22900.0,21142.0,44042.0,87.78902886302025,22390.0,20498.0,42888.0,85.48875777387977,22900.0,21142.0,44042.0,87.78902886302025
PANGASINAN,0105500000,REGION 1,Pangasinan,Province,1st,2021,12638.0,12000.0,24638.0,48.832599992071984,10452.0,9975.0,20427.0,40.48638363657985,8594.0,8271.0,16865.0,33.42648749355849,17814.0,16557.0,34371.0,68.12343917231539,18036.0,17255.0,35291.0,69.94688230863757,18611.0,17570.0,36181.0,71.7108653426884,17803.0,16556.0,34359.0,68.09965513140682,18326.0,17376.0,35702.0,70.76148570975542,18825.0,17800.0,36625.0,72.59087485630475,18356.0,17489.0,35845.0,71.04491219724898,0.0,0.0,0.0,0.0,17419.0,16397.0,33816.0,67.02342728029492,17868.0,17223.0,35091.0,69.5504816268284,18366.0,17421.0,35787.0,70.92995599952432,19883.0,18448.0,38331.0,75.97217267213699,21334.0,19858.0,41192.0,81.64268442541722,19883.0,18448.0,38331.0,75.97217267213699,21334.0,19858.0,41192.0,81.64268442541722
PANGASINAN,0105500000,REGION 1,Pangasinan,Province,1st,2022,13852.0,12973.0,26825.0,52.89883652139618,10002.0,8811.0,18813.0,37.09919148097022,8614.0,7444.0,16058.0,31.6663380003944,19932.0,17798.0,37730.0,74.40347071583514,19929.0,17837.0,37766.0,74.47446263064485,19887.0,18029.0,37916.0,74.77026227568527,19833.0,17730.0,37563.0,74.07414711102346,20009.0,17892.0,37901.0,74.74068231118123,20044.0,18261.0,38305.0,75.53736935515677,20241.0,19618.0,39859.0,78.6018536777756,7249.0,6006.0,13255.0,26.13882863340564,20089.0,17999.0,38088.0,75.10944586866496,20251.0,18879.0,39130.0,77.16426740287912,19811.0,17842.0,37653.0,74.25162689804772,19486.0,17240.0,36726.0,72.4235850916979,54942.0,18116.0,37452.0,68.16643005351098,18742.0,17509.0,36251.0,65.98048851516144,594.0,607.0,1201.0,2.5774744613271525
PANGASINAN,0105500000,REGION 1,Pangasinan,Province,1st,2023,16334.0,15753.0,32087.0,53.15937707090789,11554.0,10966.0,22520.0,37.30947647448642,10683.0,10101.0,20784.0,34.433399602385684,23760.0,22515.0,46275.0,76.66500994035785,24027.0,22955.0,46982.0,77.83631544068919,24525.0,23185.0,47710.0,79.04241219350563,23696.0,23712.0,47408.0,78.54208084824387,22311.0,22328.0,44639.0,73.9546056991385,21247.0,21320.0,42567.0,70.52186878727635,23458.0,23274.0,46732.0,77.42213386348575,20792.0,19283.0,40075.0,66.3933068257124,23353.0,21952.0,45305.0,75.05798542080848,24287.0,23070.0,47357.0,78.45758780649436,24652.0,23372.0,48024.0,79.56262425447316,23652.0,21800.0,45452.0,75.3015241882041,24041.0,22633.0,46674.0,71.18085739122478,23567.0,22218.0,45785.0,69.82507510942338,474.0,415.0,889.0,1.5851223165252122
PANGASINAN,0105500000,REGION 1,Pangasinan,Province,1st,2024,16001.0,15262.0,31263.0,51.59677179779175,17111.0,16197.0,33308.0,54.97186050733607,15456.0,14787.0,30243.0,49.91335346833688,21705.0,20491.0,42196.0,69.64070571537026,22069.0,20671.0,42740.0,70.53852882441288,21246.0,20084.0,41330.0,68.21145054546055,22063.0,20790.0,42853.0,70.72502516875444,23019.0,21869.0,44888.0,74.0836097770296,24241.0,22912.0,47153.0,77.82178871449555,23573.0,22248.0,45821.0,75.62344242544272,21493.0,20288.0,41781.0,68.9557855126999,18425.0,17731.0,36156.0,59.67222854879437,16606.0,15479.0,32085.0,52.95340892211715,15898.0,15225.0,31123.0,51.365714380023434,23123.0,21891.0,45014.0,74.29156145302107,65801.0,23342.0,47855.0,72.72685825443382,24065.0,22966.0,47031.0,71.47459765049163,443.0,369.0,812.0,1.4425553838227718
PANGASINAN,0105500000,REGION 1,Pangasinan,Province,1st,2025,16849.0,15997.0,32846.0,53.79915810852866,18672.0,17535.0,36207.0,54.605094484745194,18787.0,17851.0,36638.0,55.25510127135899,21960.0,20485.0,42445.0,64.01284932209269,22627.0,21216.0,43843.0,66.12122400349888,23749.0,22377.0,46126.0,69.5642993952373,13815.0,13002.0,26817.0,40.44369372766073,14750.0,13856.0,28606.0,43.141749739846475,15793.0,14999.0,30792.0,46.4385359011869,21677.0,20384.0,42061.0,63.433724946084126,21703.0,20265.0,41968.0,63.293468261269545,23681.0,22015.0,45696.0,68.91580074501938,26326.0,25010.0,51336.0,77.42169001764519,26268.0,24807.0,51075.0,77.02806641832687,22841.0,21206.0,44047.0,66.42888382825343,24107.0,22850.0,46957.0,70.81756074019334,23917.0,22725.0,46642.0,70.88342122460145,404.0,339.0,743.0,3.9584443260522106
CITY OF DAGUPAN,0105518000,REGION 1,Pangasinan,City,2nd,2018,1228.0,1167.0,2395.0,89.70037453183521,1236.0,1143.0,2379.0,49.71540594541085,994.0,940.0,1934.0,40.41597103758915,1523.0,1404.0,2927.0,61.167294326278935,1544.0,1416.0,2960.0,61.85691534191514,1510.0,1442.0,2952.0,61.68973448963969,1497.0,1385.0,2882.0,60.226902032229546,1541.0,1409.0,2950.0,61.64793927657084,1582.0,1443.0,3025.0,63.21525976665314,0.0,0.0,0.0,0.0,0.0,0.0,0.0,0.0,1547.0,1408.0,2955.0,61.75242730924298,1584.0,1419.0,3003.0,62.75551242289566,1572.0,1478.0,3050.0,63.73769993001391,1601.0,1484.0,3085.0,64.469116158719,1329.0,1252.0,2581.0,53.936722465365875,1559.0,1461.0,3020.0,63.11077173398098,505.0,458.0,963.0,20.12439509265685
CITY OF DAGUPAN,0105518000,REGION 1,Pangasinan,City,2nd,2019,1050.0,1014.0,2064.0,56.527032045421954,880.0,866.0,1746.0,47.817925364005205,769.0,764.0,1533.0,41.98446711513172,1331.0,1197.0,2528.0,69.2346594044703,1338.0,1199.0,2537.0,69.48114355583115,1304.0,1184.0,2488.0,68.13917428731096,1333.0,1183.0,2516.0,68.9060138693225,1336.0,1179.0,2515.0,68.87862674139352,1327.0,1217.0,2544.0,69.67285345133403,1327.0,1217.0,2544.0,69.67285345133403,0.0,0.0,0.0,0.0,1245.0,1137.0,2382.0,65.2361387268387,1251.0,1089.0,2340.0,64.08587935382141,1223.0,1167.0,2390.0,65.45523575027057,1198.0,1076.0,2274.0,62.2783289105085,984.0,946.0,1930.0,52.85715690293817,931.0,861.0,1792.0,49.07773324873845,497.0,486.0,983.0,26.92154675419079
CITY OF DAGUPAN,0105518000,REGION 1,Pangasinan,City,2nd,2020,747.0,774.0,1521.0,42.01657458563536,837.0,784.0,1621.0,44.77900552486187,765.0,764.0,1529.0,42.23756906077348,1224.0,1096.0,2320.0,64.08839779005525,1198.0,1104.0,2302.0,63.59116022099448,1168.0,1066.0,2234.0,61.712707182320436,1237.0,1096.0,2333.0,64.4475138121547,1176.0,1088.0,2264.0,62.5414364640884,1139.0,1043.0,2182.0,60.27624309392265,1139.0,1043.0,2182.0,60.27624309392265,0.0,0.0,0.0,0.0,1249.0,1121.0,2370.0,65.4696132596685,1264.0,1149.0,2413.0,66.65745856353591,1194.0,1121.0,2315.0,63.95027624309392,1123.0,1027.0,2150.0,59.392265193370164,950.0,867.0,1817.0,50.193370165745854,1123.0,1027.0,2150.0,59.392265193370164,950.0,867.0,1817.0,50.193370165745854
CITY OF DAGUPAN,0105518000,REGION 1,Pangasinan,City,2nd,2021,959.0,964.0,1923.0,52.88778877887788,1266.0,1221.0,2487.0,68.3993399339934,1211.0,1198.0,2409.0,66.25412541254126,1231.0,1184.0,2415.0,66.41914191419141,1288.0,1261.0,2549.0,70.10451045104512,1299.0,1315.0,2614.0,71.89218921892189,1227.0,1194.0,2421.0,66.58415841584159,1289.0,1286.0,2575.0,70.81958195819583,1373.0,1367.0,2740.0,75.35753575357535,1373.0,1367.0,2740.0,75.35753575357535,0.0,0.0,0.0,0.0,1076.0,1087.0,2163.0,59.48844884488449,1061.0,1061.0,2122.0,58.36083608360836,1070.0,1062.0,2132.0,58.63586358635864,1264.0,1123.0,2387.0,65.64906490649065,1381.0,1257.0,2638.0,72.55225522552256,1264.0,1123.0,2387.0,65.64906490649065,1381.0,1257.0,2638.0,72.55225522552256
CITY OF DAGUPAN,0105518000,REGION 1,Pangasinan,City,2nd,2022,1011.0,999.0,2010.0,54.963084495488104,1395.0,1295.0,2690.0,73.5575608422204,1377.0,1285.0,2662.0,72.79190593382555,1198.0,1058.0,2256.0,61.68990976210008,1184.0,1064.0,2248.0,61.47115121684441,1187.0,1057.0,2244.0,61.36177194421657,1198.0,1058.0,2256.0,61.68990976210008,1189.0,1057.0,2246.0,61.41646158053049,1203.0,1057.0,2260.0,61.79928903472792,1203.0,1057.0,2260.0,61.79928903472792,770.0,736.0,1506.0,41.18129614438064,1192.0,1051.0,2243.0,61.33442712605961,1209.0,1093.0,2302.0,62.94777139732021,1266.0,1150.0,2416.0,66.06508066721356,1028.0,972.0,2000.0,54.68963631391851,3963.0,954.0,1984.0,50.06308352258391,679.0,577.0,1256.0,31.693161746151905,351.0,377.0,728.0,21.640903686087988
CITY OF DAGUPAN,0105518000,REGION 1,Pangasinan,City,2nd,2023,1002.0,939.0,1941.0,58.41107433042432,1156.0,1092.0,2248.0,67.64971411375264,1120.0,1091.0,2211.0,66.5362624134818,1191.0,1108.0,2299.0,69.1844718627746,1143.0,1084.0,2227.0,67.01775504062594,1128.0,1043.0,2171.0,65.33253084562143,1106.0,1033.0,2139.0,64.36954559133314,1051.0,1028.0,2079.0,62.563948239542576,990.0,921.0,1911.0,57.50827565452904,990.0,922.0,1912.0,57.53836894372555,924.0,843.0,1767.0,53.174842010231714,1162.0,1106.0,2268.0,68.25157989768282,1141.0,1081.0,2222.0,66.8672885946434,1109.0,1056.0,2165.0,65.15197111044237,1147.0,1070.0,2217.0,66.71682214866085,1208.0,1107.0,2315.0,64.12742382271468,868.0,781.0,1649.0,45.6786703601108,340.0,326.0,666.0,21.30518234165067
CITY OF DAGUPAN,0105518000,REGION 1,Pangasinan,City,2nd,2024,824.0,811.0,1635.0,48.74776386404293,1050.0,982.0,2032.0,60.58437686344663,1035.0,975.0,2010.0,59.92844364937389,1060.0,1006.0,2066.0,61.59809183064997,1027.0,953.0,1980.0,59.0339892665474,998.0,945.0,1943.0,57.93082886106142,1085.0,1019.0,2104.0,62.73106738223018,1111.0,1033.0,2144.0,63.92367322599881,1170.0,1102.0,2272.0,67.74001192605844,1152.0,1092.0,2244.0,66.90518783542039,1166.0,1084.0,2250.0,67.08407871198568,791.0,740.0,1531.0,45.64698867024448,622.0,563.0,1185.0,35.3309481216458,617.0,602.0,1219.0,36.34466308884913,1097.0,1038.0,2135.0,63.65533691115086,3646.0,1134.0,2327.0,63.82336807460231,953.0,878.0,1831.0,50.2194185408667,235.0,253.0,488.0,15.492063492063494
CITY OF DAGUPAN,0105518000,REGION 1,Pangasinan,City,2nd,2025,358.0,322.0,680.0,20.082693443591257,425.0,388.0,813.0,22.08638956805216,390.0,349.0,739.0,20.076066286335234,511.0,502.0,1013.0,27.51969573485466,539.0,503.0,1042.0,28.30752512904102,483.0,455.0,938.0,25.482205922303724,315.0,310.0,625.0,16.97908177125781,328.0,321.0,649.0,17.631078511274108,290.0,291.0,581.0,15.78375441456126,343.0,338.0,681.0,18.50040749796251,537.0,498.0,1035.0,28.117359413202937,585.0,559.0,1144.0,31.078511274110298,668.0,653.0,1321.0,35.88698723173051,828.0,757.0,1585.0,43.05895137190981,979.0,877.0,1856.0,50.42108122792719,770.0,787.0,1557.0,42.298288508557455,455.0,455.0,910.0,24.958859023587493,58.0,21.0,79.0,4.352617079889807
REGION 2,0200000000,REGION 2,,Region,,2018,27689.0,25048.0,52737.0,92.50644635057623,27832.0,25480.0,53312.0,55.13574431212259,24738.0,22451.0,47189.0,48.80328328227703,30172.0,27610.0,57782.0,59.75865804777663,31221.0,28582.0,59803.0,61.84879421327032,31247.0,28769.0,60016.0,62.06908070671423,31293.0,28316.0,59609.0,61.648157688725156,31076.0,28467.0,59543.0,61.57989990202422,31102.0,28518.0,59620.0,61.65953398650864,0.0,0.0,0.0,0.0,0.0,0.0,0.0,0.0,29030.0,26487.0,55517.0,57.41617491326736,27979.0,26003.0,53982.0,55.82866426802598,27983.0,25505.0,53488.0,55.31776507665841,32316.0,29263.0,61579.0,63.685549200859036,28345.0,26331.0,54676.0,56.54640523727519,31916.0,28836.0,60752.0,62.83025844931856,1201.0,1118.0,2319.0,2.3983304145372952
REGION 2,0200000000,REGION 2,,Region,,2019,24977.0,23351.0,48328.0,65.93621849931294,26358.0,25195.0,51553.0,70.33624135687553,24064.0,22394.0,46458.0,63.3848874160131,30172.0,27475.0,57647.0,78.6505791224527,30359.0,28098.0,58457.0,79.75570114249166,30382.0,27928.0,58310.0,79.55514196107718,29840.0,27263.0,57103.0,77.90837371640183,30026.0,27699.0,57725.0,78.75699827993793,30230.0,27982.0,58212.0,79.4214358401342,25454.0,23431.0,48885.0,66.69616043161135,0.0,0.0,0.0,0.0,30301.0,27614.0,57915.0,79.01622443278657,30128.0,27599.0,57727.0,78.7597269762837,28762.0,26684.0,55446.0,75.64764879392703,29893.0,27667.0,57560.0,78.53188083141147,27187.0,25077.0,52264.0,71.30629290779864,29353.0,27207.0,56560.0,77.16753265852384,1691.0,1466.0,3157.0,4.307247181806219
REGION 2,0200000000,REGION 2,,Region,,2020,23482.0,23018.0,46500.0,66.96139279697017,23282.0,22316.0,45598.0,65.66248577970421,22383.0,21497.0,43880.0,63.18851432109788,28046.0,26138.0,54184.0,78.02658295292542,27685.0,26600.0,54285.0,78.17202597814034,28009.0,26274.0,54283.0,78.16914591823509,27631.0,25827.0,53458.0,76.98112120732111,27574.0,26059.0,53633.0,77.23312644903014,28243.0,26459.0,54702.0,78.77251846838415,27142.0,25351.0,52493.0,75.5914923030399,0.0,0.0,0.0,0.0,27751.0,25704.0,53455.0,76.97680111746324,27780.0,26268.0,54048.0,77.83073887936868,27865.0,26467.0,54332.0,78.23970738591363,28246.0,26148.0,54394.0,78.32898924297625,28673.0,26353.0,55026.0,79.239088173034,28246.0,26148.0,54394.0,78.32898924297625,28673.0,26353.0,55026.0,79.239088173034
REGION 2,0200000000,REGION 2,,Region,,2021,20894.0,20149.0,41043.0,59.28670480152539,17640.0,16666.0,34306.0,49.55509331484371,17233.0,16147.0,33380.0,48.21748425492575,24540.0,23709.0,48249.0,69.69578783151326,24730.0,23421.0,48151.0,69.55422661350899,24585.0,23195.0,47780.0,69.01831628820709,24814.0,23078.0,47892.0,69.18010053735483,24553.0,23680.0,48233.0,69.67267579592072,24797.0,23277.0,48074.0,69.44299994221991,24191.0,23409.0,47600.0,68.75830588779107,0.0,0.0,0.0,0.0,24354.0,22874.0,47228.0,68.22095106026464,24057.0,22862.0,46919.0,67.7745998728838,23398.0,22115.0,45513.0,65.7436297451898,25764.0,24000.0,49764.0,71.8842087016814,26799.0,25271.0,52070.0,75.21523083145549,25764.0,24000.0,49764.0,71.8842087016814,26799.0,25271.0,52070.0,75.21523083145549
REGION 2,0200000000,REGION 2,,Region,,2022,21919.0,20802.0,42721.0,61.9504060324826,19931.0,18960.0,38891.0,56.39646171693735,19466.0,18748.0,38214.0,55.414733178654295,26123.0,24239.0,50362.0,73.03074245939675,26607.0,24822.0,51429.0,74.57801624129931,26087.0,24018.0,50105.0,72.6580626450116,26243.0,24047.0,50290.0,72.92633410672855,26445.0,25487.0,51932.0,75.30742459396753,27468.0,25007.0,52475.0,76.09483758700696,26541.0,24542.0,51083.0,74.07627610208817,10200.0,9435.0,19635.0,28.473027842227378,26110.0,24193.0,50303.0,72.94518561484918,26726.0,24233.0,50959.0,73.89646171693735,25553.0,23986.0,49539.0,71.8372969837587,25440.0,23526.0,48966.0,71.00638051044083,74767.0,23730.0,48900.0,65.40318589752164,24319.0,22788.0,47107.0,63.005069081279174,1262.0,1235.0,2497.0,3.907851698827801
REGION 2,0200000000,REGION 2,,Region,,2023,22992.0,22830.0,45822.0,71.6338111838917,23202.0,21761.0,44963.0,70.29093126143168,22544.0,21831.0,44375.0,69.37170728656965,26123.0,24982.0,51105.0,79.89275720293276,26588.0,25157.0,51745.0,80.89327309393907,26467.0,24613.0,51080.0,79.85367455094033,24922.0,24350.0,49272.0,77.02721715884752,23281.0,21791.0,45072.0,70.46133162411869,21789.0,20167.0,41956.0,65.59006987978177,24359.0,23307.0,47666.0,74.5165475948536,15541.0,14666.0,30207.0,47.222786749417665,26397.0,24768.0,51165.0,79.9865555677146,26705.0,24969.0,51674.0,80.78227836228055,26541.0,24932.0,51473.0,80.46805384026139,25761.0,24143.0,49904.0,78.01522660121624,26539.0,24185.0,50724.0,72.78936945727979,24823.0,23258.0,48081.0,68.99664208018828,1107.0,983.0,2090.0,3.4614683913281112
REGION 2,0200000000,REGION 2,,Region,,2024,21175.0,20275.0,41450.0,64.73123653059312,23399.0,22012.0,45411.0,70.91701283693038,22730.0,21407.0,44137.0,68.92744479495269,24651.0,22997.0,47648.0,74.41046943811101,24740.0,23497.0,48237.0,75.33029328169411,24341.0,23371.0,47712.0,74.51041634131867,24975.0,23333.0,48308.0,75.4411718774401,26983.0,25564.0,52547.0,82.06109254458569,29073.0,27633.0,56706.0,88.55607958272168,26596.0,25209.0,51805.0,80.90233313552176,22919.0,21518.0,44437.0,69.39594590373865,24586.0,22988.0,47574.0,74.29490583127713,24865.0,23598.0,48463.0,75.68323078364618,24055.0,22824.0,46879.0,73.20954492925634,25116.0,23616.0,48732.0,76.10332011119092,69664.0,24476.0,50609.0,72.64727836472208,25334.0,23729.0,49063.0,70.42805466237942,846.0,803.0,1649.0,2.7236839931949195
REGION 2,0200000000,REGION 2,,Region,,2025,18295.0,17683.0,35978.0,55.667646603744394,21796.0,20793.0,42589.0,60.571452952554324,21062.0,20150.0,41212.0,58.61303902605529,23347.0,21791.0,45138.0,64.19672317669814,23767.0,22347.0,46114.0,65.58482193651155,24046.0,22856.0,46902.0,66.70554101718056,16490.0,15423.0,31913.0,45.387700534759354,17191.0,16081.0,33272.0,47.32051427921265,18008.0,16949.0,34957.0,49.716975765160996,22642.0,21576.0,44218.0,62.88826942769371,22287.0,20985.0,43272.0,61.54283763795654,23277.0,21808.0,45085.0,64.1213448628968,23807.0,22366.0,46173.0,65.66873364432814,23579.0,22610.0,46189.0,65.69148936170212,23979.0,22132.0,46111.0,65.58055523950392,24197.0,22765.0,46962.0,66.79087495733303,23944.0,22509.0,46453.0,66.68149977032614,447.0,448.0,895.0,4.344449298577739
BATANES,0200900000,REGION 2,Batanes,Province,4th,2018,114.0,135.0,249.0,99.20318725099602,118.0,139.0,257.0,54.042573772318846,115.0,135.0,250.0,52.570597054784876,118.0,145.0,263.0,55.30426810163368,121.0,145.0,266.0,55.9351152662911,133.0,138.0,271.0,56.98652720738681,119.0,145.0,264.0,55.51455048985282,121.0,145.0,266.0,55.9351152662911,133.0,138.0,271.0,56.98652720738681,0.0,0.0,0.0,0.0,0.0,0.0,0.0,0.0,118.0,146.0,264.0,55.51455048985282,120.0,146.0,266.0,55.9351152662911,133.0,136.0,269.0,56.565962430948524,126.0,102.0,228.0,47.944384513963804,128.0,98.0,226.0,47.52381973752552,126.0,101.0,227.0,47.73410212574466,0.0,0.0,0.0,0.0
BATANES,0200900000,REGION 2,Batanes,Province,4th,2019,118.0,132.0,250.0,85.87765155594603,111.0,133.0,244.0,83.81658791860332,118.0,131.0,249.0,85.53414094972224,108.0,121.0,229.0,78.66392882524657,111.0,119.0,230.0,79.00743943147035,109.0,129.0,238.0,81.75552428126062,108.0,121.0,229.0,78.66392882524657,111.0,119.0,230.0,79.00743943147035,109.0,129.0,238.0,81.75552428126062,109.0,121.0,230.0,79.00743943147035,0.0,0.0,0.0,0.0,110.0,123.0,233.0,80.03797125014171,113.0,121.0,234.0,80.38148185636548,110.0,129.0,239.0,82.09903488748441,115.0,130.0,245.0,84.1600985248271,88.0,118.0,206.0,70.76318488209952,115.0,130.0,245.0,84.1600985248271,0.0,0.0,0.0,0.0
BATANES,0200900000,REGION 2,Batanes,Province,4th,2020,124.0,113.0,237.0,69.70588235294117,121.0,125.0,246.0,72.35294117647058,122.0,120.0,242.0,71.17647058823529,130.0,132.0,262.0,77.05882352941177,124.0,136.0,260.0,76.47058823529412,124.0,130.0,254.0,74.70588235294117,132.0,131.0,263.0,77.3529411764706,123.0,137.0,260.0,76.47058823529412,123.0,131.0,254.0,74.70588235294117,123.0,130.0,253.0,74.41176470588235,0.0,0.0,0.0,0.0,131.0,132.0,263.0,77.3529411764706,124.0,136.0,260.0,76.47058823529412,124.0,121.0,245.0,72.05882352941177,107.0,120.0,227.0,66.76470588235294,116.0,128.0,244.0,71.76470588235294,107.0,120.0,227.0,66.76470588235294,116.0,128.0,244.0,71.76470588235294
BATANES,0200900000,REGION 2,Batanes,Province,4th,2021,125.0,141.0,266.0,75.78347578347578,121.0,115.0,236.0,67.23646723646723,125.0,142.0,267.0,76.06837606837607,134.0,114.0,248.0,70.65527065527066,133.0,118.0,251.0,71.50997150997152,142.0,106.0,248.0,70.65527065527066,133.0,114.0,247.0,70.37037037037037,133.0,117.0,250.0,71.22507122507122,141.0,106.0,247.0,70.37037037037037,141.0,106.0,247.0,70.37037037037037,0.0,0.0,0.0,0.0,135.0,114.0,249.0,70.94017094017094,132.0,118.0,250.0,71.22507122507122,144.0,106.0,250.0,71.22507122507122,108.0,105.0,213.0,60.68376068376068,128.0,114.0,242.0,68.94586894586895,108.0,105.0,213.0,60.68376068376068,128.0,114.0,242.0,68.94586894586895
BATANES,0200900000,REGION 2,Batanes,Province,4th,2022,143.0,108.0,251.0,69.33701657458563,124.0,111.0,235.0,64.9171270718232,142.0,110.0,252.0,69.61325966850829,137.0,119.0,256.0,70.71823204419888,134.0,135.0,269.0,74.30939226519338,116.0,137.0,253.0,69.88950276243095,137.0,120.0,257.0,70.99447513812154,134.0,135.0,269.0,74.30939226519338,117.0,137.0,254.0,70.1657458563536,117.0,136.0,253.0,69.88950276243095,93.0,107.0,200.0,55.24861878453039,137.0,120.0,257.0,70.99447513812154,135.0,134.0,269.0,74.30939226519338,117.0,136.0,253.0,69.88950276243095,137.0,122.0,259.0,71.54696132596685,395.0,117.0,238.0,60.25316455696203,121.0,116.0,237.0,60.0,0.0,0.0,0.0,0.0
BATANES,0200900000,REGION 2,Batanes,Province,4th,2023,125.0,90.0,215.0,89.58333333333334,123.0,93.0,216.0,90.0,125.0,91.0,216.0,90.0,123.0,90.0,213.0,88.75,134.0,91.0,225.0,93.75,134.0,94.0,228.0,95.0,124.0,90.0,214.0,89.16666666666667,137.0,91.0,228.0,95.0,133.0,94.0,227.0,94.58333333333333,133.0,95.0,228.0,95.0,107.0,91.0,198.0,82.5,123.0,90.0,213.0,88.75,134.0,91.0,225.0,93.75,135.0,95.0,230.0,95.83333333333334,125.0,109.0,234.0,97.5,135.0,106.0,241.0,94.88188976377953,135.0,106.0,241.0,94.88188976377953,0.0,0.0,0.0,0.0
BATANES,0200900000,REGION 2,Batanes,Province,4th,2024,94.0,103.0,197.0,81.74273858921161,89.0,94.0,183.0,75.93360995850622,94.0,107.0,201.0,83.40248962655602,94.0,93.0,187.0,77.59336099585063,87.0,89.0,176.0,73.02904564315352,81.0,85.0,166.0,68.87966804979253,94.0,95.0,189.0,78.42323651452283,89.0,90.0,179.0,74.27385892116183,99.0,91.0,190.0,78.83817427385893,98.0,91.0,189.0,78.42323651452283,105.0,94.0,199.0,82.57261410788381,95.0,95.0,190.0,78.83817427385893,90.0,91.0,181.0,75.10373443983403,98.0,94.0,192.0,79.66804979253112,107.0,92.0,199.0,82.57261410788381,259.0,90.0,218.0,84.16988416988417,127.0,88.0,215.0,83.01158301158301,1.0,2.0,3.0,1.185770750988142
BATANES,0200900000,REGION 2,Batanes,Province,4th,2025,103.0,88.0,191.0,78.60082304526749,95.0,82.0,177.0,67.81609195402298,104.0,89.0,193.0,73.9463601532567,97.0,89.0,186.0,71.26436781609196,100.0,91.0,191.0,73.18007662835248,110.0,103.0,213.0,81.60919540229885,83.0,72.0,155.0,59.38697318007663,82.0,76.0,158.0,60.53639846743295,86.0,85.0,171.0,65.51724137931035,97.0,94.0,191.0,73.18007662835248,88.0,102.0,190.0,72.79693486590038,96.0,87.0,183.0,70.11494252873564,100.0,91.0,191.0,73.18007662835248,98.0,94.0,192.0,73.5632183908046,88.0,101.0,189.0,72.41379310344827,90.0,100.0,190.0,72.79693486590038,90.0,100.0,190.0,73.35907335907336,1.0,1.0,2.0,4.545454545454546
CAGAYAN,0201500000,REGION 2,Cagayan,Province,1st,2018,6748.0,6189.0,12937.0,89.87772683062387,6669.0,6089.0,12758.0,43.602135130733785,5615.0,5225.0,10840.0,37.047119048217134,8284.0,7514.0,15798.0,53.99173309259542,8369.0,7607.0,15976.0,54.60007139430968,8271.0,7477.0,15748.0,53.82085154717006,8365.0,7325.0,15690.0,53.622628954476646,8190.0,7426.0,15616.0,53.36972426724712,7971.0,7170.0,15141.0,51.74634958570624,0.0,0.0,0.0,0.0,0.0,0.0,0.0,0.0,7742.0,7106.0,14848.0,50.74498372951365,7325.0,6784.0,14109.0,48.21935448812689,6945.0,6428.0,13373.0,45.703978139465654,8340.0,7512.0,15852.0,54.17628516165479,7217.0,6530.0,13747.0,46.982172099247315,8250.0,7348.0,15598.0,53.308206910893986,392.0,290.0,682.0,2.330824279601853
CAGAYAN,0201500000,REGION 2,Cagayan,Province,1st,2019,6699.0,6111.0,12810.0,58.46153756835595,6487.0,6030.0,12517.0,57.12436110406802,5338.0,4897.0,10235.0,46.70990140609861,8511.0,7678.0,16189.0,73.88242245855695,8522.0,7828.0,16350.0,74.61718495258548,8430.0,7605.0,16035.0,73.17960615992098,8467.0,7774.0,16241.0,74.11973705290156,8569.0,7884.0,16453.0,75.08725039907576,8534.0,7746.0,16280.0,74.29772299866002,5657.0,5120.0,10777.0,49.18344967792132,0.0,0.0,0.0,0.0,8183.0,7580.0,15763.0,71.93826828181068,8267.0,7632.0,15899.0,72.55893722086583,7885.0,7155.0,15040.0,68.63868267198076,8431.0,7699.0,16130.0,73.6131616688198,7455.0,6882.0,14337.0,65.43037190612952,7918.0,7270.0,15188.0,69.31411651742312,672.0,594.0,1266.0,5.777697623851571
CAGAYAN,0201500000,REGION 2,Cagayan,Province,1st,2020,5896.0,5780.0,11676.0,64.97134271882477,5333.0,5004.0,10337.0,57.52044961326581,5102.0,4878.0,9980.0,55.53391575315787,7685.0,7114.0,14799.0,82.34934060430695,7957.0,7395.0,15352.0,85.42652050525848,7913.0,7286.0,15199.0,84.5751488509265,7749.0,7110.0,14859.0,82.68321184129988,7882.0,7376.0,15258.0,84.90345556730287,8183.0,7375.0,15558.0,86.57281175226754,7579.0,6963.0,14542.0,80.91925880585387,0.0,0.0,0.0,0.0,7686.0,7234.0,14920.0,83.02264759890934,7778.0,7379.0,15157.0,84.34143898503143,7756.0,7215.0,14971.0,83.30643815035334,7967.0,7268.0,15235.0,84.77547159312225,8260.0,7541.0,15801.0,87.92499026208893,7967.0,7268.0,15235.0,84.77547159312225,8260.0,7541.0,15801.0,87.92499026208893
CAGAYAN,0201500000,REGION 2,Cagayan,Province,1st,2021,5212.0,4941.0,10153.0,49.37509118319311,4066.0,3816.0,7882.0,38.33098283324418,3924.0,3643.0,7567.0,36.79910518893158,6756.0,6174.0,12930.0,62.87992997130769,6818.0,6248.0,13066.0,63.54131206536011,6614.0,6151.0,12765.0,62.077517871905854,6674.0,6173.0,12847.0,62.4762923697904,6770.0,6592.0,13362.0,64.98079074065069,6725.0,6190.0,12915.0,62.80698341681661,6549.0,6104.0,12653.0,61.53285026503915,0.0,0.0,0.0,0.0,6686.0,6066.0,12752.0,62.01429752468025,6524.0,6047.0,12571.0,61.13407576715459,6302.0,5803.0,12105.0,58.867869474298494,7101.0,6388.0,13489.0,65.59840490200847,7222.0,6529.0,13751.0,66.87253805378592,7101.0,6388.0,13489.0,65.59840490200847,7222.0,6529.0,13751.0,66.87253805378592
CAGAYAN,0201500000,REGION 2,Cagayan,Province,1st,2022,5693.0,5047.0,10740.0,52.56717732856933,4978.0,4518.0,9496.0,46.478390680828156,4741.0,4496.0,9237.0,45.21070921638686,7202.0,6510.0,13712.0,67.1136997699574,7149.0,6600.0,13749.0,67.29479712202046,7040.0,6561.0,13601.0,66.5704077137683,7179.0,6513.0,13692.0,67.0158093093828,7181.0,6630.0,13811.0,67.59825754980177,7138.0,6610.0,13748.0,67.28990259899173,7223.0,6528.0,13751.0,67.30458616807792,1941.0,1725.0,3666.0,17.943321423327298,7125.0,6605.0,13730.0,67.20180118447458,7192.0,6625.0,13817.0,67.62762468797415,7056.0,6435.0,13491.0,66.0320101806079,6804.0,6113.0,12917.0,63.22255396211639,22189.0,6105.0,12540.0,56.51448916129613,6109.0,5724.0,11833.0,53.32822569741764,397.0,368.0,765.0,4.005445311272841
CAGAYAN,0201500000,REGION 2,Cagayan,Province,1st,2023,5817.0,5224.0,11041.0,53.11748292119696,5656.0,5082.0,10738.0,51.65977099971134,5124.0,4629.0,9753.0,46.92100452227461,8164.0,8161.0,16325.0,78.53843933416724,8253.0,7831.0,16084.0,77.37900509958627,8078.0,7696.0,15774.0,75.88761666506302,7535.0,7153.0,14688.0,70.66294621379775,6613.0,6241.0,12854.0,61.839699797940916,5509.0,5311.0,10820.0,52.054267295294906,7292.0,6997.0,14289.0,68.74338497065332,4426.0,4184.0,8610.0,41.422111036274416,8263.0,7711.0,15974.0,76.84980275185221,8478.0,7955.0,16433.0,79.05801982103338,8185.0,7824.0,16009.0,77.0181853170403,7755.0,7353.0,15108.0,72.68353699605504,7703.0,7152.0,14855.0,65.51267916207276,7227.0,6635.0,13862.0,61.13340683572216,470.0,395.0,865.0,4.3609780690698265
CAGAYAN,0201500000,REGION 2,Cagayan,Province,1st,2024,5151.0,4917.0,10068.0,48.583699271341025,5739.0,5225.0,10964.0,52.90739757757081,5400.0,4967.0,10367.0,50.026540558799404,7765.0,7276.0,15041.0,72.58118998214545,7773.0,7399.0,15172.0,73.21333783718573,7599.0,7304.0,14903.0,71.91526323408773,8027.0,7406.0,15433.0,74.47280799112099,8869.0,8456.0,17325.0,83.60276021811514,10148.0,9705.0,19853.0,95.8017661535492,8568.0,8193.0,16761.0,80.88114655214014,7405.0,6867.0,14272.0,68.87033730637457,7823.0,7312.0,15135.0,73.03479225980794,7914.0,7568.0,15482.0,74.70926024224292,7612.0,7321.0,14933.0,72.0600299184481,7918.0,7334.0,15252.0,73.5993823288134,22583.0,7397.0,15273.0,67.63051853163884,7583.0,7079.0,14662.0,64.92494354160209,367.0,368.0,735.0,3.7106219709208403
CAGAYAN,0201500000,REGION 2,Cagayan,Province,1st,2025,5292.0,5225.0,10517.0,50.41464934566895,6095.0,5879.0,11974.0,52.663060210230014,5671.0,5549.0,11220.0,49.34687953555878,7381.0,6753.0,14134.0,62.16299423846594,7465.0,6915.0,14380.0,63.24493116945947,7506.0,7046.0,14552.0,64.00140739763381,5168.0,4785.0,9953.0,43.774464529181515,5377.0,5039.0,10416.0,45.810792980604305,5576.0,5254.0,10830.0,47.63161366934952,7195.0,6819.0,14014.0,61.63522012578616,6992.0,6568.0,13560.0,59.63847473281435,7342.0,6696.0,14038.0,61.74077494832212,7449.0,6886.0,14335.0,63.04701587720456,7424.0,7019.0,14443.0,63.52201257861635,7279.0,6808.0,14087.0,61.95628271099969,7311.0,6745.0,14056.0,61.819941065224086,7236.0,6699.0,13935.0,61.70570783332595,190.0,174.0,364.0,4.595379371291504
ISABELA,0203100000,REGION 2,Isabela,Province,1st,2018,9559.0,8309.0,17868.0,96.26636495878455,9812.0,8810.0,18622.0,56.130697776733655,9193.0,7993.0,17186.0,51.80228611271317,10636.0,9539.0,20175.0,60.811772508087294,10519.0,9422.0,19941.0,60.106446373420994,10372.0,9393.0,19765.0,59.57594466529592,10422.0,9291.0,19713.0,59.41920552425897,10334.0,9311.0,19645.0,59.21423895521064,10354.0,9405.0,19759.0,59.55785937979166,0.0,0.0,0.0,0.0,0.0,0.0,0.0,0.0,9455.0,8366.0,17821.0,53.71631216191442,9010.0,8099.0,17109.0,51.57019161540845,9141.0,7810.0,16951.0,51.093945763796164,10907.0,9376.0,20283.0,61.13730764716404,9404.0,8527.0,17931.0,54.0478757294926,10681.0,9291.0,19972.0,60.199887015193035,420.0,385.0,805.0,2.42644247182207
ISABELA,0203100000,REGION 2,Isabela,Province,1st,2019,8408.0,7768.0,16176.0,64.65539564419358,8743.0,8602.0,17345.0,69.32788312614598,8487.0,7773.0,16260.0,64.99114324768715,10310.0,9289.0,19599.0,78.33711048655722,10271.0,9431.0,19702.0,78.74880100036485,10379.0,9517.0,19896.0,79.52421808462383,10292.0,9162.0,19454.0,77.75754617100283,10328.0,9287.0,19615.0,78.4010624110322,10449.0,9570.0,20019.0,80.01584850402516,8767.0,7961.0,16728.0,66.86173703857999,0.0,0.0,0.0,0.0,10539.0,9389.0,19928.0,79.65212193357377,10117.0,9078.0,19195.0,76.72232439356425,9542.0,8855.0,18397.0,73.53272216037519,10199.0,9212.0,19411.0,77.58567537397634,9072.0,8255.0,17327.0,69.25593721111164,10329.0,9469.0,19798.0,79.13251254721465,366.0,313.0,679.0,2.713959794906493
ISABELA,0203100000,REGION 2,Isabela,Province,1st,2020,8171.0,7993.0,16164.0,61.439051275229005,7865.0,7634.0,15499.0,58.91139914097837,7830.0,7465.0,15295.0,58.135999087764645,9474.0,8858.0,18332.0,69.67957733095137,9050.0,9101.0,18151.0,68.99159983275686,9309.0,8707.0,18016.0,68.47846744460071,9098.0,8530.0,17628.0,67.00368695123342,8999.0,8560.0,17559.0,66.74141928617583,9208.0,8703.0,17911.0,68.07936447603483,8936.0,8376.0,17312.0,65.80257706488274,0.0,0.0,0.0,0.0,9157.0,8419.0,17576.0,66.80603595727698,9271.0,8764.0,18035.0,68.55068607700787,9328.0,9052.0,18380.0,69.8620244022958,9220.0,8605.0,17825.0,67.7524801398761,9332.0,8516.0,17848.0,67.83990269489529,9220.0,8605.0,17825.0,67.7524801398761,9332.0,8516.0,17848.0,67.83990269489529
ISABELA,0203100000,REGION 2,Isabela,Province,1st,2021,6923.0,6665.0,13588.0,57.7156692010364,6381.0,6126.0,12507.0,53.12407084908466,6284.0,5985.0,12269.0,52.113154653187785,8077.0,8383.0,16460.0,69.91462430446417,8102.0,7886.0,15988.0,67.90978210083676,8127.0,7716.0,15843.0,67.29388777980716,8119.0,7790.0,15909.0,67.57422588455168,8166.0,7913.0,16079.0,68.29630888162086,8209.0,7817.0,16026.0,68.07118888841694,8020.0,8158.0,16178.0,68.71681603873763,0.0,0.0,0.0,0.0,7926.0,7623.0,15549.0,66.04510894958162,7989.0,7712.0,15701.0,66.69073609990231,7527.0,7383.0,14910.0,63.330926390009765,8470.0,8057.0,16527.0,70.19920995625026,8789.0,8539.0,17328.0,73.60149513655864,8470.0,8057.0,16527.0,70.19920995625026,8789.0,8539.0,17328.0,73.60149513655864
ISABELA,0203100000,REGION 2,Isabela,Province,1st,2022,7359.0,7103.0,14462.0,61.674271823958385,7334.0,7299.0,14633.0,62.40351400912619,7249.0,7158.0,14407.0,61.43972024393365,8658.0,8380.0,17038.0,72.65981491748049,9161.0,8796.0,17957.0,76.5789585909847,8923.0,8261.0,17184.0,73.2824427480916,8663.0,8013.0,16676.0,71.11603906349951,8887.0,9129.0,18016.0,76.83056846773849,8877.0,8485.0,17362.0,74.0415369525353,9061.0,8394.0,17455.0,74.4381423514862,5575.0,5146.0,10721.0,45.72049980809416,8773.0,8076.0,16849.0,71.85381039703186,9346.0,8353.0,17699.0,75.47869845195957,8604.0,8004.0,16608.0,70.82604801910529,8622.0,7978.0,16600.0,70.79193142564715,25388.0,8035.0,16601.0,65.38916023318103,8193.0,7612.0,15805.0,62.253820702694185,390.0,421.0,811.0,3.78423778638421
ISABELA,0203100000,REGION 2,Isabela,Province,1st,2023,11217.0,10727.0,21944.0,80.14901932137771,11417.0,10939.0,22356.0,81.65382227254466,11301.0,11437.0,22738.0,83.04905219328683,11717.0,11183.0,22900.0,83.64074655758063,11598.0,11543.0,23141.0,84.52098323532634,11930.0,11045.0,22975.0,83.91467913364258,11119.0,11598.0,22717.0,82.97235107198948,11074.0,10435.0,21509.0,78.56021038021842,10957.0,10018.0,20975.0,76.60981043865736,11312.0,10923.0,22235.0,81.21187771649805,8074.0,7690.0,15764.0,57.576975053873404,11683.0,11048.0,22731.0,83.02348515285438,11632.0,11174.0,22806.0,83.29741772891633,11940.0,11050.0,22990.0,83.96946564885496,11446.0,10808.0,22254.0,81.28127396910041,11543.0,11154.0,22697.0,76.1158992588618,11029.0,10535.0,21564.0,72.316308393977,382.0,339.0,721.0,2.782709378618294
ISABELA,0203100000,REGION 2,Isabela,Province,1st,2024,10447.0,10013.0,20460.0,74.77523572838243,10710.0,10311.0,21021.0,76.8255244499671,10517.0,10092.0,20609.0,75.31978656530956,10532.0,9748.0,20280.0,74.11738907974564,10638.0,10078.0,20716.0,75.71083985088809,10513.0,9990.0,20503.0,74.93238798333455,10534.0,9815.0,20349.0,74.36956362838973,11158.0,10531.0,21689.0,79.26686645713032,11750.0,11089.0,22839.0,83.46977560119875,11227.0,10610.0,21837.0,79.80776259045392,10043.0,9491.0,19534.0,71.39098019150647,10374.0,9600.0,19974.0,72.99904977706308,10599.0,9968.0,20567.0,75.16628901396096,10375.0,9707.0,20082.0,73.39375776624516,10829.0,10227.0,21056.0,76.95343907609093,29775.0,10814.0,22296.0,74.88161209068011,11201.0,10596.0,21797.0,73.20570948782536,271.0,237.0,508.0,1.9596497318983144
ISABELA,0203100000,REGION 2,Isabela,Province,1st,2025,7880.0,7579.0,15459.0,56.0250788243395,8412.0,8155.0,16567.0,55.16632812760148,8243.0,8000.0,16243.0,54.08744297559189,9773.0,9321.0,19094.0,63.580966334787384,10174.0,9661.0,19835.0,66.04841663614265,10317.0,9950.0,20267.0,67.48693017215544,6944.0,6606.0,13550.0,45.12004262262329,7307.0,6837.0,14144.0,47.097998734640875,7762.0,7317.0,15079.0,50.2114481702241,9741.0,9232.0,18973.0,63.178049349006024,9718.0,9217.0,18935.0,63.05151343611601,9757.0,9291.0,19048.0,63.42779128234158,10157.0,9619.0,19776.0,65.85195298191869,10063.0,9778.0,19841.0,66.06839599080949,10304.0,9525.0,19829.0,66.0284372814758,10484.0,9901.0,20385.0,67.87985748060338,10356.0,9730.0,20086.0,67.45927791771621,103.0,108.0,211.0,2.644773126096766
CITY OF SANTIAGO,0203135000,REGION 2,Isabela,City,1st,2018,1983.0,1767.0,3750.0,100.0,1983.0,1767.0,3750.0,99.22903012752121,1983.0,1767.0,3750.0,99.22903012752121,1762.0,1663.0,3425.0,90.62918084980271,1803.0,1571.0,3374.0,89.27966604006842,1816.0,1571.0,3387.0,89.62366001117717,1747.0,1651.0,3398.0,89.91473183288456,1807.0,1569.0,3376.0,89.33258818946976,1859.0,1591.0,3450.0,91.29070771731952,0.0,0.0,0.0,0.0,0.0,0.0,0.0,0.0,1798.0,1658.0,3456.0,91.44947416552355,1864.0,1622.0,3486.0,92.24330640654372,1949.0,1761.0,3710.0,98.17058713949432,1991.0,1788.0,3779.0,99.9964012938407,1883.0,1874.0,3757.0,99.41425765042592,1989.0,1787.0,3776.0,99.91701806973869,20.0,25.0,45.0,1.1907483615302545
CITY OF SANTIAGO,0203135000,REGION 2,Isabela,City,1st,2019,1620.0,1437.0,3057.0,99.35383306568865,1620.0,1437.0,3057.0,99.35383306568865,1620.0,1437.0,3057.0,99.35383306568865,1543.0,1347.0,2890.0,93.9262602420151,1557.0,1351.0,2908.0,94.51126809127334,1582.0,1384.0,2966.0,96.39629338332762,1538.0,1356.0,2894.0,94.05626198629471,1588.0,1384.0,2972.0,96.59129599974703,1586.0,1400.0,2986.0,97.04630210472564,1586.0,1400.0,2986.0,97.04630210472564,0.0,0.0,0.0,0.0,1560.0,1380.0,2940.0,95.55128204551018,1592.0,1367.0,2959.0,96.1687903308383,1563.0,1382.0,2945.0,95.71378422585968,1599.0,1582.0,3181.0,103.38388713835643,1582.0,1395.0,2977.0,96.75379818009652,1568.0,1395.0,2963.0,96.29879207511792,36.0,29.0,65.0,2.112528344543592
CITY OF SANTIAGO,0203135000,REGION 2,Isabela,City,1st,2020,1373.0,1319.0,2692.0,100.0,1373.0,1319.0,2692.0,100.0,1373.0,1319.0,2692.0,100.0,1314.0,1255.0,2569.0,95.43090638930164,1360.0,1266.0,2626.0,97.5482912332838,1375.0,1298.0,2673.0,99.29420505200595,1307.0,1315.0,2622.0,97.3997028231798,1361.0,1261.0,2622.0,97.3997028231798,1363.0,1292.0,2655.0,98.62555720653789,1304.0,1221.0,2525.0,93.7964338781575,0.0,0.0,0.0,0.0,1315.0,1254.0,2569.0,95.43090638930164,1367.0,1266.0,2633.0,97.80832095096582,1372.0,1300.0,2672.0,99.25705794947994,1473.0,1219.0,2692.0,100.0,1426.0,1266.0,2692.0,100,1473.0,1219.0,2692.0,100.0,1426.0,1266.0,2692.0,100
CITY OF SANTIAGO,0203135000,REGION 2,Isabela,City,1st,2021,1393.0,1290.0,2683.0,100.0,1393.0,1290.0,2683.0,100.0,1393.0,1290.0,2683.0,100.0,1340.0,1234.0,2574.0,95.93738352590384,1368.0,1286.0,2654.0,98.9191203876258,1338.0,1315.0,2653.0,98.88184867685426,1346.0,1230.0,2576.0,96.0119269474469,1381.0,1297.0,2678.0,99.81364144614237,1338.0,1328.0,2666.0,99.36638091688408,1340.0,1324.0,2664.0,99.29183749534104,0.0,0.0,0.0,0.0,1326.0,1228.0,2554.0,95.19194931047336,1326.0,1259.0,2585.0,96.3473723443906,1267.0,1288.0,2555.0,95.22922102124487,1372.0,1311.0,2683.0,100.0,1389.0,1294.0,2683.0,100,1372.0,1311.0,2683.0,100.0,1389.0,1294.0,2683.0,100
CITY OF SANTIAGO,0203135000,REGION 2,Isabela,City,1st,2022,1425.0,1246.0,2671.0,100.0,1425.0,1246.0,2671.0,100.0,1425.0,1246.0,2671.0,100.0,1429.0,1242.0,2671.0,100.0,1455.0,1216.0,2671.0,100.0,1413.0,1258.0,2671.0,100.0,1431.0,1240.0,2671.0,100.0,1448.0,1214.0,2662.0,99.66304754773493,1402.0,1239.0,2641.0,98.87682515911644,1401.0,1239.0,2640.0,98.83938599775365,855.0,838.0,1693.0,63.384500187195805,1410.0,1255.0,2665.0,99.77536503182328,1444.0,1199.0,2643.0,98.951703481842,1433.0,1238.0,2671.0,100.0,1349.0,1302.0,2651.0,99.25121677274429,2891.0,1382.0,2891.0,100.0,1509.0,1382.0,2891.0,100.0,3.0,4.0,7.0,0.2864157119476268
CITY OF SANTIAGO,0203135000,REGION 2,Isabela,City,1st,2023,1438.0,1396.0,2834.0,96.88888888888889,1438.0,1396.0,2834.0,96.88888888888889,1438.0,1396.0,2834.0,96.88888888888889,1272.0,1192.0,2464.0,84.23931623931624,1287.0,1242.0,2529.0,86.46153846153845,1332.0,1265.0,2597.0,88.78632478632478,1281.0,1187.0,2468.0,84.37606837606837,1277.0,1238.0,2515.0,85.98290598290599,1339.0,1269.0,2608.0,89.16239316239316,1337.0,1263.0,2600.0,88.88888888888889,1459.0,1243.0,2702.0,92.37606837606837,1269.0,1194.0,2463.0,84.2051282051282,1281.0,1236.0,2517.0,86.05128205128206,1349.0,1261.0,2610.0,89.23076923076924,1494.0,1295.0,2789.0,95.35042735042735,1621.0,1446.0,3067.0,96.96490673411319,1621.0,1446.0,3067.0,96.96490673411319,0.0,0.0,0.0,0.0
CITY OF SANTIAGO,0203135000,REGION 2,Isabela,City,1st,2024,1472.0,1379.0,2851.0,96.22004724940938,1475.0,1379.0,2854.0,96.3212959838002,1470.0,1379.0,2849.0,96.15254809314884,1501.0,1377.0,2878.0,97.13128585892676,1474.0,1441.0,2915.0,98.38002024974688,1466.0,1387.0,2853.0,96.28754640566993,1481.0,1398.0,2879.0,97.16503543705703,1465.0,1412.0,2877.0,97.09753628079649,1487.0,1373.0,2860.0,96.52379345258184,1482.0,1373.0,2855.0,96.35504556193048,1474.0,1388.0,2862.0,96.5912926088424,1485.0,1396.0,2881.0,97.23253459331758,1467.0,1396.0,2863.0,96.62504218697266,1476.0,1387.0,2863.0,96.62504218697266,1488.0,1392.0,2880.0,97.19878501518731,3200.0,1538.0,3117.0,97.40625,1579.0,1538.0,3117.0,97.40625,5.0,2.0,7.0,0.273972602739726
CITY OF SANTIAGO,0203135000,REGION 2,Isabela,City,1st,2025,1595.0,1439.0,3034.0,101.30217028380635,1589.0,1442.0,3031.0,93.7809405940594,1589.0,1438.0,3027.0,93.65717821782178,1517.0,1396.0,2913.0,90.1299504950495,1523.0,1384.0,2907.0,89.94430693069307,1520.0,1378.0,2898.0,89.66584158415841,1144.0,1019.0,2163.0,66.92450495049505,1162.0,1054.0,2216.0,68.56435643564357,1208.0,1120.0,2328.0,72.02970297029702,1429.0,1327.0,2756.0,85.27227722772277,1527.0,1409.0,2936.0,90.84158415841584,1507.0,1415.0,2922.0,90.40841584158416,1525.0,1387.0,2912.0,90.0990099009901,1515.0,1357.0,2872.0,88.86138613861387,1561.0,1421.0,2982.0,92.26485148514851,1628.0,1528.0,3156.0,97.64851485148515,1626.0,1527.0,3153.0,98.53125,2.0,4.0,6.0,7.228915662650602
NUEVA VIZCAYA,0205000000,REGION 2,Nueva Vizcaya,Province,1st,2018,4092.0,3827.0,7919.0,91.45397851945953,3431.0,3162.0,6593.0,51.90923308812461,2449.0,2274.0,4723.0,37.18600149783293,3303.0,2943.0,6246.0,49.177168188749626,4277.0,3936.0,8213.0,64.66411820912596,4344.0,4033.0,8377.0,65.95535349298041,4301.0,3779.0,8080.0,63.616957887463485,4289.0,3986.0,8275.0,65.15226813350995,4435.0,4091.0,8526.0,67.12848798867745,0.0,0.0,0.0,0.0,0.0,0.0,0.0,0.0,3893.0,3457.0,7350.0,57.86938619713573,3540.0,3376.0,6916.0,54.45233672644771,3470.0,3222.0,6692.0,52.688698289963575,4408.0,4155.0,8563.0,67.41980326613242,3845.0,3647.0,7492.0,58.98740699169264,4364.0,4058.0,8422.0,66.30965585745267,149.0,159.0,308.0,2.4250028501656877
NUEVA VIZCAYA,0205000000,REGION 2,Nueva Vizcaya,Province,1st,2019,3610.0,3379.0,6989.0,69.43584911689322,4364.0,3972.0,8336.0,82.81831996543453,3641.0,3344.0,6985.0,69.39610904013438,3944.0,3606.0,7550.0,75.00939488232135,3963.0,3636.0,7599.0,75.4962108226172,3929.0,3597.0,7526.0,74.77095442176827,3916.0,3532.0,7448.0,73.99602292497077,3873.0,3568.0,7441.0,73.92647779064279,3919.0,3525.0,7444.0,73.95628284821193,3659.0,3276.0,6935.0,68.89935808064881,0.0,0.0,0.0,0.0,4209.0,3828.0,8037.0,79.8477492277108,4111.0,3807.0,7918.0,78.66548194413515,3842.0,3663.0,7505.0,74.56231901878432,3969.0,3601.0,7570.0,75.20809526611558,3718.0,3255.0,6973.0,69.27688880985784,3837.0,3451.0,7288.0,72.40641985461694,234.0,167.0,401.0,3.9839426950742856
NUEVA VIZCAYA,0205000000,REGION 2,Nueva Vizcaya,Province,1st,2020,3246.0,3120.0,6366.0,66.49952992792228,3877.0,3662.0,7539.0,78.75274208712003,3433.0,3304.0,6737.0,70.37501305755771,4004.0,3613.0,7617.0,79.5675336884989,3940.0,3649.0,7589.0,79.27504439569623,3881.0,3708.0,7589.0,79.27504439569623,3956.0,3660.0,7616.0,79.55708764232739,3938.0,3662.0,7600.0,79.389950903583,3986.0,3755.0,7741.0,80.86284341376789,3771.0,3531.0,7302.0,76.27702914446883,0.0,0.0,0.0,0.0,3972.0,3477.0,7449.0,77.81259793168286,3909.0,3646.0,7555.0,78.91987882586442,3835.0,3738.0,7573.0,79.10790765695185,3957.0,3770.0,7727.0,80.71659876736655,4011.0,3856.0,7867.0,82.17904523137992,3957.0,3770.0,7727.0,80.71659876736655,4011.0,3856.0,7867.0,82.17904523137992
NUEVA VIZCAYA,0205000000,REGION 2,Nueva Vizcaya,Province,1st,2021,2780.0,2796.0,5576.0,58.35688121402407,1326.0,1287.0,2613.0,27.346938775510203,1229.0,1146.0,2375.0,24.856096284667714,3425.0,3229.0,6654.0,69.63893249607536,3415.0,3203.0,6618.0,69.26216640502355,3330.0,3048.0,6378.0,66.75039246467817,3669.0,3093.0,6762.0,70.76923076923077,3158.0,2975.0,6133.0,64.18628990057562,3045.0,2881.0,5926.0,62.01988487702773,2977.0,2837.0,5814.0,60.84772370486656,0.0,0.0,0.0,0.0,3290.0,3063.0,6353.0,66.4887493458922,3129.0,2907.0,6036.0,63.17111459968603,3067.0,2700.0,5767.0,60.355834641548924,3419.0,3168.0,6587.0,68.93772893772893,3782.0,3474.0,7256.0,75.93929879644166,3419.0,3168.0,6587.0,68.93772893772893,3782.0,3474.0,7256.0,75.93929879644166
NUEVA VIZCAYA,0205000000,REGION 2,Nueva Vizcaya,Province,1st,2022,3013.0,2960.0,5973.0,62.62319144474733,1641.0,1658.0,3299.0,34.58796393373873,1562.0,1676.0,3238.0,33.94841685888027,3491.0,3208.0,6699.0,70.23485007339065,3416.0,3202.0,6618.0,69.38561543300482,3343.0,2751.0,6094.0,63.89180121618788,3633.0,3319.0,6952.0,72.8873977773118,3508.0,3393.0,6901.0,72.35269448521703,4646.0,3481.0,8127.0,85.20654225204446,3429.0,3294.0,6723.0,70.48647515202349,0.0,0.0,0.0,0.0,3425.0,3202.0,6627.0,69.47997483749214,3299.0,3087.0,6386.0,66.9532396728874,3171.0,3126.0,6297.0,66.02013000629063,3446.0,3262.0,6708.0,70.32920947787797,10349.0,3225.0,6619.0,63.95787032563533,3357.0,3214.0,6571.0,63.49405739684993,124.0,114.0,238.0,2.676563202878992
NUEVA VIZCAYA,0205000000,REGION 2,Nueva Vizcaya,Province,1st,2023,2865.0,3889.0,6754.0,76.76744714707888,3010.0,2745.0,5755.0,65.41259377131166,2951.0,2681.0,5632.0,64.01454876108207,3102.0,2766.0,5868.0,66.69697658558763,3628.0,2900.0,6528.0,74.19868151852694,3317.0,2791.0,6108.0,69.42486928847465,3289.0,2916.0,6205.0,70.52739258922483,2826.0,2526.0,5352.0,60.83200727438054,2628.0,2331.0,4959.0,56.36508297340305,3024.0,2817.0,5841.0,66.39008865651284,249.0,217.0,466.0,5.296658331438964,3403.0,3100.0,6503.0,73.91452602864287,3468.0,2896.0,6364.0,72.33462150488748,3234.0,3076.0,6310.0,71.7208456467379,3298.0,2957.0,6255.0,71.09570356899295,3850.0,2589.0,6439.0,67.107868681605,3124.0,2803.0,5927.0,61.77175612298071,247.0,242.0,489.0,5.818657782008567
NUEVA VIZCAYA,0205000000,REGION 2,Nueva Vizcaya,Province,1st,2024,2821.0,2720.0,5541.0,62.398648648648646,3866.0,3600.0,7466.0,84.07657657657658,3739.0,3471.0,7210.0,81.19369369369369,3226.0,3074.0,6300.0,70.94594594594594,3226.0,3057.0,6283.0,70.7545045045045,3087.0,3133.0,6220.0,70.04504504504504,3306.0,3193.0,6499.0,73.18693693693695,3683.0,3522.0,7205.0,81.13738738738738,3717.0,3609.0,7326.0,82.5,3510.0,3330.0,6840.0,77.02702702702703,2487.0,2380.0,4867.0,54.80855855855856,3258.0,3158.0,6416.0,72.25225225225225,3186.0,3123.0,6309.0,71.04729729729729,3008.0,2861.0,5869.0,66.09234234234235,3150.0,3052.0,6202.0,69.84234234234235,9661.0,3095.0,6436.0,66.61836248835525,3125.0,2899.0,6024.0,62.35379360314667,191.0,176.0,367.0,4.3105473338031475
NUEVA VIZCAYA,0205000000,REGION 2,Nueva Vizcaya,Province,1st,2025,2263.0,2204.0,4467.0,49.53426480372588,3738.0,3421.0,7159.0,72.99887835219741,3599.0,3264.0,6863.0,69.98062608340982,3035.0,2777.0,5812.0,59.263791169572755,2919.0,2808.0,5727.0,58.39706332211686,3067.0,2872.0,5939.0,60.55878454165392,2093.0,1968.0,4061.0,41.40919751198124,2173.0,2086.0,4259.0,43.42816355664321,2269.0,2130.0,4399.0,44.85571530539411,2750.0,2699.0,5449.0,55.562353421025804,2544.0,2412.0,4956.0,50.53533190578159,3055.0,2863.0,5918.0,60.344651779341284,2998.0,2890.0,5888.0,60.03874783318038,2932.0,2856.0,5788.0,59.01906801264403,3170.0,2877.0,6047.0,61.66003874783318,2983.0,2885.0,5868.0,59.834811869073114,2935.0,2847.0,5782.0,59.848876927854256,143.0,156.0,299.0,8.221061314270003
QUIRINO,0205700000,REGION 2,Quirino,Province,1st,2018,2072.0,1977.0,4049.0,90.44002680366316,1944.0,1839.0,3783.0,71.4418853405897,1969.0,1836.0,3805.0,71.85735493548607,1797.0,1766.0,3563.0,67.28718939162599,1890.0,1880.0,3770.0,71.19638057996912,2060.0,2009.0,4069.0,76.84299007424254,1992.0,1976.0,3968.0,74.93560693403646,2010.0,1991.0,4001.0,75.55881132638102,2087.0,2037.0,4124.0,77.88166406148346,0.0,0.0,0.0,0.0,0.0,0.0,0.0,0.0,1852.0,1795.0,3647.0,68.87352784486667,1938.0,1886.0,3824.0,72.21616958562385,2076.0,2036.0,4112.0,77.65504428244908,2138.0,2101.0,4239.0,80.05343694389632,1901.0,1933.0,3834.0,72.40501940148583,2132.0,2093.0,4225.0,79.78904720168953,35.0,44.0,79.0,1.4919135453096977
QUIRINO,0205700000,REGION 2,Quirino,Province,1st,2019,1561.0,1658.0,3219.0,77.99410331565952,1571.0,1673.0,3244.0,78.59983571171155,1533.0,1607.0,3140.0,76.0799889441351,1774.0,1743.0,3517.0,85.21443347659972,1820.0,1811.0,3631.0,87.97657320259698,1827.0,1812.0,3639.0,88.17040756933365,1642.0,1728.0,3370.0,81.65272698781378,1586.0,1695.0,3281.0,79.49631965786855,1635.0,1724.0,3359.0,81.3862047335509,1669.0,1767.0,3436.0,83.25186051339115,0.0,0.0,0.0,0.0,1662.0,1581.0,3243.0,78.57560641586947,1819.0,1700.0,3519.0,85.26289206828389,1802.0,1749.0,3551.0,86.0382295352305,1733.0,1726.0,3459.0,83.80913431775902,1851.0,1880.0,3731.0,90.3995027868051,1789.0,1823.0,3612.0,87.51621658159745,99.0,94.0,193.0,4.67625409752168
QUIRINO,0205700000,REGION 2,Quirino,Province,1st,2020,1472.0,1448.0,2920.0,72.54658385093168,1462.0,1439.0,2901.0,72.07453416149069,1437.0,1414.0,2851.0,70.83229813664596,1631.0,1571.0,3202.0,79.5527950310559,1595.0,1547.0,3142.0,78.06211180124224,1628.0,1560.0,3188.0,79.20496894409938,1614.0,1551.0,3165.0,78.63354037267081,1592.0,1547.0,3139.0,77.98757763975155,1640.0,1602.0,3242.0,80.54658385093167,1587.0,1543.0,3130.0,77.76397515527951,0.0,0.0,0.0,0.0,1606.0,1582.0,3188.0,79.20496894409938,1591.0,1569.0,3160.0,78.50931677018633,1586.0,1457.0,3043.0,75.6024844720497,1730.0,1559.0,3289.0,81.71428571428572,1794.0,1618.0,3412.0,84.77018633540374,1730.0,1559.0,3289.0,81.71428571428572,1794.0,1618.0,3412.0,84.77018633540374
QUIRINO,0205700000,REGION 2,Quirino,Province,1st,2021,1454.0,1462.0,2916.0,72.21396731054978,1465.0,1470.0,2935.0,72.68449727587914,1429.0,1450.0,2879.0,71.29767211490837,1590.0,1539.0,3129.0,77.4888558692422,1638.0,1555.0,3193.0,79.07379891035166,1628.0,1593.0,3221.0,79.76721149083706,1593.0,1628.0,3221.0,79.76721149083706,1636.0,1558.0,3194.0,79.098563645369,1716.0,1549.0,3265.0,80.8568598315998,1649.0,1495.0,3144.0,77.86032689450224,0.0,0.0,0.0,0.0,1623.0,1661.0,3284.0,81.32738979692917,1610.0,1587.0,3197.0,79.172857850421,1609.0,1538.0,3147.0,77.93462109955424,1739.0,1696.0,3435.0,85.06686478454681,1927.0,1894.0,3821.0,94.62605250123823,1739.0,1696.0,3435.0,85.06686478454681,1927.0,1894.0,3821.0,94.62605250123823
QUIRINO,0205700000,REGION 2,Quirino,Province,1st,2022,1566.0,1432.0,2998.0,74.00641816835349,1618.0,1442.0,3060.0,75.53690446803259,1603.0,1435.0,3038.0,74.99382868427548,1811.0,1541.0,3352.0,82.74500123426314,1896.0,1622.0,3518.0,86.84275487533942,1876.0,1757.0,3633.0,89.68156010861516,1782.0,1581.0,3363.0,83.0165391261417,1867.0,1699.0,3566.0,88.02764749444582,1885.0,1782.0,3667.0,90.52085904714885,1896.0,1702.0,3598.0,88.81757590718341,986.0,843.0,1829.0,45.1493458405332,1801.0,1628.0,3429.0,84.64576647741299,1853.0,1694.0,3547.0,87.55862749938287,1805.0,1610.0,3415.0,84.30017279684029,1762.0,1610.0,3372.0,83.23870649222414,4404.0,1689.0,3543.0,80.44959128065395,1853.0,1688.0,3541.0,80.40417801998183,54.0,67.0,121.0,3.089098800102119
QUIRINO,0205700000,REGION 2,Quirino,Province,1st,2023,1530.0,1504.0,3034.0,79.0309976556395,1558.0,1506.0,3064.0,79.81245115915603,1605.0,1597.0,3202.0,83.40713727533212,1745.0,1590.0,3335.0,86.87158114092212,1688.0,1550.0,3238.0,84.34488147955197,1676.0,1722.0,3398.0,88.51263349830685,1574.0,1406.0,2980.0,77.62438134930972,1354.0,1260.0,2614.0,68.09064860640792,1223.0,1144.0,2367.0,61.65668142745506,1261.0,1212.0,2473.0,64.41781713988017,1226.0,1241.0,2467.0,64.26152643917686,1656.0,1625.0,3281.0,85.46496483459234,1712.0,1617.0,3329.0,86.71529044021881,1698.0,1626.0,3324.0,86.58504818963272,1643.0,1621.0,3264.0,85.02214118259963,1687.0,1738.0,3425.0,81.9377990430622,1687.0,1733.0,3420.0,81.81818181818183,8.0,7.0,15.0,0.4340277777777778
QUIRINO,0205700000,REGION 2,Quirino,Province,1st,2024,1190.0,1143.0,2333.0,60.36222509702458,1520.0,1403.0,2923.0,75.62742561448901,1510.0,1391.0,2901.0,75.0582147477361,1533.0,1429.0,2962.0,76.63648124191462,1542.0,1433.0,2975.0,76.97283311772316,1595.0,1472.0,3067.0,79.35316946959897,1533.0,1426.0,2959.0,76.55886157826649,1719.0,1553.0,3272.0,84.65717981888746,1872.0,1766.0,3638.0,94.1267787839586,1711.0,1612.0,3323.0,85.97671410090555,1405.0,1298.0,2703.0,69.93531694695989,1551.0,1427.0,2978.0,77.05045278137128,1609.0,1452.0,3061.0,79.19793014230272,1486.0,1454.0,2940.0,76.06727037516171,1624.0,1519.0,3143.0,81.31953428201811,4186.0,1542.0,3269.0,78.09364548494983,1719.0,1529.0,3248.0,77.59197324414716,11.0,18.0,29.0,0.830945558739255
QUIRINO,0205700000,REGION 2,Quirino,Province,1st,2025,1162.0,1148.0,2310.0,58.92857142857143,1867.0,1814.0,3681.0,86.73421300659754,1856.0,1810.0,3666.0,86.38077285579642,1544.0,1455.0,2999.0,70.66446748350612,1586.0,1488.0,3074.0,72.43166823751179,1526.0,1507.0,3033.0,71.46559849198869,1058.0,973.0,2031.0,47.85579641847314,1090.0,989.0,2079.0,48.986804901036756,1107.0,1043.0,2150.0,50.6597549481621,1430.0,1405.0,2835.0,66.80018850141376,1418.0,1277.0,2695.0,63.50141376060321,1520.0,1456.0,2976.0,70.12252591894439,1578.0,1493.0,3071.0,72.36098020735156,1547.0,1506.0,3053.0,71.9368520263902,1577.0,1400.0,2977.0,70.14608859566447,1701.0,1606.0,3307.0,77.92177191328935,1701.0,1606.0,3307.0,79.00143334925943,8.0,5.0,13.0,1.3859275053304905
REGION 3,0300000000,REGION 3,,Region,,2018,92955.6193660415,73983.0,166938.61936604153,103.52461589782737,84001.0,82388.0,166389.0,51.92773439762016,58118.0,56240.0,114358.0,35.689569924953254,107589.0,103552.0,211141.0,65.89422238518125,106862.0,103579.0,210441.0,65.67576194561893,106216.0,103176.0,209392.0,65.34838337261768,107235.0,113784.0,221019.0,68.97701127374775,106119.0,104098.0,210217.0,65.60585460495898,106074.0,103194.0,209268.0,65.30968466618093,0.0,0.0,0.0,0.0,0.0,0.0,0.0,0.0,101943.0,97728.0,199671.0,62.31459203978158,99775.0,95878.0,195653.0,61.06062911669389,100246.0,96762.0,197008.0,61.483506110418084,110727.0,105420.0,216147.0,67.45652661439404,101584.0,98186.0,199770.0,62.34548858766254,110989.0,106052.0,217041.0,67.73553180434932,9559.0,9230.0,18789.0,5.863790284194781
REGION 3,0300000000,REGION 3,,Region,,2019,65075.0,65340.0,130415.0,56.0602164879088,75891.0,73924.0,149815.0,64.39950414550518,53593.0,51667.0,105260.0,45.24708344528835,103431.0,98445.0,201876.0,86.77845542087242,102732.0,98806.0,201538.0,86.6331626771473,99848.0,95906.0,195754.0,84.14685134665567,103834.0,98928.0,202762.0,87.15931154791522,103086.0,98912.0,201998.0,86.8308983638738,101166.0,102430.0,203596.0,87.51781494515416,98902.0,95650.0,194552.0,83.63015940003552,0.0,0.0,0.0,0.0,105532.0,100235.0,205767.0,88.45104141446559,103559.0,102985.0,206544.0,88.78504278095798,98153.0,95158.0,193311.0,83.09670290606248,99514.0,94003.0,193517.0,83.18525410490088,95656.0,92267.0,187923.0,80.78061621023107,87039.0,86627.0,173666.0,74.65209950227482,14559.0,14118.0,28677.0,12.327100626643873
REGION 3,0300000000,REGION 3,,Region,,2020,69164.0,68550.0,137714.0,62.591582583401504,75171.0,77220.0,152391.0,69.26233978729206,54796.0,60820.0,115616.0,52.54795018634669,102490.0,96644.0,199134.0,90.5072266157622,101701.0,96673.0,198374.0,90.16180347241159,101625.0,96860.0,198485.0,90.21225343150623,102770.0,96623.0,199393.0,90.624943186983,102358.0,97132.0,199490.0,90.66903008817381,102545.0,97616.0,200161.0,90.9740023634215,100827.0,95881.0,196708.0,89.40459958185619,0.0,0.0,0.0,0.0,102438.0,96198.0,198636.0,90.28088355604037,101404.0,95771.0,197175.0,89.61685301336242,100394.0,96340.0,196734.0,89.41641668939188,101480.0,95741.0,197221.0,89.63776020361786,98083.0,93663.0,191746.0,87.14935005908553,101480.0,95741.0,197221.0,89.63776020361786,98083.0,93663.0,191746.0,87.14935005908553
REGION 3,0300000000,REGION 3,,Region,,2021,59764.0,59266.0,119030.0,54.05491321604708,64394.0,63211.0,127605.0,57.9490649494555,48534.0,48323.0,96857.0,43.98552238399288,86042.0,83060.0,169102.0,76.79403456826005,85614.0,83052.0,168666.0,76.59603455009491,85740.0,82831.0,168571.0,76.55289234430205,83297.0,80130.0,163427.0,74.21685543273902,81521.0,78799.0,160320.0,72.8058782390714,80999.0,78278.0,159277.0,72.33222223231397,84518.0,81095.0,165613.0,75.20958029445691,0.0,0.0,0.0,0.0,79586.0,76511.0,156097.0,70.88809365945814,76669.0,75755.0,152424.0,69.22007974496145,74743.0,72669.0,147412.0,66.94398779302641,84360.0,80368.0,164728.0,74.80767658786024,81251.0,78284.0,159535.0,72.44938738067775,84360.0,80368.0,164728.0,74.80767658786024,81251.0,78284.0,159535.0,72.44938738067775
REGION 3,0300000000,REGION 3,,Region,,2022,66695.0,65957.0,132652.0,60.2539120165338,78755.39957786995,75027.7991557399,153783.19873360984,69.85223989171713,61162.0,58772.0,119934.0,54.477072971315664,98299.0,92433.0,190732.0,86.635325111853,97626.0,92626.0,190252.0,86.41729690445368,96604.0,92197.0,188801.0,85.75821580250278,98203.0,92323.0,190526.0,86.54175467284414,97517.0,92475.0,189992.0,86.29919829211238,97723.0,93262.0,190985.0,86.75024414616973,99223.0,94084.0,193307.0,87.80495559946402,83854.0,79633.0,163487.0,74.2599532147805,99380.0,93315.0,192695.0,87.52696963502986,99595.0,94579.0,194174.0,88.19876904907906,98799.0,94178.0,192977.0,87.65506120687697,95422.0,89749.0,185171.0,84.10937748404534,238292.0,87203.0,178429.0,74.87830057240697,84088.0,80244.0,164332.0,68.96244943178958,15682.0,14666.0,30348.0,15.16626520474558
REGION 3,0300000000,REGION 3,,Region,,2023,71936.0,70719.33333333333,142655.33333333334,61.08285091174825,82688.0,79157.0,161845.0,69.29957524063988,69507.0,66573.0,136080.0,58.26739286815332,98641.0,93560.0,192201.0,82.2975542082006,98926.0,93421.0,192347.0,82.36006919466996,99597.0,94579.0,194176.0,83.14321926489227,94558.0,89711.68960316222,184269.68960316223,78.90148734421018,90475.3,85723.0,176198.3,75.44544068783611,84934.0,80563.0,165497.0,70.86330627205152,96080.0,91031.0,187111.0,80.11809337854964,90167.0,83600.0,173767.0,74.40439488918577,98773.0,93512.0,192285.0,82.33352173466241,98521.0,93617.0,192138.0,82.27057856335422,99172.0,94553.98388334613,193725.98388334614,82.95052918651137,96979.0,90477.1046966732,187456.1046966732,80.26586197747456,96686.0,91830.0,188516.0,74.1946529283738,92283.0,88056.0,180339.0,70.97641321930236,11710.0,10679.0,22389.0,10.01426839795859
REGION 3,0300000000,REGION 3,,Region,,2024,67930.0,65998.0,133928.0,56.91483258468508,75865.0,72835.0,148700.0,63.192428807588186,55388.0,54379.0,109767.0,46.64723155966733,84641.0,80912.0,165553.0,70.35437906108035,79937.0,76719.0,156656.0,66.57345748003722,71571.0,69223.0,140794.0,59.8326484299635,91010.0,86503.0,177513.0,75.43697118306257,93325.0,89408.0,182733.0,77.6552931627237,98675.0,94930.0,193605.0,82.27552238932826,86368.0,82317.0,168685.0,71.68537224887703,72438.0,69149.0,141587.0,60.16964638587753,68457.0,65351.0,133808.0,56.86383667710666,50171.0,48397.3,98568.3,41.88816597468053,46015.0,44593.0,90608.0,38.5053099488766,93655.0,88292.0,181947.0,77.32126996808506,256011.0,96032.0,196398.0,76.7146724164196,99456.0,95223.0,194679.0,76.04321689302412,5203.0,4717.0,9920.0,4.40370230617273
REGION 3,0300000000,REGION 3,,Region,,2025,63418.0,62666.0,126084.0,53.10007327981941,50442.0,48882.0,99324.0,38.4516218947075,39636.0,39282.0,78918.0,30.551781006468996,90422.0,85557.0,175979.0,68.12732037985514,93619.0,89416.0,183035.0,70.85893251880499,101054.0,96778.0,197832.0,76.58734306586298,85206.0,80802.0,166008.0,64.267214847334,85861.0,81961.0,167822.0,64.96947454405382,88091.0,84411.0,172502.0,66.7812581056022,90049.0,85554.0,175603.0,67.98175828174783,84909.0,80790.0,165699.0,64.14759067628306,96644.0,91807.0,188451.0,72.95564614473363,110539.0,106307.0,216846.0,83.94829448451273,109706.0,105938.0,215644.0,83.48296033045693,92088.0,87010.0,179098.0,69.3347889543144,100720.0,96929.0,197649.0,76.51649768300756,99886.0,96124.0,196010.0,76.56311642859096,4397.0,3906.0,8303.0,13.537794299876085
BATAAN,0300800000,REGION 3,Bataan,Province,1st,2018,7638.0,6671.0,14309.0,105.99259259259259,5896.0,5512.0,11408.0,60.10836366150139,5376.0,5066.0,10442.0,55.01854254500329,7076.0,6621.0,13697.0,72.16902674189907,7046.0,6642.0,13688.0,72.1216060482671,7041.0,6634.0,13675.0,72.05310949079869,7038.0,6537.0,13575.0,71.52621289488792,6974.0,6565.0,13539.0,71.33653012036004,7009.0,6556.0,13565.0,71.47352323529684,0.0,0.0,0.0,0.0,0.0,0.0,0.0,0.0,7262.0,6616.0,13878.0,73.12270958049757,6822.0,6399.0,13221.0,69.66099894536377,6945.0,6547.0,13492.0,71.08888872028197,7013.0,6409.0,13422.0,70.72006110314445,6482.0,6143.0,12625.0,66.52069523373554,6891.0,6330.0,13221.0,69.66099894536377,261.0,195.0,456.0,2.402648477353141
BATAAN,0300800000,REGION 3,Bataan,Province,1st,2019,5105.0,4939.0,10044.0,68.43501076601233,7684.0,7258.0,14942.0,101.80763947289489,7193.0,6808.0,14001.0,95.39611566456976,7285.0,6720.0,14005.0,95.42336975089633,7282.0,6707.0,13989.0,95.31435340559005,7074.0,6631.0,13705.0,93.37931327640374,7261.0,6706.0,13967.0,95.16445593079393,7346.0,6754.0,14100.0,96.07065430115232,7055.0,6662.0,13717.0,93.46107553538343,6931.0,6480.0,13411.0,91.37613793140098,0.0,0.0,0.0,0.0,7703.0,7070.0,14773.0,100.65615432559738,7989.0,7434.0,15423.0,105.0849433536647,7451.0,7082.0,14533.0,99.0209091460033,6725.0,6365.0,13090.0,89.18899750369388,5924.0,5831.0,11755.0,80.09294619220181,5743.0,5595.0,11338.0,77.25170769265709,992.0,818.0,1810.0,12.332474062772034
BATAAN,0300800000,REGION 3,Bataan,Province,1st,2020,4904.0,4787.0,9691.0,70.10779136222239,4121.0,3891.0,8012.0,57.96136873327063,3724.0,3436.0,7160.0,51.79772842364175,6897.0,6419.0,13316.0,96.33219995659408,6879.0,6523.0,13402.0,96.95435144324676,6953.0,6428.0,13381.0,96.8024307313897,6833.0,6407.0,13240.0,95.7823916660638,6869.0,6463.0,13332.0,96.44794907038992,6905.0,6383.0,13288.0,96.12963900745135,6919.0,6370.0,13289.0,96.13687332706358,0.0,0.0,0.0,0.0,6937.0,6468.0,13405.0,96.97605440208349,6938.0,6555.0,13493.0,97.61267452796064,6888.0,6445.0,13333.0,96.45518339000218,6907.0,6407.0,13314.0,96.3177313173696,6602.0,6031.0,12633.0,91.39115966143385,6907.0,6407.0,13314.0,96.3177313173696,6602.0,6031.0,12633.0,91.39115966143385
BATAAN,0300800000,REGION 3,Bataan,Province,1st,2021,4068.0,3875.0,7943.0,57.499638048356736,1961.0,1882.0,3843.0,27.819603300998985,1802.0,1715.0,3517.0,25.459678586940786,5749.0,5104.0,10853.0,78.56522368611553,5759.0,5157.0,10916.0,79.0212827566237,5679.0,5227.0,10906.0,78.94889242797161,5621.0,4970.0,10591.0,76.66859707543072,5520.0,4921.0,10441.0,75.58274214564933,5308.0,4854.0,10162.0,73.56305197625598,5602.0,5096.0,10698.0,77.44317359200811,0.0,0.0,0.0,0.0,5699.0,5031.0,10730.0,77.67482264369481,5724.0,5112.0,10836.0,78.44216012740698,5601.0,5101.0,10702.0,77.47212972346894,5665.0,5262.0,10927.0,79.10091211814103,4958.0,4734.0,9692.0,70.16070652960764,5665.0,5262.0,10927.0,79.10091211814103,4958.0,4734.0,9692.0,70.16070652960764
BATAAN,0300800000,REGION 3,Bataan,Province,1st,2022,3719.0,3673.0,7392.0,53.60794836463848,4596.0,3968.0,8564.0,62.10747697439989,4087.0,3554.0,7641.0,55.413735586336934,5953.0,5478.0,11431.0,82.89941257524114,5869.0,5433.0,11302.0,81.96388425556603,5728.0,5431.0,11159.0,80.92682573065487,5916.0,5446.0,11362.0,82.3990137065777,5887.0,5460.0,11347.0,82.29023134382479,5911.0,5567.0,11478.0,83.24026397853362,5932.0,5554.0,11486.0,83.29828123866851,4884.0,4422.0,9306.0,67.48857785191095,5802.0,5465.0,11267.0,81.7100587424759,5855.0,5472.0,11327.0,82.14518819348756,5781.0,5456.0,11237.0,81.49249401697006,5622.0,5157.0,10779.0,78.17100587424758,14894.0,4459.0,9502.0,63.79750234993957,4808.0,4238.0,9046.0,60.73586679199677,838.0,729.0,1567.0,12.848474909806493
BATAAN,0300800000,REGION 3,Bataan,Province,1st,2023,4864.0,4414.0,9278.0,53.383199079401614,5299.0,4944.0,10243.0,58.9355581127733,4950.0,4625.0,9575.0,55.09205983889528,6789.0,6319.0,13108.0,75.42002301495972,6835.0,6323.0,13158.0,75.70771001150747,6851.0,6339.0,13190.0,75.89182968929804,6632.0,6192.0,12824.0,73.78596087456847,6325.0,5898.0,12223.0,70.32796317606444,5652.0,5260.0,10912.0,62.78481012658228,6510.0,6026.0,12536.0,72.12888377445339,6415.0,5911.0,12326.0,70.92059838895281,6774.0,6324.0,13098.0,75.36248561565017,6818.0,6325.0,13143.0,75.62140391254314,6827.0,6364.0,13191.0,75.897583429229,6729.0,6167.0,12896.0,74.20023014959723,5777.0,5334.0,11111.0,58.97871436912787,5688.0,5227.0,10915.0,57.9383194437072,1335.0,1115.0,2450.0,15.365318281592977
BATAAN,0300800000,REGION 3,Bataan,Province,1st,2024,4697.0,4456.0,9153.0,52.13602187286398,5785.0,5629.0,11414.0,65.01480975165185,4225.0,4195.0,8420.0,47.960811118705855,5972.0,5658.0,11630.0,66.2451583504215,5818.0,5544.0,11362.0,64.71861471861472,5310.0,5078.0,10388.0,59.17065390749602,6219.0,5945.0,12164.0,69.28685349737981,6513.0,6207.0,12720.0,72.45386192754614,7057.0,6685.0,13742.0,78.27523353839143,6275.0,5939.0,12214.0,69.57165641376167,5490.0,5146.0,10636.0,60.58327637275006,4754.0,4532.0,9286.0,52.893597630439736,2689.0,2567.0,5256.0,29.93848257006152,1834.0,1768.0,3602.0,20.517202096149465,6251.0,5811.0,12062.0,68.70585554796081,19041.0,5873.0,12111.0,63.60485268630849,6211.0,5844.0,12055.0,63.31075048579381,557.0,457.0,1014.0,6.3012677106636845
BATAAN,0300800000,REGION 3,Bataan,Province,1st,2025,4462.0,4371.0,8833.0,49.768988054992114,1900.0,1844.0,3744.0,19.454403741231488,2152.0,2114.0,4266.0,22.1667965705378,5920.0,5620.0,11540.0,59.963626916082106,6044.0,5856.0,11900.0,61.83424266043128,6506.0,6178.0,12684.0,65.90802805923617,5451.0,5131.0,10582.0,54.98571057417511,5360.0,5208.0,10568.0,54.912964406339306,5603.0,5369.0,10972.0,57.01221096388672,5926.0,5670.0,11596.0,60.25461158742531,5839.0,5483.0,11322.0,58.830865159781766,6446.0,6214.0,12660.0,65.78332034294621,7875.0,7562.0,15437.0,80.21304234866199,7529.0,7175.0,14704.0,76.40426084697324,6068.0,5712.0,11780.0,61.21070407898155,6040.0,5743.0,11783.0,61.2262925435178,5962.0,5683.0,11645.0,61.15750223202563,342.0,295.0,637.0,9.118236472945892
BULACAN,0301400000,REGION 3,Bulacan,Province,1st,2018,12442.860318152103,12155.0,24597.860318152103,148.1798814346512,16183.0,17948.0,34131.0,52.452808493583646,9989.0,10760.0,20749.0,31.8872380953786,19211.0,20491.0,39702.0,61.014368252095096,19035.0,20380.0,39415.0,60.573304232943634,18987.0,20569.0,39556.0,60.78999422144662,18938.0,20138.0,39076.0,60.052326175479024,19087.0,20277.0,39364.0,60.49492700305959,19073.0,20642.0,39715.0,61.0343467616734,0.0,0.0,0.0,0.0,0.0,0.0,0.0,0.0,14577.0,15819.0,30396.0,46.71282901089826,14382.0,15297.0,29679.0,45.61093736723416,14177.0,15297.0,29474.0,45.29589163926883,19339.0,20245.0,39584.0,60.8330248574614,17675.0,19254.0,36929.0,56.75279847820312,20989.0,21991.0,42980.0,66.05202628268218,3504.0,3486.0,6990.0,10.742290919403173
BULACAN,0301400000,REGION 3,Bulacan,Province,1st,2019,11373.0,11154.0,22527.0,48.81313733318783,12774.0,13077.0,25851.0,56.01582160075637,9217.0,8768.0,17985.0,38.97120233219617,19019.0,17996.0,37015.0,80.20678645127836,18800.0,18445.0,37245.0,80.70516713164562,17375.0,17027.0,34402.0,74.54474854780166,19060.0,18621.0,37681.0,81.64992355182007,18707.0,18435.0,37142.0,80.48197926174203,18337.0,22771.0,41108.0,89.0757956892922,17908.0,17208.0,35116.0,76.09189552946349,0.0,0.0,0.0,0.0,17621.0,17149.0,34770.0,75.34215763638926,16196.0,19481.0,35677.0,77.30751101505493,14519.0,14410.0,28929.0,62.685455227584264,17718.0,16655.0,34373.0,74.48190924462492,17430.0,16610.0,34040.0,73.76034069435406,14507.0,13950.0,28457.0,61.66269139656973,3438.0,3289.0,6727.0,14.576551464480602
BULACAN,0301400000,REGION 3,Bulacan,Province,1st,2020,11473.0,11381.0,22854.0,52.38499094597382,13680.0,13505.0,27185.0,62.31232952070965,10932.0,10562.0,21494.0,49.26765535104408,18771.0,17565.0,36336.0,83.2878721892406,18509.0,17435.0,35944.0,82.38934604717262,18188.0,17027.0,35215.0,80.71836248194924,19327.0,18118.0,37445.0,85.82987599422376,18916.0,17852.0,36768.0,84.27808467233594,18658.0,17708.0,36366.0,83.35663694501112,17979.0,17010.0,34989.0,80.20033465514474,0.0,0.0,0.0,0.0,18716.0,17443.0,36159.0,82.8821601301946,17974.0,16869.0,34843.0,79.86567951039494,17347.0,16674.0,34021.0,77.98152520228298,17888.0,16734.0,34622.0,79.35911247621885,17015.0,16412.0,33427.0,76.6199830380269,17888.0,16734.0,34622.0,79.35911247621885,17015.0,16412.0,33427.0,76.6199830380269
BULACAN,0301400000,REGION 3,Bulacan,Province,1st,2021,11043.0,10678.0,21721.0,49.679795068844065,16109.0,15384.0,31493.0,72.03009926352865,12221.0,12303.0,24524.0,56.090755226201914,16952.0,17324.0,34276.0,78.39531585929281,17158.0,17394.0,34552.0,79.02657700928594,16628.0,16865.0,33493.0,76.60445542289924,16443.0,16524.0,32967.0,75.40139975298476,16075.0,16323.0,32398.0,74.09999542564384,15398.0,15600.0,30998.0,70.89794611408445,15807.0,15840.0,31647.0,72.38232468780019,0.0,0.0,0.0,0.0,14413.0,14761.0,29174.0,66.72613329673848,13884.0,13724.0,27608.0,63.14441242395132,12882.0,12975.0,25857.0,59.1395636064224,15369.0,15485.0,30854.0,70.56859247060976,15093.0,15312.0,30405.0,69.54164951283107,15369.0,15485.0,30854.0,70.56859247060976,15093.0,15312.0,30405.0,69.54164951283107
BULACAN,0301400000,REGION 3,Bulacan,Province,1st,2022,11730.0,11613.0,23343.0,53.34323583180988,19271.0,18077.0,37348.0,85.3473491773309,14246.0,13586.0,27832.0,63.60146252285192,19821.0,18530.0,38351.0,87.63939670932358,20198.0,18943.0,39141.0,89.4446983546618,19805.0,18996.0,38801.0,88.66773308957953,20115.0,18860.0,38975.0,89.06535648994516,20068.0,18777.0,38845.0,88.768281535649,20017.0,19078.0,39095.0,89.33957952468006,20446.0,19305.0,39751.0,90.83866544789763,16799.0,16457.0,33256.0,75.9963436928702,20525.0,19093.0,39618.0,90.53473491773309,20594.0,19660.0,40254.0,91.98811700182816,20166.0,19205.0,39371.0,89.97029250457038,19827.0,18587.0,38414.0,87.7833638025594,47363.0,19153.0,39243.0,82.85581572113253,16332.0,15637.0,31969.0,67.4978358634377,4732.0,4351.0,9083.0,22.896972446998916
BULACAN,0301400000,REGION 3,Bulacan,Province,1st,2023,20973.0,20842.0,41815.0,61.86566060068057,29222.0,27580.0,56802.0,84.03905903240124,22935.0,21465.0,44400.0,65.6901908566356,31354.0,29062.0,60416.0,89.38600384672289,31382.0,29054.0,60436.0,89.41559402278443,31896.0,29609.0,61505.0,90.99718893327416,30056.0,27808.68960316222,57864.68960316222,85.61131765521854,29229.0,27094.0,56323.0,83.33037431572717,28595.0,26458.0,55053.0,81.4513981358189,31586.0,29285.0,60871.0,90.0591803521231,29193.0,26663.0,55856.0,82.63944370469004,31538.0,29171.0,60709.0,89.81949992602456,31284.0,29081.0,60365.0,89.31054889776594,31766.0,29728.0,61494.0,90.98091433644029,30938.0,28185.0,59123.0,87.47299896434384,31240.0,29542.0,60782.0,82.56292533177576,29037.0,27663.0,56700.0,77.0181610725492,4472.0,4197.0,8669.0,13.151786391564894
BULACAN,0301400000,REGION 3,Bulacan,Province,1st,2024,19865.0,19813.0,39678.0,58.2514864567276,29871.0,28800.0,58671.0,86.13521250825809,21986.0,21303.0,43289.0,63.552815092123616,27131.0,26005.0,53136.0,78.0092490640828,26620.0,25456.0,52076.0,76.45305732951626,25119.0,24238.0,49357.0,72.46127871981209,28509.0,27065.0,55574.0,81.58849005358584,29139.0,27905.0,57044.0,83.74660500623945,30363.0,29124.0,59487.0,87.33318652279235,26611.0,25161.0,51772.0,76.00675328488585,22079.0,20827.0,42906.0,62.99053072010571,20484.0,19594.0,40078.0,58.83872862071497,16251.0,15689.0,31940.0,46.89128679439184,16509.0,16042.0,32551.0,47.78829919988255,30271.0,28205.0,58476.0,85.84893195331425,74192.0,30516.0,62962.0,84.8635971533319,31932.0,30098.0,62030.0,83.60739702393789,2282.0,2047.0,4329.0,6.517222690593762
BULACAN,0301400000,REGION 3,Bulacan,Province,1st,2025,19535.0,19755.0,39290.0,57.1898516761037,22581.0,22307.0,44888.0,59.98984310266485,18631.0,19021.0,37652.0,50.319407692513295,27949.0,26623.0,54572.0,72.93186860182288,28673.0,27744.0,56417.0,75.39758907331677,30446.0,29741.0,60187.0,80.43594472509555,25479.0,24256.0,49735.0,66.46753802154332,25937.0,25016.0,50953.0,68.09531446288723,26974.0,26207.0,53181.0,71.0728891027183,27268.0,26277.0,53545.0,71.55935102771764,25957.0,24839.0,50796.0,67.88549434688477,30345.0,29093.0,59438.0,79.43495576403924,34199.0,33740.0,67939.0,90.79598000694946,33635.0,32866.0,66501.0,88.87418811643012,29066.0,27696.0,56762.0,75.85865875497821,32558.0,31256.0,63814.0,85.28319033491033,32309.0,31033.0,63342.0,85.37578175544533,1674.0,1531.0,3205.0,26.352573589870087
NUEVA ECIJA,0304900000,REGION 3,Nueva Ecija,Province,1st,2018,9456.141495014193,8444.0,17900.14149501419,123.8078675820597,7417.0,7032.0,14449.0,34.36978121489862,3923.0,3675.0,7598.0,18.073333633524793,12421.0,11747.0,24168.0,57.488329462362096,12291.0,11626.0,23917.0,56.89127671926987,11736.0,11286.0,23022.0,54.76234363135137,11849.0,11185.0,23034.0,54.7908879856028,11857.0,11247.0,23104.0,54.957396718736085,11612.0,11125.0,22737.0,54.08441521788012,0.0,0.0,0.0,0.0,0.0,0.0,0.0,0.0,12424.0,11668.0,24092.0,57.30754855210309,12288.0,11547.0,23835.0,56.696223631885154,12606.0,11974.0,24580.0,58.468352291660885,12314.0,11426.0,23740.0,56.47024749406141,11566.0,10902.0,22468.0,53.44454594341077,12051.0,11211.0,23262.0,55.3332307163798,576.0,496.0,1072.0,2.5499623131269513
NUEVA ECIJA,0304900000,REGION 3,Nueva Ecija,Province,1st,2019,7668.0,7547.0,15215.0,50.346424274999734,6800.0,6400.0,13200.0,43.67879069536619,3394.0,3269.0,6663.0,22.047862303274616,11533.0,10733.0,22266.0,73.6781783047745,11852.0,11104.0,22956.0,75.96138781839593,11375.0,10791.0,22166.0,73.34727837526415,11667.0,10785.0,22452.0,74.29365217366376,11518.0,10746.0,22264.0,73.6715603061843,11245.0,10717.0,21962.0,72.67224251906305,10920.0,10380.0,21300.0,70.48168498570453,0.0,0.0,0.0,0.0,13001.0,12134.0,25135.0,83.17169728242645,13410.0,12455.0,25865.0,85.58726676785201,12896.0,12169.0,25065.0,82.94006733176921,10861.0,10104.0,20965.0,69.37317022184486,9875.0,9281.0,19156.0,63.387190497002635,8885.0,8514.0,17399.0,57.57327873550578,941.0,954.0,1895.0,6.27055366422113
NUEVA ECIJA,0304900000,REGION 3,Nueva Ecija,Province,1st,2020,8330.0,7932.0,16262.0,56.50059064693211,6956.0,6718.0,13674.0,47.508859703981656,3321.0,3238.0,6559.0,22.788548398304496,12164.0,11153.0,23317.0,81.01243832951151,12317.0,11399.0,23716.0,82.39872142311167,12343.0,11462.0,23805.0,82.70794246404003,12330.0,11162.0,23492.0,81.62045723021333,12403.0,11426.0,23829.0,82.79132791327913,12625.0,11692.0,24317.0,84.48683204780765,12376.0,11559.0,23935.0,83.15961364741852,0.0,0.0,0.0,0.0,12339.0,11153.0,23492.0,81.62045723021333,12257.0,11370.0,23627.0,82.08950038218332,12184.0,11478.0,23662.0,82.21110416232368,12756.0,11881.0,24637.0,85.59863803766244,12682.0,11956.0,24638.0,85.60211243138073,12756.0,11881.0,24637.0,85.59863803766244,12682.0,11956.0,24638.0,85.60211243138073
NUEVA ECIJA,0304900000,REGION 3,Nueva Ecija,Province,1st,2021,5802.0,5600.0,11402.0,39.432820335466026,4417.0,4318.0,8735.0,30.20923396161162,2452.0,2353.0,4805.0,16.61767248832786,7532.0,7240.0,14772.0,51.087670759121565,7730.0,7409.0,15139.0,52.35690817914577,8021.0,7373.0,15394.0,53.23880338924434,7933.0,7715.0,15648.0,54.11724018675428,8000.0,7524.0,15524.0,53.68839702576518,8347.0,7753.0,16100.0,55.680442676811346,8824.0,8165.0,16989.0,58.75497146809614,0.0,0.0,0.0,0.0,6801.0,6506.0,13307.0,46.0210963167906,5827.0,7559.0,13386.0,46.29431091129172,5518.0,5127.0,10645.0,36.8148020058793,8629.0,7976.0,16605.0,57.42694103406536,8382.0,7823.0,16205.0,56.04357599861663,8629.0,7976.0,16605.0,57.42694103406536,8382.0,7823.0,16205.0,56.04357599861663
NUEVA ECIJA,0304900000,REGION 3,Nueva Ecija,Province,1st,2022,7715.0,7632.0,15347.0,52.84961603360997,6881.0,6711.0,13592.0,46.8060194910293,4451.0,4453.0,8904.0,30.662212886118667,11738.0,11016.0,22754.0,78.35669272357863,11405.0,10852.0,22257.0,76.64520128103585,10925.0,10506.0,21431.0,73.80075071455629,11284.0,10518.0,21802.0,75.07834291814457,11025.0,10532.0,21557.0,74.2346499535108,11125.0,10553.0,21678.0,74.65133096869727,12711.0,11979.0,24690.0,85.02358896656222,6460.0,6001.0,12461.0,42.911257274699544,11902.0,10990.0,22892.0,78.83191569957643,12198.0,11512.0,23710.0,81.64881710802715,12305.0,11827.0,24132.0,83.10203519404938,10437.0,9710.0,20147.0,69.37911085092462,31452.0,9072.0,18507.0,58.84204502098436,8828.0,8469.0,17297.0,54.99491288312349,1686.0,1610.0,3296.0,12.32933078966072
NUEVA ECIJA,0304900000,REGION 3,Nueva Ecija,Province,1st,2023,13050.0,12704.0,25754.0,59.30685089234312,14645.0,14138.0,28783.0,66.28209556706966,11998.0,11704.0,23702.0,54.58146229130685,16843.0,16150.0,32993.0,75.97697179044329,17028.0,16403.0,33431.0,76.98560736902705,17186.0,16426.0,33612.0,77.40241796200345,16002.0,15479.0,31481.0,72.4951065054692,15132.3,14554.0,29686.3,68.362233736327,13294.0,12647.0,25941.0,59.73747841105354,16066.0,15253.0,31319.0,72.12204951065054,15180.0,14259.0,29439.0,67.79274611398964,16849.0,16134.0,32983.0,75.95394358088659,16980.0,16394.0,33374.0,76.85434657455383,17140.0,16479.983883346125,33619.983883346125,77.42080341588054,16771.0,15628.10469667319,32399.10469667319,74.60933724046791,16504.0,15442.0,31946.0,67.64780620023717,15617.0,14700.0,30317.0,64.19828900559038,2031.0,1768.0,3799.0,9.214164443366482
NUEVA ECIJA,0304900000,REGION 3,Nueva Ecija,Province,1st,2024,11437.0,10745.0,22182.0,50.845825883647365,11179.0,10835.0,22014.0,50.4607344244258,7424.0,7194.0,14618.0,33.507541374409755,14430.0,13640.0,28070.0,64.3423646449365,13677.0,13045.0,26722.0,61.2524641268968,12109.0,11670.0,23779.0,54.506486957319034,15400.0,14467.0,29867.0,68.46146793196718,16240.0,15503.0,31743.0,72.76165589327465,17855.0,17206.0,35061.0,80.36721221290057,15656.0,14795.0,30451.0,69.80011919497548,12139.0,11916.0,24055.0,55.139137211754466,13660.0,12900.0,26560.0,60.88112593407601,10888.0,10639.0,21527.0,49.34442763489662,9446.0,9123.0,18569.0,42.56406729931692,15508.0,14914.0,30422.0,69.73364507403842,47474.0,15737.0,32071.0,67.55487214054008,16280.0,15665.0,31945.0,67.28946370644985,500.0,482.0,982.0,2.371350607326556
NUEVA ECIJA,0304900000,REGION 3,Nueva Ecija,Province,1st,2025,11442.0,10876.0,22318.0,50.77465589807758,10743.0,9986.0,20729.0,43.33528452565121,7809.0,7401.0,15210.0,31.797466237404358,15115.0,14047.0,29162.0,60.96500397207008,15818.0,14797.0,30615.0,64.00259229836519,17227.0,16039.0,33266.0,69.54467533553539,14994.0,14036.0,29030.0,60.68904962997031,15224.0,14274.0,29498.0,61.66743320650583,15499.0,14519.0,30018.0,62.75452606932308,15355.0,14444.0,29799.0,62.296692729021196,14459.0,13697.0,28156.0,58.86189739515826,15602.0,14483.0,30085.0,62.894593803570686,17821.0,16724.0,34545.0,72.21850566542626,18929.0,17961.0,36890.0,77.12087636409248,15448.0,14422.0,29870.0,62.44512271605971,16283.0,15496.0,31779.0,66.43600786051762,16253.0,15461.0,31714.0,66.80288157728441,314.0,278.0,592.0,3.8122222937729413
PAMPANGA,0305400000,REGION 3,Pampanga,Province,1st,2018,14674.860009225093,12329.0,27003.860009225093,148.06371317702101,10583.0,10071.0,20654.0,43.89197592669415,8969.0,8584.0,17553.0,37.30201672515069,16046.0,14843.0,30889.0,65.64245397500028,15722.0,14668.0,30390.0,64.58202519668032,15683.0,14642.0,30325.0,64.44389319148834,16000.0,14833.0,30833.0,65.52344793975796,15710.0,14635.0,30345.0,64.48639534693203,15641.0,14605.0,30246.0,64.27600967748577,0.0,0.0,0.0,0.0,0.0,0.0,0.0,0.0,15694.0,14700.0,30394.0,64.59052562776905,15361.0,14303.0,29664.0,63.03919695407453,15207.0,14283.0,29490.0,62.669428201714474,16135.0,15052.0,31187.0,66.2757360911112,14530.0,13647.0,28177.0,59.879161696836505,15934.0,14937.0,30871.0,65.60420203510095,521.0,498.0,1019.0,2.165484819855783
PAMPANGA,0305400000,REGION 3,Pampanga,Province,1st,2019,10345.0,10102.0,20447.0,62.80831128175019,9369.0,8899.0,18268.0,56.11494255856666,6922.0,6656.0,13578.0,41.70838023101698,15628.0,15044.0,30672.0,94.21707456516076,15583.0,15064.0,30647.0,94.14028052290303,15711.0,14940.0,30651.0,94.15256756966426,15786.0,14997.0,30783.0,94.55804011278505,15723.0,15065.0,30788.0,94.5733989212366,15711.0,15101.0,30812.0,94.64712120180403,15585.0,14991.0,30576.0,93.92218544289108,0.0,0.0,0.0,0.0,15633.0,14849.0,30482.0,93.63343984400203,15554.0,14905.0,30459.0,93.56278932512492,14966.0,14586.0,29552.0,90.77670147201457,15102.0,14477.0,29579.0,90.85963903765291,14598.0,14514.0,29112.0,89.42512632827857,14100.0,13937.0,28037.0,86.12298251119627,1244.0,1225.0,2469.0,7.584179613373171
PAMPANGA,0305400000,REGION 3,Pampanga,Province,1st,2020,12357.0,11879.0,24236.0,77.28562773047611,13035.0,12533.0,25568.0,81.53321215599986,11238.0,14126.0,25364.0,80.88268120794669,15077.0,14441.0,29518.0,94.12927708153958,15079.0,14553.0,29632.0,94.49280908192226,15206.0,14664.0,29870.0,95.25176185465098,15001.0,14388.0,29389.0,93.71791192321184,15005.0,14593.0,29598.0,94.38438725724673,15225.0,14777.0,30002.0,95.67269364456776,15142.0,14686.0,29828.0,95.11782901240473,0.0,0.0,0.0,0.0,15109.0,14446.0,29555.0,94.24726553780414,15000.0,14460.0,29460.0,93.94432220415192,15146.0,14668.0,29814.0,95.07318473165599,15038.0,14244.0,29282.0,93.37670206320354,14179.0,13520.0,27699.0,88.32870946139865,15038.0,14244.0,29282.0,93.37670206320354,14179.0,13520.0,27699.0,88.32870946139865
PAMPANGA,0305400000,REGION 3,Pampanga,Province,1st,2021,9956.0,9845.0,19801.0,62.854331333523795,12126.0,12434.0,24560.0,77.96082912738468,11481.0,11785.0,23266.0,73.85328381423992,13094.0,12826.0,25920.0,82.27787829730502,12776.0,12493.0,25269.0,80.21140843729168,12810.0,12630.0,25440.0,80.75421388439197,12684.0,12502.0,25186.0,79.94794146589214,12372.0,12107.0,24479.0,77.70371075770561,12232.0,12028.0,24260.0,77.00853886931404,12556.0,12190.0,24746.0,78.5512490873885,0.0,0.0,0.0,0.0,12415.0,12014.0,24429.0,77.54499571469384,11876.0,11587.0,23463.0,74.47862108370632,11311.0,11695.0,23006.0,73.02796559057867,13272.0,12883.0,26155.0,83.02383899946037,12552.0,12186.0,24738.0,78.52585468050663,13272.0,12883.0,26155.0,83.02383899946037,12552.0,12186.0,24738.0,78.52585468050663
PAMPANGA,0305400000,REGION 3,Pampanga,Province,1st,2022,10770.0,10539.0,21309.0,67.39089184060721,11409.0,10893.0,22302.0,70.53130929791271,10818.0,10454.0,21272.0,67.27387729285262,14599.0,13913.0,28512.0,90.1707779886148,14472.0,13988.0,28460.0,90.00632511068943,14592.0,13843.0,28435.0,89.92726122707147,14593.0,13882.0,28475.0,90.05376344086021,14468.0,13958.0,28426.0,89.89879822896901,14631.0,13959.0,28590.0,90.41745730550285,14483.0,13818.0,28301.0,89.50347881087919,13907.0,12638.0,26545.0,83.95003162555345,14638.0,13954.0,28592.0,90.4237824161923,14510.0,13923.0,28433.0,89.92093611638204,14676.0,13956.0,28632.0,90.55028462998102,14166.0,13405.0,27571.0,87.19481340923465,34194.0,12820.0,25883.0,75.69456629818096,12947.0,12670.0,25617.0,74.91665204421828,1625.0,1465.0,3090.0,10.80306261580953
PAMPANGA,0305400000,REGION 3,Pampanga,Province,1st,2023,13731.0,13764.0,27495.0,60.22869159492673,13146.0,12651.0,25797.0,56.50916737858973,12416.0,11878.0,24294.0,53.216797003351516,19176.0,18706.0,37882.0,82.98175286412128,19205.0,18456.0,37661.0,82.49764517754265,19184.0,18649.0,37833.0,82.87441677071696,18156.0,17599.0,35755.0,78.32249019736697,17206.0,16604.0,33810.0,74.06190444897155,15637.0,15329.0,30966.0,67.83202996648485,18713.0,18361.0,37074.0,81.21180258920944,17771.0,17016.0,34787.0,76.20205471950231,19232.0,18710.0,37942.0,83.11318481522858,19169.0,18550.0,37719.0,82.62469606361307,19208.0,18725.0,37933.0,83.09347002256249,18520.0,17641.0,36161.0,79.21184639985981,17170.0,16695.0,33865.0,68.10594481538091,16599.0,16211.0,32810.0,65.98423296597217,2195.0,2020.0,4215.0,9.494954045774014
PAMPANGA,0305400000,REGION 3,Pampanga,Province,1st,2024,13089.0,12517.0,25606.0,55.48909981363499,12611.0,11745.0,24356.0,52.780305985350836,9713.0,8660.0,18373.0,39.81493520565162,16799.0,15634.0,32433.0,70.28344818619165,15159.0,14487.0,29646.0,64.24392146664934,12784.0,12267.0,25051.0,54.28639535387683,18335.0,17046.0,35381.0,76.67186755081697,18337.0,17430.0,35767.0,77.50834308499111,19250.0,18562.0,37812.0,81.93992978806396,16516.0,15848.0,32364.0,70.13392276687037,14566.0,13921.0,28487.0,61.73232782906427,12600.0,11896.0,24496.0,53.08369089411866,7729.0,7369.0,15098.0,32.71789537554718,6543.0,6295.0,12838.0,27.82039613400945,17920.0,17031.0,34951.0,75.74004247388723,50255.0,17688.0,35932.0,71.49935329817929,18054.0,17516.0,35570.0,70.7790269624913,1040.0,994.0,2034.0,4.533802911084858
PAMPANGA,0305400000,REGION 3,Pampanga,Province,1st,2025,12781.0,12457.0,25238.0,54.07988343190194,5534.0,5469.0,11003.0,21.652629093198993,4506.0,4328.0,8834.0,17.384288413098236,18174.0,17193.0,35367.0,69.5981580604534,18849.0,17778.0,36627.0,72.07769206549118,20405.0,19346.0,39751.0,78.22536209068011,16915.0,16037.0,32952.0,64.84571788413098,16965.0,16030.0,32995.0,64.93033690176321,17437.0,16376.0,33813.0,66.5400661209068,18521.0,17349.0,35870.0,70.58800377833752,17175.0,16241.0,33416.0,65.7588161209068,19365.0,18116.0,37481.0,73.75826511335013,22692.0,21231.0,43923.0,86.43537468513854,22237.0,21201.0,43438.0,85.48095088161209,17989.0,16866.0,34855.0,68.59060138539043,18491.0,17709.0,36200.0,71.23740554156171,18314.0,17527.0,35841.0,71.31827678837926,956.0,883.0,1839.0,12.522982635342187
TARLAC,0306900000,REGION 3,Tarlac,Province,1st,2018,8055.0,6355.0,14410.0,102.40193291642979,5942.0,5551.0,11493.0,39.99698065079504,3716.0,3496.0,7212.0,25.09860127499642,10169.0,9332.0,19501.0,67.86575477866128,10209.0,9673.0,19882.0,69.19167922205752,10517.0,9767.0,20284.0,70.59068611508977,10329.0,9571.0,19900.0,69.25432132174552,10232.0,9706.0,19938.0,69.38656575442022,10503.0,10057.0,20560.0,71.55119831030594,0.0,0.0,0.0,0.0,0.0,0.0,0.0,0.0,10788.0,9949.0,20737.0,72.16717895723804,10933.0,10402.0,21335.0,74.24828871353974,11177.0,10495.0,21672.0,75.42108802436528,11216.0,10412.0,21628.0,75.26796289179458,10108.0,9633.0,19741.0,68.70098277450143,11079.0,10250.0,21329.0,74.22740801364374,306.0,295.0,601.0,2.0915501062497013
TARLAC,0306900000,REGION 3,Tarlac,Province,1st,2019,5672.0,5716.0,11388.0,52.67804131205096,5731.0,5520.0,11251.0,52.04431355829692,3726.0,3773.0,7499.0,34.68849945548561,9777.0,9410.0,19187.0,88.75426577575709,9588.0,9172.0,18760.0,86.77907051405654,9349.0,8924.0,18273.0,84.52633025071191,9880.0,9557.0,19437.0,89.91070328260751,10030.0,9441.0,19471.0,90.06797878353919,9859.0,9434.0,19293.0,89.24459527866166,8742.0,9117.0,17859.0,82.61126973936759,0.0,0.0,0.0,0.0,10079.0,9462.0,19541.0,90.3917812854573,10191.0,9676.0,19867.0,91.89977579439027,9932.0,9278.0,19210.0,88.86065802638733,9521.0,8916.0,18437.0,85.28495325520579,9466.0,9002.0,18468.0,85.42835150605524,8260.0,10049.0,18309.0,84.69285725169836,571.0,481.0,1052.0,4.866289028826625
TARLAC,0306900000,REGION 3,Tarlac,Province,1st,2020,5858.0,5769.0,11627.0,58.826207943334175,5581.0,5403.0,10984.0,55.57298254490261,3775.0,3650.0,7425.0,37.56640526182646,10025.0,9353.0,19378.0,98.04199342271693,10203.0,9728.0,19931.0,100.83986845433847,10350.0,9892.0,20242.0,102.41335694409311,9881.0,9240.0,19121.0,96.74171515304832,10010.0,9529.0,19539.0,98.85656463445484,10211.0,9705.0,19916.0,100.76397672653681,9904.0,9358.0,19262.0,97.45509739438401,0.0,0.0,0.0,0.0,9894.0,9231.0,19125.0,96.76195294712876,9961.0,9526.0,19487.0,98.59347331140906,10155.0,9631.0,19786.0,100.10624841892233,10387.0,10057.0,20444.0,103.43536554515558,10517.0,10185.0,20702.0,104.7407032633443,10387.0,10057.0,20444.0,103.43536554515558,10517.0,10185.0,20702.0,104.7407032633443
TARLAC,0306900000,REGION 3,Tarlac,Province,1st,2021,5660.0,5702.0,11362.0,58.07308970099668,4995.0,5020.0,10015.0,51.18834653718375,3362.0,3539.0,6901.0,35.27216969077434,8784.0,8215.0,16999.0,86.88474316381293,8810.0,8363.0,17173.0,87.77408637873754,8929.0,8507.0,17436.0,89.11832353692819,8620.0,8111.0,16731.0,85.51495016611295,8605.0,8208.0,16813.0,85.93406593406593,8764.0,8259.0,17023.0,87.00741119345771,8742.0,8208.0,16950.0,86.63429593662151,0.0,0.0,0.0,0.0,8063.0,7538.0,15601.0,79.73933043700485,7815.0,7480.0,15295.0,78.175313059034,7863.0,7450.0,15313.0,78.26731408126757,8995.0,8444.0,17439.0,89.13365704063378,9346.0,8799.0,18145.0,92.74214157935089,8995.0,8444.0,17439.0,89.13365704063378,9346.0,8799.0,18145.0,92.74214157935089
TARLAC,0306900000,REGION 3,Tarlac,Province,1st,2022,5568.0,5646.0,11214.0,58.04648273720172,5551.0,5504.0,11055.0,57.22345877115793,3739.0,3639.0,7378.0,38.19038252497541,9219.0,8900.0,18119.0,93.78849836948082,9128.0,8989.0,18117.0,93.77814586676328,9222.0,9136.0,18358.0,95.02562244422589,9196.0,8935.0,18131.0,93.85061338578602,9252.0,9065.0,18317.0,94.81339613851648,9284.0,9156.0,18440.0,95.4500750556447,9361.0,9229.0,18590.0,96.22651275945961,10709.0,10395.0,21104.0,109.23960867539728,9300.0,8991.0,18291.0,94.67881360318857,9253.0,9053.0,18306.0,94.75645737357006,9352.0,9209.0,18561.0,96.07640147005539,9306.0,8877.0,18183.0,94.11977845644185,20918.0,9231.0,18627.0,89.04771010612869,8935.0,8696.0,17631.0,84.28626063677216,711.0,675.0,1386.0,7.909604519774012
TARLAC,0306900000,REGION 3,Tarlac,Province,1st,2023,8102.0,8211.0,16313.0,55.29268210012541,9482.0,9660.0,19142.0,64.88153747076568,7910.0,8235.0,16145.0,54.7232484832051,12450.0,12136.0,24586.0,83.33389824763583,12435.0,12125.0,24560.0,83.24577161644578,12715.0,12429.0,25144.0,85.22523133240686,11706.0,11458.0,23164.0,78.51404941870318,11126.0,10929.0,22055.0,74.75510964986611,10905.0,10702.0,21607.0,73.23662000474528,12166.0,11849.0,24015.0,81.39850184726977,11984.0,10710.0,22694.0,76.9209910856523,12333.0,11987.0,24320.0,82.43229502084533,12258.0,12022.0,24280.0,82.29671558824526,12524.0,12223.0,24747.0,83.87960546385114,12655.0,12216.0,24871.0,84.29990170491136,13790.0,13343.0,27133.0,84.82243341252969,13472.0,13061.0,26533.0,82.9467300237589,828.0,801.0,1629.0,6.045199836716518
TARLAC,0306900000,REGION 3,Tarlac,Province,1st,2024,7650.0,7775.0,15425.0,52.01483729556568,6617.0,6550.0,13167.0,44.40060698027314,4215.0,4192.0,8407.0,28.349350868319,9867.0,9953.0,19820.0,66.83527229809476,9155.0,9072.0,18227.0,61.46349688079582,8249.0,8241.0,16490.0,55.60613724498398,11423.0,11447.0,22870.0,77.12021581520823,11847.0,11713.0,23560.0,79.44697352891586,12761.0,12546.0,25307.0,85.33805429101332,11588.0,11358.0,22946.0,77.37649637497893,10566.0,10181.0,20747.0,69.96122070477155,7626.0,7494.0,15120.0,50.986342943854325,5151.0,4876.3,10027.3,33.813184960377676,4687.0,4599.0,9286.0,31.313437868824817,12522.0,11962.0,24484.0,82.56280559770697,32147.0,14510.0,29274.0,91.06292966684293,14732.0,14482.0,29214.0,90.87628705633496,438.0,388.0,826.0,3.0483079307672436
TARLAC,0306900000,REGION 3,Tarlac,Province,1st,2025,7884.0,7865.0,15749.0,52.73396952954964,5356.0,5029.0,10385.0,32.08217485325919,3774.0,3597.0,7371.0,22.771084337349397,12030.0,11365.0,23395.0,72.27371022551745,12493.0,11899.0,24392.0,75.35372258263826,13788.0,13247.0,27035.0,83.51869014519617,11971.0,11382.0,23353.0,72.14396045721347,12062.0,11550.0,23612.0,72.94408402842137,12400.0,12070.0,24470.0,75.59468643805994,12432.0,11821.0,24253.0,74.92431263515601,11985.0,11613.0,23598.0,72.90083410565337,13307.0,12862.0,26169.0,80.8433734939759,15138.0,14662.0,29800.0,92.0605498918752,14961.0,14683.0,29644.0,91.57862218103182,12653.0,12230.0,24883.0,76.8705591597158,15467.0,15301.0,30768.0,95.05097312326228,15395.0,15244.0,30639.0,95.30904905589946,366.0,301.0,667.0,22.741220593249235
ZAMBALES,0307100000,REGION 3,Zambales,Province,1st,2018,5240.0,3070.0,8310.0,89.42214570106532,2734.0,2660.0,5394.0,32.22856397190702,886.0,917.0,1803.0,10.772729114080155,5166.0,4847.0,10013.0,59.82658714325269,5040.0,4814.0,9854.0,58.87657941771817,4981.0,4741.0,9722.0,58.08789375878385,5612.0,15957.0,21569.0,128.87243164813913,5040.0,6241.0,11281.0,67.40274938210662,4994.0,4644.0,9638.0,57.586002884916546,0.0,0.0,0.0,0.0,0.0,0.0,0.0,0.0,4451.0,4259.0,8710.0,52.04130370695405,4192.0,3934.0,8126.0,48.551967155305235,4465.0,4059.0,8524.0,50.92997391481933,4949.0,4602.0,9551.0,57.066187336982566,4445.0,4115.0,8560.0,51.145070003619594,4965.0,4655.0,9620.0,57.47845484051641,464.0,435.0,899.0,5.37142732865117
ZAMBALES,0307100000,REGION 3,Zambales,Province,1st,2019,1715.0,1882.0,3597.0,26.536639188218253,2397.0,2260.0,4657.0,34.35672190701485,766.0,815.0,1581.0,11.663727149450393,4089.0,3914.0,8003.0,59.04162452691428,4096.0,3690.0,7786.0,57.44072080051913,3783.0,3488.0,7271.0,53.64134098902834,4265.0,3798.0,8063.0,59.48427071854429,4328.0,3711.0,8039.0,59.30721224189228,3527.0,3201.0,6728.0,49.635392954776876,3639.0,3408.0,7047.0,51.98879520694302,0.0,0.0,0.0,0.0,4784.0,4318.0,9102.0,67.14942727027038,4416.0,4098.0,8514.0,62.81149459229641,4181.0,3903.0,8084.0,59.63919688561477,3699.0,3430.0,7129.0,52.59374500217068,3263.0,3038.0,6301.0,46.48522755767674,2364.0,2278.0,4642.0,34.24606035910735,879.0,926.0,1805.0,13.31627293153571
ZAMBALES,0307100000,REGION 3,Zambales,Province,1st,2020,2803.0,2976.0,5779.0,45.82870737509913,4870.0,4652.0,9522.0,75.51149881046788,3197.0,3625.0,6822.0,54.09992069785884,4981.0,4609.0,9590.0,76.050753370341,4854.0,4812.0,9666.0,76.65344964314038,4758.0,4846.0,9604.0,76.16177636796193,5090.0,4811.0,9901.0,78.51704996034893,5037.0,4828.0,9865.0,78.23156225218081,4958.0,4759.0,9717.0,77.0578905630452,4734.0,4477.0,9211.0,73.04520222045994,0.0,0.0,0.0,0.0,4905.0,4863.0,9768.0,77.46233148295005,5083.0,4456.0,9539.0,75.64631245043616,4588.0,4624.0,9212.0,73.05313243457573,4771.0,4667.0,9438.0,74.84536082474227,4498.0,4369.0,8867.0,70.31720856463124,4771.0,4667.0,9438.0,74.84536082474227,4498.0,4369.0,8867.0,70.31720856463124
ZAMBALES,0307100000,REGION 3,Zambales,Province,1st,2021,2132.0,2205.0,4337.0,34.555015536610625,2301.0,2242.0,4543.0,36.19631901840491,789.0,815.0,1604.0,12.779858178631184,3772.0,3439.0,7211.0,57.45358935542985,3604.0,3386.0,6990.0,55.692773484184535,3430.0,3226.0,6656.0,53.03163094574137,3677.0,3339.0,7016.0,55.89992829256632,3448.0,3281.0,6729.0,53.61325790773643,3388.0,3196.0,6584.0,52.457971476376386,3420.0,3238.0,6658.0,53.047565931001515,0.0,0.0,0.0,0.0,3863.0,3521.0,7384.0,58.831965580431834,3695.0,3428.0,7123.0,56.752450003983746,3464.0,3291.0,6755.0,53.82041271611824,3619.0,3313.0,6932.0,55.230658911640504,3187.0,3056.0,6243.0,49.74105648952275,3619.0,3313.0,6932.0,55.230658911640504,3187.0,3056.0,6243.0,49.74105648952275
ZAMBALES,0307100000,REGION 3,Zambales,Province,1st,2022,2656.0,2775.0,5431.0,43.53158063481885,3278.0,3221.0,6499.0,52.09201667201025,1753.0,1917.0,3670.0,29.41647964091055,4682.0,4430.0,9112.0,73.03622956075665,4511.0,4314.0,8825.0,70.73581276050017,4320.0,4126.0,8446.0,67.69798012183392,4665.0,4410.0,9075.0,72.73966014748316,4507.0,4284.0,8791.0,70.46328951587047,4330.0,4295.0,8625.0,69.13273485091376,4209.0,4018.0,8227.0,65.9426098108368,3061.0,3009.0,6070.0,48.65341455594742,4575.0,4420.0,8995.0,72.09842898364862,4472.0,4234.0,8706.0,69.78198140429625,4199.0,4046.0,8245.0,66.08688682269958,4160.0,3884.0,8044.0,64.47579352356524,13516.0,3390.0,6981.0,51.64989641905889,3564.0,3334.0,6898.0,51.035809411068364,726.0,689.0,1415.0,12.398142469114168
ZAMBALES,0307100000,REGION 3,Zambales,Province,1st,2023,2997.0,2913.0,5910.0,50.413716625437175,3147.0,2970.0,6117.0,52.179476243282444,2560.0,2403.0,4963.0,42.335579629787595,4850.0,4453.0,9303.0,79.35681992663994,4838.0,4386.0,9224.0,78.68293099036083,4649.0,4351.0,9000.0,76.77215729762005,4761.0,4400.0,9161.0,78.1455258892775,4716.0,4373.0,9089.0,77.53134863089653,4534.0,4225.0,8759.0,74.7163695299838,4583.0,4260.0,8843.0,75.43290966476158,3874.0,3670.0,7544.0,64.35212829480508,4749.0,4421.0,9170.0,78.2222980465751,4778.0,4486.0,9264.0,79.02414057835026,4520.0,4238.0,8758.0,74.70783929028406,4290.0,4060.0,8350.0,71.22750149279194,4575.0,4413.0,8988.0,70.44439219374559,4575.0,4412.0,8987.0,70.43655458891762,136.0,138.0,274.0,2.456958393113343
ZAMBALES,0307100000,REGION 3,Zambales,Province,1st,2024,2970.0,2933.0,5903.0,50.04238724991522,3029.0,2951.0,5980.0,50.6951508986097,1496.0,1455.0,2951.0,25.016954899966095,3897.0,3871.0,7768.0,65.85283146829434,3606.0,3416.0,7022.0,59.5286537809427,2906.0,2725.0,5631.0,47.73652085452696,4277.0,4160.0,8437.0,71.52424550695152,4326.0,4130.0,8456.0,71.68531705662936,4238.0,4007.0,8245.0,69.89657511020685,3864.0,3650.0,7514.0,63.699559172600885,3292.0,3072.0,6364.0,53.950491692099014,3815.0,3659.0,7474.0,63.360461173279084,3219.0,3106.0,6325.0,53.61987114276025,3188.0,3096.0,6284.0,53.272295693455405,4470.0,4109.0,8579.0,72.72804340454393,12830.0,4541.0,9468.0,73.79579111457521,4901.0,4518.0,9419.0,73.41387373343726,91.0,77.0,168.0,1.496792587312901
ZAMBALES,0307100000,REGION 3,Zambales,Province,1st,2025,2980.0,3075.0,6055.0,50.852439741328624,3083.0,3001.0,6084.0,46.98432311375396,2070.0,2108.0,4178.0,32.26503977141092,4382.0,4158.0,8540.0,65.95103869024635,4531.0,4397.0,8928.0,68.94740906633717,4942.0,4678.0,9620.0,74.29145107730328,4245.0,4037.0,8282.0,63.9586068422272,4243.0,4011.0,8254.0,63.74237392848868,4183.0,4009.0,8192.0,63.26357247663912,4152.0,3866.0,8018.0,61.91983936983551,3507.0,3347.0,6854.0,52.93072824156305,4505.0,4310.0,8815.0,68.07475480732103,4923.0,4780.0,9703.0,74.93242721445671,4731.0,4506.0,9237.0,71.33369372152289,4233.0,3904.0,8137.0,62.83882925322418,4595.0,4451.0,9046.0,69.85867634566377,4540.0,4401.0,8941.0,69.68823070927513,170.0,131.0,301.0,8.824391673995896
AURORA,0307700000,REGION 3,Aurora,Province,2nd,2018,2014.0,1650.0,3664.0,87.76047904191617,1717.0,1582.0,3299.0,55.04680229638106,1494.0,1363.0,2857.0,47.671632058430035,2126.0,1911.0,4037.0,67.36100056698706,2110.0,1901.0,4011.0,66.92716702357818,2091.0,1915.0,4006.0,66.84373749599956,2183.0,1929.0,4112.0,68.61244348066654,2129.0,1920.0,4049.0,67.56123143317578,2126.0,1978.0,4104.0,68.47895623654072,0.0,0.0,0.0,0.0,0.0,0.0,0.0,0.0,2078.0,1832.0,3910.0,65.24189056648983,1891.0,1721.0,3612.0,60.26949072280339,1898.0,1827.0,3725.0,62.15499804608046,2186.0,2046.0,4232.0,70.6147521425537,2004.0,1902.0,3906.0,65.17514694442693,2157.0,2006.0,4163.0,69.46342466196857,123.0,98.0,221.0,3.6875851189755116
AURORA,0307700000,REGION 3,Aurora,Province,2nd,2019,1368.0,1536.0,2904.0,58.67623539439244,1456.0,1453.0,2909.0,58.777261970484716,1345.0,1338.0,2683.0,54.210860731113954,2068.0,1953.0,4021.0,81.24557249340634,2060.0,2018.0,4078.0,82.39727546085825,2041.0,1992.0,4033.0,81.4880362760278,2059.0,1932.0,3991.0,80.63941303685269,2051.0,2011.0,4062.0,82.07399041736298,2053.0,2016.0,4069.0,82.21542762389215,2032.0,1995.0,4027.0,81.36680438471706,0.0,0.0,0.0,0.0,2151.0,1960.0,4111.0,83.06405086306727,2091.0,2081.0,4172.0,84.296575091393,2054.0,2025.0,4079.0,82.41748077607672,2036.0,1916.0,3952.0,79.85140574333296,2045.0,1965.0,4010.0,81.02331402600333,1625.0,1549.0,3174.0,64.1316705033752,326.0,352.0,678.0,13.699203718112285
AURORA,0307700000,REGION 3,Aurora,Province,2nd,2020,1401.0,1317.0,2718.0,56.9811320754717,712.0,5154.0,5866.0,122.9769392033543,562.0,4947.0,5509.0,115.49266247379455,1978.0,1906.0,3884.0,81.42557651991615,2003.0,1951.0,3954.0,82.8930817610063,2035.0,1954.0,3989.0,83.62683438155136,1954.0,1919.0,3873.0,81.19496855345912,1989.0,1930.0,3919.0,82.15932914046121,2033.0,1960.0,3993.0,83.71069182389938,1991.0,1941.0,3932.0,82.43186582809224,0.0,0.0,0.0,0.0,1978.0,1915.0,3893.0,81.61425576519916,1999.0,1935.0,3934.0,82.47379454926624,2047.0,1955.0,4002.0,83.8993710691824,2028.0,1894.0,3922.0,82.22222222222221,1944.0,1815.0,3759.0,78.80503144654088,2028.0,1894.0,3922.0,82.22222222222221,1944.0,1815.0,3759.0,78.80503144654088
AURORA,0307700000,REGION 3,Aurora,Province,2nd,2021,1147.0,1078.0,2225.0,46.704450041981524,1559.0,1408.0,2967.0,62.27959697732997,1330.0,1232.0,2562.0,53.778337531486144,1822.0,1666.0,3488.0,73.21578505457599,1840.0,1695.0,3535.0,74.20235096557515,1850.0,1712.0,3562.0,74.76910159529807,1669.0,1493.0,3162.0,66.3727959697733,1654.0,1464.0,3118.0,65.44920235096558,1583.0,1458.0,3041.0,63.83291351805206,1692.0,1542.0,3234.0,67.88413098236776,0.0,0.0,0.0,0.0,1820.0,1660.0,3480.0,73.04785894206549,1825.0,1689.0,3514.0,73.7615449202351,1825.0,1697.0,3522.0,73.9294710327456,1712.0,1610.0,3322.0,69.73131821998321,1826.0,1784.0,3610.0,75.77665827036104,1712.0,1610.0,3322.0,69.73131821998321,1826.0,1784.0,3610.0,75.77665827036104
AURORA,0307700000,REGION 3,Aurora,Province,2nd,2022,1161.0,1086.0,2247.0,47.265460664703404,1098.0,966.0,2064.0,43.416070677324356,913.0,821.0,1734.0,36.47454774926378,1947.0,1716.0,3663.0,77.05090450147244,2012.0,1821.0,3833.0,80.62684055532183,2055.0,1802.0,3857.0,81.13167858645352,1917.0,1685.0,3602.0,75.76777450567943,2046.0,1845.0,3891.0,81.84686579722339,2126.0,1922.0,4048.0,85.14934791754311,2126.0,1905.0,4031.0,84.79175431215819,1816.0,1652.0,3468.0,72.94909549852756,1911.0,1692.0,3603.0,75.78880942364324,2012.0,1831.0,3843.0,80.83718973496003,2084.0,1808.0,3892.0,81.86790071518722,1993.0,1808.0,3801.0,79.9537231804796,5169.0,2012.0,4141.0,80.11220739021087,2129.0,2010.0,4139.0,80.07351518668987,88.0,82.0,170.0,3.761894224385926
AURORA,0307700000,REGION 3,Aurora,Province,2nd,2023,1539.0,1523.0,3062.0,67.4895305267798,1735.0,1632.0,3367.0,74.21203438395415,1525.0,1445.0,2970.0,65.46175887150099,2020.0,1884.0,3904.0,86.04804937183161,2063.0,1905.0,3968.0,87.45867313202557,2075.0,1925.0,4000.0,88.16398501212255,1951.0,1832.0,3783.0,83.3810888252149,1930.0,1791.0,3721.0,82.014547057527,1839.0,1714.0,3553.0,78.31165968701785,1979.0,1804.0,3783.0,83.3810888252149,1912.0,1700.0,3612.0,79.61207846594665,2023.0,1883.0,3906.0,86.09213136433766,2072.0,1912.0,3984.0,87.81132907207406,2087.0,1916.0,4003.0,88.23010800088163,2079.0,1822.0,3901.0,85.98192638307252,2315.0,2121.0,4436.0,89.59806099777823,2314.0,2120.0,4434.0,89.55766511815794,57.0,29.0,86.0,1.9742883379247016
AURORA,0307700000,REGION 3,Aurora,Province,2nd,2024,1350.0,1312.0,2662.0,58.147662734818695,901.0,911.0,1812.0,39.580602883355176,742.0,754.0,1496.0,32.67802533857579,1697.0,1669.0,3366.0,73.52555701179554,1699.0,1680.0,3379.0,73.80952380952381,1598.0,1584.0,3182.0,69.50633464394932,1765.0,1697.0,3462.0,75.62254259501967,1864.0,1829.0,3693.0,80.6684141546527,1955.0,1930.0,3885.0,84.86238532110092,1887.0,1866.0,3753.0,81.97903014416777,1918.0,1876.0,3794.0,82.87461773700305,1604.0,1576.0,3180.0,69.46264744429882,1326.0,1398.0,2724.0,59.501965923984265,1328.0,1309.0,2637.0,57.601572739187425,1944.0,1877.0,3821.0,83.46439493228483,4977.0,2224.0,4573.0,91.88266023709062,2348.0,2223.0,4571.0,91.84247538677918,40.0,25.0,65.0,1.473254759746147
AURORA,0307700000,REGION 3,Aurora,Province,2nd,2025,1280.0,1255.0,2535.0,54.56306500215239,301.0,272.0,573.0,11.353279175747968,222.0,226.0,448.0,8.876560332871012,1749.0,1649.0,3398.0,67.32712502476718,1890.0,1716.0,3606.0,71.44838517931444,1911.0,1785.0,3696.0,73.23162274618585,1703.0,1599.0,3302.0,65.42500495343768,1826.0,1672.0,3498.0,69.30850009906875,1824.0,1683.0,3507.0,69.4868238557559,1803.0,1678.0,3481.0,68.9716663364375,1811.0,1654.0,3465.0,68.65464632454923,1746.0,1633.0,3379.0,66.95066376064989,2011.0,1789.0,3800.0,75.29225282345948,1945.0,1837.0,3782.0,74.9356053100852,1916.0,1757.0,3673.0,72.77590647909649,2219.0,2154.0,4373.0,86.64553199920745,2219.0,2154.0,4373.0,87.86417520594736,36.0,26.0,62.0,15.270935960591133
CITY OF ANGELES,0330100000,REGION 3,Pampanga,City,1st,2018,4887.488420120962,2876.0,7763.488420120962,70.08656152497032,4500.0,4428.0,8928.0,75.62070726705849,3732.0,3614.0,7346.0,62.22107029388572,4040.0,3846.0,7886.0,66.79490339471587,4037.0,3748.0,7785.0,65.93942720363468,3952.0,3711.0,7663.0,64.90607972529898,4021.0,3846.0,7867.0,66.63397223005704,4028.0,3739.0,7767.0,65.78696610027367,3935.0,3696.0,7631.0,64.6350377637683,0.0,0.0,0.0,0.0,0.0,0.0,0.0,0.0,4469.0,4141.0,8610.0,72.92722777434741,4301.0,4028.0,8329.0,70.54714054965616,4298.0,3998.0,8296.0,70.26762852682765,3995.0,3703.0,7698.0,65.20253187072316,3601.0,3341.0,6942.0,58.79916552956094,3836.0,3600.0,7436.0,62.983375810690745,388.0,385.0,773.0,6.547357383225383
CITY OF ANGELES,0330100000,REGION 3,Pampanga,City,1st,2019,2436.0,2602.0,5038.0,61.68093038513034,4538.0,4517.0,9055.0,110.86161664099944,3647.0,3585.0,7232.0,88.5423756540815,4190.0,3990.0,8180.0,100.14887069280789,4091.0,3820.0,7911.0,96.85546650987814,3993.0,3867.0,7860.0,96.2310664603264,4045.0,3884.0,7929.0,97.07584299795523,3963.0,3817.0,7780.0,95.25161540220604,3882.0,3820.0,7702.0,94.29665062053868,3990.0,3890.0,7880.0,96.4759292248565,0.0,0.0,0.0,0.0,4263.0,3973.0,8236.0,100.83448643349216,4093.0,3970.0,8063.0,98.71642352030685,3890.0,3760.0,7650.0,93.66000743276044,4340.0,4197.0,8537.0,104.51967103967004,4197.0,3996.0,8193.0,100.30803148975245,3911.0,3742.0,7653.0,93.69673684743995,1264.0,1295.0,2559.0,31.330190721625357
CITY OF ANGELES,0330100000,REGION 3,Pampanga,City,1st,2020,1777.0,1929.0,3706.0,47.09620027957809,1753.0,1752.0,3505.0,44.541873173211336,141.0,133.0,274.0,3.4820180454949807,3994.0,3760.0,7754.0,98.53856906849663,3981.0,3738.0,7719.0,98.09378574151735,3990.0,3725.0,7715.0,98.04295336129114,4106.0,3866.0,7972.0,101.30893379082475,4094.0,3858.0,7952.0,101.05477188969374,4096.0,3799.0,7895.0,100.33041047147033,4077.0,3764.0,7841.0,99.64417333841658,0.0,0.0,0.0,0.0,4087.0,3824.0,7911.0,100.53373999237513,4048.0,3732.0,7780.0,98.86897953996696,4109.0,3829.0,7938.0,100.87685855890203,3945.0,3784.0,7729.0,98.22086669208285,3827.0,3682.0,7509.0,95.42508577964163,3945.0,3784.0,7729.0,98.22086669208285,3827.0,3682.0,7509.0,95.42508577964163
CITY OF ANGELES,0330100000,REGION 3,Pampanga,City,1st,2021,1759.0,1902.0,3661.0,46.31246046805819,2278.0,2428.0,4706.0,59.53194180898166,802.0,836.0,1638.0,20.721062618595827,3628.0,3598.0,7226.0,91.41049968374446,3618.0,3608.0,7226.0,91.41049968374446,3601.0,3562.0,7163.0,90.61353573687539,3167.0,3029.0,6196.0,78.3807716635041,3051.0,3074.0,6125.0,77.48260594560405,2870.0,2968.0,5838.0,73.85199240986718,3321.0,3340.0,6661.0,84.26312460468058,0.0,0.0,0.0,0.0,3278.0,3197.0,6475.0,81.91018342820999,3338.0,3159.0,6497.0,82.18848829854522,3263.0,3151.0,6414.0,81.13851992409867,3505.0,3236.0,6741.0,85.27514231499052,3486.0,3235.0,6721.0,85.02213788741302,3505.0,3236.0,6741.0,85.27514231499052,3486.0,3235.0,6721.0,85.02213788741302
CITY OF ANGELES,0330100000,REGION 3,Pampanga,City,1st,2022,1666.0,1761.0,3427.0,43.204740292486136,3735.3995778699477,3767.7991557398955,7503.198733609843,94.59403345448617,2781.0,2780.0,5561.0,70.1084215834594,3594.0,3535.0,7129.0,89.87644982349975,3537.0,3510.0,7047.0,88.8426626323752,3581.0,3517.0,7098.0,89.48562783661119,3644.0,3582.0,7226.0,91.0993444276349,3642.0,3614.0,7256.0,91.47755925365607,3687.0,3602.0,7289.0,91.89359556227937,3612.0,3580.0,7192.0,90.67070095814422,3233.0,3175.0,6408.0,80.78668683812406,3822.0,3708.0,7530.0,94.93192133131618,3735.0,3762.0,7497.0,94.51588502269288,3733.0,3669.0,7402.0,93.31820474029249,3634.0,3490.0,7124.0,89.81341401916289,8586.0,3315.0,6819.0,79.4199860237596,3253.0,3082.0,6335.0,73.7829023992546,566.0,589.0,1155.0,16.08187134502924
CITY OF ANGELES,0330100000,REGION 3,Pampanga,City,1st,2023,4942.0,4724.333333333333,9666.333333333332,105.68919017421095,4223.0,4004.0,8227.0,89.95189153728406,3596.0,3388.0,6984.0,76.36125082003062,3419.0,3284.0,6703.0,73.28886945112617,3467.0,3214.0,6681.0,73.04832713754647,3356.0,3219.0,6575.0,71.88935053575334,3479.0,3310.0,6789.0,74.2291712223923,3418.0,3204.0,6622.0,72.4032363874918,3050.0,2951.0,6001.0,65.61338289962825,2810.0,2657.0,5467.0,59.77476492455719,2277.0,2224.0,4501.0,49.21277061010278,3517.0,3327.0,6844.0,74.83052700634157,3481.0,3290.0,6771.0,74.03236387491799,3401.0,3280.0,6681.0,73.04832713754647,3400.0,3247.0,6647.0,72.67657992565056,3292.0,3102.0,6394.0,63.89527330868392,2958.0,2824.0,5782.0,57.77955431198162,540.0,482.0,1022.0,10.804524791204145
CITY OF ANGELES,0330100000,REGION 3,Pampanga,City,1st,2024,4928.0,4582.0,9510.0,103.01126516464471,4406.0,4096.0,8502.0,92.09272097053726,3967.0,3644.0,7611.0,82.44150779896013,2972.0,2757.0,5729.0,62.05589254766031,2400.0,2332.0,4732.0,51.25649913344888,1837.0,1883.0,3720.0,40.294627383015595,3410.0,3132.0,6542.0,70.86221837088388,3279.0,3065.0,6344.0,68.71750433275562,3372.0,3205.0,6577.0,71.24133448873484,2628.0,2493.0,5121.0,55.47010398613518,1445.0,1381.0,2826.0,30.61091854419411,1991.0,1943.0,3934.0,42.61265164644714,1011.0,946.0,1957.0,21.19800693240901,581.0,601.0,1182.0,12.803292894280762,3228.0,2996.0,6224.0,67.41767764298093,10104.0,3161.0,6377.0,63.11361836896279,3152.0,3096.0,6248.0,61.8368962787015,189.0,197.0,386.0,4.0440020953378735
CITY OF ANGELES,0330100000,REGION 3,Pampanga,City,1st,2025,1633.0,1701.0,3334.0,35.7725321888412,612.0,636.0,1248.0,12.234094696598373,246.0,266.0,512.0,5.019115772963435,3328.0,3197.0,6525.0,63.964317223801594,3553.0,3500.0,7053.0,69.14028036467013,3874.0,3925.0,7799.0,76.45328889324577,2990.0,2968.0,5958.0,58.406038623664344,2832.0,2833.0,5665.0,55.53377119890207,2738.0,2853.0,5591.0,54.80835212234094,3114.0,3040.0,6154.0,60.32741888050192,2670.0,2537.0,5207.0,51.04401529261837,3567.0,3384.0,6951.0,68.14037839427507,4145.0,4145.0,8290.0,81.26654249583373,4018.0,4056.0,8074.0,79.1491030291148,3257.0,3090.0,6347.0,62.21939025585726,3350.0,3237.0,6587.0,64.57210077443388,3191.0,3050.0,6241.0,61.767616785431514,428.0,362.0,790.0,20.487551867219917
CITY OF OLONGAPO,0331400000,REGION 3,Zambales,City,1st,2018,2912.0069238377846,1848.0,4760.006923837785,104.40901346430762,1495.0,1406.0,2901.0,43.94635545193851,317.0,273.0,590.0,8.937728271852368,2474.0,2340.0,4814.0,72.92580322152085,2517.0,2400.0,4917.0,74.48611849609847,2434.0,2373.0,4807.0,72.81976237761751,2490.0,2339.0,4829.0,73.1530336013137,2488.0,2319.0,4807.0,72.81976237761751,2429.0,2337.0,4766.0,72.1986660061837,0.0,0.0,0.0,0.0,0.0,0.0,0.0,0.0,2525.0,2366.0,4891.0,74.0922525044575,2542.0,2392.0,4934.0,74.7436462598637,2512.0,2447.0,4959.0,75.12236355951846,2544.0,2303.0,4847.0,73.42571005706513,2303.0,2211.0,4514.0,68.38119562566371,2503.0,2290.0,4793.0,72.60768068981083,436.0,367.0,803.0,12.164399664910935
CITY OF OLONGAPO,0331400000,REGION 3,Zambales,City,1st,2019,1820.0,1749.0,3569.0,66.75707934173825,1107.0,1033.0,2140.0,40.02806102306524,329.0,351.0,680.0,12.71919696060017,2183.0,2083.0,4266.0,79.79425622635343,2197.0,2068.0,4265.0,79.77555152494078,2117.0,1950.0,4067.0,76.0720206452366,2225.0,2098.0,4323.0,80.86042420687433,2158.0,2042.0,4200.0,78.55974593311869,2117.0,1928.0,4045.0,75.66051721415838,2111.0,1899.0,4010.0,75.00585266471572,0.0,0.0,0.0,0.0,2124.0,1945.0,4069.0,76.1094300480619,2126.0,1988.0,4114.0,76.95114161163103,2055.0,1937.0,3992.0,74.66916803928805,1991.0,1855.0,3846.0,71.93828163304156,1831.0,1647.0,3478.0,65.05495151318735,1762.0,1653.0,3415.0,63.87655532419056,255.0,235.0,490.0,9.165303692197183
CITY OF OLONGAPO,0331400000,REGION 3,Zambales,City,1st,2020,1405.0,1388.0,2793.0,56.18587809293905,819.0,699.0,1518.0,30.537115268557635,203.0,195.0,398.0,8.006437336552,1890.0,1638.0,3528.0,70.97163548581774,1766.0,1707.0,3473.0,69.86521826594246,1705.0,1656.0,3361.0,67.6121504727419,1880.0,1632.0,3512.0,70.64976865821765,1761.0,1713.0,3474.0,69.88533494266747,1694.0,1680.0,3374.0,67.87366727016698,1673.0,1623.0,3296.0,66.30456648561658,0.0,0.0,0.0,0.0,1919.0,1701.0,3620.0,72.8223697445182,1802.0,1700.0,3502.0,70.44860189096761,1703.0,1677.0,3380.0,67.99436733051701,1717.0,1629.0,3346.0,67.31040032186682,1534.0,1467.0,3001.0,60.37014685174009,1717.0,1629.0,3346.0,67.31040032186682,1534.0,1467.0,3001.0,60.37014685174009
CITY OF OLONGAPO,0331400000,REGION 3,Zambales,City,1st,2021,1398.0,1465.0,2863.0,57.815024232633284,556.0,529.0,1085.0,21.910339256865914,252.0,268.0,520.0,10.500807754442649,1590.0,1575.0,3165.0,63.91357027463651,1628.0,1536.0,3164.0,63.89337641357028,1656.0,1537.0,3193.0,64.47899838449112,1462.0,1458.0,2920.0,58.966074313408726,1460.0,1405.0,2865.0,57.855411954765756,1514.0,1434.0,2948.0,59.531502423263326,1734.0,1608.0,3342.0,67.48788368336027,0.0,0.0,0.0,0.0,1515.0,1516.0,3031.0,61.20759289176091,1509.0,1469.0,2978.0,60.137318255250406,1575.0,1485.0,3060.0,61.793214862681744,1485.0,1365.0,2850.0,57.55250403877221,1271.0,1164.0,2435.0,49.17205169628433,1485.0,1365.0,2850.0,57.55250403877221,1271.0,1164.0,2435.0,49.17205169628433
CITY OF OLONGAPO,0331400000,REGION 3,Zambales,City,1st,2022,1683.0,1631.0,3314.0,67.33035351483136,480.0,490.0,970.0,19.707436001625357,149.0,193.0,342.0,6.948394961397805,1699.0,1636.0,3335.0,67.7570093457944,1674.0,1582.0,3256.0,66.15197074360016,1652.0,1526.0,3178.0,64.56724908573752,1706.0,1649.0,3355.0,68.16334823242585,1710.0,1583.0,3293.0,66.90369768386834,1673.0,1543.0,3216.0,65.33929297033725,1594.0,1429.0,3023.0,61.41812271434376,1303.0,1133.0,2436.0,49.49207639171069,1737.0,1677.0,3414.0,69.36204794798863,1739.0,1626.0,3365.0,68.36651767574156,1721.0,1612.0,3333.0,67.71637545713125,1629.0,1521.0,3150.0,63.99837464445347,5334.0,1372.0,2824.0,52.943382077240344,1063.0,1020.0,2083.0,39.05136857892764,432.0,373.0,805.0,17.876970908283365
CITY OF OLONGAPO,0331400000,REGION 3,Zambales,City,1st,2023,1738.0,1624.0,3362.0,73.26214861625627,1789.0,1578.0,3367.0,73.37110481586402,1617.0,1430.0,3047.0,66.39790804096754,1740.0,1566.0,3306.0,72.04183918064938,1673.0,1555.0,3228.0,70.34212246676836,1685.0,1632.0,3317.0,72.28154281978645,1815.0,1633.0,3448.0,75.1361952495097,1393.0,1276.0,2669.0,58.160819350621054,1428.0,1277.0,2705.0,58.945303987796905,1667.0,1536.0,3203.0,69.79734146872957,1561.0,1447.0,3008.0,65.54804968402702,1758.0,1555.0,3313.0,72.19437786010025,1681.0,1557.0,3238.0,70.56003486598388,1699.0,1600.0,3299.0,71.88930050119852,1597.0,1511.0,3108.0,67.72717367618218,2023.0,1838.0,3861.0,77.65486725663717,2023.0,1838.0,3861.0,77.65486725663717,116.0,129.0,245.0,5.868263473053893
CITY OF OLONGAPO,0331400000,REGION 3,Zambales,City,1st,2024,1944.0,1865.0,3809.0,82.64265567368193,1466.0,1318.0,2784.0,60.4035582555869,1620.0,2982.0,4602.0,99.84812323714472,1876.0,1725.0,3601.0,78.12974614883923,1803.0,1687.0,3490.0,75.7214146235626,1659.0,1537.0,3196.0,69.3425905836407,1672.0,1544.0,3216.0,69.77652419179864,1780.0,1626.0,3406.0,73.8988934692992,1824.0,1665.0,3489.0,75.6997179431547,1343.0,1207.0,2550.0,55.32653504013886,943.0,829.0,1772.0,38.446517682794536,1923.0,1757.0,3680.0,79.84378390106313,1907.0,1807.0,3714.0,80.58147103493165,1899.0,1760.0,3659.0,79.38815361249729,1541.0,1387.0,2928.0,63.52788023432415,4991.0,1782.0,3630.0,72.7309156481667,1846.0,1781.0,3627.0,72.67080745341616,66.0,50.0,116.0,2.7638789611627352
CITY OF OLONGAPO,0331400000,REGION 3,Zambales,City,1st,2025,1421.0,1311.0,2732.0,58.930112165660056,332.0,338.0,670.0,13.343955387373033,226.0,221.0,447.0,8.902609042023501,1775.0,1705.0,3480.0,69.30890260904202,1768.0,1729.0,3497.0,69.64748058155746,1955.0,1839.0,3794.0,75.56263692491537,1458.0,1356.0,2814.0,56.04461262696674,1412.0,1367.0,2779.0,55.34754033061143,1433.0,1325.0,2758.0,54.929296952798246,1478.0,1409.0,2887.0,57.49850627365066,1506.0,1379.0,2885.0,57.458673571001796,1761.0,1712.0,3473.0,69.16948814977097,1735.0,1674.0,3409.0,67.89484166500696,1721.0,1653.0,3374.0,67.19776936865166,1458.0,1333.0,2791.0,55.58653654650468,1717.0,1582.0,3299.0,65.70404301931886,1703.0,1571.0,3274.0,65.59807653776798,111.0,99.0,210.0,15.395894428152493
REGION 4A,0400000000,REGION 4A,,Region,,2018,89279.0,83240.0,172519.0,83.83580682469798,115694.0,107327.0,223021.0,53.178834513404816,90244.0,83835.0,174079.0,41.50872937193806,135636.0,124550.0,260186.0,62.04074161942036,133892.0,124100.0,257992.0,61.5175874638816,131951.0,123610.0,255561.0,60.9379212140572,135027.0,123767.0,258794.0,61.708822483362944,133243.0,123598.0,256841.0,61.24313421273067,132196.0,123955.0,256151.0,61.07860533063325,0.0,0.0,0.0,0.0,0.0,0.0,0.0,0.0,226.0,175.0,401.0,0.09561750974067615,51.0,55.0,106.0,0.025275451452647556,114.0,99.0,213.0,0.050789350560508775,130675.0,120346.0,251021.0,59.855368859387205,111736.0,104821.0,216557.0,51.63750887010375,127453.0,117758.0,245211.0,58.46998798259586,18028.0,16420.0,34448.0,8.214044826800029
REGION 4A,0400000000,REGION 4A,,Region,,2019,85794.0,80068.0,165862.0,52.785008286425764,114217.0,105720.0,219937.0,69.99419015501816,94888.0,88937.0,183825.0,58.50167095689317,135586.0,124193.0,259779.0,82.67376896238679,133631.0,124395.0,258026.0,82.11588277069669,131081.0,122200.0,253281.0,80.60580291925939,134328.0,123337.0,257665.0,82.00099576830071,132634.0,123070.0,255704.0,81.37691429545171,130168.0,121667.0,251835.0,80.14561841658747,117385.0,109642.0,227027.0,72.25055815221316,0.0,0.0,0.0,0.0,42189.0,38470.0,80659.0,25.66944799516957,28757.0,26670.0,55427.0,17.639451196125215,19438.0,15233.0,34671.0,11.033925928173224,126592.0,117118.0,243710.0,77.55986524631815,108352.0,100892.0,209244.0,66.59117985967173,119907.0,112118.0,232025.0,73.84115437929083,16531.0,15137.0,31668.0,10.078231556441686
REGION 4A,0400000000,REGION 4A,,Region,,2020,80796.0,76997.0,157793.0,53.16189154223492,100480.0,94512.0,194992.0,65.69457172120102,84858.0,81709.0,166567.0,56.1179316478896,120912.0,111591.0,232503.0,78.33236752735702,117256.0,108957.0,226213.0,76.21320953048352,112956.0,105167.0,218123.0,73.48761522289904,120934.0,111674.0,232608.0,78.36774297881516,117708.0,109113.0,226821.0,76.41805023987925,110084.0,166603.0,276687.0,93.21835750094336,106409.0,99542.0,205951.0,69.38675812624656,0.0,0.0,0.0,0.0,118513.0,109428.0,227941.0,76.7953883887661,114182.0,106109.0,220291.0,74.2180340682443,103269.0,98002.0,201271.0,67.81002371839793,112961.0,104328.0,217289.0,73.20663306560293,105429.0,98267.0,203696.0,68.62702819255027,112961.0,104328.0,217289.0,73.20663306560293,105429.0,98267.0,203696.0,68.62702819255027
REGION 4A,0400000000,REGION 4A,,Region,,2021,69807.0,67422.0,137229.0,45.988579011923676,85637.0,81377.0,167014.0,55.97021427757559,73084.0,69340.0,142424.0,47.72954242320659,107505.0,100135.0,207640.0,69.58491678898652,105410.0,99845.0,205255.0,68.78564869737733,104998.0,98587.0,203585.0,68.2259934718061,105561.0,98027.0,203588.0,68.2269988404748,103062.0,97592.0,200654.0,67.24374828249519,100591.0,95828.0,196419.0,65.82450284519334,100695.0,95316.0,196011.0,65.68777270625138,0.0,0.0,0.0,0.0,97971.0,91304.0,189275.0,63.43038492215095,94074.0,88819.0,182893.0,61.29163064095604,87859.0,83805.0,171664.0,57.528535714046335,101931.0,94126.0,196057.0,65.7031883591713,96281.0,90087.0,186368.0,62.45618268218956,101931.0,94126.0,196057.0,65.7031883591713,96281.0,90087.0,186368.0,62.45618268218956
REGION 4A,0400000000,REGION 4A,,Region,,2022,79744.0,77772.0,157516.0,52.57069623231552,101443.0,96656.0,198099.0,66.11520323602346,88533.0,84885.0,173418.0,57.877961598921324,121813.0,114280.0,236093.0,78.79563590731142,119437.0,113093.0,232530.0,77.6064907368161,116474.0,110816.0,227290.0,75.85764967776602,121744.0,114090.0,235834.0,78.70919509924006,120441.0,114027.0,234468.0,78.25329493002967,118018.0,111945.0,229963.0,76.7497588668578,116259.0,110744.0,227003.0,75.76186391747072,67964.0,64497.0,132461.0,44.20863273336515,123542.0,116366.0,239908.0,80.06888564782213,121858.0,115942.0,237800.0,79.36534424467754,115979.0,111582.0,227561.0,75.94809546536193,110138.0,103235.0,213373.0,71.21287467417822,324408.0,98536.0,202900.0,62.54469680155853,89511.0,85185.0,174696.0,53.85070651771843,23614.0,21900.0,45514.0,16.66996300772809
REGION 4A,0400000000,REGION 4A,,Region,,2023,83377.0,80849.0,164226.0,53.32324616373684,100348.0,96224.0,196572.0,63.82580800176634,90811.0,87592.0,178403.0,57.92643725932035,121431.0,114843.0,236274.0,76.71682111292219,120167.0,114418.0,234585.0,76.16841243968804,119425.0,113269.0,232694.0,75.55441551778999,119708.0,112654.0,232362.0,75.446617010085,117454.0,112147.0,229601.0,74.55013604691183,114676.0,108976.0,223652.0,72.61852965433044,115454.0,109214.0,224668.0,72.94841906345177,89681.0,84841.0,174522.0,56.66629867979297,121838.0,115362.0,237200.0,77.01748803501503,120157.0,113984.0,234141.0,76.02424817034762,117375.0,111799.0,229174.0,74.4114915806768,113068.0,105414.0,218482.0,70.93986012169542,109310.0,103946.0,213256.0,63.6769452647483,89846.0,85831.0,175677.0,52.456084299035844,24415.0,22934.0,47349.0,16.149926326129666
REGION 4A,0400000000,REGION 4A,,Region,,2024,85359.0,82237.0,167596.0,54.03707883282283,99606.0,94869.0,194475.0,62.703530549734,89935.0,85885.0,175820.0,56.68869901660487,112770.0,105754.0,218524.0,70.45752055457038,107471.0,101805.0,209276.0,67.47573754634854,99026.0,94620.0,193646.0,62.4362405287764,117179.0,109728.0,226907.0,73.16040625503788,116729.0,110476.0,227205.0,73.25648879574399,115122.0,110106.0,225228.0,72.6190552958246,110173.0,104435.0,214608.0,69.19490569079477,94858.0,90524.0,185382.0,59.771723359664676,98547.0,92115.0,190662.0,61.474125423182336,83927.0,79209.0,163136.0,52.5990649685636,82804.0,79312.0,162116.0,52.27019184265678,115018.0,108238.0,223256.0,71.98323391907142,337182.0,111746.0,229401.0,68.03477053935264,104690.0,99762.0,204452.0,60.63550248827043,17205.0,15703.0,32908.0,11.144449787663484
REGION 4A,0400000000,REGION 4A,,Region,,2025,82898.0,80433.0,163331.0,52.179260683856256,95526.0,91181.0,186707.0,54.86525164486734,84517.0,81212.0,165729.0,48.700709078139646,114466.0,107730.0,222196.0,65.29396034686938,117605.0,111193.0,228798.0,67.23400754038337,122184.0,115584.0,237768.0,69.86990928619076,95575.0,90063.0,185638.0,54.551117980846364,96523.0,92385.0,188908.0,55.51203199520425,97901.0,93021.0,190922.0,56.10386099364973,108114.0,102692.0,210806.0,61.94692345893782,94686.0,89544.0,184230.0,54.13736662542866,120722.0,113345.0,234067.0,68.78234269073556,132291.0,123131.0,255422.0,75.05766953373632,124472.0,118409.0,242881.0,71.37240266705064,111839.0,104003.0,215842.0,63.4267898125483,111209.0,104968.0,216177.0,63.52523207395806,101490.0,96284.0,197774.0,58.6549697196173,13512.0,12279.0,25791.0,19.431176071724554
BATANGAS,0401000000,REGION 4A,Batangas,Province,1st,2018,13748.0,12570.0,26318.0,93.1907510357282,14514.0,13426.0,27940.0,51.941233903608676,13910.0,12829.0,26739.0,49.708541637386986,16453.0,15001.0,31454.0,58.473857237083294,16806.0,15332.0,32138.0,59.74543218304136,16784.0,15537.0,32321.0,60.0856342519161,16379.0,14925.0,31304.0,58.195003082267924,16737.0,15288.0,32025.0,59.535362053080455,16721.0,15500.0,32221.0,59.899731482039186,0.0,0.0,0.0,0.0,0.0,0.0,0.0,0.0,6.0,5.0,11.0,0.02044930468646011,0.0,3.0,3.0,0.005577083096307302,21.0,27.0,48.0,0.08923332954091683,17245.0,15659.0,32904.0,61.169447400298495,15333.0,14063.0,29396.0,54.64797823301648,17172.0,15552.0,32724.0,60.83482241452005,2808.0,2552.0,5360.0,9.96438846540238
BATANGAS,0401000000,REGION 4A,Batangas,Province,1st,2019,12662.0,11811.0,24473.0,61.18331073154655,13314.0,12452.0,25766.0,64.41585356552235,12889.0,12105.0,24994.0,62.485827991021715,15502.0,14626.0,30128.0,75.32099806807643,15655.0,14656.0,30311.0,75.77850413042567,15507.0,14560.0,30067.0,75.16849604729335,15275.0,14374.0,29649.0,74.1234821999601,15448.0,14440.0,29888.0,74.72099011745446,15247.0,14388.0,29635.0,74.08848173617383,14047.0,13205.0,27252.0,68.13090279312331,0.0,0.0,0.0,0.0,4669.0,4460.0,9129.0,22.82280242178272,3426.0,3255.0,6681.0,16.70272132543875,2197.0,2053.0,4250.0,10.625140792263835,14678.0,13986.0,28664.0,71.66094956928248,12107.0,11095.0,23202.0,58.005768626377765,14465.0,13201.0,27666.0,69.16591650794618,2158.0,1992.0,4150.0,10.375137479504685
BATANGAS,0401000000,REGION 4A,Batangas,Province,1st,2020,10308.0,9534.0,19842.0,51.61676335162977,10929.0,10186.0,21115.0,54.928331729143366,10464.0,9720.0,20184.0,52.506438438125954,12797.0,11426.0,24223.0,63.01344918186311,12657.0,11644.0,24301.0,63.21635753492365,12604.0,11724.0,24328.0,63.28659504175229,12756.0,11482.0,24238.0,63.052470018990135,12560.0,11570.0,24130.0,62.771519991675554,12165.0,18048.0,30213.0,78.59577014125543,11713.0,10860.0,22573.0,58.72115709789028,0.0,0.0,0.0,0.0,12517.0,11192.0,23709.0,61.676335162977026,12225.0,11092.0,23317.0,60.65659061939076,10759.0,10048.0,20807.0,54.12710387346843,13050.0,12214.0,25264.0,65.7214952784787,12425.0,11834.0,24259.0,63.10709919096797,13050.0,12214.0,25264.0,65.7214952784787,12425.0,11834.0,24259.0,63.10709919096797
BATANGAS,0401000000,REGION 4A,Batangas,Province,1st,2021,10270.0,9858.0,20128.0,51.81219110378913,11344.0,10707.0,22051.0,56.76225288303131,10531.0,9951.0,20482.0,52.72343492586491,14100.0,12785.0,26885.0,69.2056219110379,13775.0,12847.0,26622.0,68.52862438220758,13466.0,12557.0,26023.0,66.98671746293246,13805.0,12668.0,26473.0,68.14507825370676,13723.0,12807.0,26530.0,68.2918039538715,13325.0,12460.0,25785.0,66.37407331136738,13063.0,12205.0,25268.0,65.04324546952223,0.0,0.0,0.0,0.0,12476.0,11589.0,24065.0,61.94656095551895,11808.0,11012.0,22820.0,58.74176276771005,10858.0,9958.0,20816.0,53.5831960461285,14095.0,12734.0,26829.0,69.06147034596376,13729.0,12568.0,26297.0,67.69203047775947,14095.0,12734.0,26829.0,69.06147034596376,13729.0,12568.0,26297.0,67.69203047775947
BATANGAS,0401000000,REGION 4A,Batangas,Province,1st,2022,11399.0,10985.0,22384.0,57.02203540950197,12327.0,11704.0,24031.0,61.21767927652528,11358.0,11031.0,22389.0,57.03477264042797,15023.0,13675.0,28698.0,73.10661062285058,14938.0,14106.0,29044.0,73.98802700292957,14775.0,14154.0,28929.0,73.69507069163164,14944.0,13670.0,28614.0,72.89262514329384,15043.0,14125.0,29168.0,74.30391032989428,14959.0,14234.0,29193.0,74.36759648452427,15029.0,14194.0,29223.0,74.44401987008024,10410.0,9796.0,20206.0,51.47369761813781,15184.0,13939.0,29123.0,74.18927525156032,15481.0,14617.0,30098.0,76.67303528212966,15362.0,14671.0,30033.0,76.50745128009171,14450.0,13387.0,27837.0,70.91325945739396,42544.0,13125.0,27199.0,63.93145919518616,11720.0,11011.0,22731.0,53.42939074840165,3704.0,3413.0,7117.0,19.646652864044167
BATANGAS,0401000000,REGION 4A,Batangas,Province,1st,2023,16852.0,16324.0,33176.0,62.30117744267714,18736.0,17983.0,36719.0,68.95457362303056,17498.0,16913.0,34411.0,64.62038271581754,21651.0,20644.0,42295.0,79.42573848378434,21686.0,20810.0,42496.0,79.80319618410921,21720.0,20864.0,42584.0,79.96845129668927,21474.0,20437.0,41911.0,78.70462526525324,21317.0,20408.0,41725.0,78.35533605002722,20937.0,20019.0,40956.0,76.91123171395843,21564.0,20561.0,42125.0,79.1064956526638,17345.0,16273.0,33618.0,63.131208803590546,21573.0,20640.0,42213.0,79.27175076524384,21595.0,20629.0,42224.0,79.29240765431635,21266.0,20335.0,41601.0,78.1224765732099,21245.0,19653.0,40898.0,76.80231357157612,20611.0,19610.0,40221.0,69.17718688727598,17218.0,16404.0,33622.0,57.82738811874376,4275.0,3933.0,8208.0,15.654860674028722
BATANGAS,0401000000,REGION 4A,Batangas,Province,1st,2024,17000.0,16115.0,33115.0,61.915713110462946,17463.0,16500.0,33963.0,63.501234013910704,16416.0,15499.0,31915.0,59.67205145464064,18869.0,17509.0,36378.0,68.01660309625308,17947.0,16744.0,34691.0,64.86238875177624,15646.0,14890.0,30536.0,57.09371026849151,20120.0,18653.0,38773.0,72.49457781766509,20479.0,19152.0,39631.0,74.09879590157804,20111.0,19219.0,39330.0,73.53601076957594,19428.0,18286.0,37714.0,70.5145464064019,16118.0,15536.0,31654.0,59.18405504449928,14214.0,13390.0,27604.0,51.61169695609902,10933.0,10271.0,21204.0,39.645501458380075,11365.0,10856.0,22221.0,41.547004711689475,20616.0,19348.0,39964.0,74.72141201106874,58339.0,18393.0,37913.0,64.98740122388111,18051.0,17149.0,35200.0,60.33699583469034,3216.0,2937.0,6153.0,11.673306772908367
BATANGAS,0401000000,REGION 4A,Batangas,Province,1st,2025,16462.0,15990.0,32452.0,60.16649053525409,17086.0,16400.0,33486.0,56.92477688057799,15911.0,15413.0,31324.0,53.249468763280916,20095.0,18865.0,38960.0,66.23034424139396,21267.0,20187.0,41454.0,70.47003824904378,22760.0,21561.0,44321.0,75.34381640458989,15317.0,14544.0,29861.0,50.76243093922652,15841.0,15081.0,30922.0,52.566085847853806,16256.0,15417.0,31673.0,53.84275393115172,17866.0,16877.0,34743.0,59.06162345941352,15553.0,14685.0,30238.0,51.40331491712708,21868.0,20373.0,42241.0,71.80790480237994,24390.0,22985.0,47375.0,80.53548661283469,23042.0,21988.0,45030.0,76.54908627284318,20206.0,18560.0,38766.0,65.90055248618785,19662.0,18323.0,37985.0,64.57288567785805,18291.0,17043.0,35334.0,60.56668780747013,2460.0,2338.0,4798.0,20.735554691213967
CAVITE,0402100000,REGION 4A,Cavite,Province,1st,2018,9512.0,8855.0,18367.0,85.93150556751193,11315.0,10543.0,21858.0,53.620088207473685,9967.0,9272.0,19239.0,47.19539193995728,13240.0,12227.0,25467.0,62.47336382009938,13209.0,12175.0,25384.0,62.269755652782145,13162.0,12271.0,25433.0,62.3899580648128,13214.0,12190.0,25404.0,62.31881786177424,13071.0,12166.0,25237.0,61.90914841669015,13157.0,12244.0,25401.0,62.31145853042543,0.0,0.0,0.0,0.0,0.0,0.0,0.0,0.0,60.0,43.0,103.0,0.2526703763093508,38.0,25.0,63.0,0.1545459583251369,45.0,30.0,75.0,0.18398328372040107,13052.0,12047.0,25099.0,61.57061917464461,11338.0,10471.0,21809.0,53.49988579544303,12854.0,11888.0,24742.0,60.6948587441355,485.0,397.0,882.0,2.1636434165519165
CAVITE,0402100000,REGION 4A,Cavite,Province,1st,2019,8589.0,7982.0,16571.0,56.38823075436865,10641.0,9850.0,20491.0,69.72730893656194,9830.0,9058.0,18888.0,64.27257875134362,12611.0,11470.0,24081.0,81.94345451668285,12487.0,11456.0,23943.0,81.47386451945256,12393.0,11377.0,23770.0,80.88517560988127,12461.0,11318.0,23779.0,80.91580104448326,12387.0,11225.0,23612.0,80.34752909131329,12092.0,11255.0,23347.0,79.44578018358848,11425.0,10557.0,21982.0,74.80092260228903,0.0,0.0,0.0,0.0,6370.0,5765.0,12135.0,41.29329432166215,4761.0,4473.0,9234.0,31.421695901625736,2970.0,2850.0,5820.0,19.80444770927678,11979.0,10930.0,22909.0,77.9553423662924,9906.0,9282.0,19188.0,65.29342657140943,12070.0,10842.0,22912.0,77.96555084449307,465.0,470.0,935.0,3.181642372538452
CAVITE,0402100000,REGION 4A,Cavite,Province,1st,2020,12321.0,11903.0,24224.0,87.43863701992493,13730.0,13147.0,26877.0,97.01487149870054,12538.0,11928.0,24466.0,88.31215708922899,15812.0,14835.0,30647.0,110.62301472711522,15804.0,14717.0,30521.0,110.16820675714698,15339.0,14286.0,29625.0,106.93401674848397,15780.0,14768.0,30548.0,110.26566560785447,15719.0,14669.0,30388.0,109.68813167773605,14929.0,22432.0,37361.0,134.85778226970834,15131.0,14259.0,29390.0,106.08576378862257,0.0,0.0,0.0,0.0,16274.0,15120.0,31394.0,113.31937626335547,16515.0,15543.0,32058.0,115.71614207334682,16094.0,15360.0,31454.0,113.53595148714987,15529.0,14392.0,29921.0,108.00245451920301,14934.0,13836.0,28770.0,103.8478198094138,15529.0,14392.0,29921.0,108.00245451920301,14934.0,13836.0,28770.0,103.8478198094138
CAVITE,0402100000,REGION 4A,Cavite,Province,1st,2021,6844.0,6613.0,13457.0,48.150135966795474,7920.0,7638.0,15558.0,55.66766852726492,7258.0,6980.0,14238.0,50.944611421210816,9986.0,9270.0,19256.0,68.89938457134679,9844.0,9237.0,19081.0,68.2732216974381,9681.0,9081.0,18762.0,67.1318162301417,9945.0,9247.0,19192.0,68.67038786317447,9862.0,9220.0,19082.0,68.2767997710033,9628.0,9069.0,18697.0,66.89924144840418,9736.0,9151.0,18887.0,67.57907542579076,0.0,0.0,0.0,0.0,8735.0,8072.0,16807.0,60.13668241019035,7972.0,7602.0,15574.0,55.724917704308,7248.0,6990.0,14238.0,50.944611421210816,9949.0,9414.0,19363.0,69.28223844282239,9808.0,9041.0,18849.0,67.44310863031345,9949.0,9414.0,19363.0,69.28223844282239,9808.0,9041.0,18849.0,67.44310863031345
CAVITE,0402100000,REGION 4A,Cavite,Province,1st,2022,8324.0,8213.0,16537.0,58.74391673475188,10225.0,9908.0,20133.0,71.5178856878974,9154.0,9017.0,18171.0,64.54832865617563,12653.0,12335.0,24988.0,88.76416468331499,12566.0,12236.0,24802.0,88.10344215125573,12516.0,12065.0,24581.0,87.31839011047565,12600.0,12207.0,24807.0,88.12120350964442,12645.0,12249.0,24894.0,88.43025114560761,12549.0,12117.0,24666.0,87.62033320308336,12663.0,12154.0,24817.0,88.1567262264218,7792.0,7477.0,15269.0,54.2396362473802,12882.0,12515.0,25397.0,90.21704379950978,13167.0,12777.0,25944.0,92.16013640723243,13200.0,12755.0,25955.0,92.19921139568754,11502.0,11045.0,22547.0,80.09306951795674,30459.0,11017.0,22588.0,74.15870514462064,10540.0,10119.0,20659.0,67.82560162841853,1605.0,1532.0,3137.0,12.370361607318902
CAVITE,0402100000,REGION 4A,Cavite,Province,1st,2023,20937.0,20331.0,41268.0,52.932122518085265,26348.0,25654.0,52002.0,66.70001539171926,24596.0,24141.0,48737.0,62.51218511107691,31434.0,29837.0,61271.0,78.58883587296701,31191.0,29635.0,60826.0,78.01805961725925,30809.0,29513.0,60322.0,77.37160740854753,31155.0,29270.0,60425.0,77.50371966548664,30591.0,29285.0,59876.0,76.79954850956851,29602.0,28313.0,57915.0,74.2842850546406,29458.0,27936.0,57394.0,73.61602791031758,23385.0,22438.0,45823.0,58.7745626186445,31627.0,29671.0,61298.0,78.62346724129085,31330.0,29647.0,60977.0,78.2117387512185,30777.0,29539.0,60316.0,77.36391154892002,29779.0,27927.0,57706.0,74.01621261094864,28176.0,26881.0,55057.0,64.90045147525137,22994.0,21979.0,44973.0,53.01356783327243,6368.0,6097.0,12465.0,16.654864182355062
CAVITE,0402100000,REGION 4A,Cavite,Province,1st,2024,20842.0,20167.0,41009.0,52.18160302332387,26149.0,24986.0,51135.0,65.06635788723612,24682.0,23774.0,48456.0,61.65748387178868,30587.0,28644.0,59231.0,75.36805405336625,29724.0,28263.0,57987.0,73.78513532428202,28168.0,27094.0,55262.0,70.31772894425428,30800.0,28896.0,59696.0,75.95973991271043,30783.0,29378.0,60161.0,76.55142577205461,30809.0,29500.0,60309.0,76.73974729287814,29239.0,28160.0,57399.0,73.03693901182099,26634.0,25853.0,52487.0,66.78670042881319,25629.0,23856.0,49485.0,62.96682741859547,21183.0,20090.0,41273.0,52.51752789830638,20478.0,19745.0,40223.0,51.181463054625965,30245.0,28924.0,59169.0,75.28916260545368,85491.0,29530.0,60131.0,70.33605876641987,27309.0,26286.0,53595.0,62.69080955890094,4231.0,3817.0,8048.0,10.66482912155626
CAVITE,0402100000,REGION 4A,Cavite,Province,1st,2025,20393.0,19952.0,40345.0,50.85974333761945,24206.0,23245.0,47451.0,54.98250330235685,22868.0,22048.0,44916.0,52.04514379736275,28513.0,26957.0,55470.0,64.27429260040324,29199.0,27621.0,56820.0,65.83856689300363,30401.0,28477.0,58878.0,68.22321614794559,25617.0,24254.0,49871.0,57.786609812055346,26117.0,24826.0,50943.0,59.028759472549886,26696.0,25219.0,51915.0,60.15503696322217,28615.0,26595.0,55210.0,63.97302495886537,25893.0,24562.0,50455.0,58.46330328381729,30267.0,28604.0,58871.0,68.21510509605802,35235.0,31613.0,66848.0,77.45822808277907,32470.0,30687.0,63157.0,73.18138629463975,29178.0,27203.0,56381.0,65.32988806748395,29138.0,27311.0,56449.0,65.40868114296309,27842.0,26067.0,53909.0,63.058099683007576,2676.0,2409.0,5085.0,15.942437923250562
LAGUNA,0403400000,REGION 4A,Laguna,Province,1st,2018,3659.0,3303.0,6962.0,105.80547112462007,5315.0,4708.0,10023.0,34.8119285818854,3194.0,2838.0,6032.0,20.950369470810408,9358.0,8388.0,17746.0,61.63548684167797,8996.0,8307.0,17303.0,60.09685725355314,8600.0,8195.0,16795.0,58.332469373716975,9018.0,8078.0,17096.0,59.37790392456478,8725.0,8000.0,16725.0,58.08934505956632,8501.0,8065.0,16566.0,57.53710554599556,0.0,0.0,0.0,0.0,0.0,0.0,0.0,0.0,11.0,8.0,19.0,0.0659908852694625,2.0,4.0,6.0,0.02083922692719868,9.0,9.0,18.0,0.06251768078159604,8322.0,7824.0,16146.0,56.078359661091646,7082.0,6706.0,13788.0,47.88854347870257,8027.0,7512.0,15539.0,53.97012453695672,778.0,641.0,1419.0,4.928477168282488
LAGUNA,0403400000,REGION 4A,Laguna,Province,1st,2019,3211.0,2940.0,6151.0,28.888585239363508,4223.0,3804.0,8027.0,37.69934542616987,2870.0,2522.0,5392.0,25.323890686172657,8559.0,7546.0,16105.0,75.63821578279129,8353.0,7608.0,15961.0,74.96191009681043,8297.0,7564.0,15861.0,74.49225337043482,8508.0,7533.0,16041.0,75.33763547791091,8305.0,7625.0,15930.0,74.81631651163399,8263.0,7506.0,15769.0,74.06016918216926,7092.0,6458.0,13550.0,63.63848642389457,0.0,0.0,0.0,0.0,3154.0,2797.0,5951.0,27.949271786612297,2190.0,2011.0,4201.0,19.730279075039196,1239.0,1149.0,2388.0,11.215402625849464,7673.0,6772.0,14445.0,67.84191412495625,6307.0,5695.0,12002.0,56.36820029960019,7357.0,6532.0,13889.0,65.23062272630787,1089.0,953.0,2042.0,9.590390352589868
LAGUNA,0403400000,REGION 4A,Laguna,Province,1st,2020,3895.0,3720.0,7615.0,38.601916155522886,4583.0,4303.0,8886.0,45.044862371369184,2952.0,2793.0,5745.0,29.122522431185683,7894.0,7298.0,15192.0,77.01120291985603,7646.0,7134.0,14780.0,74.92269478379885,7153.0,6695.0,13848.0,70.19820550514522,7850.0,7237.0,15087.0,76.47893749683176,7554.0,7012.0,14566.0,73.83788715973031,6784.0,10390.0,17174.0,87.05834642875247,6885.0,6445.0,13330.0,67.57236275155879,0.0,0.0,0.0,0.0,7874.0,7297.0,15171.0,76.90474983525118,7538.0,7030.0,14568.0,73.84802554874031,6769.0,6357.0,13126.0,66.53824707254017,7469.0,6801.0,14270.0,72.33740558625234,6936.0,6367.0,13303.0,67.43549449992396,7469.0,6801.0,14270.0,72.33740558625234,6936.0,6367.0,13303.0,67.43549449992396
LAGUNA,0403400000,REGION 4A,Laguna,Province,1st,2021,2992.0,2871.0,5863.0,29.72068738277488,3749.0,3488.0,7237.0,36.68576063263547,2456.0,2312.0,4768.0,24.16991939980737,6795.0,6127.0,12922.0,65.50413139352158,6590.0,6262.0,12852.0,65.14928777817205,6469.0,6114.0,12583.0,63.78567445632889,6686.0,6025.0,12711.0,64.43453135296802,6492.0,6215.0,12707.0,64.41425457494803,6411.0,6054.0,12465.0,63.187509504739694,6400.0,6058.0,12458.0,63.152025143204746,0.0,0.0,0.0,0.0,6663.0,5967.0,12630.0,64.02392659806357,6277.0,5958.0,12235.0,62.02159476859127,5842.0,5432.0,11274.0,57.15009884929285,6457.0,5956.0,12413.0,62.92391139048005,6002.0,5561.0,11563.0,58.615096061235874,6457.0,5956.0,12413.0,62.92391139048005,6002.0,5561.0,11563.0,58.615096061235874
LAGUNA,0403400000,REGION 4A,Laguna,Province,1st,2022,3694.0,3705.0,7399.0,37.56600324939074,4124.0,3975.0,8099.0,41.12002437043055,2680.0,2627.0,5307.0,26.944557270511776,7666.0,7004.0,14670.0,74.48212835093419,7459.0,6902.0,14361.0,72.91328188464664,7326.0,6768.0,14094.0,71.55767668562144,7640.0,6981.0,14621.0,74.23334687246141,7463.0,6984.0,14447.0,73.34991876523151,7354.0,6798.0,14152.0,71.85215272136475,7270.0,6735.0,14005.0,71.10580828594638,3368.0,3307.0,6675.0,33.89012997562957,7763.0,6976.0,14739.0,74.83245329000813,7573.0,7019.0,14592.0,74.08610885458977,7151.0,6827.0,13978.0,70.96872461413484,6675.0,6248.0,12923.0,65.61230706742485,21291.0,5694.0,11810.0,55.46944718425626,4837.0,4527.0,9364.0,43.98102484617913,1446.0,1341.0,2787.0,15.632712586941889
LAGUNA,0403400000,REGION 4A,Laguna,Province,1st,2023,17743.0,17598.0,35341.0,57.44169036976838,18518.0,18040.0,36558.0,59.41974806989029,16724.0,16292.0,33016.0,53.662738724095895,25094.0,23967.0,49061.0,79.7415684681024,24861.0,23622.0,48483.0,78.80211296221049,25201.0,23448.0,48649.0,79.07192198293377,24427.0,23170.0,47597.0,77.36204794798863,24097.0,23007.0,47104.0,76.5607476635514,23890.0,22561.0,46451.0,75.49939049167006,24122.0,22725.0,46847.0,76.14303128809428,19284.0,18304.0,37588.0,61.09386428281186,25196.0,24657.0,49853.0,81.02885006095083,24864.0,23651.0,48515.0,78.85412433969931,24212.0,23082.0,47294.0,76.8695652173913,23533.0,22292.0,45825.0,74.4819179195449,24848.0,23856.0,48704.0,72.90363141035236,21114.0,20307.0,41421.0,62.001915995569256,5130.0,4869.0,9999.0,17.267938865382952
LAGUNA,0403400000,REGION 4A,Laguna,Province,1st,2024,19140.0,18480.0,37620.0,60.70973259960947,21131.0,20281.0,41412.0,66.82911872448238,18345.0,17544.0,35889.0,57.91631029418885,23768.0,22565.0,46333.0,74.77044233220907,22345.0,21390.0,43735.0,70.57788823083254,20680.0,20004.0,40684.0,65.65429986928525,25528.0,24003.0,49531.0,79.93125373182501,25112.0,23935.0,49047.0,79.15019284457857,24620.0,24060.0,48680.0,78.55794213048881,24174.0,23158.0,47332.0,76.38259073377766,21923.0,20861.0,42784.0,69.04320041312312,22675.0,21458.0,44133.0,71.220165571998,20887.0,19710.0,40597.0,65.51390256104055,20733.0,20094.0,40827.0,65.88506785869899,25236.0,23893.0,49129.0,79.28252134200461,67298.0,25279.0,51678.0,76.7898005884276,23989.0,23092.0,47081.0,69.958988380041,3506.0,3212.0,6718.0,11.524539824678778
LAGUNA,0403400000,REGION 4A,Laguna,Province,1st,2025,18054.0,17485.0,35539.0,56.85421299332896,19421.0,18595.0,38016.0,56.00306414071476,17609.0,16980.0,34589.0,50.95459768421673,24916.0,23813.0,48729.0,71.78486196635338,25837.0,24387.0,50224.0,73.98721310509413,26841.0,25721.0,52562.0,77.43142512006128,22267.0,21076.0,43343.0,63.85050528858902,22571.0,21894.0,44465.0,65.50337350107539,22695.0,21795.0,44490.0,65.5402021154356,23821.0,23497.0,47318.0,69.70625497186293,21017.0,19979.0,40996.0,60.3930349724522,25310.0,23931.0,49241.0,72.53911198845054,26280.0,24849.0,51129.0,75.32040894493386,24975.0,23802.0,48777.0,71.85557290592499,23974.0,22450.0,46424.0,68.38926372234171,23982.0,22691.0,46673.0,68.75607672136942,21756.0,20733.0,42489.0,63.13560581295135,3194.0,2846.0,6040.0,29.87584705940545
QUEZON,0405600000,REGION 4A,Quezon,Province,1st,2018,9690.0,8921.0,18611.0,77.0290964777948,12995.0,11897.0,24892.0,50.58850494709323,10415.0,9485.0,19900.0,40.44316440812933,16130.0,14725.0,30855.0,62.707228030795505,15444.0,14509.0,29953.0,60.8740755536029,15182.0,14206.0,29388.0,59.725814855583145,16045.0,14716.0,30761.0,62.516189967762124,15562.0,14615.0,30177.0,61.329315193171794,15437.0,14604.0,30041.0,61.052919697719254,0.0,0.0,0.0,0.0,0.0,0.0,0.0,0.0,19.0,22.0,41.0,0.08332511259966344,2.0,11.0,13.0,0.02642015765355182,17.0,16.0,33.0,0.06706655404363154,14920.0,13902.0,28822.0,58.57552183774389,11413.0,11224.0,22637.0,46.00562375411174,14350.0,13568.0,27918.0,56.73830472091229,1104.0,883.0,1987.0,4.038219481354421
QUEZON,0405600000,REGION 4A,Quezon,Province,1st,2019,9400.0,8821.0,18221.0,48.29105814553311,12814.0,11844.0,24658.0,65.35101870108969,10759.0,9935.0,20694.0,54.84524215266242,16138.0,14534.0,30672.0,81.28990370670058,15733.0,14565.0,30298.0,80.29869270036562,15016.0,13901.0,28917.0,76.63863280798972,16038.0,14599.0,30637.0,81.1971433184072,15675.0,14395.0,30070.0,79.69442502805447,15111.0,14045.0,29156.0,77.27205374519308,11024.0,10157.0,21181.0,56.135936698344594,0.0,0.0,0.0,0.0,3373.0,3081.0,6454.0,17.105015601299087,1536.0,1491.0,3027.0,8.022448438973093,427.0,427.0,854.0,2.2633534743584476,14672.0,13463.0,28135.0,74.5661007038348,10974.0,10279.0,21253.0,56.32675806854811,14183.0,12931.0,27114.0,71.86014766247652,1242.0,1118.0,2360.0,6.254700467782126
QUEZON,0405600000,REGION 4A,Quezon,Province,1st,2020,10065.0,9349.0,19414.0,51.895215183106124,12243.0,11276.0,23519.0,62.86821705426357,9594.0,8952.0,18546.0,49.57497995188452,14906.0,13675.0,28581.0,76.39935846030474,14245.0,13047.0,27292.0,72.95375568029938,13347.0,12014.0,25361.0,67.79203421545041,15194.0,13878.0,29072.0,77.71184175354183,14944.0,13513.0,28457.0,76.06789628441594,13696.0,20910.0,34606.0,92.50467789361133,11731.0,10809.0,22540.0,60.251269713980214,0.0,0.0,0.0,0.0,14470.0,13302.0,27772.0,74.23683507083668,13643.0,12529.0,26172.0,69.95990376904571,11900.0,11136.0,23036.0,61.57711841753542,14044.0,12894.0,26938.0,72.00748462977813,13442.0,12270.0,25712.0,68.7302860197808,14044.0,12894.0,26938.0,72.00748462977813,13442.0,12270.0,25712.0,68.7302860197808
QUEZON,0405600000,REGION 4A,Quezon,Province,1st,2021,7659.0,7422.0,15081.0,40.06216130060567,9011.0,8618.0,17629.0,46.83083625544576,7130.0,6898.0,14028.0,37.264902773350336,12095.0,11195.0,23290.0,61.86908936351079,11985.0,11388.0,23373.0,62.089576028052285,11797.0,11240.0,23037.0,61.197003506534905,11241.0,10549.0,21790.0,57.8843906067368,10821.0,10489.0,21310.0,56.60928700456912,10505.0,10030.0,20535.0,54.550525980235896,10655.0,10175.0,20830.0,55.33418340240145,0.0,0.0,0.0,0.0,10171.0,9637.0,19808.0,52.61927531611943,9463.0,9150.0,18613.0,49.44479863988949,8848.0,8580.0,17428.0,46.296886622038045,11339.0,10501.0,21840.0,58.01721389862926,10792.0,10054.0,20846.0,55.37668685580704,11339.0,10501.0,21840.0,58.01721389862926,10792.0,10054.0,20846.0,55.37668685580704
QUEZON,0405600000,REGION 4A,Quezon,Province,1st,2022,9822.0,9449.0,19271.0,50.91009959580482,11629.0,11003.0,22632.0,59.7891844767918,9443.0,8891.0,18334.0,48.43473436715716,14422.0,13513.0,27935.0,73.79864211555227,13648.0,12956.0,26604.0,70.28240826354583,12825.0,12260.0,25085.0,66.26951628668797,14628.0,13539.0,28167.0,74.41153937600718,14084.0,13304.0,27388.0,72.35357831611762,13485.0,12847.0,26332.0,69.56383906163316,12403.0,12016.0,24419.0,64.51007846141653,5828.0,5535.0,11363.0,30.01875676960875,14864.0,13740.0,28604.0,75.56600533643304,14054.0,13440.0,27494.0,72.63360896098064,12504.0,12154.0,24658.0,65.14146831162655,11680.0,10979.0,22659.0,59.86051303727577,41028.0,10072.0,20608.0,50.22911182607,8336.0,8056.0,16392.0,39.95320269084527,2219.0,2008.0,4227.0,11.972130172487041
QUEZON,0405600000,REGION 4A,Quezon,Province,1st,2023,10490.0,9908.0,20398.0,49.9828473413379,12193.0,11587.0,23780.0,58.27003185493752,10987.0,10421.0,21408.0,52.45773094829699,15430.0,14536.0,29966.0,73.42808135260965,15261.0,14486.0,29747.0,72.89144817446704,15022.0,14154.0,29176.0,71.49228130360206,14967.0,14007.0,28974.0,70.99730458221025,14418.0,13727.0,28145.0,68.9659397206567,13777.0,12988.0,26765.0,65.5844155844156,14005.0,13186.0,27191.0,66.62827738299436,9067.0,8437.0,17504.0,42.891448174467044,15501.0,14578.0,30079.0,73.704974271012,15175.0,14402.0,29577.0,72.47488360695908,14746.0,13886.0,28632.0,70.15927468757658,13831.0,12776.0,26607.0,65.19725557461406,12623.0,11916.0,24539.0,55.29790877952047,9710.0,9392.0,19102.0,43.045790517396796,3072.0,2819.0,5891.0,15.221435584724304
QUEZON,0405600000,REGION 4A,Quezon,Province,1st,2024,10484.0,9872.0,20356.0,49.704546564438154,11391.0,10802.0,22193.0,54.190066904331694,9300.0,8794.0,18094.0,44.181276554182745,13620.0,12731.0,26351.0,64.34292132636617,12417.0,11672.0,24089.0,58.81965131611076,10705.0,9992.0,20697.0,50.53718806465791,14440.0,13362.0,27802.0,67.8859207891781,14462.0,13573.0,28035.0,68.45485178492943,14235.0,13288.0,27523.0,67.20466865263465,13386.0,12412.0,25798.0,62.99262587293061,9853.0,9164.0,19017.0,46.435024661815696,11798.0,10964.0,22762.0,55.57943058065147,10545.0,9945.0,20490.0,50.031742931093426,10306.0,9692.0,19998.0,48.830395077403914,13907.0,12584.0,26491.0,64.68476827660302,44516.0,12810.0,26401.0,59.30676610656842,11238.0,10528.0,21766.0,48.89477940515769,2408.0,2245.0,4653.0,11.974368212465901
QUEZON,0405600000,REGION 4A,Quezon,Province,1st,2025,10142.0,9948.0,20090.0,48.62993803253292,10881.0,10543.0,21424.0,47.69898697539797,9090.0,8955.0,18045.0,40.175887788044086,13721.0,12699.0,26420.0,58.82221974841367,14375.0,13495.0,27870.0,62.05053990871646,15278.0,14273.0,29551.0,65.79316486697094,6565.0,6018.0,12583.0,28.015139708337973,6507.0,6180.0,12687.0,28.246688188801066,6642.0,6401.0,13043.0,29.039296448847825,11992.0,11331.0,23323.0,51.92697317154625,9985.0,9220.0,19205.0,42.75854391628632,15167.0,14024.0,29191.0,64.99165089613714,15708.0,14870.0,30578.0,68.07970611154403,14815.0,13863.0,28678.0,63.849493487698986,13416.0,12308.0,25724.0,57.27262607146832,12850.0,11996.0,24846.0,55.31782255371257,10609.0,10034.0,20643.0,46.37209093359691,2117.0,1822.0,3939.0,17.314285714285717
RIZAL,0405800000,REGION 4A,Rizal,Province,1st,2018,13830.0,12937.0,26767.0,76.49462734339278,18177.0,17013.0,35190.0,56.927493591653125,12694.0,11941.0,24635.0,39.85248094999643,20221.0,18602.0,38823.0,62.804662793655844,20083.0,18722.0,38805.0,62.77554387110257,19783.0,18622.0,38405.0,62.128456703252,20075.0,18552.0,38627.0,62.48759008140906,19928.0,18560.0,38488.0,62.262727290581,19782.0,18623.0,38405.0,62.128456703252,0.0,0.0,0.0,0.0,0.0,0.0,0.0,0.0,13.0,13.0,26.0,0.042060665910286475,1.0,4.0,5.0,0.008088589598132015,5.0,8.0,13.0,0.021030332955143238,19194.0,17685.0,36879.0,59.65981915790211,16626.0,15291.0,31917.0,51.63270284071591,18798.0,17377.0,36175.0,58.52094574248512,3574.0,3326.0,6900.0,11.16225364542218
RIZAL,0405800000,REGION 4A,Rizal,Province,1st,2019,14224.0,13256.0,27480.0,56.35036411165255,18739.0,17171.0,35910.0,73.63688410660274,13882.0,12785.0,26667.0,54.683229976908244,21670.0,19847.0,41517.0,85.13457302851087,21723.0,20089.0,41812.0,85.73949869855954,21460.0,19919.0,41379.0,84.8515908506576,22106.0,19873.0,41979.0,86.08194814567184,21567.0,19861.0,41428.0,84.95207002975043,21385.0,19681.0,41066.0,84.20975446175851,19723.0,18183.0,37906.0,77.7298727080168,0.0,0.0,0.0,0.0,5612.0,5127.0,10739.0,22.021344985263347,3823.0,3313.0,7136.0,14.633049428702789,1839.0,1664.0,3503.0,7.183236007391517,19995.0,18145.0,38140.0,78.20971205307235,16138.0,15020.0,31158.0,63.89245433008989,18096.0,16696.0,34792.0,71.34431834689285,2729.0,2508.0,5237.0,10.738968589982694
RIZAL,0405800000,REGION 4A,Rizal,Province,1st,2020,8989.0,8519.0,17508.0,39.08820968498136,12681.0,11789.0,24470.0,54.63151079457926,9401.0,9383.0,18784.0,41.93699627157241,13358.0,12108.0,25466.0,56.85517179790583,12862.0,11808.0,24670.0,55.07802906833962,12396.0,11630.0,24026.0,53.64024022683128,13305.0,12083.0,25388.0,56.68102967113929,12860.0,11827.0,24687.0,55.11598312160925,12213.0,17913.0,30126.0,67.25904757652206,11546.0,10843.0,22389.0,49.98548815610279,0.0,0.0,0.0,0.0,13695.0,12489.0,26184.0,58.4581724007055,12739.0,11921.0,24660.0,55.0557031546516,11728.0,10854.0,22582.0,50.41637829028153,12067.0,11077.0,23144.0,51.67109463954812,10589.0,9804.0,20393.0,45.52923578397446,12067.0,11077.0,23144.0,51.67109463954812,10589.0,9804.0,20393.0,45.52923578397446
RIZAL,0405800000,REGION 4A,Rizal,Province,1st,2021,8600.0,8324.0,16924.0,37.75487440324812,11198.0,10600.0,21798.0,48.628028376388706,8345.0,7884.0,16229.0,36.204434926158925,12805.0,12108.0,24913.0,55.577120421184134,12700.0,11852.0,24552.0,54.77178423236515,13499.0,11831.0,25330.0,56.50738410743765,12869.0,11902.0,24771.0,55.26033998126088,12351.0,11664.0,24015.0,53.5738187658948,11936.0,11544.0,23480.0,52.38031499576139,11612.0,11023.0,22635.0,50.495248293401154,0.0,0.0,0.0,0.0,12723.0,11839.0,24562.0,54.79409271404988,13044.0,11539.0,24583.0,54.84094052558783,11858.0,11297.0,23155.0,51.655289341007446,11674.0,10752.0,22426.0,50.02900102619016,10449.0,9861.0,20310.0,45.30852630169991,11674.0,10752.0,22426.0,50.02900102619016,10449.0,9861.0,20310.0,45.30852630169991
RIZAL,0405800000,REGION 4A,Rizal,Province,1st,2022,11531.0,11115.0,22646.0,50.55136390017412,15496.0,14547.0,30043.0,67.06326175275682,11699.0,11171.0,22870.0,51.05138622259923,17948.0,16775.0,34723.0,77.51015670342426,17462.0,16369.0,33831.0,75.51899638376713,16836.0,15971.0,32807.0,73.23318005268092,18014.0,16905.0,34919.0,77.94767623554623,17659.0,16548.0,34207.0,76.35831956783785,16941.0,16150.0,33091.0,73.86713692575562,16566.0,15858.0,32424.0,72.37823117103443,10164.0,9663.0,19827.0,44.258672262154555,17669.0,17151.0,34820.0,77.72668422697441,17527.0,16889.0,34416.0,76.82485825260056,16784.0,16166.0,32950.0,73.5523907317291,15739.0,14800.0,30539.0,68.1704540381267,48473.0,13275.0,27177.0,56.066263693190024,12053.0,11402.0,23455.0,48.38776225940214,3835.0,3591.0,7426.0,18.36119078231629
RIZAL,0405800000,REGION 4A,Rizal,Province,1st,2023,15877.0,15239.0,31116.0,45.60123103978896,23020.0,21467.0,44487.0,65.19674653770059,19487.0,18342.0,37829.0,55.439290686597786,25529.0,23671.0,49200.0,72.10375906792702,24922.0,23684.0,48606.0,71.23323807430204,24427.0,23068.0,47495.0,69.60504140104052,25367.0,23630.0,48997.0,71.80625778559391,24773.0,23536.0,48309.0,70.79797757748956,24229.0,22910.0,47139.0,69.08331501428886,24073.0,22630.0,46703.0,68.44434674287389,19021.0,17837.0,36858.0,54.01626731149703,25603.0,23692.0,49295.0,72.24298380596468,24920.0,23457.0,48377.0,70.89763317945335,24200.0,22839.0,47039.0,68.93676265845974,22526.0,20700.0,43226.0,63.34872133069539,20765.0,19531.0,40296.0,54.42390027147121,16907.0,15979.0,32886.0,44.41593171351008,5043.0,4737.0,9780.0,15.329874445506842
RIZAL,0405800000,REGION 4A,Rizal,Province,1st,2024,16462.0,16155.0,32617.0,47.337561499499294,22037.0,20850.0,42887.0,62.2425728923269,19759.0,18828.0,38587.0,56.00191573661524,23898.0,22403.0,46301.0,67.19736441083842,23166.0,21955.0,45121.0,65.48481198206174,22218.0,21119.0,43337.0,62.895664920250205,24056.0,22730.0,46786.0,67.901252485378,23708.0,22431.0,46139.0,66.96225128078603,23259.0,22085.0,45344.0,65.80845536478817,21960.0,20546.0,42506.0,61.68962164201849,18611.0,17461.0,36072.0,52.35185695833273,22137.0,20518.0,42655.0,61.90586766904199,18521.0,17450.0,35971.0,52.20527408095439,18095.0,17287.0,35382.0,51.350449182183645,22952.0,21495.0,44447.0,64.50662525579438,74779.0,23155.0,48108.0,64.33356958504393,21619.0,20300.0,41919.0,56.057181829123145,3523.0,3134.0,6657.0,10.336796012484278
RIZAL,0405800000,REGION 4A,Rizal,Province,1st,2025,16414.0,15679.0,32093.0,46.09539950878302,22491.0,21021.0,43512.0,57.59059745347699,17606.0,16438.0,34044.0,45.05916298276729,25022.0,23340.0,48362.0,64.00984726156128,24660.0,23418.0,48078.0,63.633957169706434,24570.0,23325.0,47895.0,63.391746300659136,23927.0,22450.0,46377.0,61.382587288561815,23643.0,22688.0,46331.0,61.32170368213463,23825.0,22445.0,46270.0,61.240966725785526,23811.0,22474.0,46285.0,61.26082007570744,20626.0,19610.0,40236.0,53.25462583053181,25923.0,24407.0,50330.0,66.61460677131588,28368.0,26659.0,55027.0,72.83135241019669,27041.0,26005.0,53046.0,70.20938666384308,22976.0,21538.0,44514.0,58.91680122826058,23088.0,22226.0,45314.0,59.975646557429116,20592.0,20074.0,40666.0,54.38157771566884,2896.0,2711.0,5607.0,17.06329884357882
CITY OF LUCENA,0431200000,REGION 4A,Quezon,City,1st,2018,1422.0,1449.0,2871.0,100.0,1835.0,1765.0,3600.0,48.27594530335397,1749.0,1694.0,3443.0,46.17057768873548,2787.0,2623.0,5410.0,72.54801780309583,2681.0,2533.0,5214.0,69.91966078102433,2573.0,2433.0,5006.0,67.130383941275,2634.0,2475.0,5109.0,68.51161237634318,2544.0,2417.0,4961.0,66.52693462498307,2437.0,2278.0,4715.0,63.22807836258721,0.0,0.0,0.0,0.0,0.0,0.0,0.0,0.0,0.0,0.0,0.0,0.0,0.0,0.0,0.0,0.0,0.0,0.0,0.0,0.0,2451.0,2123.0,4574.0,61.33727050487252,1967.0,1783.0,3750.0,50.28744302432705,2178.0,2018.0,4196.0,56.268296248020356,614.0,521.0,1135.0,15.220332755362989
CITY OF LUCENA,0431200000,REGION 4A,Quezon,City,1st,2019,1222.0,1149.0,2371.0,41.46319630240779,1795.0,1695.0,3490.0,61.031866341376286,1787.0,1680.0,3467.0,60.629650603309905,2817.0,2544.0,5361.0,93.75124225103674,2729.0,2595.0,5324.0,93.10419954197344,2641.0,2537.0,5178.0,90.55100398729122,2748.0,2534.0,5282.0,92.36971862898267,2679.0,2577.0,5256.0,91.91503996855981,2630.0,2538.0,5168.0,90.37612757943629,2272.0,2183.0,4455.0,77.9074396993786,0.0,0.0,0.0,0.0,1073.0,933.0,2006.0,35.08020741570224,772.0,733.0,1505.0,26.318899382169427,521.0,484.0,1005.0,17.57507898942211,2351.0,2258.0,4609.0,80.60053638034478,1360.0,1321.0,2681.0,46.88436494591112,2079.0,2079.0,4158.0,72.7136103860867,546.0,549.0,1095.0,19.148966660116624
CITY OF LUCENA,0431200000,REGION 4A,Quezon,City,1st,2020,1109.0,1081.0,2190.0,38.61071932299013,1441.0,1268.0,2709.0,47.76093088857546,1381.0,1216.0,2597.0,45.786318758815234,2538.0,2274.0,4812.0,84.83779971791256,2368.0,2160.0,4528.0,79.83074753173483,2338.0,2144.0,4482.0,79.0197461212976,2543.0,2278.0,4821.0,84.99647390691113,2409.0,2146.0,4555.0,80.30677009873061,2267.0,3488.0,5755.0,101.46332863187588,2195.0,1931.0,4126.0,72.74330042313117,0.0,0.0,0.0,0.0,2293.0,2056.0,4349.0,76.67489421720734,2073.0,1799.0,3872.0,68.26516220028209,1779.0,1697.0,3476.0,61.28349788434415,2393.0,2161.0,4554.0,80.28913963328633,2457.0,2413.0,4870.0,85.86036671368124,2393.0,2161.0,4554.0,80.28913963328633,2457.0,2413.0,4870.0,85.86036671368124
CITY OF LUCENA,0431200000,REGION 4A,Quezon,City,1st,2021,1100.0,1058.0,2158.0,37.833099579242635,1234.0,1173.0,2407.0,42.1984572230014,1184.0,1134.0,2318.0,40.63814866760168,2145.0,1966.0,4111.0,72.07223001402524,2020.0,1934.0,3954.0,69.31977559607293,1972.0,1905.0,3877.0,67.96984572230014,2071.0,1883.0,3954.0,69.31977559607293,1943.0,1854.0,3797.0,66.56732117812062,1902.0,1853.0,3755.0,65.83099579242638,1992.0,1939.0,3931.0,68.91654978962131,0.0,0.0,0.0,0.0,1837.0,1729.0,3566.0,62.51753155680224,1622.0,1681.0,3303.0,57.90673211781206,1547.0,1482.0,3029.0,53.1030855539972,1963.0,1912.0,3875.0,67.93478260869566,1931.0,1844.0,3775.0,66.18162692847125,1963.0,1912.0,3875.0,67.93478260869566,1931.0,1844.0,3775.0,66.18162692847125
CITY OF LUCENA,0431200000,REGION 4A,Quezon,City,1st,2022,1314.0,1405.0,2719.0,47.38584872777972,1708.0,1711.0,3419.0,59.58522133147438,1626.0,1673.0,3299.0,57.493900313698155,2518.0,2359.0,4877.0,84.99477169745556,2531.0,2380.0,4911.0,85.58731265249216,2466.0,2280.0,4746.0,82.71174625304984,2515.0,2344.0,4859.0,84.68107354478911,2544.0,2353.0,4897.0,85.34332520041826,2623.0,2271.0,4894.0,85.29104217497387,2564.0,2331.0,4895.0,85.308469850122,1681.0,1609.0,3290.0,57.33705123736493,2525.0,2497.0,5022.0,87.52178459393517,2535.0,2328.0,4863.0,84.75078424538167,2306.0,2168.0,4474.0,77.97141861275706,2330.0,2159.0,4489.0,78.23283373997909,6223.0,2174.0,4287.0,68.88960308532862,1705.0,1780.0,3485.0,56.00192833038727,732.0,679.0,1411.0,26.368903008783406
CITY OF LUCENA,0431200000,REGION 4A,Quezon,City,1st,2023,1478.0,1449.0,2927.0,47.232531870259805,1533.0,1493.0,3026.0,48.83007907051799,1519.0,1483.0,3002.0,48.44279490075843,2293.0,2188.0,4481.0,72.30918186219138,2246.0,2181.0,4427.0,71.43779248023237,2246.0,2222.0,4468.0,72.09940293690495,2318.0,2140.0,4458.0,71.93803453283847,2258.0,2184.0,4442.0,71.6798450863321,2241.0,2185.0,4426.0,71.42165563982572,2232.0,2176.0,4408.0,71.13119251250605,1579.0,1552.0,3131.0,50.52444731321607,2338.0,2124.0,4462.0,72.00258189446507,2273.0,2198.0,4471.0,72.1478134581249,2174.0,2118.0,4292.0,69.25931902533485,2154.0,2066.0,4220.0,68.09746651605616,2287.0,2152.0,4439.0,66.20432513049963,1903.0,1770.0,3673.0,54.780014914243104,527.0,479.0,1006.0,18.270977115873592
CITY OF LUCENA,0431200000,REGION 4A,Quezon,City,1st,2024,1431.0,1448.0,2879.0,46.041899888053734,1435.0,1450.0,2885.0,46.137853830161525,1433.0,1446.0,2879.0,46.041899888053734,2028.0,1902.0,3930.0,62.84983208060131,1872.0,1781.0,3653.0,58.41995841995842,1609.0,1521.0,3130.0,50.05597313289621,2235.0,2084.0,4319.0,69.07084599392292,2185.0,2007.0,4192.0,67.03982088597473,2088.0,1954.0,4042.0,64.64097233328002,1986.0,1873.0,3859.0,61.71437709899248,1719.0,1649.0,3368.0,53.862146169838475,2094.0,1929.0,4023.0,64.33711818327203,1858.0,1743.0,3601.0,57.58835758835759,1827.0,1638.0,3465.0,55.413401567247725,2062.0,1994.0,4056.0,64.86486486486487,6759.0,2579.0,5170.0,76.49060511910047,2484.0,2407.0,4891.0,72.36277555851457,321.0,358.0,679.0,12.210034166516813
CITY OF LUCENA,0431200000,REGION 4A,Quezon,City,1st,2025,1433.0,1379.0,2812.0,44.550063371356146,1441.0,1377.0,2818.0,41.301480287263665,1433.0,1378.0,2811.0,41.19888612047487,2199.0,2056.0,4255.0,62.362597098050706,2267.0,2085.0,4352.0,63.78425912355269,2334.0,2227.0,4561.0,66.84742781767551,1882.0,1721.0,3603.0,52.80668327715081,1844.0,1716.0,3560.0,52.176461966876744,1787.0,1744.0,3531.0,51.75142899018027,2009.0,1918.0,3927.0,57.555327568518244,1612.0,1488.0,3100.0,45.434559577898284,2187.0,2006.0,4193.0,61.45390590649274,2310.0,2155.0,4465.0,65.44042210171479,2129.0,2064.0,4193.0,61.45390590649274,2089.0,1944.0,4033.0,59.10889637989154,2489.0,2421.0,4910.0,71.96247984757437,2400.0,2333.0,4733.0,70.02515164965232,169.0,153.0,322.0,17.237687366167023
REGION 5,0500000000,REGION 5,,Region,,2018,41092.0,38812.0,79904.0,68.73935410608902,46386.0,43345.0,89731.0,55.232985098567674,38099.0,36574.0,74673.0,45.964189591839435,57293.0,52834.0,110127.0,67.78753106451462,56525.0,53134.0,109659.0,67.4994585251901,54099.0,52448.0,106547.0,65.58389924660474,56205.0,52132.0,108337.0,66.68571515555969,56845.0,54821.0,111666.0,68.7348465303703,58036.0,54302.0,112338.0,69.14848915093887,0.0,0.0,0.0,0.0,0.0,0.0,0.0,0.0,55910.0,52202.0,108112.0,66.54721874242288,54360.0,50710.0,105070.0,64.67474723681342,50845.0,48385.0,99230.0,61.07999589139618,54263.0,51601.0,105864.0,65.16348569028281,49124.0,44297.0,93421.0,57.504326274011106,53229.0,51624.0,104853.0,64.54117514058815,9789.0,8689.0,18478.0,11.373940986407522
REGION 5,0500000000,REGION 5,,Region,,2019,29114.0,32545.0,61659.0,45.336392277366464,25539.0,24883.0,50422.0,37.074094153479166,26340.0,26235.0,52575.0,38.65714370947536,40292.0,37687.0,77979.0,57.336099083617306,39934.0,37551.0,77485.0,56.972872664359464,38543.0,36665.0,75208.0,55.298648865472636,40568.0,38164.0,78732.0,57.88976202633218,40678.0,37760.0,78438.0,57.67359083754311,40014.0,37835.0,77849.0,57.24051318381262,39461.0,37189.0,76650.0,56.35891707715239,0.0,0.0,0.0,0.0,42547.0,38898.0,81445.0,59.884566227640924,40652.0,38497.0,79149.0,58.19637218185956,36591.0,34484.0,71075.0,52.2597525278357,34433.0,32191.0,66624.0,48.987038373753435,33921.0,32001.0,65922.0,48.47087451480809,26607.0,24982.0,51589.0,37.93216142326438,5051.0,5078.0,10129.0,7.447612147090366
REGION 5,0500000000,REGION 5,,Region,,2020,32521.0,32050.0,64571.0,47.43821446413353,43221.0,40870.0,84091.0,61.778923859061386,34348.0,32991.0,67339.0,49.47177407505363,53195.0,49188.0,102383.0,75.2174615768903,52103.0,49693.0,101796.0,74.78621176055718,52243.0,48518.0,100761.0,74.02583090893063,53441.0,50987.0,104428.0,76.71985659290605,53226.0,49628.0,102854.0,75.5634899644421,53013.0,49724.0,102737.0,75.47753386817126,50975.0,48530.0,99505.0,73.10308854212583,0.0,0.0,0.0,0.0,54663.0,50037.0,104700.0,76.91968615004848,53241.0,50974.0,104215.0,76.56337241764378,51636.0,49420.0,101056.0,74.24255781833142,55282.0,52165.0,107447.0,78.93781774368921,51992.0,48968.0,100960.0,74.17202973933998,55282.0,52165.0,107447.0,78.93781774368921,51992.0,48968.0,100960.0,74.17202973933998
REGION 5,0500000000,REGION 5,,Region,,2021,29052.0,28697.0,57749.0,42.045140152894064,32687.0,31271.0,63958.0,46.565708045140155,26522.0,25876.0,52398.0,38.149253731343286,44479.0,41559.0,86038.0,62.64142701128503,45047.0,41534.0,86581.0,63.0367673825992,43582.0,40955.0,84537.0,61.548598471059336,43298.0,40559.0,83857.0,61.05351292318893,42937.0,40536.0,83473.0,60.77393520203859,41349.0,40514.0,81863.0,59.60174736075719,40735.0,38334.0,79069.0,57.567528212595555,0.0,0.0,0.0,0.0,43539.0,40549.0,84088.0,61.22169639606844,43218.0,40442.0,83660.0,60.91008372770295,41454.0,39222.0,80676.0,58.737531852930466,44495.0,41115.0,85610.0,62.329814342919555,44713.0,42002.0,86715.0,63.13432835820896,44495.0,41115.0,85610.0,62.329814342919555,44713.0,42002.0,86715.0,63.13432835820896
REGION 5,0500000000,REGION 5,,Region,,2022,32007.0,29196.0,61203.0,44.20361556295456,38695.0,35995.0,74690.0,53.94454596011759,32767.0,30234.0,63001.0,45.502213683670746,50214.0,46780.0,96994.0,70.05351842088157,48368.0,44740.0,93108.0,67.24687086965628,46202.0,43738.0,89940.0,64.95879587164247,50521.0,46757.0,97278.0,70.25863625529948,50350.0,47294.0,97644.0,70.52297825317608,49482.0,46811.0,96293.0,69.54722404789935,48295.0,45417.0,93712.0,67.68310739074225,26233.0,24951.0,51184.0,36.96743393255667,49363.0,45887.0,95250.0,68.79392157854063,48053.0,45581.0,93634.0,67.62677221086692,45181.0,42759.0,87940.0,63.51430407996707,45214.0,41730.0,86944.0,62.79494716771272,150220.0,38585.0,81448.0,54.21914525362801,36523.0,34430.0,70953.0,47.232725336173615,8036.0,7254.0,15290.0,11.791561591436658
REGION 5,0500000000,REGION 5,,Region,,2023,30109.0,29129.0,59238.0,43.724534986713905,39550.0,37845.0,77395.0,57.12651313847063,34330.0,32887.0,67217.0,49.61396516090936,51431.0,48347.0,99778.0,73.64777088869205,51282.0,48065.0,99347.0,73.32964275169766,50638.0,47299.0,97937.0,72.28889873043993,48165.0,45088.0,93253.0,68.83156185414822,43042.0,40426.0,83468.0,61.60909359315028,38568.0,35949.0,74517.0,55.002214348981404,47874.0,44143.0,92017.0,67.91925007381164,35864.0,33643.0,69507.0,51.30425155004429,50962.0,48679.0,99641.0,73.54664895187481,51687.0,48473.0,100160.0,73.92973132565692,48717.0,46228.0,94945.0,70.0804546796575,48477.0,43631.0,92108.0,67.98641865958075,45478.0,41943.0,87421.0,59.30506278449755,39246.0,36450.0,75696.0,51.35100299167622,7340.0,6602.0,13942.0,10.92299375582698
REGION 5,0500000000,REGION 5,,Region,,2024,29583.0,28580.0,58163.0,42.57563446574581,34496.0,32838.0,67334.0,49.28885668064797,30246.0,29417.0,59663.0,43.67364267884724,40648.0,38055.0,78703.0,57.61102693048144,33209.0,31449.0,64658.0,47.33001002847501,24870.0,23653.0,48523.0,35.51910168288059,47047.0,44089.0,91136.0,66.71205100614152,52711.0,49028.0,101739.0,74.47350506181786,55409.0,51921.0,107330.0,78.5661476747846,46709.0,43845.0,90554.0,66.28602381945818,34469.0,32716.0,67185.0,49.17978786481323,33812.0,31500.0,65312.0,47.80874160938724,24963.0,23620.0,48583.0,35.56302201140464,24582.0,23645.0,48227.0,35.30242806216191,45995.0,43178.0,89173.0,65.27512425792945,148559.0,42496.0,87441.0,58.8594430495628,36516.0,34554.0,71070.0,47.83957888784927,7400.0,6917.0,14317.0,11.116632631668853
REGION 5,0500000000,REGION 5,,Region,,2025,29842.0,29267.0,59109.0,42.7344433439129,41974.0,40250.0,82224.0,54.67166679964892,35985.0,34427.0,70412.0,46.8177345142158,49834.0,47254.0,97088.0,64.55490837522274,55559.0,51994.0,107553.0,71.51320513843453,61604.0,58513.0,120117.0,79.86715072209367,32691.0,30856.0,63547.0,42.2531184340009,33553.0,31918.0,65471.0,43.53240777680257,34945.0,33441.0,68386.0,45.47062421872922,44608.0,41959.0,86567.0,57.559376579164336,42192.0,40053.0,82245.0,54.68562993696641,56968.0,53126.0,110094.0,73.20274475384984,61887.0,58668.0,120555.0,80.1583818718583,57612.0,55173.0,112785.0,74.99202106439002,47117.0,43909.0,91026.0,60.52421606957632,46102.0,42684.0,88786.0,59.03481475571159,43247.0,40859.0,84106.0,56.61454371663783,7187.0,6558.0,13745.0,17.738001522796782
ALBAY,0500500000,REGION 5,Albay,Province,1st,2018,6360.0,5826.0,12186.0,42.67553843459989,5145.0,4832.0,9977.0,31.895656669614546,4429.0,4137.0,8566.0,27.384804553665248,9850.0,9041.0,18891.0,60.392988889013566,9784.0,8957.0,18741.0,59.913451102059355,9306.0,8725.0,18031.0,57.64363891047608,9636.0,8980.0,18616.0,59.51383627959751,10141.0,11199.0,21340.0,68.22224249068603,10312.0,9467.0,19779.0,63.23185258778251,0.0,0.0,0.0,0.0,0.0,0.0,0.0,0.0,8686.0,8043.0,16729.0,53.48125091971352,8143.0,7756.0,15899.0,50.827808498566874,7440.0,7064.0,14504.0,46.36810707989269,9457.0,8758.0,18215.0,58.23187192913992,8682.0,7986.0,16668.0,53.28623888635213,9305.0,8581.0,17886.0,57.18008571642035,2370.0,2152.0,4522.0,14.456465817379671
ALBAY,0500500000,REGION 5,Albay,Province,1st,2019,7414.0,7477.0,14891.0,62.61259065541702,5707.0,5566.0,11273.0,47.399888151132636,5559.0,5683.0,11242.0,47.269541612262316,10972.0,10309.0,21281.0,89.48079657094418,11021.0,10394.0,21415.0,90.04422999702878,10822.0,10148.0,20970.0,88.17312645518065,10916.0,10141.0,21057.0,88.5389377094296,11140.0,10255.0,21395.0,89.96013545582213,11198.0,10493.0,21691.0,91.20473466568065,11079.0,10369.0,21448.0,90.18298599001977,0.0,0.0,0.0,0.0,10920.0,10089.0,21009.0,88.33711081053363,10617.0,10053.0,20670.0,86.91170833708078,9356.0,8900.0,18256.0,76.7614972134372,10013.0,9421.0,19434.0,81.71466569050934,9856.0,9511.0,19367.0,81.43294897746702,7032.0,6652.0,13684.0,57.53748509359523,2056.0,1979.0,4035.0,16.9660736884432
ALBAY,0500500000,REGION 5,Albay,Province,1st,2020,6193.0,6076.0,12269.0,51.68723933100223,6322.0,6154.0,12476.0,52.559295614441595,5468.0,5345.0,10813.0,45.55335552091671,9330.0,8569.0,17899.0,75.40548510763786,9471.0,8830.0,18301.0,77.09904368707082,9312.0,8735.0,18047.0,76.02898428613557,9380.0,9920.0,19300.0,81.30766314193032,9351.0,8825.0,18176.0,76.57243965117748,9517.0,8871.0,18388.0,77.46556009605257,9277.0,8699.0,17976.0,75.72987319374815,0.0,0.0,0.0,0.0,9904.0,9072.0,18976.0,79.9427054808948,9828.0,9437.0,19265.0,81.16021401188019,9647.0,9065.0,18712.0,78.83051775708809,10315.0,9677.0,19992.0,84.2229430846358,10277.0,9761.0,20038.0,84.41673336984454,10315.0,9677.0,19992.0,84.2229430846358,10277.0,9761.0,20038.0,84.41673336984454
ALBAY,0500500000,REGION 5,Albay,Province,1st,2021,5303.0,5158.0,10461.0,43.76438104003682,4805.0,4620.0,9425.0,39.43019704639585,4166.0,4066.0,8232.0,34.43919173325524,7765.0,7292.0,15057.0,62.9920930427143,8033.0,7334.0,15367.0,64.28900138057985,7606.0,7250.0,14856.0,62.15119441074343,7685.0,7186.0,14871.0,62.21394803999498,7935.0,7368.0,15303.0,64.02125256243986,7652.0,7303.0,14955.0,62.56536836380371,7594.0,7203.0,14797.0,61.90436346902063,0.0,0.0,0.0,0.0,7778.0,7314.0,15092.0,63.13851817763461,8016.0,7424.0,15440.0,64.59440237627076,7462.0,7163.0,14625.0,61.184788520269414,7906.0,7332.0,15238.0,63.74932016901644,8442.0,7987.0,16429.0,68.73195833159018,7906.0,7332.0,15238.0,63.74932016901644,8442.0,7987.0,16429.0,68.73195833159018
ALBAY,0500500000,REGION 5,Albay,Province,1st,2022,5684.0,5162.0,10846.0,45.03965782151904,5618.0,5161.0,10779.0,44.761430173165564,5302.0,4822.0,10124.0,42.04144346165026,8646.0,8015.0,16661.0,69.18732610771978,8610.0,8093.0,16703.0,69.36173746937419,8459.0,8065.0,16524.0,68.61841285660894,8661.0,7919.0,16580.0,68.85096133881483,8752.0,8201.0,16953.0,70.39990033636478,8601.0,8098.0,16699.0,69.34512686350234,8877.0,8385.0,17262.0,71.68306963996511,6167.0,6052.0,12219.0,50.74124828703127,8605.0,7899.0,16504.0,68.53535982724969,8621.0,8106.0,16727.0,69.46140110460529,8301.0,7826.0,16127.0,66.96981022382792,8150.0,7615.0,15765.0,65.46655039242556,26117.0,6076.0,14077.0,53.89975877780756,6855.0,6545.0,13400.0,51.30757743998162,1406.0,1294.0,2700.0,11.916320946244152
ALBAY,0500500000,REGION 5,Albay,Province,1st,2023,6816.0,6584.0,13400.0,48.8338192419825,6600.0,6423.0,13023.0,47.45991253644315,6261.0,6199.0,12460.0,45.40816326530612,9970.0,9478.0,19448.0,70.87463556851313,9956.0,9485.0,19441.0,70.84912536443149,9948.0,9455.0,19403.0,70.7106413994169,9521.0,9090.0,18611.0,67.82434402332362,9216.0,8793.0,18009.0,65.63046647230321,8661.0,8200.0,16861.0,61.446793002915456,9773.0,8907.0,18680.0,68.07580174927114,6905.0,6436.0,13341.0,48.61880466472303,9894.0,9418.0,19312.0,70.37900874635568,9917.0,9248.0,19165.0,69.8432944606414,9700.0,9392.0,19092.0,69.57725947521865,9712.0,8912.0,18624.0,67.87172011661808,10007.0,9316.0,19323.0,64.57142857142857,9024.0,8519.0,17543.0,58.62322472848789,1148.0,1091.0,2239.0,8.453841797243724
ALBAY,0500500000,REGION 5,Albay,Province,1st,2024,7429.0,7130.0,14559.0,52.626061810952464,8708.0,8321.0,17029.0,61.55431050063257,8574.0,8093.0,16667.0,60.24579793963491,8394.0,7999.0,16393.0,59.25537682992952,7310.0,6843.0,14153.0,51.1585035243087,6076.0,5871.0,11947.0,43.18452918850533,9435.0,8894.0,18329.0,66.25338875835894,10131.0,9607.0,19738.0,71.34646665461774,10589.0,10233.0,20822.0,75.26477498644498,9590.0,8798.0,18388.0,66.46665461774805,6532.0,6484.0,13016.0,47.048617386589555,7124.0,6029.0,13153.0,47.54382794144226,3560.0,3489.0,7049.0,25.47984818362552,3927.0,3984.0,7911.0,28.59569853605639,9552.0,8890.0,18442.0,66.66184709922285,30159.0,9742.0,19990.0,66.28203852912895,8773.0,8437.0,17210.0,57.06422626744918,1323.0,1230.0,2553.0,9.546423363123061
ALBAY,0500500000,REGION 5,Albay,Province,1st,2025,7231.0,7069.0,14300.0,51.069604656976544,8313.0,7971.0,16284.0,53.362170664569405,7469.0,7177.0,14646.0,47.99449469130948,10279.0,9759.0,20038.0,65.6639140123214,11567.0,10613.0,22180.0,72.68318259273823,12942.0,12356.0,25298.0,82.90077336479223,7336.0,6818.0,14154.0,46.38222571765631,7523.0,7055.0,14578.0,47.77166076812164,8014.0,7674.0,15688.0,51.409096867217194,9014.0,8574.0,17588.0,57.63533883864203,8832.0,8261.0,17093.0,56.01323895661292,11802.0,10697.0,22499.0,73.72853585004587,13204.0,12352.0,25556.0,83.74623148512256,12111.0,11552.0,23663.0,77.54292829990824,10005.0,9276.0,19281.0,63.18324813212741,10995.0,10225.0,21220.0,69.53729191243939,10397.0,9757.0,20154.0,66.82582313737193,1127.0,1077.0,2204.0,17.020619352845777
CAMARINES NORTE,0501600000,REGION 5,Camarines Norte,Province,1st,2018,3805.0,3479.0,7284.0,77.92041078305519,5162.0,4853.0,10015.0,61.108362302602146,4782.0,4510.0,9292.0,56.696844984101766,6083.0,5620.0,11703.0,71.4080043961411,5979.0,5563.0,11542.0,70.42563331968388,5672.0,5325.0,10997.0,67.10021570062065,6252.0,5782.0,12034.0,73.42766170239783,6754.0,6277.0,13031.0,79.51104035598688,7115.0,6625.0,13740.0,83.83713410262142,0.0,0.0,0.0,0.0,0.0,0.0,0.0,0.0,6242.0,5794.0,12036.0,73.43986506980724,6240.0,5905.0,12145.0,74.10494859361988,5963.0,5583.0,11546.0,70.45004005450268,6170.0,5681.0,11851.0,72.31105358443716,5182.0,4769.0,9951.0,60.71785454550115,5748.0,7128.0,12876.0,78.56527938175789,985.0,910.0,1895.0,11.56269062041249
CAMARINES NORTE,0501600000,REGION 5,Camarines Norte,Province,1st,2019,2885.0,2924.0,5809.0,39.701341839501474,2839.0,2830.0,5669.0,38.744518314362864,2966.0,2711.0,5677.0,38.799193944370785,3485.0,3109.0,6594.0,45.066388034028705,3473.0,3050.0,6523.0,44.58114181770841,3243.0,2953.0,6196.0,42.346275441134644,4000.0,3577.0,7577.0,51.784656071251966,3899.0,3549.0,7448.0,50.90301153737424,3850.0,3543.0,7393.0,50.5271165810698,3952.0,3484.0,7436.0,50.820998092362366,0.0,0.0,0.0,0.0,4059.0,3581.0,7640.0,52.21522665756435,3838.0,3469.0,7307.0,49.93935355848465,3657.0,2958.0,6615.0,45.2099115627995,2266.0,2102.0,4368.0,29.852893984324748,2231.0,2033.0,4264.0,29.142110794221775,2381.0,2229.0,4610.0,31.50683179206435,338.0,290.0,628.0,4.292036955621781
CAMARINES NORTE,0501600000,REGION 5,Camarines Norte,Province,1st,2020,4174.0,4225.0,8399.0,58.804172792830634,4606.0,4592.0,9198.0,64.39823566477631,4428.0,4312.0,8740.0,61.191626409017715,5814.0,5498.0,11312.0,79.19904781908562,5543.0,5080.0,10623.0,74.37513127494225,5585.0,5270.0,10855.0,75.99943989357978,5702.0,5329.0,11031.0,77.23167401806343,5557.0,5353.0,10910.0,76.38451305748092,5632.0,5350.0,10982.0,76.88860883567878,5509.0,5291.0,10800.0,75.61436672967864,0.0,0.0,0.0,0.0,5846.0,5508.0,11354.0,79.49310368970104,5751.0,5369.0,11120.0,77.854792410558,5433.0,5181.0,10614.0,74.31211930266751,6159.0,5513.0,11672.0,81.71952671007492,5855.0,5380.0,11235.0,78.65994538962403,6159.0,5513.0,11672.0,81.71952671007492,5855.0,5380.0,11235.0,78.65994538962403
CAMARINES NORTE,0501600000,REGION 5,Camarines Norte,Province,1st,2021,3381.0,3411.0,6792.0,47.36401673640167,4275.0,3954.0,8229.0,57.38493723849373,4097.0,3769.0,7866.0,54.85355648535565,5003.0,4531.0,9534.0,66.48535564853556,4813.0,4458.0,9271.0,64.65132496513249,4645.0,4319.0,8964.0,62.51046025104603,4955.0,4926.0,9881.0,68.90516039051604,4856.0,4894.0,9750.0,67.99163179916317,5237.0,5344.0,10581.0,73.78661087866108,3997.0,3840.0,7837.0,54.651324965132495,0.0,0.0,0.0,0.0,4461.0,4139.0,8600.0,59.9721059972106,4233.0,3861.0,8094.0,56.44351464435147,3891.0,3776.0,7667.0,53.46582984658298,4813.0,4413.0,9226.0,64.33751743375174,4859.0,4520.0,9379.0,65.4044630404463,4813.0,4413.0,9226.0,64.33751743375174,4859.0,4520.0,9379.0,65.4044630404463
CAMARINES NORTE,0501600000,REGION 5,Camarines Norte,Province,1st,2022,2728.0,2861.0,5589.0,38.85567296996663,3156.0,3101.0,6257.0,43.499721913236925,2811.0,2658.0,5469.0,38.02141268075639,5503.0,5203.0,10706.0,74.42992213570633,5419.0,5159.0,10578.0,73.54004449388209,5312.0,5070.0,10382.0,72.17741935483872,5612.0,5363.0,10975.0,76.30005561735261,5710.0,5488.0,11198.0,77.8503893214683,5598.0,5330.0,10928.0,75.97330367074527,5603.0,5325.0,10928.0,75.97330367074527,2267.0,2034.0,4301.0,29.90127919911012,5495.0,5065.0,10560.0,73.41490545050056,5500.0,5109.0,10609.0,73.7555617352614,5286.0,4972.0,10258.0,71.31535038932147,4923.0,4561.0,9484.0,65.93437152391546,15550.0,4434.0,9169.0,58.964630225080384,4138.0,3817.0,7955.0,51.157556270096464,789.0,809.0,1598.0,12.427093864219612
CAMARINES NORTE,0501600000,REGION 5,Camarines Norte,Province,1st,2023,3154.0,3224.0,6378.0,43.40251786321878,6275.0,6007.0,12282.0,83.57944879210616,5933.0,5727.0,11660.0,79.346716570262,5728.0,5301.0,11029.0,75.05273902687989,5750.0,5229.0,10979.0,74.712487240558,5524.0,5123.0,10647.0,72.45321537938074,5355.0,4875.0,10230.0,69.61551548145628,4921.0,4533.0,9454.0,64.33480775774073,4209.0,3869.0,8078.0,54.971078598162634,5242.0,4720.0,9962.0,67.791765906771,3365.0,3252.0,6617.0,45.02892140183736,5604.0,5149.0,10753.0,73.17454916638312,5793.0,5281.0,11074.0,75.35896563456959,5462.0,5147.0,10609.0,72.19462402177611,5171.0,4687.0,9858.0,67.0840421912215,4734.0,4283.0,9017.0,56.547096450520506,3920.0,3675.0,7595.0,47.629499561018434,999.0,808.0,1807.0,13.363407779914214
CAMARINES NORTE,0501600000,REGION 5,Camarines Norte,Province,1st,2024,3103.0,3175.0,6278.0,42.151201826238754,3835.0,3657.0,7492.0,50.30213508795488,2503.0,2490.0,4993.0,33.523566536860486,3620.0,3469.0,7089.0,47.59634752249228,3011.0,2805.0,5816.0,39.04928158990197,2054.0,1975.0,4029.0,27.051161541560358,4688.0,4315.0,9003.0,60.44715993017322,5161.0,4859.0,10020.0,67.27541291795353,5465.0,5122.0,10587.0,71.08231502618504,4660.0,4512.0,9172.0,61.581845038270444,3613.0,3355.0,6968.0,46.78393984154693,4014.0,3885.0,7899.0,53.034779105680144,3048.0,2999.0,6047.0,40.600241708070364,3067.0,2873.0,5940.0,39.88183161004431,4633.0,4384.0,9017.0,60.54115751309253,16163.0,4064.0,8460.0,52.34176823609479,3167.0,2925.0,6092.0,37.69102270618078,953.0,907.0,1860.0,13.555863275271482
CAMARINES NORTE,0501600000,REGION 5,Camarines Norte,Province,1st,2025,2965.0,3056.0,6021.0,39.84514592019059,4832.0,4880.0,9712.0,59.20868133877949,4394.0,4390.0,8784.0,53.55117966225691,5284.0,5176.0,10460.0,63.76882277632141,6008.0,5733.0,11741.0,71.57836981040053,6782.0,6496.0,13278.0,80.94860696214107,2494.0,2564.0,5058.0,30.835822715356947,2702.0,2701.0,5403.0,32.93909650673657,2713.0,2596.0,5309.0,32.36603060415778,4661.0,4316.0,8977.0,54.72779369627507,4469.0,4265.0,8734.0,53.246357373651165,5751.0,5580.0,11331.0,69.07882704383344,6653.0,6321.0,12974.0,79.09528744741814,6034.0,5871.0,11905.0,72.57818691702738,4953.0,4554.0,9507.0,57.95890995549594,4607.0,4379.0,8986.0,54.7826617082241,4118.0,4115.0,8233.0,50.93732599146198,977.0,910.0,1887.0,18.736967530533214
CAMARINES SUR,0501700000,REGION 5,Camarines Sur,Province,1st,2018,10955.0,10102.0,21057.0,116.60759774061358,12372.0,11458.0,23830.0,51.645827694391336,10162.0,9372.0,19534.0,42.33527478733698,15621.0,14075.0,29696.0,64.35898024392131,15370.0,14085.0,29455.0,63.83667036249672,14814.0,13666.0,28480.0,61.72359096669177,14908.0,13529.0,28437.0,61.630398747184486,14699.0,13504.0,28203.0,61.1232596921913,14822.0,13670.0,28492.0,61.749598097717076,0.0,0.0,0.0,0.0,0.0,0.0,0.0,0.0,15444.0,14300.0,29744.0,64.46300876802248,15003.0,13825.0,28828.0,62.47779776642523,14077.0,13340.0,27417.0,59.419792610034705,14657.0,13679.0,28336.0,61.41150539438828,11820.0,10656.0,22476.0,48.71135641037094,13927.0,13010.0,26937.0,58.37950736902305,2881.0,2700.0,5581.0,12.095483187679312
CAMARINES SUR,0501700000,REGION 5,Camarines Sur,Province,1st,2019,734.0,816.0,1550.0,3.994702166940954,771.0,798.0,1569.0,4.0436694838260365,549.0,999.0,1548.0,3.9895477125319982,1696.0,1440.0,3136.0,8.082184513243117,1492.0,1528.0,3020.0,7.783226157523665,1374.0,1512.0,2886.0,7.437877712123608,1672.0,1903.0,3575.0,9.213587256008974,1843.0,1755.0,3598.0,9.272863481711969,1584.0,1658.0,3242.0,8.35537059691779,1455.0,1566.0,3021.0,7.785803384728143,0.0,0.0,0.0,0.0,2431.0,1604.0,4035.0,10.39911177006887,1507.0,1577.0,3084.0,7.94816869861026,1313.0,1310.0,2623.0,6.760066957345885,1433.0,1296.0,2729.0,7.033253041020557,1341.0,1222.0,2563.0,6.605433325077204,860.0,837.0,1697.0,4.373554565999225,361.0,340.0,701.0,1.8066362703391026
CAMARINES SUR,0501700000,REGION 5,Camarines Sur,Province,1st,2020,5839.0,5647.0,11486.0,29.60614496339829,11599.0,10551.0,22150.0,57.09351479533973,7935.0,7280.0,15215.0,39.21796061449634,15471.0,14110.0,29581.0,76.24755129394784,14935.0,13848.0,28783.0,74.19063821012476,14421.0,13266.0,27687.0,71.36560470151562,15539.0,14148.0,29687.0,76.52077533766366,15182.0,14083.0,29265.0,75.43303433343644,15039.0,13752.0,28791.0,74.21125889266935,14432.0,13260.0,27692.0,71.37849262810599,0.0,0.0,0.0,0.0,15680.0,14303.0,29983.0,77.28374059181358,15167.0,13945.0,29112.0,75.03866377977111,14274.0,13263.0,27537.0,70.97896690380452,16188.0,14707.0,30895.0,79.6344984018971,14181.0,13301.0,27482.0,70.83719971131043,16188.0,14707.0,30895.0,79.6344984018971,14181.0,13301.0,27482.0,70.83719971131043
CAMARINES SUR,0501700000,REGION 5,Camarines Sur,Province,1st,2021,5175.0,5090.0,10265.0,26.21899823759291,7501.0,7300.0,14801.0,37.80490919772164,5205.0,5017.0,10222.0,26.109167071083757,12818.0,11940.0,24758.0,63.23720977752804,12824.0,11910.0,24734.0,63.17590866133688,12382.0,11717.0,24099.0,61.55398329544583,12526.0,11539.0,24065.0,61.46714004750836,12260.0,11457.0,23717.0,60.57827386273659,11495.0,10950.0,22445.0,57.32931470460525,11688.0,11024.0,22712.0,58.01128962223188,0.0,0.0,0.0,0.0,12837.0,11911.0,24748.0,63.21166764578172,12415.0,11773.0,24188.0,61.781308267988045,11975.0,11241.0,23216.0,59.298613062246176,12610.0,11693.0,24303.0,62.07504278307068,12114.0,11311.0,23425.0,59.83244361574417,12610.0,11693.0,24303.0,62.07504278307068,12114.0,11311.0,23425.0,59.83244361574417
CAMARINES SUR,0501700000,REGION 5,Camarines Sur,Province,1st,2022,5701.0,5486.0,11187.0,28.331560553107433,9325.0,8689.0,18014.0,45.62123284201996,6611.0,6213.0,12824.0,32.477333738540246,14287.0,13172.0,27459.0,69.54110317580916,13410.0,12642.0,26052.0,65.97781492174441,12566.0,11844.0,24410.0,61.8193790204123,14186.0,13153.0,27339.0,69.2371979942258,14027.0,13162.0,27189.0,68.85731651724662,13606.0,12898.0,26504.0,67.12252443904168,12886.0,11956.0,24842.0,62.91343767411235,6976.0,6515.0,13491.0,34.16654003950767,14135.0,13072.0,27207.0,68.90290229448412,13584.0,12801.0,26385.0,66.8211518006382,12862.0,12018.0,24880.0,63.00967431494707,12562.0,11419.0,23981.0,60.732917996251835,42828.0,10413.0,21719.0,50.712150929298595,9112.0,8523.0,17635.0,41.17633323993649,2719.0,2283.0,5002.0,13.576527427191055
CAMARINES SUR,0501700000,REGION 5,Camarines Sur,Province,1st,2023,5667.0,5371.0,11038.0,25.402743256927184,8800.0,8509.0,17309.0,39.83476019515788,6744.0,6307.0,13051.0,30.035441406609593,15321.0,14441.0,29762.0,68.49397035809629,15069.0,14054.0,29123.0,67.02338212280218,14653.0,13580.0,28233.0,64.97514498757249,13889.0,13025.0,26914.0,61.939611525361315,11224.0,10515.0,21739.0,50.02991807051459,9648.0,8861.0,18509.0,42.59642824265857,13947.0,12766.0,26713.0,61.477032127404954,10465.0,9587.0,20052.0,46.14747307373654,15309.0,14286.0,29595.0,68.10963822148578,15143.0,13971.0,29114.0,67.00266961244591,14499.0,13685.0,28184.0,64.86237687563289,13617.0,12364.0,25981.0,59.79241461842953,12915.0,11915.0,24830.0,52.52803046329596,10584.0,9776.0,20360.0,43.07171567590438,2540.0,2282.0,4822.0,11.806473728025074
CAMARINES SUR,0501700000,REGION 5,Camarines Sur,Province,1st,2024,5359.0,5081.0,10440.0,23.80572340668111,6817.0,6460.0,13277.0,30.274769125527307,6228.0,5893.0,12121.0,27.638809713829666,12084.0,11100.0,23184.0,52.86512370311252,9459.0,9002.0,18461.0,42.095542127465514,6432.0,6044.0,12476.0,28.44829551932505,15007.0,14055.0,29062.0,66.26838444875158,17499.0,16248.0,33747.0,76.95131683958499,18110.0,17017.0,35127.0,80.0980503933417,14117.0,13173.0,27290.0,62.227796146391526,10007.0,9389.0,19396.0,44.22756812222096,7668.0,7176.0,14844.0,33.8479078782351,6676.0,6175.0,12851.0,29.30338615893285,6405.0,6097.0,12502.0,28.50758180367119,13754.0,12806.0,26560.0,60.56321970128834,47677.0,11704.0,24171.0,50.69740126266334,9701.0,9120.0,18821.0,39.47605763785474,2341.0,2196.0,4537.0,10.999587848813247
CAMARINES SUR,0501700000,REGION 5,Camarines Sur,Province,1st,2025,6194.0,6054.0,12248.0,27.58185830743593,12543.0,11814.0,24357.0,50.45782234007292,10932.0,10215.0,21147.0,43.80800464037123,15717.0,14636.0,30353.0,62.87910175671196,17030.0,15816.0,32846.0,68.04358634405038,18900.0,17916.0,36816.0,76.26781571097116,9032.0,8369.0,17401.0,36.047812396420284,9185.0,8721.0,17906.0,37.093967517401396,9673.0,9115.0,18788.0,38.92111368909513,13398.0,12662.0,26060.0,53.985747431223075,12361.0,11885.0,24246.0,50.22787537288698,19861.0,18385.0,38246.0,79.23019555850182,19222.0,18158.0,37380.0,77.43619489559165,17705.0,16816.0,34521.0,71.5135067948293,14333.0,13235.0,27568.0,57.10971163407358,13271.0,11848.0,25119.0,52.03637719588996,12352.0,11586.0,23938.0,50.20869601694737,2920.0,2592.0,5512.0,19.101746603825895
CITY OF NAGA,0501724000,Region V,Camarines Sur,City,1st,2018,998.0,976.0,1974.0,13.462456523221714,1736.0,1669.0,3405.0,61.9263289472033,1514.0,1435.0,2949.0,53.63311132608004,1847.0,1713.0,3560.0,64.74529546315529,1817.0,1682.0,3499.0,63.635895737522574,1756.0,1681.0,3437.0,62.50830913114178,1859.0,1701.0,3560.0,64.74529546315529,1814.0,1688.0,3502.0,63.6904563797668,1855.0,1704.0,3559.0,64.72710858240721,0.0,0.0,0.0,0.0,0.0,0.0,0.0,0.0,1759.0,1674.0,3433.0,62.43556160814947,1689.0,1583.0,3272.0,59.50747380770902,1547.0,1447.0,2994.0,54.45152095974352,1943.0,1802.0,3745.0,68.10986840154959,1654.0,1494.0,3148.0,57.25230059494743,1930.0,1767.0,3697.0,67.23689812564189,543.0,475.0,1018.0,18.51424460154272
CITY OF NAGA,0501724000,Region V,Camarines Sur,City,1st,2019,1247.0,1185.0,2432.0,52.59717654804143,1398.0,1366.0,2764.0,59.77738321496157,1418.0,1384.0,2802.0,60.59921409852471,1905.0,1703.0,3608.0,78.03067968146937,1924.0,1703.0,3627.0,78.44159512325093,1890.0,1672.0,3562.0,77.03583176978766,1930.0,1647.0,3577.0,77.36023869750997,1933.0,1696.0,3629.0,78.48484938028058,1885.0,1694.0,3579.0,77.4034929545396,1878.0,1640.0,3518.0,76.08423811513559,0.0,0.0,0.0,0.0,1927.0,1622.0,3549.0,76.75467909909501,1929.0,1633.0,3562.0,77.03583176978766,1730.0,1508.0,3238.0,70.0286421309861,1761.0,1550.0,3311.0,71.60742251256794,1699.0,1569.0,3268.0,70.67745598643069,1418.0,1299.0,2717.0,58.76090817476505,188.0,145.0,333.0,7.2018337954349505
CITY OF NAGA,0501724000,Region V,Camarines Sur,City,1st,2020,964.0,938.0,1902.0,41.09766637856526,1368.0,1293.0,2661.0,57.49783923941227,1344.0,1293.0,2637.0,56.97925669835783,1777.0,1569.0,3346.0,72.2990492653414,1765.0,1582.0,3347.0,72.32065687121867,1668.0,1578.0,3246.0,70.13828867761453,1764.0,1591.0,3355.0,72.49351771823682,1795.0,1612.0,3407.0,73.6171132238548,1717.0,1641.0,3358.0,72.55834053586862,1735.0,1626.0,3361.0,72.62316335350043,0.0,0.0,0.0,0.0,1748.0,1573.0,3321.0,71.75885911840967,1765.0,1579.0,3344.0,72.25583405358687,1593.0,1433.0,3026.0,65.38461538461539,1640.0,1455.0,3095.0,66.87554019014694,1583.0,1337.0,2920.0,63.09420916162489,1640.0,1455.0,3095.0,66.87554019014694,1583.0,1337.0,2920.0,63.09420916162489
CITY OF NAGA,0501724000,Region V,Camarines Sur,City,1st,2021,940.0,925.0,1865.0,39.935760171306214,1079.0,1012.0,2091.0,44.775160599571734,1028.0,952.0,1980.0,42.398286937901496,1642.0,1501.0,3143.0,67.30192719486081,1641.0,1491.0,3132.0,67.06638115631691,1637.0,1499.0,3136.0,67.15203426124197,1588.0,1425.0,3013.0,64.51820128479658,1568.0,1413.0,2981.0,63.83297644539615,1530.0,1402.0,2932.0,62.783725910064234,1598.0,1438.0,3036.0,65.01070663811564,0.0,0.0,0.0,0.0,1667.0,1568.0,3235.0,69.27194860813705,1631.0,1495.0,3126.0,66.93790149892934,1587.0,1448.0,3035.0,64.98929336188436,1555.0,1414.0,2969.0,63.57601713062099,1654.0,1478.0,3132.0,67.06638115631691,1555.0,1414.0,2969.0,63.57601713062099,1654.0,1478.0,3132.0,67.06638115631691
CITY OF NAGA,0501724000,Region V,Camarines Sur,City,1st,2022,966.0,934.0,1900.0,40.36541321436159,1127.0,1104.0,2231.0,47.39749309538985,1084.0,1046.0,2130.0,45.25175270873167,1581.0,1506.0,3087.0,65.5831739961759,1613.0,1526.0,3139.0,66.68791162099001,1608.0,1496.0,3104.0,65.94433821967283,1569.0,1503.0,3072.0,65.26449968132569,1610.0,1529.0,3139.0,66.68791162099001,1612.0,1522.0,3134.0,66.58168684937328,1567.0,1498.0,3065.0,65.11578500106225,1413.0,1362.0,2775.0,58.95474824729126,1532.0,1497.0,3029.0,64.35096664542172,1598.0,1521.0,3119.0,66.26301253452304,1518.0,1463.0,2981.0,63.331208837901,1581.0,1508.0,3089.0,65.6256639048226,5106.0,1467.0,3035.0,59.43987465726595,1507.0,1409.0,2916.0,57.109283196239716,238.0,230.0,468.0,10.653312087411791
CITY OF NAGA,0501724000,Region V,Camarines Sur,City,1st,2023,886.0,815.0,1701.0,40.64516129032258,999.0,934.0,1933.0,46.188769414575866,992.0,938.0,1930.0,46.117084826762245,1573.0,1431.0,3004.0,71.78016726403823,1526.0,1418.0,2944.0,70.34647550776583,1515.0,1471.0,2986.0,71.35005973715651,1578.0,1398.0,2976.0,71.11111111111111,1535.0,1401.0,2936.0,70.1553166069295,1485.0,1452.0,2937.0,70.17921146953405,1424.0,1350.0,2774.0,66.28434886499403,1126.0,1076.0,2202.0,52.61648745519714,1538.0,1452.0,2990.0,71.44563918757467,1517.0,1403.0,2920.0,69.77299880525688,1408.0,1408.0,2816.0,67.28793309438471,1374.0,1302.0,2676.0,63.94265232974911,1282.0,1242.0,2524.0,55.582470821404975,1168.0,1139.0,2307.0,50.80378771195772,316.0,255.0,571.0,14.739287558079505
CITY OF NAGA,0501724000,Region V,Camarines Sur,City,1st,2024,778.0,830.0,1608.0,37.9066478076379,1124.0,1156.0,2280.0,53.74823196605375,1145.0,1188.0,2333.0,54.997642621405,1242.0,1154.0,2396.0,56.48279113625648,1159.0,1070.0,2229.0,52.545968882602544,1003.0,899.0,1902.0,44.837340876944836,1421.0,1276.0,2697.0,63.57850070721358,1384.0,1278.0,2662.0,62.75341819896275,1379.0,1285.0,2664.0,62.800565770862804,1363.0,1280.0,2643.0,62.30551626591231,1234.0,1140.0,2374.0,55.96416784535596,1154.0,1058.0,2212.0,52.14521452145215,947.0,832.0,1779.0,41.937765205091935,872.0,840.0,1712.0,40.35832154644036,1356.0,1251.0,2607.0,61.45685997171145,4601.0,1249.0,2599.0,56.48772006085634,1185.0,1073.0,2258.0,49.07628776352967,239.0,195.0,434.0,11.074253636131665
CITY OF NAGA,0501724000,Region V,Camarines Sur,City,1st,2025,853.0,827.0,1680.0,39.22484240018678,1197.0,1168.0,2365.0,50.904003443822646,1157.0,1120.0,2277.0,49.00990099009901,1356.0,1321.0,2677.0,57.61945759793371,1483.0,1491.0,2974.0,64.01205337925097,1609.0,1532.0,3141.0,67.60654326302196,1140.0,1097.0,2237.0,48.14894532931554,1208.0,1144.0,2352.0,50.62419285406802,1253.0,1180.0,2433.0,52.367628067154534,1427.0,1305.0,2732.0,58.80327163151098,1217.0,1177.0,2394.0,51.52819629789066,1495.0,1446.0,2941.0,63.30176495910461,1692.0,1683.0,3375.0,72.64313387860525,1672.0,1524.0,3196.0,68.79035729659923,1419.0,1323.0,2742.0,59.01851054670685,1419.0,1264.0,2683.0,57.74860094705123,1357.0,1203.0,2560.0,55.640078243860025,178.0,168.0,346.0,14.767392232180965
CATANDUANES,0502000000,REGION 5,Catanduanes,Province,2nd,2018,2594.0,2362.0,4956.0,94.81538167208724,2651.0,2433.0,5084.0,69.87679335890077,2385.0,2222.0,4607.0,63.32068981204875,2705.0,2546.0,5251.0,72.17211682289299,2768.0,2569.0,5337.0,73.35413968458957,2701.0,2599.0,5300.0,72.84559496502243,2760.0,2547.0,5307.0,72.94180612818379,2806.0,2710.0,5516.0,75.8143965711441,2957.0,2849.0,5806.0,79.80028761640004,0.0,0.0,0.0,0.0,0.0,0.0,0.0,0.0,3382.0,3224.0,6606.0,90.79584912055438,3299.0,3110.0,6409.0,88.08819210015638,2959.0,2793.0,5752.0,79.05808721486963,2680.0,2588.0,5268.0,72.40577250485626,2564.0,2392.0,4956.0,68.11750351823608,2623.0,2555.0,5178.0,71.16877183563889,192.0,157.0,349.0,4.796813706187327
CATANDUANES,0502000000,REGION 5,Catanduanes,Province,2nd,2019,2412.0,2182.0,4594.0,75.82777150034708,1888.0,1821.0,3709.0,61.220114169522724,2100.0,2042.0,4142.0,68.36713747375657,2667.0,2427.0,5094.0,84.08068524657554,2627.0,2466.0,5093.0,84.06417941908309,2605.0,2469.0,5074.0,83.75056869672642,2654.0,2436.0,5090.0,84.01466193660572,2605.0,2406.0,5011.0,82.71070156470162,2681.0,2460.0,5141.0,84.85645913872104,2685.0,2472.0,5157.0,85.12055237860034,0.0,0.0,0.0,0.0,2691.0,2526.0,5217.0,86.11090202814775,2683.0,2874.0,5557.0,91.72288337558311,2629.0,2418.0,5047.0,83.30491135443008,2550.0,2279.0,4829.0,79.70664096107447,2522.0,2328.0,4850.0,80.05326333841606,2019.0,1873.0,3892.0,64.24068060064234,236.0,228.0,464.0,7.658703956500011
CATANDUANES,0502000000,REGION 5,Catanduanes,Province,2nd,2020,1807.0,1746.0,3553.0,56.63053873127192,1881.0,1846.0,3727.0,59.40388906598662,1851.0,1732.0,3583.0,57.10870258208479,2214.0,2054.0,4268.0,68.02677717564552,2198.0,2063.0,4261.0,67.91520561045586,2155.0,2028.0,4183.0,66.67197959834238,2188.0,2052.0,4240.0,67.58049091488684,2174.0,2042.0,4216.0,67.19795983423653,2167.0,2010.0,4177.0,66.5763468281798,2097.0,1985.0,4082.0,65.06216130060567,0.0,0.0,0.0,0.0,2213.0,2079.0,4292.0,68.40930825629582,2211.0,2079.0,4290.0,68.37743066624164,2221.0,2059.0,4280.0,68.21804271597067,1651.0,1969.0,3620.0,57.69843799808735,2176.0,1986.0,4162.0,66.33726490277336,1651.0,1969.0,3620.0,57.69843799808735,2176.0,1986.0,4162.0,66.33726490277336
CATANDUANES,0502000000,REGION 5,Catanduanes,Province,2nd,2021,1634.0,1585.0,3219.0,50.446638457921956,1610.0,1587.0,3197.0,50.101864911455884,1574.0,1560.0,3134.0,49.114558846575775,1904.0,1831.0,3735.0,58.53314527503526,2003.0,1857.0,3860.0,60.492085879956115,1908.0,1775.0,3683.0,57.71822598338818,1853.0,1822.0,3675.0,57.592853784673245,1968.0,1839.0,3807.0,59.66149506346967,1808.0,1776.0,3584.0,56.16674502429086,1853.0,1816.0,3669.0,57.49882463563705,0.0,0.0,0.0,0.0,1929.0,1833.0,3762.0,58.956276445698165,2045.0,1911.0,3956.0,61.996552264535346,1883.0,1849.0,3732.0,58.48613070051716,1955.0,1853.0,3808.0,59.677166588309035,2066.0,1913.0,3979.0,62.35699733584078,1955.0,1853.0,3808.0,59.677166588309035,2066.0,1913.0,3979.0,62.35699733584078
CATANDUANES,0502000000,REGION 5,Catanduanes,Province,2nd,2022,1784.0,1680.0,3464.0,53.63059297104815,1951.0,1806.0,3757.0,58.16689890075863,1921.0,1740.0,3661.0,56.68060071218455,2245.0,2045.0,4290.0,66.41895030190432,2106.0,1380.0,3486.0,53.97120297259638,1998.0,1923.0,3921.0,60.70599163957269,2161.0,1968.0,4129.0,63.9263043814832,2069.0,1995.0,4064.0,62.91995664963616,2063.0,2025.0,4088.0,63.29153119677968,2027.0,1927.0,3954.0,61.21690664189503,1517.0,1507.0,3024.0,46.818392940083605,2141.0,2000.0,4141.0,64.11209165505495,2054.0,2017.0,4071.0,63.02833255921969,2001.0,1947.0,3948.0,61.12401300510915,2007.0,1902.0,3909.0,60.52020436600093,7032.0,1864.0,3769.0,53.59783845278726,1732.0,1764.0,3496.0,49.71558589306029,215.0,184.0,399.0,6.5700642186728135
CATANDUANES,0502000000,REGION 5,Catanduanes,Province,2nd,2023,2037.0,1918.0,3955.0,73.05134835611378,2032.0,1837.0,3869.0,71.46287403029183,2014.0,1841.0,3855.0,71.20428518655338,2177.0,2099.0,4276.0,78.98042113040266,2257.0,2145.0,4402.0,81.30772072404876,2202.0,2053.0,4255.0,78.59253786479498,2178.0,2086.0,4264.0,78.75877355005542,2241.0,2143.0,4384.0,80.97524935352789,2240.0,2071.0,4311.0,79.6268932397488,2234.0,2052.0,4286.0,79.1651274473587,1767.0,1665.0,3432.0,63.39120797931289,2159.0,2088.0,4247.0,78.44477281123015,2175.0,2063.0,4238.0,78.2785371259697,2166.0,2024.0,4190.0,77.39194680458071,2012.0,1916.0,3928.0,72.55264130033248,1860.0,1702.0,3562.0,60.17908430478121,1838.0,1670.0,3508.0,59.26676803514107,278.0,242.0,520.0,9.550045913682277
CATANDUANES,0502000000,REGION 5,Catanduanes,Province,2nd,2024,1745.0,1715.0,3460.0,64.13345690454125,1679.0,1668.0,3347.0,62.03892493049119,1490.0,1493.0,2983.0,55.291936978683964,1840.0,1767.0,3607.0,66.85820203892493,1827.0,1745.0,3572.0,66.209453197405,1693.0,1646.0,3339.0,61.89063948100093,1849.0,1786.0,3635.0,67.37720111214087,1864.0,1802.0,3666.0,67.95180722891565,1896.0,1845.0,3741.0,69.34198331788693,1815.0,1761.0,3576.0,66.28359592215014,1545.0,1439.0,2984.0,55.31047265987025,1406.0,1327.0,2733.0,50.65801668211307,1020.0,944.0,1964.0,36.40407784986098,1179.0,1095.0,2274.0,42.15013901760889,2025.0,1847.0,3872.0,71.77015755329008,5886.0,1930.0,4013.0,68.1787291879035,2028.0,1893.0,3921.0,66.61569826707442,89.0,73.0,162.0,2.9681201905459873
CATANDUANES,0502000000,REGION 5,Catanduanes,Province,2nd,2025,1686.0,1485.0,3171.0,58.066288225599706,1820.0,1582.0,3402.0,57.15725806451613,1448.0,1257.0,2705.0,45.446908602150536,1910.0,1694.0,3604.0,60.5510752688172,1964.0,1775.0,3739.0,62.81922043010753,2058.0,1902.0,3960.0,66.53225806451613,1352.0,1195.0,2547.0,42.792338709677416,1384.0,1244.0,2628.0,44.153225806451616,1383.0,1282.0,2665.0,44.77486559139785,1821.0,1665.0,3486.0,58.568548387096776,1701.0,1691.0,3392.0,56.98924731182796,2227.0,1979.0,4206.0,70.66532258064517,2653.0,2492.0,5145.0,86.44153225806451,2595.0,2463.0,5058.0,84.97983870967742,1784.0,1732.0,3516.0,59.07258064516129,1760.0,1694.0,3454.0,58.030913978494624,1751.0,1685.0,3436.0,58.375806999660206,63.0,58.0,121.0,6.1577608142493645
MASBATE,0504100000,REGION 5,Masbate,Province,1st,2018,7577.0,6997.0,14574.0,91.3787698288294,9510.0,8096.0,17606.0,70.40939427525153,5881.0,5604.0,11485.0,45.93047218285039,9976.0,9023.0,18999.0,75.98023865929251,9857.0,9545.0,19402.0,77.59190433536467,9010.0,9968.0,18978.0,75.89625608063862,9503.0,8657.0,18160.0,72.62493468354924,9509.0,8807.0,18316.0,73.24880526783524,9586.0,8954.0,18540.0,74.14461944014333,0.0,0.0,0.0,0.0,0.0,0.0,0.0,0.0,8574.0,7738.0,16312.0,65.23446776200744,8317.0,7273.0,15590.0,62.34706672447867,7366.0,6868.0,14234.0,56.92419164568502,8154.0,8189.0,16343.0,65.35844204478222,8847.0,6926.0,15773.0,63.07891490989109,8689.0,7924.0,16613.0,66.43821805604645,1680.0,1141.0,2821.0,11.281659732505087
MASBATE,0504100000,REGION 5,Masbate,Province,1st,2019,6490.0,10192.0,16682.0,71.60096883101876,5738.0,5607.0,11345.0,48.6939810207354,5764.0,5494.0,11258.0,48.320567503872994,9225.0,8958.0,18183.0,78.04342502424255,9144.0,8736.0,17880.0,76.74291587930797,8599.0,8406.0,17005.0,72.9873201637378,8984.0,8801.0,17785.0,76.33516548733178,8864.0,8571.0,17435.0,74.83292720110371,8623.0,8317.0,16940.0,72.70833305343831,8231.0,7855.0,16086.0,69.04287163504183,0.0,0.0,0.0,0.0,9677.0,9278.0,18955.0,81.35693347272273,9558.0,9159.0,18717.0,80.33541143808766,8466.0,8263.0,16729.0,71.80269797231225,6969.0,6535.0,13504.0,57.960645192067936,6257.0,5971.0,12228.0,52.48391361141934,4969.0,4554.0,9523.0,40.87375771357102,302.0,681.0,983.0,4.219143529606249
MASBATE,0504100000,REGION 5,Masbate,Province,1st,2020,6562.0,6212.0,12774.0,56.72039429865458,8858.0,7692.0,16550.0,73.4869677190178,5600.0,5326.0,10926.0,48.514719595044625,8903.0,8363.0,17266.0,76.66622263665023,8853.0,8398.0,17251.0,76.59961813418587,8720.0,8449.0,17169.0,76.23551352071401,8887.0,8332.0,17219.0,76.45752852892855,8891.0,8408.0,17299.0,76.81275254207185,8758.0,8429.0,17187.0,76.31543892367124,8347.0,8141.0,16488.0,73.21166910883176,0.0,0.0,0.0,0.0,8919.0,8275.0,17194.0,76.34652102482129,8982.0,8499.0,17481.0,77.62088717197283,8565.0,8359.0,16924.0,75.14763998046267,9138.0,8782.0,17920.0,79.57017894409663,7851.0,7573.0,15424.0,68.48718973402602,9138.0,8782.0,17920.0,79.57017894409663,7851.0,7573.0,15424.0,68.48718973402602
MASBATE,0504100000,REGION 5,Masbate,Province,1st,2021,5815.0,6010.0,11825.0,52.40416574340794,7039.0,6723.0,13762.0,60.98825614890316,4347.0,4649.0,8996.0,39.86705074230002,7368.0,6941.0,14309.0,63.412364280966095,7317.0,6895.0,14212.0,62.982495014402836,7106.0,6600.0,13706.0,60.740084201196545,6775.0,6439.0,13214.0,58.5597163749169,6381.0,6048.0,12429.0,55.08087746510082,5486.0,6363.0,11849.0,52.51052514956791,5982.0,5515.0,11497.0,50.95058719255484,0.0,0.0,0.0,0.0,6814.0,6429.0,13243.0,58.68823399069355,6656.0,6289.0,12945.0,57.36760469754044,6603.0,6218.0,12821.0,56.818081099047205,7068.0,6665.0,13733.0,60.85973853312653,6957.0,6636.0,13593.0,60.23930866385996,7068.0,6665.0,13733.0,60.85973853312653,6957.0,6636.0,13593.0,60.23930866385996
MASBATE,0504100000,REGION 5,Masbate,Province,1st,2022,7866.0,6487.0,14353.0,63.508849557522126,8118.0,7691.0,15809.0,69.95132743362832,5806.0,5394.0,11200.0,49.557522123893804,8440.0,8025.0,16465.0,72.85398230088495,8024.0,7288.0,15312.0,67.75221238938053,7442.0,6955.0,14397.0,63.703539823008846,8748.0,8051.0,16799.0,74.33185840707964,8745.0,8106.0,16851.0,74.56194690265487,8798.0,8188.0,16986.0,75.15929203539822,8304.0,7633.0,15937.0,70.51769911504425,2574.0,2455.0,5029.0,22.252212389380528,8025.0,7593.0,15618.0,69.10619469026548,7369.0,7344.0,14713.0,65.10176991150442,6607.0,6078.0,12685.0,56.12831858407079,7273.0,6654.0,13927.0,61.623893805309734,24582.0,6253.0,12932.0,52.60759905622,5596.0,5282.0,10878.0,44.2518916280205,1357.0,1273.0,2630.0,12.031657440871037
MASBATE,0504100000,REGION 5,Masbate,Province,1st,2023,5904.0,5889.0,11793.0,52.729711602951035,8538.0,8189.0,16727.0,74.79096803040464,6098.0,5932.0,12030.0,53.78940308517773,9304.0,8810.0,18114.0,80.9926224010731,9384.0,8985.0,18369.0,82.1327967806841,9535.0,8917.0,18452.0,82.50391236306729,8666.0,8182.0,16848.0,75.33199195171026,7330.0,7092.0,14422.0,64.4846858931366,6474.0,6172.0,12646.0,56.54370668455175,8204.0,7951.0,16155.0,72.23340040241449,6256.0,6171.0,12427.0,55.56449809970937,9203.0,9624.0,18827.0,84.180639391907,9766.0,9723.0,19489.0,87.14062150681869,8160.0,7814.0,15974.0,71.42410015649452,9790.0,8239.0,18029.0,80.6125642745361,8156.0,7603.0,15759.0,64.85985924188171,6926.0,6391.0,13317.0,54.80923570811211,1134.0,1080.0,2214.0,10.714804239461841
MASBATE,0504100000,REGION 5,Masbate,Province,1st,2024,5920.0,5620.0,11540.0,51.30028895310069,7219.0,6769.0,13988.0,62.182707268281845,6010.0,6252.0,12262.0,54.509891086908205,7014.0,6562.0,13576.0,60.35118915314514,4543.0,4377.0,8920.0,39.65325627917315,2824.0,2553.0,5377.0,23.903089575461216,7893.0,7457.0,15350.0,68.23738608579684,9453.0,8411.0,17864.0,79.41320293398533,10076.0,8899.0,18975.0,84.3520782396088,8568.0,8003.0,16571.0,73.66525894643254,5771.0,5488.0,11259.0,50.05112247166037,6521.0,6465.0,12986.0,57.7283840853523,5135.0,4851.0,9986.0,44.39208713047344,4618.0,4430.0,9048.0,40.22227161591464,8095.0,7780.0,15875.0,70.57123805290064,24426.0,7588.0,15540.0,63.62073200687792,6113.0,5856.0,11969.0,49.001064439531646,1214.0,1092.0,2306.0,11.091871091871091
MASBATE,0504100000,REGION 5,Masbate,Province,1st,2025,5856.0,5773.0,11629.0,51.105251593056465,7290.0,7126.0,14416.0,58.34075273168757,5673.0,5471.0,11144.0,45.09915014164306,8906.0,8569.0,17475.0,70.720356131121,10681.0,10017.0,20698.0,83.7636584378794,11502.0,10942.0,22444.0,90.8296236341562,6465.0,6084.0,12549.0,50.785107244030755,6523.0,6269.0,12792.0,51.768514771347625,6625.0,6638.0,13263.0,53.674625657628496,7900.0,7374.0,15274.0,61.813031161473084,7381.0,6931.0,14312.0,57.919870497774184,9004.0,8551.0,17555.0,71.04411169566977,10351.0,9772.0,20123.0,81.43666531768515,9533.0,9259.0,18792.0,76.05018211250506,8049.0,7612.0,15661.0,63.379198704977746,7737.0,7234.0,14971.0,60.58680696074463,7231.0,6790.0,14021.0,57.40194874314255,1287.0,1206.0,2493.0,20.012844183992936
SORSOGON,0506200000,REGION 5,Sorsogon,Province,1st,2018,6843.0,6452.0,13295.0,94.66676160637995,7299.0,6944.0,14243.0,64.06051940249343,6650.0,6419.0,13069.0,58.78023787623299,8278.0,7437.0,15715.0,70.6811108902748,8085.0,7544.0,15629.0,70.29431002889626,8099.0,7367.0,15466.0,69.56118746605091,8322.0,7630.0,15952.0,71.74706210128309,8187.0,7411.0,15598.0,70.15488181142263,8416.0,7816.0,16232.0,73.00641374298064,0.0,0.0,0.0,0.0,0.0,0.0,0.0,0.0,8960.0,8278.0,17238.0,77.53108428422253,8882.0,8260.0,17142.0,77.09930657849766,8784.0,8337.0,17121.0,77.00485520537033,8288.0,7673.0,15961.0,71.78754126119479,7259.0,6699.0,13958.0,62.7786793386227,8201.0,7531.0,15732.0,70.7575715256636,588.0,556.0,1144.0,5.145350993221405
SORSOGON,0506200000,REGION 5,Sorsogon,Province,1st,2019,6004.0,5896.0,11900.0,66.15580473519141,5376.0,5165.0,10541.0,58.60070064820611,6061.0,6019.0,12080.0,67.1564807732027,7397.0,7010.0,14407.0,80.09299822015988,7464.0,6988.0,14452.0,80.3431672296627,7341.0,6974.0,14315.0,79.58154157850966,7522.0,7043.0,14565.0,80.9713694090809,7541.0,6910.0,14451.0,80.33760791834041,7483.0,7024.0,14507.0,80.64892935238838,7370.0,7040.0,14410.0,80.10967615412673,0.0,0.0,0.0,0.0,8018.0,7566.0,15584.0,86.63630764648931,7897.0,7228.0,15125.0,84.08458374956051,7183.0,6798.0,13981.0,77.72473159686648,6867.0,6451.0,13318.0,74.03890819019152,7247.0,6716.0,13963.0,77.62466399306534,5734.0,5355.0,11089.0,61.64720325281827,926.0,822.0,1748.0,9.717676191354165
SORSOGON,0506200000,REGION 5,Sorsogon,Province,1st,2020,5416.0,5448.0,10864.0,56.9840020980855,6619.0,6668.0,13287.0,69.69315499606608,6144.0,5926.0,12070.0,63.30972987149226,7219.0,6770.0,13989.0,73.37529504327301,6703.0,7192.0,13895.0,72.88224495148178,7563.0,6630.0,14193.0,74.44531864673486,7064.0,6943.0,14007.0,73.46970889063729,7462.0,6713.0,14175.0,74.35090479937058,7342.0,6958.0,14300.0,75.00655651717808,6922.0,7030.0,13952.0,73.181222134802,0.0,0.0,0.0,0.0,7627.0,6630.0,14257.0,74.7810123262523,6885.0,7476.0,14361.0,75.32651455546814,7205.0,7496.0,14701.0,77.10988722790454,7261.0,7232.0,14493.0,76.01888276947285,6852.0,6944.0,13796.0,72.36296879097823,7261.0,7232.0,14493.0,76.01888276947285,6852.0,6944.0,13796.0,72.36296879097823
SORSOGON,0506200000,REGION 5,Sorsogon,Province,1st,2021,4840.0,4669.0,9509.0,48.83923985618901,4920.0,4718.0,9638.0,49.50179763739086,4847.0,4703.0,9550.0,49.04982023626091,5715.0,5342.0,11057.0,56.7899332306112,5982.0,5489.0,11471.0,58.91628145865434,6019.0,5531.0,11550.0,59.32203389830508,5587.0,5206.0,10793.0,55.43400102722137,5695.0,5295.0,10990.0,56.44581407293272,5777.0,5263.0,11040.0,56.70261941448382,5909.0,5357.0,11266.0,57.86337955829482,0.0,0.0,0.0,0.0,5766.0,5354.0,11120.0,57.11350796096559,6048.0,5569.0,11617.0,59.666153055983564,5980.0,5483.0,11463.0,58.875192604006166,6196.0,5636.0,11832.0,60.770416024653315,6150.0,5812.0,11962.0,61.43810991268618,6196.0,5636.0,11832.0,60.770416024653315,6150.0,5812.0,11962.0,61.43810991268618
SORSOGON,0506200000,REGION 5,Sorsogon,Province,1st,2022,5238.0,4757.0,9995.0,50.408513213637285,7499.0,6690.0,14189.0,71.56041960863425,7345.0,6639.0,13984.0,70.52652814202138,6983.0,6535.0,13518.0,68.17631632035506,6744.0,6439.0,13183.0,66.48678636271939,6506.0,6208.0,12714.0,64.12144442202946,7051.0,6530.0,13581.0,68.49404881985072,6924.0,6553.0,13477.0,67.96953802703248,6803.0,6461.0,13264.0,66.89529957635668,6881.0,6680.0,13561.0,68.39318135969337,4191.0,3924.0,8115.0,40.926971958846075,6936.0,6470.0,13406.0,67.61145854347387,6827.0,6449.0,13276.0,66.95582005245107,6358.0,6340.0,12698.0,64.04075045390357,6522.0,6017.0,12539.0,63.23885414565261,21498.0,5929.0,12280.0,57.121592706298266,5550.0,5223.0,10773.0,50.111638291934135,880.0,802.0,1682.0,9.094349824276831
SORSOGON,0506200000,REGION 5,Sorsogon,Province,1st,2023,5645.0,5328.0,10973.0,61.202521055273586,6306.0,5946.0,12252.0,68.33621507055608,6288.0,5943.0,12231.0,68.21908639634113,7358.0,6787.0,14145.0,78.8945284176474,7340.0,6749.0,14089.0,78.5821852864075,7261.0,6700.0,13961.0,77.86825812928775,6978.0,6432.0,13410.0,74.79502482012383,6575.0,5949.0,12524.0,69.85331027943556,5851.0,5324.0,11175.0,62.32918735010319,7050.0,6397.0,13447.0,75.00139438897875,5980.0,5456.0,11436.0,63.78492944391767,7255.0,6662.0,13917.0,77.62284566902783,7376.0,6784.0,14160.0,78.97819175637237,7322.0,6758.0,14080.0,78.53198728317251,6801.0,6211.0,13012.0,72.5751575659546,6524.0,5882.0,12406.0,63.584644559479266,5786.0,5280.0,11066.0,56.71672389933884,925.0,844.0,1769.0,10.524750118990957
SORSOGON,0506200000,REGION 5,Sorsogon,Province,1st,2024,5249.0,5029.0,10278.0,56.89454746747855,5114.0,4807.0,9921.0,54.91835040132853,4296.0,4008.0,8304.0,45.967340160531414,6454.0,6004.0,12458.0,68.96208137282038,5900.0,5607.0,11507.0,63.69775809576529,4788.0,4665.0,9453.0,52.327705507888176,6754.0,6306.0,13060.0,72.29449211181843,7219.0,6823.0,14042.0,77.73041793523387,7894.0,7520.0,15414.0,85.32521450318296,6596.0,6318.0,12914.0,71.48629947412122,5767.0,5421.0,11188.0,61.93191253805702,5925.0,5560.0,11485.0,63.57597564350955,4577.0,4330.0,8907.0,49.3052864655411,4514.0,4326.0,8840.0,48.93440354276225,6580.0,6220.0,12800.0,70.85524494879601,19647.0,6219.0,12668.0,64.4780373593933,5549.0,5250.0,10799.0,54.96513462615158,1241.0,1224.0,2465.0,14.576311276683814
SORSOGON,0506200000,REGION 5,Sorsogon,Province,1st,2025,5057.0,5003.0,10060.0,54.97267759562842,5979.0,5709.0,11688.0,58.74252399859275,4912.0,4797.0,9709.0,48.79630094989194,6382.0,6099.0,12481.0,62.72804945469166,6826.0,6549.0,13375.0,67.22118912398855,7811.0,7369.0,15180.0,76.29290847866513,4872.0,4729.0,9601.0,48.253505553601045,5028.0,4784.0,9812.0,49.31396692968789,5284.0,4956.0,10240.0,51.46504498165553,6387.0,6063.0,12450.0,62.57224707242298,6231.0,5843.0,12074.0,60.68251495200282,6828.0,6488.0,13316.0,66.92466200934814,8112.0,7890.0,16002.0,80.42418455043475,7962.0,7688.0,15650.0,78.65507362919033,6574.0,6177.0,12751.0,64.0850379454189,6313.0,6040.0,12353.0,62.08473639242097,6041.0,5723.0,11764.0,59.8768259785209,635.0,547.0,1182.0,13.358951175406872
REGION 6,0600000000,REGION 6,,Region,,2018,52638.0,48878.0,101516.0,100.03547497043752,58728.0,55365.0,114093.0,54.25481522719573,52968.0,49967.0,102935.0,48.948834769980564,66568.0,62317.0,128885.0,61.288877148967266,66658.0,63009.0,129667.0,61.66074278058067,66974.0,63054.0,130028.0,61.83240965144056,66547.0,62305.0,128852.0,61.27318460952578,66649.0,63086.0,129735.0,61.69307892246009,67464.0,63893.0,131357.0,62.46439101258403,0.0,0.0,0.0,0.0,0.0,0.0,0.0,0.0,67452.0,63246.0,130698.0,62.151015755252544,67700.0,63939.0,131639.0,62.59849089508401,68216.0,64896.0,133112.0,63.29894879197215,68492.0,64070.0,132562.0,63.037406467947385,60465.0,56345.0,116810.0,55.54683430787809,68629.0,64165.0,132794.0,63.14772977553602,5342.0,5002.0,10344.0,4.918897817658513
REGION 6,0600000000,REGION 6,,Region,,2019,45039.0,44949.0,89988.0,59.20891650394346,50398.0,47589.0,97987.0,64.47197516859924,47954.0,45638.0,93592.0,61.58022084541358,62743.0,59173.0,121916.0,80.21640957121807,62375.0,59749.0,122124.0,80.35326620357817,61224.0,59040.0,120264.0,79.12945208728117,62829.0,59182.0,122011.0,80.27891620619023,62369.0,59343.0,121712.0,80.0821847971726,61682.0,59354.0,121036.0,79.63740074200228,60470.0,58312.0,118782.0,78.15434858171548,0.0,0.0,0.0,0.0,62640.0,59054.0,121694.0,80.07034143475681,61830.0,60141.0,121971.0,80.25259762304405,60207.0,58960.0,119167.0,78.40766494449738,58703.0,56324.0,115027.0,75.68369158886857,56046.0,53394.0,109440.0,72.00764348792697,53810.0,51515.0,105325.0,69.30011924676452,7102.0,6568.0,13670.0,8.99437579020433
REGION 6,0600000000,REGION 6,,Region,,2020,42779.0,41275.0,84054.0,57.36456328569673,42199.0,39892.0,82091.0,56.0248693064712,37620.0,35755.0,73375.0,50.076436946343996,59297.0,55709.0,115006.0,78.48845938604752,60154.0,56518.0,116672.0,79.62545896291444,59705.0,56573.0,116278.0,79.35656470524003,59582.0,55828.0,115410.0,78.76417837107408,59818.0,56582.0,116400.0,79.43982637893616,59830.0,56755.0,116585.0,79.5660838349508,59059.0,56061.0,115120.0,78.56626127786195,0.0,0.0,0.0,0.0,59739.0,55870.0,115609.0,78.8999904453817,60180.0,56820.0,117000.0,79.8493100200647,59792.0,56204.0,115996.0,79.16410739390962,60102.0,55673.0,115775.0,79.01328091942726,60880.0,56028.0,116908.0,79.78652252842498,60102.0,55673.0,115775.0,79.01328091942726,60880.0,56028.0,116908.0,79.78652252842498
REGION 6,0600000000,REGION 6,,Region,,2021,38290.0,37009.0,75299.0,51.38285168378314,36670.0,34914.0,71584.0,48.84779419291003,33886.0,32382.0,66268.0,45.22023951687195,51495.0,48233.0,99728.0,68.05281654099423,51600.0,49310.0,100910.0,68.85939472516974,51532.0,48818.0,100350.0,68.4772595448497,51120.0,47899.0,99019.0,67.56900610733905,51258.0,48667.0,99925.0,68.1872462383568,51325.0,48656.0,99981.0,68.22545975638882,51028.0,48426.0,99454.0,67.86584325633764,0.0,0.0,0.0,0.0,51286.0,47945.0,99231.0,67.7136715684602,51074.0,48439.0,99513.0,67.90610392712136,50022.0,47882.0,97904.0,66.80814766795183,51584.0,47826.0,99410.0,67.83581834931249,53974.0,50761.0,104735.0,71.46951448360572,51584.0,47826.0,99410.0,67.83581834931249,53974.0,50761.0,104735.0,71.46951448360572
REGION 6,0600000000,REGION 6,,Region,,2022,41741.0,40668.0,82409.0,56.27146651735416,43639.0,42025.0,85664.0,58.494083264481155,40567.0,39509.0,80076.0,54.67842047402167,54154.0,51040.0,105194.0,71.82978374724307,53776.0,50802.0,104578.0,71.40915950262549,53278.0,50349.0,103627.0,70.7597866834188,54197.0,50975.0,105172.0,71.81476145279244,53991.0,50834.0,104825.0,71.57781889941208,53470.0,50454.0,103924.0,70.96258765850227,52879.0,49853.0,102732.0,70.14865243190462,33435.0,31192.0,64627.0,44.129355611851224,54147.0,50840.0,104987.0,71.68843761309398,53855.0,50707.0,104562.0,71.39823419757049,53074.0,50069.0,103143.0,70.42929620550498,52045.0,48255.0,100300.0,68.4880060635443,158796.0,49652.0,103298.0,65.0507569460188,48763.0,45748.0,94511.0,59.51724224791557,5485.0,4850.0,10335.0,7.633672361452724
REGION 6,0600000000,REGION 6,,Region,,2023,42302.0,40832.0,83134.0,56.16403188758275,48494.0,45429.0,93923.0,63.45291176867991,46156.0,43122.0,89278.0,60.31482232130793,56747.0,53349.0,110096.0,74.3791379543305,56947.0,53940.0,110887.0,74.9135251992974,56896.0,52975.0,109871.0,74.22713146872044,53983.0,50857.0,104840.0,70.82826645047966,51504.0,48429.0,99933.0,67.51317389541954,47686.0,45356.0,93042.0,62.857721929468994,54021.0,50862.0,104883.0,70.8573165788407,44121.0,41107.0,85228.0,57.57870558032698,57559.0,53424.0,110983.0,74.97838129982435,57033.0,53962.0,110995.0,74.98648831239022,56862.0,54059.0,110921.0,74.93649506823402,54278.0,50735.0,105013.0,70.94514254830429,54855.0,52038.0,106893.0,66.38904415874791,50537.0,48258.0,98795.0,61.359542885535056,4695.0,4308.0,9003.0,6.358859177014027
REGION 6,0600000000,REGION 6,,Region,,2024,39880.0,38143.0,78023.0,52.74176321873267,40597.0,37830.0,78427.0,53.014857977206056,39332.0,36885.0,76217.0,51.52094853110171,49658.0,46604.0,96262.0,65.07091000040559,48034.0,45566.0,93600.0,63.27145889383103,43333.0,41230.0,84563.0,57.16265361580164,52803.0,49428.0,102231.0,69.10581745913719,56204.0,53361.0,109565.0,74.06343369340381,59142.0,55786.0,114928.0,77.68869901442535,54017.0,50819.0,104836.0,70.8667378695905,47765.0,44756.0,92521.0,62.54207957602714,47788.0,44611.0,92399.0,62.45961036678519,42857.0,40545.0,83402.0,56.377844173753154,41160.0,39057.0,80217.0,54.22485703083808,53876.0,49907.0,103783.0,70.1549339570349,160897.0,54146.0,111673.0,69.4065147268128,54470.0,51433.0,105903.0,65.82036955319242,3423.0,3144.0,6567.0,4.638170440580283
REGION 6,0600000000,REGION 6,,Region,,2025,21703.0,20239.0,41942.0,48.98507392959753,22834.0,21035.0,43869.0,47.14612730926716,21358.0,19916.0,41274.0,44.35727412438607,28159.0,26241.0,54400.0,58.463820137776864,29217.0,27556.0,56773.0,61.014089350772174,30884.0,29218.0,60102.0,64.59177422648283,28112.0,26104.0,54216.0,58.26607486378145,28590.0,26921.0,55511.0,59.65781469978183,28991.0,27483.0,56474.0,60.69275328052961,25626.0,24050.0,49676.0,53.38692516845963,22859.0,21240.0,44099.0,47.393308901761436,28777.0,26889.0,55666.0,59.824393599071456,30909.0,29251.0,60160.0,64.65410697589442,31137.0,29689.0,60826.0,65.36985889155176,28962.0,26929.0,55891.0,60.066201678685424,30887.0,29291.0,60178.0,64.67345162226353,30684.0,29064.0,59748.0,64.5931307365485,747.0,722.0,1469.0,5.130264720262625
AKLAN,0600400000,REGION 6,Aklan,Province,1st,2018,3633.0,3417.0,7050.0,75.91256595240658,3008.0,2976.0,5984.0,37.07911042603985,2129.0,2053.0,4182.0,25.91324194547103,4902.0,4675.0,9577.0,59.342687257717856,4939.0,4677.0,9616.0,59.584345898529264,4984.0,4850.0,9834.0,60.93515573691107,4951.0,4676.0,9627.0,59.652506027988906,4946.0,4724.0,9670.0,59.918950170422015,5014.0,4896.0,9910.0,61.40608026772307,0.0,0.0,0.0,0.0,0.0,0.0,0.0,0.0,4833.0,4634.0,9467.0,58.66108596312153,4917.0,4690.0,9607.0,59.52857851988048,4993.0,4846.0,9839.0,60.96613761393817,5224.0,4818.0,10042.0,62.22400182123866,4440.0,4265.0,8705.0,53.93944790419065,5159.0,4749.0,9908.0,61.39368751691223,408.0,440.0,848.0,5.254526343797091
AKLAN,0600400000,REGION 6,Aklan,Province,1st,2019,2392.0,2417.0,4809.0,42.436120919923276,2589.0,2330.0,4919.0,43.40679534312801,1728.0,1665.0,3393.0,29.940893799396896,4344.0,3916.0,8260.0,72.8888248697372,4456.0,4080.0,8536.0,75.32433524068726,4393.0,4045.0,8438.0,74.45955257274125,4558.0,3951.0,8509.0,75.0860787913552,4548.0,4145.0,8693.0,76.70975237198857,4472.0,4063.0,8535.0,75.31551092774905,4249.0,3837.0,8086.0,71.35339441848609,0.0,0.0,0.0,0.0,4386.0,3997.0,8383.0,73.97421536113887,4472.0,5304.0,9776.0,86.26648328408608,4422.0,4607.0,9029.0,79.67472151923212,3786.0,3641.0,7427.0,65.53817219219592,3753.0,3443.0,7196.0,63.49975590346598,3919.0,3707.0,7626.0,67.29421046690265,933.0,825.0,1758.0,15.513142145399275
AKLAN,0600400000,REGION 6,Aklan,Province,1st,2020,3010.0,2954.0,5964.0,53.43128471600072,2361.0,2108.0,4469.0,40.03762766529296,1651.0,1658.0,3309.0,29.645224870094967,4550.0,4262.0,8812.0,78.94642537179718,4581.0,4427.0,9008.0,80.70238308546855,4527.0,4356.0,8883.0,79.5825120946067,4524.0,4304.0,8828.0,79.08976885862748,4604.0,4410.0,9014.0,80.75613689302993,4614.0,4449.0,9063.0,81.19512632144777,4578.0,4399.0,8977.0,80.42465507973482,0.0,0.0,0.0,0.0,4573.0,4330.0,8903.0,79.7616914531446,4572.0,4731.0,9303.0,83.34527862390253,4590.0,4343.0,8933.0,80.03046049095144,4454.0,4357.0,8811.0,78.93746640387027,4237.0,4118.0,8355.0,74.85217702920623,4454.0,4357.0,8811.0,78.93746640387027,4237.0,4118.0,8355.0,74.85217702920623
AKLAN,0600400000,REGION 6,Aklan,Province,1st,2021,2559.0,2573.0,5132.0,45.69495147359986,2059.0,1871.0,3930.0,34.9924316623631,1357.0,1266.0,2623.0,23.35499955480367,3713.0,3484.0,7197.0,64.08155996794586,3729.0,3482.0,7211.0,64.20621494078888,3777.0,3523.0,7300.0,64.99866441100525,3648.0,3440.0,7088.0,63.11103196509661,3826.0,3543.0,7369.0,65.61303534858874,3758.0,3441.0,7199.0,64.09936782120916,3749.0,3431.0,7180.0,63.93019321520791,0.0,0.0,0.0,0.0,3695.0,3460.0,7155.0,63.70759504941679,3737.0,3510.0,7247.0,64.52675629952809,3783.0,3482.0,7265.0,64.6870269788977,3844.0,3524.0,7368.0,65.60413142195708,3927.0,3691.0,7618.0,67.83011307986823,3844.0,3524.0,7368.0,65.60413142195708,3927.0,3691.0,7618.0,67.83011307986823
AKLAN,0600400000,REGION 6,Aklan,Province,1st,2022,2484.0,2626.0,5110.0,45.26931254429483,2556.0,2569.0,5125.0,45.40219702338767,1739.0,1747.0,3486.0,30.88235294117647,3781.0,3502.0,7283.0,64.5198440822112,3808.0,3592.0,7400.0,65.55634301913537,3784.0,3541.0,7325.0,64.89192062367115,3810.0,3553.0,7363.0,65.22856130403969,3823.0,3611.0,7434.0,65.85754783841247,3805.0,3533.0,7338.0,65.00708717221828,3857.0,3551.0,7408.0,65.62721474131821,1420.0,1162.0,2582.0,22.87384833451453,3769.0,3508.0,7277.0,64.46669029057406,3858.0,3598.0,7456.0,66.05244507441532,3808.0,3557.0,7365.0,65.2462792345854,3783.0,3506.0,7289.0,64.57299787384834,12266.0,3558.0,7339.0,59.83205609000489,3487.0,3316.0,6803.0,55.46225338333605,595.0,554.0,1149.0,10.839622641509434
AKLAN,0600400000,REGION 6,Aklan,Province,1st,2023,2694.0,2648.0,5342.0,47.34556412301693,3136.0,2931.0,6067.0,53.77116015244172,2279.0,2180.0,4459.0,39.51963130373128,3820.0,3586.0,7406.0,65.6385713019587,3813.0,3743.0,7556.0,66.968004963219,3732.0,3677.0,7409.0,65.66515997518391,3563.0,3328.0,6891.0,61.074182398298326,3396.0,3316.0,6712.0,59.48772489586103,3178.0,3074.0,6252.0,55.41079500132944,3564.0,3430.0,6994.0,61.987060179030394,2619.0,2447.0,5066.0,44.899406186297966,3844.0,3589.0,7433.0,65.87786936098556,3840.0,3759.0,7599.0,67.34910927944695,3798.0,3726.0,7524.0,66.68439244881681,3580.0,3383.0,6963.0,61.712310555703276,3397.0,3222.0,6619.0,54.08563490766465,3171.0,3075.0,6246.0,51.03775126654683,460.0,462.0,922.0,9.033016557264622
AKLAN,0600400000,REGION 6,Aklan,Province,1st,2024,2788.0,2675.0,5463.0,48.42655792926159,2939.0,2729.0,5668.0,50.24377271518482,2354.0,2281.0,4635.0,41.0867830866058,3703.0,3389.0,7092.0,62.86676713057353,3515.0,3202.0,6717.0,59.542593741689565,3051.0,2817.0,5868.0,52.01666518925627,3885.0,3514.0,7399.0,65.5881570782732,4143.0,3791.0,7934.0,70.33064444641433,4215.0,3927.0,8142.0,72.17445261944863,3837.0,3502.0,7339.0,65.05628933605176,3137.0,2911.0,6048.0,53.612268415920575,3445.0,3177.0,6622.0,58.70046981650563,3145.0,2888.0,6033.0,53.479301480365216,2947.0,2781.0,5728.0,50.775640457406254,3670.0,3339.0,7009.0,62.131016753833876,12236.0,3529.0,7381.0,60.32200065380844,3817.0,3527.0,7344.0,60.01961425302387,320.0,301.0,621.0,6.0733496332518335
AKLAN,0600400000,REGION 6,Aklan,Province,1st,2025,2567.0,2463.0,5030.0,44.2275564934494,2652.0,2456.0,5108.0,41.39384116693679,2506.0,2356.0,4862.0,39.40032414910859,3490.0,3234.0,6724.0,54.489465153970826,3673.0,3450.0,7123.0,57.72285251215558,3858.0,3652.0,7510.0,60.85899513776337,3462.0,3236.0,6698.0,54.27876823338735,3525.0,3277.0,6802.0,55.12155591572123,3458.0,3305.0,6763.0,54.80551053484602,3505.0,3331.0,6836.0,55.39708265802269,3179.0,2837.0,6016.0,48.752025931928685,3598.0,3354.0,6952.0,56.33711507293355,4006.0,3813.0,7819.0,63.36304700162074,4028.0,3720.0,7748.0,62.78768233387358,3459.0,3174.0,6633.0,53.752025931928685,3386.0,3092.0,6478.0,52.49594813614262,3310.0,3028.0,6338.0,51.7979731938542,304.0,273.0,577.0,11.79476696647588
ANTIQUE,0600600000,REGION 6,Antique,Province,1st,2018,3854.0,3511.0,7365.0,83.97947548460661,3700.0,3540.0,7240.0,44.470709189263964,3128.0,2930.0,6058.0,37.21043594869628,4926.0,4448.0,9374.0,57.578512146430995,4914.0,4535.0,9449.0,58.039189382507615,4791.0,4396.0,9187.0,56.42989023781326,4882.0,4409.0,9291.0,57.06869600517286,4902.0,4539.0,9441.0,57.990050477326115,4891.0,4501.0,9392.0,57.68907468308938,0.0,0.0,0.0,0.0,0.0,0.0,0.0,0.0,4919.0,4502.0,9421.0,57.867203214372346,4944.0,4588.0,9532.0,58.549005523765764,4853.0,4433.0,9286.0,57.03798418943441,4756.0,4483.0,9239.0,56.74929312149306,4460.0,4091.0,8551.0,52.523347275883445,4735.0,4456.0,9191.0,56.454459690404015,50.0,43.0,93.0,0.5712397727350206
ANTIQUE,0600600000,REGION 6,Antique,Province,1st,2019,3618.0,3448.0,7066.0,56.51220725972761,2124.0,1996.0,4120.0,32.95079166573419,1712.0,1619.0,3331.0,26.64055510644674,4985.0,4484.0,9469.0,75.73083647641674,4899.0,4669.0,9568.0,76.52261520819046,4810.0,4629.0,9439.0,75.49090352739441,4956.0,4501.0,9457.0,75.63486329680781,4831.0,4631.0,9462.0,75.67485212164486,4831.0,4620.0,9451.0,75.58687670700334,4721.0,4551.0,9272.0,74.15527677783673,0.0,0.0,0.0,0.0,4925.0,4490.0,9415.0,75.29895716817654,4857.0,4558.0,9415.0,75.29895716817654,4717.0,4573.0,9290.0,74.29923654725013,4955.0,4547.0,9502.0,75.99476272034131,4242.0,3720.0,7962.0,63.67820467052805,3843.0,3425.0,7268.0,58.12775578314467,82.0,102.0,184.0,1.4715887540036625
ANTIQUE,0600600000,REGION 6,Antique,Province,1st,2020,3507.0,3355.0,6862.0,53.54244694132334,2457.0,2290.0,4747.0,37.0396379525593,1797.0,1628.0,3425.0,26.724406991260924,4631.0,4300.0,8931.0,69.68632958801498,4690.0,4461.0,9151.0,71.40293383270911,4721.0,4448.0,9169.0,71.54338327091136,4597.0,4289.0,8886.0,69.33520599250936,4710.0,4430.0,9140.0,71.31710362047441,4742.0,4438.0,9180.0,71.62921348314607,4585.0,4301.0,8886.0,69.33520599250936,0.0,0.0,0.0,0.0,4617.0,4303.0,8920.0,69.60049937578027,4720.0,4430.0,9150.0,71.39513108614233,4678.0,4397.0,9075.0,70.80992509363297,4629.0,4242.0,8871.0,69.21816479400749,4882.0,4486.0,9368.0,73.09612983770288,4629.0,4242.0,8871.0,69.21816479400749,4882.0,4486.0,9368.0,73.09612983770288
ANTIQUE,0600600000,REGION 6,Antique,Province,1st,2021,3148.0,3001.0,6149.0,47.354639969195226,3452.0,3271.0,6723.0,51.775125144397386,2980.0,2951.0,5931.0,45.67577974586061,4140.0,3800.0,7940.0,61.147477859068154,4139.0,3851.0,7990.0,61.53253754331921,4121.0,3820.0,7941.0,61.15517905275317,4052.0,3730.0,7782.0,59.93068925683481,4025.0,3736.0,7761.0,59.76896418944937,4069.0,3783.0,7852.0,60.469772814786296,3892.0,3646.0,7538.0,58.05159799768964,0.0,0.0,0.0,0.0,4147.0,3780.0,7927.0,61.04736234116288,4112.0,3833.0,7945.0,61.18598382749326,4112.0,3814.0,7926.0,61.039661147477865,3925.0,3605.0,7530.0,57.98998844820947,4284.0,4007.0,8291.0,63.85059684251059,3925.0,3605.0,7530.0,57.98998844820947,4284.0,4007.0,8291.0,63.85059684251059
ANTIQUE,0600600000,REGION 6,Antique,Province,1st,2022,3255.0,3083.0,6338.0,48.26378312519037,2851.0,2731.0,5582.0,42.50685348766372,3406.0,3781.0,7187.0,54.728906487968324,4265.0,4089.0,8354.0,63.61559549192811,4243.0,4058.0,8301.0,63.21200121839781,4190.0,3929.0,8119.0,61.826073713067316,4256.0,4044.0,8300.0,63.20438623210478,4252.0,4093.0,8345.0,63.547060615290896,4261.0,4004.0,8265.0,62.93786171184892,4201.0,4000.0,8201.0,62.450502589095336,1459.0,1328.0,2787.0,21.222966798659762,4249.0,4034.0,8283.0,63.07493146512336,4210.0,4021.0,8231.0,62.67895217788608,4209.0,3926.0,8135.0,61.94791349375571,4196.0,3839.0,8035.0,61.18641486445324,14222.0,3849.0,8042.0,56.546196034313034,3939.0,3651.0,7590.0,53.36802137533398,190.0,185.0,375.0,3.105332891685989
ANTIQUE,0600600000,REGION 6,Antique,Province,1st,2023,3506.0,3337.0,6843.0,57.359597652975694,2864.0,2645.0,5509.0,46.17770326906957,3544.0,3397.0,6941.0,58.1810561609388,4549.0,4256.0,8805.0,73.80553227158424,4532.0,4373.0,8905.0,74.64375523889355,4445.0,4331.0,8776.0,73.56244761106454,3893.0,3754.0,7647.0,64.0989103101425,3140.0,3076.0,6216.0,52.10393964794635,2695.0,2645.0,5340.0,44.761106454316845,4168.0,4040.0,8208.0,68.8013411567477,1562.0,1445.0,3007.0,25.20536462699078,4514.0,4347.0,8861.0,74.27493713327745,4527.0,4430.0,8957.0,75.07963118189438,4497.0,4417.0,8914.0,74.71919530595137,4391.0,4054.0,8445.0,70.78792958927075,4263.0,4072.0,8335.0,64.36790485751796,3937.0,3771.0,7708.0,59.52583211058769,252.0,238.0,490.0,4.424778761061947
ANTIQUE,0600600000,REGION 6,Antique,Province,1st,2024,3211.0,2869.0,6080.0,51.09673081771577,2713.0,2499.0,5212.0,43.80200016808135,3625.0,3347.0,6972.0,58.59315908899908,4166.0,3859.0,8025.0,67.4426422388436,4013.0,3756.0,7769.0,65.29120094125557,3307.0,3184.0,6491.0,54.550802588452804,4567.0,4203.0,8770.0,73.70367257752753,5215.0,4993.0,10208.0,85.7887217413228,5503.0,5256.0,10759.0,90.4193629716783,4432.0,4086.0,8518.0,71.5858475502143,3278.0,3081.0,6359.0,53.44146566938398,3396.0,3205.0,6601.0,55.47525002101017,3162.0,2970.0,6132.0,51.533742331288344,3254.0,3002.0,6256.0,52.57584670980755,4378.0,4059.0,8437.0,70.90511807714934,12896.0,4322.0,8886.0,68.90508684863524,4355.0,4161.0,8516.0,66.03598014888338,237.0,224.0,461.0,4.173456454825277
ANTIQUE,0600600000,REGION 6,Antique,Province,1st,2025,2885.0,2668.0,5553.0,46.581662612196965,3229.0,2913.0,6142.0,47.542379441133214,2393.0,2205.0,4598.0,35.59099001470702,4074.0,3682.0,7756.0,60.035606471089096,4289.0,3943.0,8232.0,63.72010217509095,4918.0,4517.0,9435.0,73.03196841860824,4023.0,3658.0,7681.0,59.455066181593,4080.0,3734.0,7814.0,60.484557628299406,4169.0,3829.0,7998.0,61.90881647186315,4126.0,3711.0,7837.0,60.66258998374487,3428.0,3141.0,6569.0,50.84758882266429,4472.0,3969.0,8441.0,65.33787444848672,4658.0,4321.0,8979.0,69.50228345847201,4389.0,4125.0,8514.0,65.90293366359626,4047.0,3684.0,7731.0,59.84209304125706,4183.0,3976.0,8159.0,63.15504295998142,4136.0,3927.0,8063.0,62.523263027295286,113.0,124.0,237.0,5.410958904109589
CAPIZ,0601900000,REGION 6,Capiz,Province,1st,2018,4344.0,3909.0,8253.0,82.82818145323164,5658.0,5263.0,10921.0,51.49088289348494,4873.0,4470.0,9343.0,44.05084872024812,5720.0,5399.0,11119.0,52.42442330305457,5831.0,5562.0,11393.0,53.71629235468124,5850.0,5673.0,11523.0,54.3292229266209,5730.0,5391.0,11121.0,52.433853004161335,5893.0,5624.0,11517.0,54.30093382330061,5996.0,5829.0,11825.0,55.75310779374226,0.0,0.0,0.0,0.0,0.0,0.0,0.0,0.0,5743.0,5407.0,11150.0,52.570583670209416,5856.0,5555.0,11411.0,53.801159664642114,5798.0,5675.0,11473.0,54.0934803989518,6180.0,5952.0,12132.0,57.200566913630546,5398.0,5219.0,10617.0,50.057568325256796,6102.0,5796.0,11898.0,56.09729188413915,980.0,959.0,1939.0,9.142095223007717
CAPIZ,0601900000,REGION 6,Capiz,Province,1st,2019,3397.0,3444.0,6841.0,46.78292347355364,5338.0,4924.0,10262.0,70.17780451477962,5214.0,4970.0,10184.0,69.64439302070899,5615.0,5363.0,10978.0,75.07424848599207,5734.0,5290.0,11024.0,75.38882449531579,5521.0,5291.0,10812.0,73.93903940886742,5773.0,5414.0,11187.0,76.50351774574544,5748.0,5305.0,11053.0,75.58714415336769,5581.0,5306.0,10887.0,74.45193507624302,5494.0,5273.0,10767.0,73.63130200844205,0.0,0.0,0.0,0.0,5770.0,5438.0,11208.0,76.64712853261061,5756.0,5314.0,11070.0,75.70340050463949,5530.0,5231.0,10761.0,73.590270355052,5365.0,4962.0,10327.0,70.62231409317182,4883.0,4476.0,9359.0,64.00254067957732,4710.0,4260.0,8970.0,61.342321818122514,1143.0,1055.0,2198.0,15.031262358554438
CAPIZ,0601900000,REGION 6,Capiz,Province,1st,2020,3154.0,3022.0,6176.0,44.15844415844416,4568.0,4289.0,8857.0,63.32761332761333,4430.0,4234.0,8664.0,61.94766194766195,5284.0,5085.0,10369.0,74.13842413842414,5373.0,5153.0,10526.0,75.26097526097526,5402.0,5064.0,10466.0,74.83197483197483,5289.0,5122.0,10411.0,74.43872443872444,5389.0,5169.0,10558.0,75.4897754897755,5517.0,5180.0,10697.0,76.4836264836265,5422.0,5139.0,10561.0,75.5112255112255,0.0,0.0,0.0,0.0,5351.0,5135.0,10486.0,74.97497497497497,5363.0,5201.0,10564.0,75.53267553267553,5549.0,5256.0,10805.0,77.25582725582726,5392.0,5049.0,10441.0,74.65322465322465,5172.0,4840.0,10012.0,71.58587158587159,5392.0,5049.0,10441.0,74.65322465322465,5172.0,4840.0,10012.0,71.58587158587159
CAPIZ,0601900000,REGION 6,Capiz,Province,1st,2021,2929.0,2769.0,5698.0,40.746567505720826,3670.0,3451.0,7121.0,50.922482837528605,3448.0,3236.0,6684.0,47.797482837528605,4695.0,4552.0,9247.0,66.12557208237986,4795.0,4711.0,9506.0,67.97768878718536,4697.0,4663.0,9360.0,66.93363844393593,4687.0,4548.0,9235.0,66.03975972540046,4651.0,4547.0,9198.0,65.77517162471396,4516.0,4505.0,9021.0,64.50943935926774,4628.0,4620.0,9248.0,66.13272311212815,0.0,0.0,0.0,0.0,4704.0,4607.0,9311.0,66.58323798627002,4813.0,4728.0,9541.0,68.22797482837528,4645.0,4684.0,9329.0,66.71195652173914,4542.0,4383.0,8925.0,63.82294050343249,4582.0,4468.0,9050.0,64.71681922196795,4542.0,4383.0,8925.0,63.82294050343249,4582.0,4468.0,9050.0,64.71681922196795
CAPIZ,0601900000,REGION 6,Capiz,Province,1st,2022,3107.0,2982.0,6089.0,43.57066189624329,3977.0,3791.0,7768.0,55.58497316636851,3777.0,3597.0,7374.0,52.76565295169946,4912.0,4504.0,9416.0,67.37745974955277,4869.0,4633.0,9502.0,67.99284436493738,4996.0,4703.0,9699.0,69.40250447227191,4926.0,4529.0,9455.0,67.65652951699464,4888.0,4610.0,9498.0,67.96422182468694,5007.0,4711.0,9718.0,69.53846153846153,4952.0,4646.0,9598.0,68.67978533094812,2150.0,1937.0,4087.0,29.245080500894456,4930.0,4509.0,9439.0,67.54203935599284,4864.0,4565.0,9429.0,67.47048300536672,4992.0,4681.0,9673.0,69.21645796064401,4858.0,4495.0,9353.0,66.92665474060823,15161.0,4427.0,9140.0,60.28626080073873,4038.0,3910.0,7948.0,52.4239825869006,774.0,642.0,1416.0,10.834799908179662
CAPIZ,0601900000,REGION 6,Capiz,Province,1st,2023,3655.0,3257.0,6912.0,49.61596439595147,5127.0,4554.0,9681.0,69.49249874380877,5231.0,4570.0,9801.0,70.35388701457181,5063.0,4616.0,9679.0,69.47814227262938,5175.0,4814.0,9989.0,71.70339530543393,5072.0,4809.0,9881.0,70.92814586174718,5059.0,4542.0,9601.0,68.91823989663341,5136.0,4786.0,9922.0,71.22245352092456,5095.0,4805.0,9900.0,71.06453233795133,5217.0,4862.0,10079.0,72.3494365085062,4627.0,4381.0,9008.0,64.66154619194602,5082.0,4577.0,9659.0,69.33457756083554,5270.0,4895.0,10165.0,72.96676476921972,5297.0,5032.0,10329.0,74.14399540592922,4983.0,4638.0,9621.0,69.06180460842725,5094.0,4791.0,9885.0,65.0885625864226,4730.0,4488.0,9218.0,60.69664844933167,394.0,334.0,728.0,5.516823279781752
CAPIZ,0601900000,REGION 6,Capiz,Province,1st,2024,3695.0,3481.0,7176.0,51.73010380622838,3983.0,3707.0,7690.0,55.43540945790081,4422.0,4137.0,8559.0,61.699826989619375,4368.0,4201.0,8569.0,61.771914648212224,4535.0,4406.0,8941.0,64.45357554786621,4214.0,3938.0,8152.0,58.76585928489043,4371.0,4217.0,8588.0,61.908881199538634,4605.0,4571.0,9176.0,66.14763552479815,4846.0,4560.0,9406.0,67.80565167243367,4866.0,4501.0,9367.0,67.52450980392157,4680.0,4247.0,8927.0,64.35265282583622,4175.0,3988.0,8163.0,58.845155709342556,4079.0,3984.0,8063.0,58.12427912341407,4102.0,3833.0,7935.0,57.201557093425606,5085.0,4557.0,9642.0,69.50692041522491,15118.0,4990.0,10526.0,69.62561185341977,5234.0,4767.0,10001.0,66.15293028178331,307.0,224.0,531.0,4.021813224267213
CAPIZ,0601900000,REGION 6,Capiz,Province,1st,2025,3588.0,3363.0,6951.0,49.73881932021467,4099.0,3906.0,8005.0,52.54693448864383,4308.0,4068.0,8376.0,54.98227648680582,4336.0,4031.0,8367.0,54.92319810949192,4453.0,4278.0,8731.0,57.312590258632014,4716.0,4554.0,9270.0,60.85072863332021,4318.0,3980.0,8298.0,54.47026388341867,4396.0,4220.0,8616.0,56.55769988184325,4526.0,4354.0,8880.0,58.29066561638441,4550.0,4375.0,8925.0,58.58605750295391,4344.0,4088.0,8432.0,55.34987527898123,4300.0,4034.0,8334.0,54.70657739267428,4688.0,4585.0,9273.0,60.87042142575817,4766.0,4700.0,9466.0,62.137324405934095,4480.0,4208.0,8688.0,57.03032690035447,4721.0,4562.0,9283.0,60.93606406721806,4710.0,4519.0,9229.0,61.04643471358645,165.0,175.0,340.0,6.64451827242525
ILOILO,0603000000,REGION 6,Iloilo,Province,1st,2018,13232.0,12332.0,25564.0,127.09555533459283,10974.0,10406.0,21380.0,39.40402463271275,8901.0,8487.0,17388.0,32.04664080044945,16051.0,14883.0,30934.0,57.01235257195211,16137.0,15268.0,31405.0,57.880420654365935,16415.0,15224.0,31639.0,58.311690147539686,16034.0,14902.0,30936.0,57.016038635996324,16156.0,15280.0,31436.0,57.93755464705135,16543.0,15496.0,32039.0,59.04890295638371,0.0,0.0,0.0,0.0,0.0,0.0,0.0,0.0,16142.0,15155.0,31297.0,57.68137319597806,16461.0,15601.0,32062.0,59.09129269289224,16834.0,15919.0,32753.0,60.36482782017028,17185.0,15766.0,32951.0,60.72974816054807,15026.0,13814.0,28840.0,53.15304351765368,17176.0,15851.0,33027.0,60.869818594228434,2404.0,2113.0,4517.0,8.32497564387107
ILOILO,0603000000,REGION 6,Iloilo,Province,1st,2019,11371.0,11070.0,22441.0,58.17927473063418,9596.0,9259.0,18855.0,48.88241277332149,8173.0,8060.0,16233.0,42.08476300977607,14406.0,13864.0,28270.0,73.29121236286387,14536.0,14094.0,28630.0,74.2245281198724,14292.0,14013.0,28305.0,73.38195139479527,14535.0,14278.0,28813.0,74.69896362968507,14558.0,14193.0,28751.0,74.53822591597805,14382.0,14053.0,28435.0,73.71898208482612,13926.0,13759.0,27685.0,71.77457425772502,0.0,0.0,0.0,0.0,14668.0,14260.0,28928.0,74.9971061631739,14468.0,14305.0,28773.0,74.59526187890634,14228.0,13892.0,28120.0,72.90233079744365,14086.0,13850.0,27936.0,72.42530274386152,13173.0,12798.0,25971.0,67.33095423685666,13178.0,12811.0,25989.0,67.37762002470708,2107.0,2103.0,4210.0,10.914609269460804
ILOILO,0603000000,REGION 6,Iloilo,Province,1st,2020,10164.0,9893.0,20057.0,54.88902876221231,8844.0,8481.0,17325.0,47.412495552940534,7673.0,7509.0,15182.0,41.547850359869734,13984.0,13296.0,27280.0,74.65586601351906,14612.0,13753.0,28365.0,77.62513341178402,14263.0,13645.0,27908.0,76.37448345693878,14258.0,12934.0,27192.0,74.4150406392819,14237.0,13453.0,27690.0,75.77789332530583,14060.0,13481.0,27541.0,75.37013218029063,13768.0,13259.0,27027.0,73.96349306258723,0.0,0.0,0.0,0.0,14253.0,13117.0,27370.0,74.90216469171615,14546.0,13766.0,28312.0,77.48009085684573,14543.0,13770.0,28313.0,77.48282750882571,14229.0,13142.0,27371.0,74.90490134369611,14850.0,13440.0,28290.0,77.41988451328645,14229.0,13142.0,27371.0,74.90490134369611,14850.0,13440.0,28290.0,77.41988451328645
ILOILO,0603000000,REGION 6,Iloilo,Province,1st,2021,9581.0,9023.0,18604.0,51.09024001757566,8303.0,8067.0,16370.0,44.95523699675949,9360.0,8570.0,17930.0,49.23930356456308,12113.0,11208.0,23321.0,64.04404899214587,12511.0,12013.0,24524.0,67.34772340308672,12581.0,11725.0,24306.0,66.74905256220136,12169.0,11337.0,23506.0,64.5520953479431,12630.0,11920.0,24550.0,67.41912451255013,12668.0,12007.0,24675.0,67.76239907727796,12647.0,11937.0,24584.0,67.5124951941561,0.0,0.0,0.0,0.0,12122.0,11140.0,23262.0,63.88202339759433,12328.0,11616.0,23944.0,65.7549294227495,11991.0,11471.0,23462.0,64.4312627011589,12618.0,11484.0,24102.0,66.1888284725655,13306.0,12471.0,25777.0,70.78870763991871,12618.0,11484.0,24102.0,66.1888284725655,13306.0,12471.0,25777.0,70.78870763991871
ILOILO,0603000000,REGION 6,Iloilo,Province,1st,2022,10247.0,9952.0,20199.0,55.69526015385888,9657.0,9080.0,18737.0,51.66404720544848,9185.0,8666.0,17851.0,49.22105495353903,12687.0,11861.0,24548.0,67.68687787796068,12778.0,11943.0,24721.0,68.16389555243059,12596.0,11811.0,24407.0,67.29809468662971,12845.0,11957.0,24802.0,68.38723908787603,12912.0,12059.0,24971.0,68.85322745195357,12602.0,11897.0,24499.0,67.55176882565418,12491.0,11640.0,24131.0,66.53707226955635,8123.0,7813.0,15936.0,43.94077260319298,12559.0,11729.0,24288.0,66.96997270245679,12589.0,11781.0,24370.0,67.19607356550031,12336.0,11469.0,23805.0,65.63818347257838,12214.0,11138.0,23352.0,64.38911407064273,39296.0,11909.0,25000.0,63.619706840390876,12960.0,11941.0,24901.0,63.367772801302934,132.0,146.0,278.0,0.8372737403246695
ILOILO,0603000000,REGION 6,Iloilo,Province,1st,2023,10558.0,9919.0,20477.0,56.66021029330381,9952.0,9398.0,19350.0,53.54178195904815,9653.0,9253.0,18906.0,52.31322634200332,13799.0,12833.0,26632.0,73.69120088544548,13801.0,12778.0,26579.0,73.54454897620364,13981.0,12858.0,26839.0,74.26397343663531,13572.0,12607.0,26179.0,72.4377421140011,13797.0,12521.0,26318.0,72.8223574986165,13216.0,12397.0,25613.0,70.8716104039845,13569.0,12361.0,25930.0,71.74875484228002,10343.0,9461.0,19804.0,54.798007747648036,14549.0,12893.0,27442.0,75.93248478140563,13829.0,12837.0,26666.0,73.7852794687327,13721.0,12777.0,26498.0,73.32042058660764,13010.0,11904.0,24914.0,68.93746541228556,13901.0,13146.0,27047.0,68.95347355003186,13870.0,13156.0,27026.0,68.89993626513703,9.0,8.0,17.0,0.04928250471082766
ILOILO,0603000000,REGION 6,Iloilo,Province,1st,2024,9789.0,9259.0,19048.0,52.93905116589311,7882.0,7378.0,15260.0,42.41127261610294,7247.0,6958.0,14205.0,39.47916956171313,12385.0,11451.0,23836.0,66.24607431700063,12434.0,12082.0,24516.0,68.13596064589645,12177.0,11710.0,23887.0,66.38781579166782,12442.0,11591.0,24033.0,66.79358550346016,12915.0,12362.0,25277.0,70.25096578749896,13017.0,12445.0,25462.0,70.76512603874266,12665.0,12190.0,24855.0,69.07812456574302,11731.0,10742.0,22473.0,62.45796392540508,11872.0,10979.0,22851.0,63.50851838470304,11477.0,10850.0,22327.0,62.052194213612744,11085.0,10702.0,21787.0,60.551402128901366,13228.0,12135.0,25363.0,70.48998082321225,39077.0,13893.0,28778.0,73.64434321979681,14858.0,13875.0,28733.0,73.52918596616935,59.0,65.0,124.0,0.3617164026720341
ILOILO,0603000000,REGION 6,Iloilo,Province,1st,2025,9476.0,8639.0,18115.0,50.05664704744536,7779.0,7034.0,14813.0,37.6844408262949,7026.0,6388.0,13414.0,34.12536888165259,12468.0,11536.0,24004.0,61.0664495776941,12837.0,11991.0,24828.0,63.162714968963066,13117.0,12376.0,25493.0,64.85448254808182,12525.0,11479.0,24004.0,61.0664495776941,12683.0,11858.0,24541.0,62.43258369797496,12756.0,12071.0,24827.0,63.16017095756589,9532.0,8895.0,18427.0,46.87849801567111,8177.0,7682.0,15859.0,40.34547674773583,12616.0,11777.0,24393.0,62.056070011193654,13632.0,12691.0,26323.0,66.9660120077338,13857.0,13204.0,27061.0,68.84349241884604,12781.0,11919.0,24700.0,62.837081510125174,14056.0,13442.0,27498.0,69.9552253994098,13999.0,13379.0,27378.0,70.0616731069427,99.0,98.0,197.0,1.9044856921887083
GUIMARAS,0607900000,REGION 6,Guimaras,Province,2nd,2018,1324.0,1262.0,2586.0,145.36256323777403,294.0,284.0,578.0,11.798550166394259,258.0,285.0,543.0,11.08410508711433,1486.0,1443.0,2929.0,59.78884677745464,1523.0,1483.0,3006.0,61.36062595187048,1504.0,1467.0,2971.0,60.64618087259056,1486.0,1442.0,2928.0,59.768434060903786,1521.0,1484.0,3005.0,61.34021323531963,1507.0,1467.0,2974.0,60.70741902224312,0.0,0.0,0.0,0.0,0.0,0.0,0.0,0.0,1488.0,1448.0,2936.0,59.93173579331062,1519.0,1450.0,2969.0,60.605355439488854,1504.0,1453.0,2957.0,60.36040284087859,1644.0,1576.0,3220.0,65.72894729375348,1453.0,1357.0,2810.0,57.35973350790289,1644.0,1571.0,3215.0,65.62688371099921,1.0,5.0,6.0,0.12247629930513071
GUIMARAS,0607900000,REGION 6,Guimaras,Province,2nd,2019,1190.0,1216.0,2406.0,74.80070262240453,236.0,240.0,476.0,14.798476495538052,277.0,266.0,543.0,16.88145532999404,1465.0,1371.0,2836.0,88.16907424652504,1358.0,1360.0,2718.0,84.50054435897569,1354.0,1358.0,2712.0,84.3140089409647,1384.0,1271.0,2655.0,82.54192246986035,1348.0,1354.0,2702.0,84.00311657761306,1372.0,1362.0,2734.0,84.9979721403383,1380.0,1373.0,2753.0,85.58866763070642,0.0,0.0,0.0,0.0,1367.0,1303.0,2670.0,83.00826101488782,1354.0,1359.0,2713.0,84.34509817729986,1383.0,1343.0,2726.0,84.749258249657,1253.0,1313.0,2566.0,79.77498043603076,1275.0,1336.0,2611.0,81.17399607111314,1262.0,1323.0,2585.0,80.36567592639886,23.0,16.0,39.0,1.212480217071395
GUIMARAS,0607900000,REGION 6,Guimaras,Province,2nd,2020,1255.0,1204.0,2459.0,79.70826580226904,1177.0,1080.0,2257.0,73.16045380875202,1275.0,1130.0,2405.0,77.9578606158833,1325.0,1312.0,2637.0,85.47811993517018,1359.0,1340.0,2699.0,87.48784440842788,1399.0,1359.0,2758.0,89.40032414910858,1328.0,1318.0,2646.0,85.76985413290113,1362.0,1336.0,2698.0,87.45542949756889,1401.0,1355.0,2756.0,89.33549432739059,1399.0,1375.0,2774.0,89.91896272285251,0.0,0.0,0.0,0.0,1332.0,1315.0,2647.0,85.80226904376012,1353.0,1321.0,2674.0,86.677471636953,1402.0,1351.0,2753.0,89.23824959481361,1436.0,1339.0,2775.0,89.9513776337115,1477.0,1384.0,2861.0,92.73905996758509,1436.0,1339.0,2775.0,89.9513776337115,1477.0,1384.0,2861.0,92.73905996758509
GUIMARAS,0607900000,REGION 6,Guimaras,Province,2nd,2021,1175.0,1083.0,2258.0,73.19286871961103,607.0,577.0,1184.0,38.379254457050244,643.0,591.0,1234.0,40.0,1193.0,1171.0,2364.0,76.6288492706645,1224.0,1203.0,2427.0,78.6709886547812,1202.0,1151.0,2353.0,76.27228525121555,1196.0,1170.0,2366.0,76.6936790923825,1232.0,1207.0,2439.0,79.05996758508914,1203.0,1154.0,2357.0,76.40194489465154,1196.0,1156.0,2352.0,76.23987034035656,0.0,0.0,0.0,0.0,1194.0,1169.0,2363.0,76.59643435980551,1222.0,1209.0,2431.0,78.80064829821718,1192.0,1144.0,2336.0,75.72123176661265,1205.0,1182.0,2387.0,77.3743922204214,1347.0,1288.0,2635.0,85.41329011345219,1205.0,1182.0,2387.0,77.3743922204214,1347.0,1288.0,2635.0,85.41329011345219
GUIMARAS,0607900000,REGION 6,Guimaras,Province,2nd,2022,1117.0,1049.0,2166.0,70.23346303501945,1557.0,1502.0,3059.0,99.18936446173801,1353.0,1319.0,2672.0,86.64072632944229,1213.0,1159.0,2372.0,76.91309987029832,1199.0,1153.0,2352.0,76.26459143968872,1209.0,1191.0,2400.0,77.82101167315176,1212.0,1161.0,2373.0,76.9455252918288,1198.0,1141.0,2339.0,75.84306095979247,1216.0,1192.0,2408.0,78.0804150453956,1198.0,1170.0,2368.0,76.7833981841764,454.0,426.0,880.0,28.534370946822307,1211.0,1159.0,2370.0,76.84824902723736,1196.0,1190.0,2386.0,77.36705577172503,1214.0,1185.0,2399.0,77.78858625162127,1269.0,1221.0,2490.0,80.73929961089495,3371.0,1241.0,2513.0,74.54761198457432,1199.0,1170.0,2369.0,70.27588252743993,72.0,62.0,134.0,4.364820846905538
GUIMARAS,0607900000,REGION 6,Guimaras,Province,2nd,2023,1161.0,1178.0,2339.0,69.80005968367652,1150.0,1128.0,2278.0,67.97970754998508,703.0,732.0,1435.0,42.82303789913458,1230.0,1225.0,2455.0,73.26171292151597,1292.0,1245.0,2537.0,75.70874365860936,1324.0,1213.0,2537.0,75.70874365860936,1120.0,1144.0,2264.0,67.56192181438377,1044.0,1021.0,2065.0,61.623396001193676,1000.0,950.0,1950.0,58.19158460161146,1234.0,1144.0,2378.0,70.96389137570874,1047.0,932.0,1979.0,59.05699791107132,1244.0,1226.0,2470.0,73.70934049537452,1291.0,1243.0,2534.0,75.61921814383766,1325.0,1210.0,2535.0,75.6490599820949,1284.0,1154.0,2438.0,72.75440167114294,1293.0,1159.0,2452.0,67.0494941208641,1250.0,1113.0,2363.0,64.61580530489472,43.0,46.0,89.0,2.7367773677736777
GUIMARAS,0607900000,REGION 6,Guimaras,Province,2nd,2024,1087.0,1065.0,2152.0,64.0285629277001,1073.0,1024.0,2097.0,62.392145194882474,617.0,546.0,1163.0,34.60279678667063,1141.0,1111.0,2252.0,67.0038678964594,1104.0,1113.0,2217.0,65.96251115739364,987.0,983.0,1970.0,58.61350788455817,1200.0,1173.0,2373.0,70.60398690865813,1386.0,1350.0,2736.0,81.40434394525438,1430.0,1393.0,2823.0,83.99285926807498,1242.0,1236.0,2478.0,73.7280571258554,1168.0,1167.0,2335.0,69.47337102052961,1148.0,1121.0,2269.0,67.50966974114847,1173.0,1177.0,2350.0,69.9196667658435,1181.0,1202.0,2383.0,70.90151740553407,1204.0,1222.0,2426.0,72.18089854210056,3663.0,1277.0,2536.0,69.23286923286923,1225.0,1248.0,2473.0,67.51296751296752,34.0,29.0,63.0,1.9254278728606355
GUIMARAS,0607900000,REGION 6,Guimaras,Province,2nd,2025,1035.0,1005.0,2040.0,60.194747713189734,968.0,905.0,1873.0,50.66269948606978,955.0,900.0,1855.0,50.175818230998104,1056.0,1086.0,2142.0,57.93886935352989,1133.0,1111.0,2244.0,60.697863132269404,1292.0,1251.0,2543.0,68.7855017581823,1051.0,1083.0,2134.0,57.72247768460914,1093.0,1080.0,2173.0,58.77738707059778,1170.0,1129.0,2299.0,62.18555585609954,1144.0,1102.0,2246.0,60.75196104949959,1165.0,1119.0,2284.0,61.779821476873146,1057.0,1083.0,2140.0,57.8847714362997,1102.0,1075.0,2177.0,58.88558290505815,1180.0,1135.0,2315.0,62.61833919394103,1176.0,1118.0,2294.0,62.050311063024076,1271.0,1177.0,2448.0,66.21585068974845,1265.0,1172.0,2437.0,66.53016653016654,18.0,19.0,37.0,3.1092436974789917
CITY OF ILOILO,0631000000,REGION 6,Woile,City,1st,2018,2640.0,2660.0,5300.0,37.99010823596875,7464.0,7022.0,14486.0,115.40142144661249,7773.0,7316.0,15089.0,120.2051669341389,3895.0,3759.0,7654.0,60.97490540883419,3836.0,3723.0,7559.0,60.218096418262036,3887.0,3862.0,7749.0,61.73171439940634,3909.0,3756.0,7665.0,61.062535923532025,3825.0,3716.0,7541.0,60.07470103057469,3935.0,3924.0,7859.0,62.60801954638462,0.0,0.0,0.0,0.0,0.0,0.0,0.0,0.0,3951.0,3824.0,7775.0,61.9388410705103,3866.0,3749.0,7615.0,60.66421540217826,3896.0,3835.0,7731.0,61.58831901171899,4099.0,3802.0,7901.0,62.942608784321784,3371.0,3125.0,6496.0,51.74980213428102,3954.0,3694.0,7648.0,60.927106946271735,25.0,29.0,54.0,0.4301861630620651
CITY OF ILOILO,0631000000,REGION 6,Woile,City,1st,2019,2675.0,2789.0,5464.0,61.230352775413145,6999.0,6455.0,13454.0,150.76741695468675,8982.0,8112.0,17094.0,191.55776909643342,3540.0,3407.0,6947.0,77.84905943096543,3552.0,3419.0,6971.0,78.1180068077242,3630.0,3456.0,7086.0,79.40671298802664,3545.0,3404.0,6949.0,77.871471712362,3590.0,3414.0,7004.0,78.48780945076751,3624.0,3430.0,7054.0,79.0481164856816,3632.0,3412.0,7044.0,78.93605507869879,0.0,0.0,0.0,0.0,3334.0,3200.0,6534.0,73.22092332257493,3421.0,3266.0,6687.0,74.93546284941209,3541.0,3374.0,6915.0,77.4904629286204,3749.0,3630.0,7379.0,82.69011221262328,3820.0,3786.0,7606.0,85.23390615113331,3570.0,3595.0,7165.0,80.29199810319092,240.0,225.0,465.0,5.210855424701155
CITY OF ILOILO,0631000000,REGION 6,Woile,City,1st,2020,2446.0,2477.0,4923.0,58.23967822075002,3256.0,3089.0,6345.0,75.06210812729208,3215.0,2927.0,6142.0,72.6605938719981,3391.0,3330.0,6721.0,79.51023305335384,3523.0,3380.0,6903.0,81.66331479947947,3551.0,3401.0,6952.0,82.2429906542056,3403.0,3392.0,6795.0,80.38566189518515,3527.0,3377.0,6904.0,81.67514491896368,3552.0,3398.0,6950.0,82.2193304152372,3540.0,3369.0,6909.0,81.73429551638472,0.0,0.0,0.0,0.0,3430.0,3410.0,6840.0,80.91801727197445,3540.0,3396.0,6936.0,82.0537087424583,3547.0,3362.0,6909.0,81.73429551638472,3708.0,3368.0,7076.0,83.70992547024724,3899.0,3658.0,7557.0,89.40021294215072,3708.0,3368.0,7076.0,83.70992547024724,3899.0,3658.0,7557.0,89.40021294215072
CITY OF ILOILO,0631000000,REGION 6,Woile,City,1st,2021,2181.0,1997.0,4178.0,49.56109134045077,956.0,862.0,1818.0,21.565836298932382,430.0,410.0,840.0,9.9644128113879,2805.0,2516.0,5321.0,63.119810201660734,2730.0,2574.0,5304.0,62.918149466192176,2809.0,2622.0,5431.0,64.42467378410439,2804.0,2507.0,5311.0,63.0011862396204,2736.0,2574.0,5310.0,62.989323843416365,2812.0,2619.0,5431.0,64.42467378410439,2810.0,2629.0,5439.0,64.51957295373666,0.0,0.0,0.0,0.0,2794.0,2520.0,5314.0,63.03677342823251,2739.0,2567.0,5306.0,62.94187425860024,2778.0,2616.0,5394.0,63.98576512455516,3044.0,2923.0,5967.0,70.78291814946618,3349.0,3226.0,6575.0,77.99525504151839,3044.0,2923.0,5967.0,70.78291814946618,3349.0,3226.0,6575.0,77.99525504151839
CITY OF ILOILO,0631000000,REGION 6,Woile,City,1st,2022,2632.0,2551.0,5183.0,61.768561554045995,2317.0,2115.0,4432.0,52.818496007627225,2121.0,1977.0,4098.0,48.83804075795496,3206.0,3066.0,6272.0,74.74675247288762,3304.0,3094.0,6398.0,76.24836133953045,3268.0,3024.0,6292.0,74.98510308664045,3199.0,3070.0,6269.0,74.71099988082469,3307.0,3082.0,6389.0,76.14110356334167,3264.0,3024.0,6288.0,74.93743296388988,3092.0,2841.0,5933.0,70.70670956977713,2250.0,2088.0,4338.0,51.69824812298892,3210.0,3062.0,6272.0,74.74675247288762,3306.0,3111.0,6417.0,76.47479442259564,3275.0,3027.0,6302.0,75.10427839351686,3186.0,2927.0,6113.0,72.85186509355262,9093.0,3159.0,6642.0,73.04519960409107,3379.0,3068.0,6447.0,70.90069284064666,104.0,91.0,195.0,2.5377407600208226
CITY OF ILOILO,0631000000,REGION 6,Woile,City,1st,2023,2755.0,2715.0,5470.0,62.571493937314116,4834.0,4598.0,9432.0,107.89293067947838,4454.0,4228.0,8682.0,99.31365820178449,3262.0,3150.0,6412.0,73.34706016929763,3337.0,3210.0,6547.0,74.89132921528254,3334.0,3242.0,6576.0,75.22306108442004,3134.0,2967.0,6101.0,69.78952184854724,2878.0,2782.0,5660.0,64.74490963166323,2602.0,2565.0,5167.0,59.10546785632579,3157.0,3132.0,6289.0,71.94005948295585,2991.0,2845.0,5836.0,66.75817890642874,3263.0,3170.0,6433.0,73.58727979867308,3343.0,3215.0,6558.0,75.0171585449554,3330.0,3235.0,6565.0,75.0972317547472,3421.0,3257.0,6678.0,76.38984214138641,3494.0,3358.0,6852.0,71.89172175007869,3430.0,3300.0,6730.0,70.61168817542756,65.0,57.0,122.0,1.4422508570753045
CITY OF ILOILO,0631000000,REGION 6,Woile,City,1st,2024,2459.0,2320.0,4779.0,54.717197160522105,2470.0,2374.0,4844.0,55.46141515914815,2480.0,2377.0,4857.0,55.610258758873364,2896.0,2802.0,5698.0,65.23929471032746,2984.0,2820.0,5804.0,66.45294252347149,2979.0,2804.0,5783.0,66.21250286237692,2955.0,2837.0,5792.0,66.31554843141745,3358.0,3159.0,6517.0,74.6164414930158,3627.0,3461.0,7088.0,81.15411037325396,3030.0,2870.0,5900.0,67.55209525990382,2931.0,2908.0,5839.0,66.85367529196245,2892.0,2793.0,5685.0,65.09045111060225,3051.0,2895.0,5946.0,68.07877261277766,3147.0,2946.0,6093.0,69.76185024043966,3206.0,3117.0,6323.0,72.39523700480879,9509.0,3412.0,6863.0,72.17373015038385,3423.0,3375.0,6798.0,71.49016721001156,28.0,37.0,65.0,0.768775872264932
CITY OF ILOILO,0631000000,REGION 6,Woile,City,1st,2025,2152.0,2101.0,4253.0,48.46723646723647,4107.0,3821.0,7928.0,83.00701497225421,4170.0,3999.0,8169.0,85.53031096220292,2735.0,2672.0,5407.0,56.611873102292954,2832.0,2783.0,5615.0,58.78965553345199,2983.0,2868.0,5851.0,61.26060098419014,2733.0,2668.0,5401.0,56.549052455240286,2813.0,2752.0,5565.0,58.26615014134645,2912.0,2795.0,5707.0,59.752905454926186,2769.0,2636.0,5405.0,56.590932886608734,2566.0,2373.0,4939.0,51.71186263218511,2734.0,2672.0,5406.0,56.601402994450844,2823.0,2766.0,5589.0,58.517432729557115,2917.0,2805.0,5722.0,59.90995707255785,3019.0,2826.0,5845.0,61.19778033713747,3270.0,3042.0,6312.0,66.08732069940321,3264.0,3039.0,6303.0,66.28457251025345,48.0,33.0,81.0,2.987827369974179
REGION 7,0700000000,REGION 7,,Region,,2018,57157.0,52973.0,110130.0,72.14873921503116,65314.0,60453.0,125767.0,60.08322888983299,53594.0,50499.0,104093.0,49.728812365957566,74884.0,69056.0,143940.0,68.76509709544284,74323.0,68831.0,143154.0,68.38959781576368,73610.0,68320.0,141930.0,67.80485084588163,74518.0,68521.0,143039.0,68.33465835372411,73297.0,68184.0,141481.0,67.59034807670105,73500.0,68596.0,142096.0,67.88415476499962,0.0,0.0,0.0,0.0,0.0,0.0,0.0,0.0,71518.0,65709.0,137227.0,65.55806571568942,72405.0,67198.0,139603.0,66.69316277487222,71984.0,67468.0,139452.0,66.621024872542,75718.0,70581.0,146299.0,69.89207266893284,66758.0,62785.0,129543.0,61.887154182541,73920.0,68715.0,142635.0,68.14165363490685,5928.0,5367.0,11295.0,5.396010641190961
REGION 7,0700000000,REGION 7,,Region,,2019,54713.0,51873.0,106586.0,61.38344460292372,63663.0,59901.0,123564.0,71.16116515223075,48250.0,44967.0,93217.0,53.68416635909726,74005.0,68384.0,142389.0,82.00258283044401,73675.0,68399.0,142074.0,81.82117265415519,71866.0,66856.0,138722.0,79.89073801631345,73771.0,68380.0,142151.0,81.86551736391469,74683.0,69321.0,144004.0,82.93266992475023,70537.0,65670.0,136207.0,78.44233613261058,65726.0,61263.0,126989.0,73.13364087854578,0.0,0.0,0.0,0.0,75245.0,69557.0,144802.0,83.39224237134859,73338.0,68467.0,141805.0,81.66625412265775,68733.0,64809.0,133542.0,76.90754845067495,70267.0,64522.0,134789.0,77.62570238665009,65016.0,60036.0,125052.0,72.01811227069989,61258.0,56651.0,117909.0,67.90442055885514,9627.0,9025.0,18652.0,10.741786057584799
REGION 7,0700000000,REGION 7,,Region,,2020,48650.0,47370.0,96020.0,58.813440972179684,57513.0,55048.0,112561.0,68.94500863642489,44073.0,43272.0,87345.0,53.49989587289142,70332.0,65886.0,136218.0,83.4352145630949,69210.0,65380.0,134590.0,82.4380443703985,67642.0,64402.0,132044.0,80.87858779140278,69672.0,65473.0,135145.0,82.77798875427227,69304.0,65252.0,134556.0,82.41721894868371,69010.0,65581.0,134591.0,82.43865688280188,68092.0,64650.0,132742.0,81.30612144895935,0.0,0.0,0.0,0.0,69031.0,64979.0,134010.0,82.08278717644032,66747.0,65047.0,131794.0,80.72545969055874,65387.0,62502.0,127889.0,78.3335987553748,69096.0,64515.0,133611.0,81.83839472749324,68057.0,64332.0,132389.0,81.08990457056755,69096.0,64515.0,133611.0,81.83839472749324,68057.0,64332.0,132389.0,81.08990457056755
REGION 7,0700000000,REGION 7,,Region,,2021,42485.0,42089.0,84574.0,51.93049244750092,50609.0,48272.0,98881.0,60.71533832739776,38335.0,36816.0,75151.0,46.14454132383642,61162.0,58847.0,120009.0,73.68844406238487,61496.0,58699.0,120195.0,73.80265258504237,61066.0,58261.0,119327.0,73.26967947930738,60841.0,57965.0,118806.0,72.94977281100331,61128.0,58346.0,119474.0,73.35994105366572,61296.0,58484.0,119780.0,73.54783249416677,61192.0,58612.0,119804.0,73.56256907773547,0.0,0.0,0.0,0.0,58506.0,55658.0,114164.0,70.09947193908879,57292.0,54899.0,112191.0,68.88800196487782,56068.0,53966.0,110034.0,67.56355151664006,62335.0,59714.0,122049.0,74.94105366572516,62659.0,61195.0,123854.0,76.04936755495517,62335.0,59714.0,122049.0,74.94105366572516,62659.0,61195.0,123854.0,76.04936755495517
REGION 7,0700000000,REGION 7,,Region,,2022,46515.0,46287.0,92802.0,57.17647928629519,55944.0,54954.0,110898.0,68.32565246321808,41009.0,40076.0,81085.0,49.957488232249794,63559.0,61431.0,124990.0,77.00791088547699,63016.0,60497.0,123513.0,76.09791261059222,61122.0,59605.0,120727.0,74.38142297360574,63531.0,62415.0,125946.0,77.59691450821894,62168.0,60690.0,122858.0,75.69435887325332,61547.0,60054.0,121601.0,74.9199053651083,59969.0,58599.0,118568.0,73.05123592182764,39252.0,38612.0,77864.0,47.97298962466422,63151.0,61269.0,124420.0,76.65672671710576,61451.0,59494.0,120945.0,74.51573551519334,61100.0,58488.0,119588.0,73.67967074943934,59442.0,56951.0,116393.0,71.7111910688321,175584.0,56673.0,115537.0,65.80155367231639,50530.0,48633.0,99163.0,56.47610260616002,8903.0,8595.0,17498.0,12.025290358050993
REGION 7,0700000000,REGION 7,,Region,,2023,45895.0,44543.0,90438.0,54.588255177367465,58821.0,55844.0,114665.0,69.21163979646653,45976.0,43853.0,89829.0,54.220663596361504,65015.0,61382.0,126397.0,76.29305921906406,65016.0,61698.0,126714.0,76.4843999927568,64696.0,61087.0,125783.0,75.92244964478219,61708.0,58256.0,119964.0,72.410109070277,56398.0,53463.0,109861.0,66.31195185697126,50604.0,48074.0,98678.0,59.56190809606876,61373.0,57613.0,118986.0,71.81978958550881,57333.0,53714.0,111047.0,67.02781986201735,64901.0,60828.0,125729.0,75.88985531740235,64778.0,61434.0,126212.0,76.18139346785536,64577.0,61184.0,125761.0,75.90917047436818,62939.0,58932.0,121871.0,73.56117170570944,61742.0,58704.0,120446.0,66.97956346447936,51731.0,49529.0,101260.0,56.310301682191024,10466.0,9734.0,20200.0,13.20330474796068
REGION 7,0700000000,REGION 7,,Region,,2024,44948.0,43923.0,88871.0,53.21106959812234,51757.0,48975.0,100732.0,60.31278440388945,42973.0,40656.0,83629.0,50.07244814868037,57865.0,53283.0,111148.0,66.54931264070508,55619.0,52308.0,107927.0,64.62075489773434,50132.0,46808.0,96940.0,58.042343248551035,61460.0,57471.0,118931.0,71.20934521243474,66880.0,62973.0,129853.0,77.74883843464099,71698.0,67129.0,138827.0,83.1219763375964,63462.0,59583.0,123045.0,73.67258226756718,57425.0,53318.0,110743.0,66.3068209033865,57279.0,53683.0,110962.0,66.43794606504765,55460.0,52390.0,107850.0,64.5746515303923,54791.0,51631.0,106422.0,63.719643626957904,61138.0,56886.0,118024.0,70.6662834698472,181246.0,60331.0,124558.0,68.72317182172296,57604.0,54476.0,112080.0,61.83860609337586,6922.0,6203.0,13125.0,8.506432483230176
REGION 7,0700000000,REGION 7,,Region,,2025,38747.0,36936.0,75683.0,54.900837117530145,39917.0,37232.0,77149.0,51.55812477027434,33814.0,31476.0,65290.0,43.63283991044876,46149.0,42935.0,89084.0,59.53419988639021,48876.0,45528.0,94404.0,63.08951782671166,52735.0,49174.0,101909.0,68.10505563537941,46642.0,43446.0,90088.0,60.205165903699,46713.0,43584.0,90297.0,60.34483910849734,47167.0,44074.0,91241.0,60.97570755505062,47076.0,43810.0,90886.0,60.738463594747216,43974.0,41342.0,85316.0,57.0160724429445,46519.0,43186.0,89705.0,59.949209743709694,47444.0,44372.0,91816.0,61.35997594145755,46038.0,43231.0,89269.0,59.65783406288636,46725.0,43925.0,90650.0,60.580746483108896,45489.0,43255.0,88744.0,59.30698031877569,45046.0,42806.0,87852.0,59.35183996649079,3879.0,3523.0,7402.0,13.592625238724843
BOHOL,0701200000,REGION 7,Bohol,Province,1st,2018,7611.0,6992.0,14603.0,69.80401529636711,10379.0,9496.0,19875.0,54.64303745015216,9270.0,8612.0,17882.0,49.16361236144004,11397.0,10668.0,22065.0,60.66408157673495,11646.0,10806.0,22452.0,61.72807430595301,11769.0,10981.0,22750.0,62.54737620080309,11367.0,10463.0,21830.0,60.017987800594796,11412.0,10646.0,22058.0,60.64483623021163,11412.0,10682.0,22094.0,60.743812298045874,0.0,0.0,0.0,0.0,0.0,0.0,0.0,0.0,11898.0,11036.0,22934.0,63.05325388084475,12245.0,11338.0,23583.0,64.83757243707865,11754.0,10973.0,22727.0,62.48414149079788,11742.0,10965.0,22707.0,62.42915478644553,10845.0,10140.0,20985.0,57.69479954170782,11723.0,10585.0,22308.0,61.33217003461606,682.0,604.0,1286.0,3.535645089856386
BOHOL,0701200000,REGION 7,Bohol,Province,1st,2019,9751.0,9324.0,19075.0,72.12972105001751,13177.0,12495.0,25672.0,97.07544947816774,9914.0,8931.0,18845.0,71.2600048853253,11580.0,10505.0,22085.0,83.51165868359826,11570.0,10647.0,22217.0,84.01080013463901,11378.0,10526.0,21904.0,82.82722987573177,11168.0,10246.0,21414.0,80.97435630747445,11130.0,10446.0,21576.0,81.58693899738809,10695.0,9881.0,20576.0,77.8055643682915,10289.0,9698.0,19987.0,75.5783347117536,0.0,0.0,0.0,0.0,11823.0,10675.0,22498.0,85.07336640541516,11551.0,10561.0,22112.0,83.61375579858387,10795.0,10354.0,21149.0,79.97229203076385,9674.0,8889.0,18563.0,70.19365723992006,8955.0,8355.0,17310.0,65.45559482966202,8356.0,7799.0,16155.0,61.08810713305546,1221.0,1188.0,2409.0,9.109331481493694
BOHOL,0701200000,REGION 7,Bohol,Province,1st,2020,9562.0,9100.0,18662.0,68.32893966022262,7234.0,7001.0,14235.0,52.11994727592268,9665.0,9261.0,18926.0,69.29554774458113,11116.0,10202.0,21318.0,78.0536028119508,10725.0,10151.0,20876.0,76.43526654950205,10913.0,10207.0,21120.0,77.32864674868189,10516.0,9695.0,20211.0,74.00043936731107,10696.0,10099.0,20795.0,76.1386936145284,11202.0,10458.0,21660.0,79.30579964850615,11092.0,10339.0,21431.0,78.46734036321031,0.0,0.0,0.0,0.0,10515.0,9781.0,20296.0,74.31165787932045,10715.0,10174.0,20889.0,76.4828646748682,10865.0,10135.0,21000.0,76.88927943760984,12354.0,11173.0,23527.0,86.14162272993556,11969.0,11027.0,22996.0,84.19742237844171,12354.0,11173.0,23527.0,86.14162272993556,11969.0,11027.0,22996.0,84.19742237844171
BOHOL,0701200000,REGION 7,Bohol,Province,1st,2021,6813.0,6701.0,13514.0,48.89821615949633,7240.0,6854.0,14094.0,50.99685204616999,7852.0,7497.0,15349.0,55.53786590440352,8763.0,8558.0,17321.0,62.67322791909397,9025.0,8605.0,17630.0,63.79129427940804,8762.0,8471.0,17233.0,62.354814198357275,8819.0,8660.0,17479.0,63.244925281325756,9187.0,8817.0,18004.0,65.14455259253899,9350.0,9100.0,18450.0,66.75833122263633,9285.0,9074.0,18359.0,66.4290624886927,0.0,0.0,0.0,0.0,8806.0,8703.0,17509.0,63.35347541339509,8836.0,8729.0,17565.0,63.556102326591166,9033.0,8701.0,17734.0,64.16760140391504,9345.0,9188.0,18533.0,67.05865325469479,9167.0,9232.0,18399.0,66.57379599811847,9345.0,9188.0,18533.0,67.05865325469479,9167.0,9232.0,18399.0,66.57379599811847
BOHOL,0701200000,REGION 7,Bohol,Province,1st,2022,6136.0,5973.0,12109.0,43.2587882252072,7962.0,7562.0,15524.0,55.45870248642469,7087.0,6883.0,13970.0,49.90711631894827,9158.0,8401.0,17559.0,62.7286367533581,9007.0,8323.0,17330.0,61.91054587024865,8724.0,8170.0,16894.0,60.35295798799657,9146.0,8383.0,17529.0,62.62146327522149,9022.0,8370.0,17392.0,62.13203772506431,8828.0,8319.0,17147.0,61.25678765361532,8919.0,8388.0,17307.0,61.82837953701057,7843.0,7316.0,15159.0,54.15475850242927,9179.0,8438.0,17617.0,62.935838811088885,8922.0,8305.0,17227.0,61.54258359531295,8294.0,7898.0,16192.0,57.845098599599886,8755.0,8100.0,16855.0,60.21363246641898,30336.0,7829.0,16147.0,53.227188818565395,6605.0,6278.0,12883.0,42.46769514767932,1712.0,1546.0,3258.0,12.695814823474397
BOHOL,0701200000,REGION 7,Bohol,Province,1st,2023,6311.0,6271.0,12582.0,47.95883361921098,9285.0,8985.0,18270.0,69.63979416809606,9188.0,8879.0,18067.0,68.86601867733944,9529.0,9047.0,18576.0,70.80617495711834,9572.0,9165.0,18737.0,71.41985896702879,9489.0,9057.0,18546.0,70.69182389937106,9025.0,8615.0,17640.0,67.23842195540308,8148.0,7784.0,15932.0,60.72803506765771,7047.0,6765.0,13812.0,52.647226986849624,8789.0,8296.0,17085.0,65.12292738707833,7982.0,7563.0,15545.0,59.25290642271774,9556.0,8948.0,18504.0,70.53173241852487,9572.0,9230.0,18802.0,71.66761959214789,9665.0,9247.0,18912.0,72.08690680388794,9008.0,8412.0,17420.0,66.399847531923,8539.0,7894.0,16433.0,57.726490322127376,6529.0,6067.0,12596.0,44.2477254364703,2002.0,1818.0,3820.0,15.992631667085321
BOHOL,0701200000,REGION 7,Bohol,Province,1st,2024,5920.0,5894.0,11814.0,45.07439908431896,7850.0,7326.0,15176.0,57.90156428843952,7831.0,7402.0,15233.0,58.11903853491034,8453.0,7864.0,16317.0,62.254864555513166,8134.0,7701.0,15835.0,60.41587180465471,7367.0,6982.0,14349.0,54.746280045784054,8940.0,8386.0,17326.0,66.10454025181228,9937.0,9352.0,19289.0,73.59404807325448,11039.0,10344.0,21383.0,81.5833651278138,9578.0,8931.0,18509.0,70.618084700496,8422.0,7831.0,16253.0,62.01068294544068,8223.0,7733.0,15956.0,60.877527661198016,7599.0,7233.0,14832.0,56.58908813429988,7393.0,6914.0,14307.0,54.58603586417398,9023.0,8307.0,17330.0,66.11980160244183,28418.0,8723.0,17951.0,63.16771060595398,7769.0,7419.0,15188.0,53.44499964811035,1444.0,1268.0,2712.0,11.351079859367152
BOHOL,0701200000,REGION 7,Bohol,Province,1st,2025,6340.0,5998.0,12338.0,46.7171525937145,7427.0,6873.0,14300.0,49.93016759776536,7227.0,6668.0,13895.0,48.516061452513966,8590.0,7934.0,16524.0,57.69553072625698,9243.0,8448.0,17691.0,61.77025139664805,9868.0,9012.0,18880.0,65.92178770949721,8792.0,8083.0,16875.0,58.92108938547486,8865.0,8088.0,16953.0,59.19343575418995,8891.0,8169.0,17060.0,59.567039106145245,8819.0,8171.0,16990.0,59.322625698324025,7990.0,7494.0,15484.0,54.064245810055866,7755.0,7144.0,14899.0,52.02164804469274,7370.0,6839.0,14209.0,49.612430167597765,7190.0,6719.0,13909.0,48.56494413407822,8653.0,8116.0,16769.0,58.550977653631286,7813.0,7334.0,15147.0,52.887569832402235,7667.0,7169.0,14836.0,52.20634808923922,1035.0,945.0,1980.0,14.965986394557824
CEBU,0702200000,REGION 7,Cebu,Province,1st,2018,20683.0,19036.0,39719.0,82.74446898045915,23564.0,21640.0,45204.0,53.72023309761032,21640.0,20656.0,42296.0,50.26437879604738,29496.0,27106.0,56602.0,67.2655657417693,29566.0,27583.0,57149.0,67.91561811555022,29609.0,27307.0,56916.0,67.63872194902196,29233.0,26860.0,56093.0,66.66067239943932,28872.0,26835.0,55707.0,66.20195171154273,29448.0,27544.0,56992.0,67.72904001192389,0.0,0.0,0.0,0.0,0.0,0.0,0.0,0.0,28471.0,26116.0,54587.0,64.87094867930392,29409.0,27443.0,56852.0,67.56266463289403,30517.0,28545.0,59062.0,70.1890188304367,29732.0,27715.0,57447.0,68.26975999377089,26451.0,24822.0,51273.0,60.93260577855442,28714.0,26723.0,55437.0,65.88108490912802,1673.0,1504.0,3177.0,3.7755327084131487
CEBU,0702200000,REGION 7,Cebu,Province,1st,2019,15962.0,15547.0,31509.0,42.58364531701934,20848.0,19792.0,40640.0,54.923969205105394,16105.0,15333.0,31438.0,42.48769054798483,28422.0,26486.0,54908.0,74.20682335418128,28648.0,26550.0,55198.0,74.59875128404055,27864.0,26068.0,53932.0,72.88778314886181,28483.0,26600.0,55083.0,74.44333158771704,28770.0,26782.0,55552.0,75.0771736535929,27068.0,25291.0,52359.0,70.76191199828034,21836.0,20343.0,42179.0,57.00389018459992,0.0,0.0,0.0,0.0,29397.0,27259.0,56656.0,76.56920273829851,29374.0,27414.0,56788.0,76.74759752016548,27490.0,25965.0,53455.0,72.24312927802433,27287.0,24900.0,52187.0,70.5294581916052,26086.0,23965.0,50051.0,67.64270626684868,22228.0,19994.0,42222.0,57.0620036362687,3090.0,2923.0,6013.0,8.126422904288848
CEBU,0702200000,REGION 7,Cebu,Province,1st,2020,16452.0,15470.0,31922.0,47.287648505318046,22125.0,20743.0,42868.0,63.50250348117205,13527.0,13262.0,26789.0,39.683879951411726,29094.0,26744.0,55838.0,82.71561046425504,29170.0,26953.0,56123.0,83.13779515894883,28843.0,26865.0,55708.0,82.52303498948241,28981.0,26844.0,55825.0,82.69635291677777,28976.0,26741.0,55717.0,82.5363671377359,29019.0,27021.0,56040.0,83.01484312505555,28842.0,26715.0,55557.0,82.299351168785,0.0,0.0,0.0,0.0,28938.0,26839.0,55777.0,82.6252481260925,29018.0,26914.0,55932.0,82.85485734601369,27876.0,26144.0,54020.0,80.02251651705033,29086.0,26738.0,55824.0,82.69487156697183,27625.0,25968.0,53593.0,79.3899801499126,29086.0,26738.0,55824.0,82.69487156697183,27625.0,25968.0,53593.0,79.3899801499126
CEBU,0702200000,REGION 7,Cebu,Province,1st,2021,15205.0,14806.0,30011.0,44.76180532768547,18964.0,17636.0,36600.0,54.58938639143275,12095.0,11526.0,23621.0,35.23103540852549,25423.0,24193.0,49616.0,74.00292336604718,25690.0,23998.0,49688.0,74.1103123228828,25909.0,24133.0,50042.0,74.63830802732451,25352.0,23521.0,48873.0,72.89472899203531,25694.0,23904.0,49598.0,73.97607612683828,25669.0,23959.0,49628.0,74.02082152551979,25883.0,24289.0,50172.0,74.83220475494437,0.0,0.0,0.0,0.0,24554.0,22809.0,47363.0,70.64254392506638,24037.0,22444.0,46481.0,69.32702920383021,23634.0,22442.0,46076.0,68.72296632162993,26682.0,24773.0,51455.0,76.74581630522329,26831.0,25477.0,52308.0,78.01807714106734,26682.0,24773.0,51455.0,76.74581630522329,26831.0,25477.0,52308.0,78.01807714106734
CEBU,0702200000,REGION 7,Cebu,Province,1st,2022,17669.0,17212.0,34881.0,52.481831996750074,20128.0,19502.0,39630.0,59.627160976784076,14395.0,13909.0,28304.0,42.586100537140965,25495.0,24644.0,50139.0,75.43896604125604,25076.0,24348.0,49424.0,74.36317951341348,24752.0,23895.0,48647.0,73.19410799993982,25475.0,25618.0,51093.0,76.87435114274108,24937.0,24199.0,49136.0,73.92985570919159,24808.0,23969.0,48777.0,73.38970555045664,24205.0,23529.0,47734.0,71.8204113566947,18559.0,18021.0,36580.0,55.038141522350784,25347.0,24474.0,49821.0,74.96050434076102,25421.0,24443.0,49864.0,75.02520199208583,25845.0,24172.0,50017.0,75.2554052630787,24178.0,22993.0,47171.0,70.9733235033026,71834.0,22535.0,46263.0,64.40265055544728,20355.0,19431.0,39786.0,55.386028899963804,3582.0,3357.0,6939.0,11.788389990316498
CEBU,0702200000,REGION 7,Cebu,Province,1st,2023,17300.0,16700.0,34000.0,47.09076051578233,22754.0,21484.0,44238.0,61.27061952050526,18543.0,17547.0,36090.0,49.98545726513483,26493.0,24966.0,51459.0,71.27186604063655,26816.0,25207.0,52023.0,72.0530186562513,26632.0,25134.0,51766.0,71.69706790764671,24490.0,22959.0,47449.0,65.71792634451047,21302.0,20011.0,41313.0,57.21942909377986,17975.0,17215.0,35190.0,48.73893713383471,25097.0,23472.0,48569.0,67.26915139679505,24076.0,22599.0,46675.0,64.64591903159236,26345.0,24697.0,51042.0,70.69431171313417,26632.0,25091.0,51723.0,71.63751194581792,26846.0,25453.0,52299.0,72.43528482985,26203.0,24605.0,50808.0,70.37021647899614,25582.0,24354.0,49936.0,63.68900339259751,21129.0,20158.0,41287.0,52.65795985001148,4888.0,4615.0,9503.0,14.178080148002268
CEBU,0702200000,REGION 7,Cebu,Province,1st,2024,17783.0,17389.0,35172.0,48.26346483704974,20813.0,19863.0,40676.0,55.816123499142364,17938.0,17120.0,35058.0,48.10703259005146,24209.0,22137.0,46346.0,63.59656946826758,23256.0,21947.0,45203.0,62.028130360205836,20688.0,19296.0,39984.0,54.86655231560892,25917.0,24364.0,50281.0,68.99622641509434,29550.0,27875.0,57425.0,78.7993138936535,32501.0,30329.0,62830.0,86.21612349914237,26446.0,24915.0,51361.0,70.47821612349914,24441.0,22533.0,46974.0,64.45831903945111,23618.0,22220.0,45838.0,62.89948542024014,23071.0,21904.0,44975.0,61.715265866209265,23396.0,21768.0,45164.0,61.9746140651801,26088.0,24084.0,50172.0,68.84665523156089,79137.0,25461.0,52758.0,66.66666666666666,24396.0,23001.0,47397.0,59.892338602676375,3113.0,2807.0,5920.0,8.748983965122294
CEBU,0702200000,REGION 7,Cebu,Province,1st,2025,19178.0,18187.0,37365.0,50.713917315888054,19703.0,18435.0,38138.0,47.66594593243429,16488.0,15586.0,32074.0,40.086988039144615,23700.0,22069.0,45769.0,57.20338453462649,25473.0,23778.0,49251.0,61.55528614815463,27655.0,25907.0,53562.0,66.94329529689668,24029.0,22289.0,46318.0,57.88954018822412,24054.0,22537.0,46591.0,58.23074327279999,24141.0,22627.0,46768.0,58.45196285510742,24197.0,22526.0,46723.0,58.395720588419096,22458.0,21077.0,43535.0,54.41126845058805,24826.0,23038.0,47864.0,59.82177450600542,25830.0,24175.0,50005.0,62.49765657222132,24682.0,23287.0,47969.0,59.95300646161152,24182.0,22704.0,46886.0,58.599442576645714,23028.0,21861.0,44889.0,56.10353576383247,22819.0,21675.0,44494.0,56.224016578844285,2211.0,2021.0,4232.0,13.333333333333334
CITY OF CEBU,0730600000,REGION 7,Cebu,City,1st,2018,9482.0,8875.0,18357.0,52.754547805845334,9667.0,9137.0,18804.0,71.18517640250015,8986.0,8409.0,17395.0,65.85120950444002,10135.0,9376.0,19511.0,73.86162395177519,9813.0,8978.0,18791.0,71.13596308122636,9355.0,8722.0,18077.0,68.43301605126544,10161.0,9373.0,19534.0,73.94869367402882,9822.0,9015.0,18837.0,71.31010252573364,9462.0,8849.0,18311.0,69.3188558341938,0.0,0.0,0.0,0.0,0.0,0.0,0.0,0.0,8851.0,8131.0,16982.0,64.28774014397244,8517.0,7853.0,16370.0,61.97092840400593,8277.0,7833.0,16110.0,60.986661978529966,10226.0,9638.0,19864.0,75.1979549063637,7382.0,7033.0,14415.0,54.570002012446274,10081.0,9670.0,19751.0,74.77017757529146,442.0,342.0,784.0,2.9679418368198323
CITY OF CEBU,0730600000,REGION 7,Cebu,City,1st,2019,10307.0,9361.0,19668.0,84.67334431016373,10586.0,9665.0,20251.0,87.18323650727707,10067.0,9201.0,19268.0,82.95129134473432,10731.0,9577.0,20308.0,87.42862905485076,10464.0,9569.0,20033.0,86.24471764111806,10303.0,9327.0,19630.0,84.50974927844793,10643.0,9525.0,20168.0,86.82591051695047,10434.0,9501.0,19935.0,85.82281466458784,10243.0,9374.0,19617.0,84.45378255707146,12061.0,11112.0,23173.0,99.76283341973885,0.0,0.0,0.0,0.0,10936.0,9975.0,20911.0,90.0246239002356,10206.0,9526.0,19732.0,84.94887278463243,9357.0,8486.0,17843.0,76.81647765539206,10926.0,10050.0,20976.0,90.30445750711786,8069.0,7597.0,15666.0,67.44420439104255,11087.0,10228.0,21315.0,91.76389739531928,544.0,551.0,1095.0,4.714119992862989
CITY OF CEBU,0730600000,REGION 7,Cebu,City,1st,2020,8098.0,7941.0,16039.0,75.6806492709857,8393.0,8173.0,16566.0,78.1673193979144,7833.0,7545.0,15378.0,72.5616948992592,8753.0,8167.0,16920.0,79.8376822535743,8004.0,7478.0,15482.0,73.05242296984854,7100.0,6720.0,13820.0,65.21021091869957,8748.0,8269.0,17017.0,80.29538055018166,8165.0,7565.0,15730.0,74.22262067663851,7372.0,6940.0,14312.0,67.53173217571839,7221.0,6846.0,14067.0,66.37569008634927,0.0,0.0,0.0,0.0,8705.0,8177.0,16882.0,79.65837776624358,6140.0,7539.0,13679.0,64.54489689991979,6680.0,6475.0,13155.0,62.07238239041193,7104.0,6292.0,13396.0,63.20955032321993,7856.0,7028.0,14884.0,70.2307365639598,7104.0,6292.0,13396.0,63.20955032321993,7856.0,7028.0,14884.0,70.2307365639598
CITY OF CEBU,0730600000,REGION 7,Cebu,City,1st,2021,7918.0,7607.0,15525.0,73.79854541997433,7823.0,7207.0,15030.0,71.44554831962733,7618.0,7109.0,14727.0,70.00522888244521,7922.0,7245.0,15167.0,72.09678186053145,7870.0,7167.0,15037.0,71.47882302609688,8001.0,7391.0,15392.0,73.16632599705282,7886.0,7216.0,15102.0,71.78780244331416,7795.0,7130.0,14925.0,70.94642772258402,7929.0,7306.0,15235.0,72.42002186623569,7906.0,7302.0,15208.0,72.29167656985311,0.0,0.0,0.0,0.0,7896.0,7171.0,15067.0,71.62142891096639,7749.0,7072.0,14821.0,70.45206065503636,7574.0,6950.0,14524.0,69.04026239482816,7312.0,6662.0,13974.0,66.42582117222038,8192.0,7855.0,16047.0,76.2798878167039,7312.0,6662.0,13974.0,66.42582117222038,8192.0,7855.0,16047.0,76.2798878167039
CITY OF CEBU,0730600000,REGION 7,Cebu,City,1st,2022,8832.0,8560.0,17392.0,83.35090577973737,8567.0,8142.0,16709.0,80.0776382632033,8282.0,8034.0,16316.0,78.1941915077159,8557.0,7853.0,16410.0,78.64468513371034,9106.0,7611.0,16717.0,80.11597814626666,8200.0,7520.0,15720.0,75.33787021949583,8569.0,7851.0,16420.0,78.69260998753954,8244.0,7597.0,15841.0,75.9177609508291,8259.0,7448.0,15707.0,75.27556790951787,8161.0,7419.0,15580.0,74.6669222658871,0.0,0.0,0.0,0.0,8494.0,7860.0,16354.0,78.37630595226685,7362.0,6782.0,14144.0,67.78491325601456,7953.0,7317.0,15270.0,73.18125179718203,7509.0,6984.0,14493.0,69.45749065465351,22546.0,7388.0,15327.0,67.98101658830835,7171.0,6744.0,13915.0,61.718264880688366,787.0,700.0,1487.0,8.051329254426335
CITY OF CEBU,0730600000,REGION 7,Cebu,City,1st,2023,8062.0,7519.0,15581.0,80.86884309960035,8078.0,7327.0,15405.0,79.95536409404681,7565.0,7137.0,14702.0,76.30663829345514,8254.0,7564.0,15818.0,82.09892562412415,7971.0,7550.0,15521.0,80.55742980225256,7838.0,7509.0,15347.0,79.65433123994394,8120.0,7601.0,15721.0,81.59547412674522,7970.0,7612.0,15582.0,80.87403332122281,7855.0,7512.0,15367.0,79.75813567239321,7954.0,7641.0,15595.0,80.94150620231484,7190.0,6834.0,14024.0,72.78766803342502,8209.0,7555.0,15764.0,81.81865365651113,7954.0,7507.0,15461.0,80.24601650490476,7514.0,7186.0,14700.0,76.2962578502102,7412.0,7100.0,14512.0,75.3204961851871,7771.0,7406.0,15177.0,72.45428939704969,7251.0,6955.0,14206.0,67.81878073232444,517.0,454.0,971.0,5.274880486744894
CITY OF CEBU,0730600000,REGION 7,Cebu,City,1st,2024,7160.0,6640.0,13800.0,70.89283879584917,7052.0,6619.0,13671.0,70.23014486797493,7096.0,6631.0,13727.0,70.5178259529436,7148.0,6429.0,13577.0,69.7472516182061,6677.0,6140.0,12817.0,65.8430083222028,5961.0,5486.0,11447.0,58.80509606493373,7358.0,6649.0,14007.0,71.9562313777869,7321.0,6629.0,13950.0,71.66341313058666,7223.0,6647.0,13870.0,71.25244015206,7108.0,6485.0,13593.0,69.82944621391144,6742.0,6179.0,12921.0,66.37727319428748,7200.0,6442.0,13642.0,70.08116716325901,7031.0,6405.0,13436.0,69.02291174355287,6822.0,6472.0,13294.0,68.29343470666804,7047.0,6471.0,13518.0,69.44415904654268,21163.0,6827.0,14263.0,67.39592685347068,7160.0,6617.0,13777.0,65.09946604923688,276.0,207.0,483.0,2.5964950005375766
CITY OF CEBU,0730600000,REGION 7,Cebu,City,1st,2025,5892.0,5589.0,11481.0,58.31767155991263,4228.0,3981.0,8209.0,38.35443629397748,3910.0,3628.0,7538.0,35.21936177171425,6654.0,6062.0,12716.0,59.41223193010325,6817.0,6386.0,13203.0,61.68761388590384,7314.0,6784.0,14098.0,65.86927066299117,6737.0,6251.0,12988.0,60.683081810961085,6560.0,6112.0,12672.0,59.20665327290566,6506.0,6088.0,12594.0,58.842218380600855,6497.0,6007.0,12504.0,58.4217165817876,6161.0,5809.0,11970.0,55.92673924216231,6796.0,6260.0,13056.0,61.000794281175544,6714.0,6214.0,12928.0,60.402747278418914,6302.0,5918.0,12220.0,57.09479979442135,6327.0,5930.0,12257.0,57.267672756155676,6193.0,5844.0,12037.0,56.23977947016774,6175.0,5822.0,11997.0,56.68856022303076,469.0,428.0,897.0,12.144597887896019
CITY OF LAPU-LAPU,0731100000,REGION 7,Cebu,City,1st,2018,5781.0,5704.0,11485.0,97.46266123557365,5982.0,5726.0,11708.0,100.19840276488712,4588.0,4388.0,8976.0,76.81763437116732,6096.0,5671.0,11767.0,100.7033315113108,5976.0,5721.0,11697.0,100.10426350707932,6042.0,5701.0,11743.0,100.49793676700287,6093.0,5674.0,11767.0,100.7033315113108,5934.0,5763.0,11697.0,100.10426350707932,6034.0,5709.0,11743.0,100.49793676700287,0.0,0.0,0.0,0.0,0.0,0.0,0.0,0.0,5537.0,5191.0,10728.0,91.8114507056465,5319.0,5083.0,10402.0,89.02150542879706,5416.0,5200.0,10616.0,90.85294189887613,6047.0,5802.0,11849.0,101.40509688769623,6017.0,5785.0,11802.0,101.00286551342654,6010.0,5815.0,11825.0,101.19970214338832,418.0,359.0,777.0,6.649654846969362
CITY OF LAPU-LAPU,0731100000,REGION 7,Cebu,City,1st,2019,4702.0,4568.0,9270.0,90.22055850282385,4499.0,4148.0,8647.0,84.15719194972145,4161.0,3948.0,8109.0,78.92109049615951,5316.0,5053.0,10369.0,100.9166096133528,5213.0,4849.0,10062.0,97.92872272442435,5109.0,4849.0,9958.0,96.91653954381013,5298.0,5005.0,10303.0,100.2742625948861,4800.0,4519.0,9319.0,90.69745250138247,4995.0,4739.0,9734.0,94.73645269325647,4995.0,4739.0,9734.0,94.73645269325647,0.0,0.0,0.0,0.0,5218.0,5002.0,10220.0,99.4664625565113,5085.0,4747.0,9832.0,95.6902406903737,4875.0,4666.0,9541.0,92.85807429077049,5147.0,4824.0,9971.0,97.04306244138691,5430.0,4956.0,10386.0,101.08206263326089,4610.0,4242.0,8852.0,86.15236071920138,1161.0,1079.0,2240.0,21.800868505536723
CITY OF LAPU-LAPU,0731100000,REGION 7,Cebu,City,1st,2020,3666.0,3610.0,7276.0,77.63551002987623,4158.0,4023.0,8181.0,87.29193341869397,3566.0,3428.0,6994.0,74.62654716175842,4868.0,4586.0,9454.0,100.87494664959453,4874.0,4604.0,9478.0,101.13102859581733,4692.0,4491.0,9183.0,97.98335467349551,4869.0,4562.0,9431.0,100.62953478446437,4859.0,4584.0,9443.0,100.75757575757575,4697.0,4453.0,9150.0,97.63124199743918,4691.0,4445.0,9136.0,97.48186086214255,0.0,0.0,0.0,0.0,4818.0,4522.0,9340.0,99.65855740503628,4823.0,4484.0,9307.0,99.30644472897994,4571.0,4351.0,8922.0,95.19846350832266,4422.0,4110.0,8532.0,91.0371318822023,5094.0,4816.0,9910.0,105.74050362782756,4422.0,4110.0,8532.0,91.0371318822023,5094.0,4816.0,9910.0,105.74050362782756
CITY OF LAPU-LAPU,0731100000,REGION 7,Cebu,City,1st,2021,3834.0,3809.0,7643.0,82.09452201933405,3925.0,3855.0,7780.0,83.56605800214822,3559.0,3415.0,6974.0,74.90870032223415,4472.0,4381.0,8853.0,95.09129967776585,4550.0,4403.0,8953.0,96.16541353383458,4465.0,4442.0,8907.0,95.67132116004296,4602.0,4552.0,9154.0,98.32438238453275,4592.0,4498.0,9090.0,97.63694951664877,4644.0,4609.0,9253.0,99.38775510204081,4629.0,4587.0,9216.0,98.99033297529539,0.0,0.0,0.0,0.0,4153.0,4106.0,8259.0,88.71106337271752,4081.0,4018.0,8099.0,86.99248120300751,4031.0,3775.0,7806.0,83.84532760472611,4930.0,4845.0,9775.0,104.99462943071967,4941.0,4881.0,9822.0,105.49946294307198,4930.0,4845.0,9775.0,104.99462943071967,4941.0,4881.0,9822.0,105.49946294307198
CITY OF LAPU-LAPU,0731100000,REGION 7,Cebu,City,1st,2022,3812.0,4019.0,7831.0,84.82452339688041,4014.0,4078.0,8092.0,87.65164644714038,3141.0,3085.0,6226.0,67.43934142114385,4642.0,4289.0,8931.0,96.7396013864818,4391.0,4194.0,8585.0,92.99176776429809,4277.0,4123.0,8400.0,90.98786828422877,4606.0,4269.0,8875.0,96.13301559792028,4327.0,4169.0,8496.0,92.02772963604853,4347.0,4092.0,8439.0,91.41031195840554,3977.0,3814.0,7791.0,84.39124783362219,3055.0,2807.0,5862.0,63.49653379549394,4567.0,4245.0,8812.0,95.45060658578856,4254.0,4118.0,8372.0,90.68457538994801,4355.0,3961.0,8316.0,90.07798960138648,4204.0,3937.0,8141.0,88.18240901213171,9978.0,4349.0,8855.0,88.74523952695931,4317.0,4185.0,8502.0,85.207456404089,188.0,165.0,353.0,4.321743388834475
CITY OF LAPU-LAPU,0731100000,REGION 7,Cebu,City,1st,2023,4356.0,4305.0,8661.0,81.10309954115554,3846.0,3839.0,7685.0,71.96366701001966,727.0,720.0,1447.0,13.54995786122296,5128.0,5010.0,10138.0,94.93398258263882,5079.0,4858.0,9937.0,93.05178387489465,5151.0,4590.0,9741.0,91.21640603052721,5128.0,5010.0,10138.0,94.93398258263882,5079.0,4858.0,9937.0,93.05178387489465,5151.0,4590.0,9741.0,91.21640603052721,5151.0,4590.0,9741.0,91.21640603052721,5101.0,4571.0,9672.0,90.57027811592846,5128.0,5010.0,10138.0,94.93398258263882,5079.0,4858.0,9937.0,93.05178387489465,5131.0,4572.0,9703.0,90.86056746886413,5101.0,4571.0,9672.0,90.57027811592846,5318.0,5156.0,10474.0,90.44905008635578,4917.0,4802.0,9719.0,83.92918825561313,405.0,367.0,772.0,7.835972391392611
CITY OF LAPU-LAPU,0731100000,REGION 7,Cebu,City,1st,2024,3849.0,3788.0,7637.0,70.49755377088526,3254.0,3151.0,6405.0,59.124896150650784,549.0,524.0,1073.0,9.904920151389273,3934.0,3704.0,7638.0,70.50678482414844,3879.0,3678.0,7557.0,69.75906950983108,3572.0,3231.0,6803.0,62.79885534939537,4504.0,4298.0,8802.0,81.25173082248685,4502.0,4281.0,8783.0,81.07634081048649,4424.0,4122.0,8546.0,78.88858118711345,4356.0,4122.0,8478.0,78.26086956521739,4332.0,4123.0,8455.0,78.04855534016431,4159.0,4032.0,8191.0,75.6115572786855,3975.0,3728.0,7703.0,71.10680328625496,3875.0,3656.0,7531.0,69.51906212498847,4534.0,4357.0,8891.0,82.07329456290962,11745.0,5230.0,10637.0,90.56619838229034,5168.0,4978.0,10146.0,86.38569604086845,229.0,225.0,454.0,4.53954604539546
CITY OF LAPU-LAPU,0731100000,REGION 7,Cebu,City,1st,2025,3880.0,3853.0,7733.0,70.29360967184802,4293.0,3963.0,8256.0,69.24431770527552,2374.0,2190.0,4564.0,38.278956638429925,4516.0,4384.0,8900.0,74.64564287511533,4670.0,4450.0,9120.0,76.4908160697811,4989.0,4793.0,9782.0,82.0431099555481,4573.0,4486.0,9059.0,75.9791998658056,4569.0,4409.0,8978.0,75.29984064413318,4807.0,4583.0,9390.0,78.75534680868908,4735.0,4521.0,9256.0,77.63146859011994,4609.0,4423.0,9032.0,75.75274679191479,4659.0,4457.0,9116.0,76.45726746624172,4900.0,4715.0,9615.0,80.64245575777909,5168.0,4787.0,9955.0,83.49408705862619,4759.0,4594.0,9353.0,78.44502222594984,5315.0,5255.0,10570.0,88.6521848528055,5245.0,5183.0,10428.0,88.78671775223499,78.0,63.0,141.0,8.818011257035648
CITY OF MANDAUE,0731300000,REGION 7,Cebu,City,1st,2018,2841.0,2648.0,5489.0,46.78257905054121,2601.0,2380.0,4981.0,47.97134470584542,981.0,939.0,1920.0,18.491263167079545,3529.0,3269.0,6798.0,65.47062865094101,3474.0,3176.0,6650.0,64.04526044847863,3426.0,3157.0,6583.0,63.39999241087742,3528.0,3270.0,6798.0,65.47062865094101,3466.0,3230.0,6696.0,64.48828029518991,3424.0,3168.0,6592.0,63.486670206973095,0.0,0.0,0.0,0.0,0.0,0.0,0.0,0.0,3028.0,2638.0,5666.0,54.568488075350366,3307.0,2997.0,6304.0,60.71298073191117,3214.0,2931.0,6145.0,59.18167300088739,3997.0,3832.0,7829.0,75.40005173701341,3585.0,3363.0,6948.0,66.9152585858691,4140.0,3907.0,8047.0,77.49958057577557,1220.0,1192.0,2412.0,23.229649353643676
CITY OF MANDAUE,0731300000,REGION 7,Cebu,City,1st,2019,3359.0,3234.0,6593.0,72.20973407821212,2327.0,2205.0,4532.0,49.636662345283995,483.0,507.0,990.0,10.842960221057183,3993.0,3723.0,7716.0,84.50937481381537,4034.0,3728.0,7762.0,85.01318912711703,3950.0,3651.0,7601.0,83.24983903056126,4229.0,3985.0,8214.0,89.9637123795593,5879.0,5200.0,11079.0,121.34258211019446,4206.0,3829.0,8035.0,88.00321755171157,4206.0,3829.0,8035.0,88.00321755171157,0.0,0.0,0.0,0.0,3567.0,3429.0,6996.0,76.62358556213742,3429.0,3228.0,6657.0,72.91069312280572,3233.0,3069.0,6302.0,69.02256092232562,4283.0,3928.0,8211.0,89.93085492434398,3964.0,3589.0,7553.0,82.72411974711606,4604.0,4783.0,9387.0,102.81097736875128,1396.0,1345.0,2741.0,30.02076158173509
CITY OF MANDAUE,0731300000,REGION 7,Cebu,City,1st,2020,2313.0,2277.0,4590.0,55.11527377521613,3782.0,3523.0,7305.0,87.71613832853026,2277.0,2418.0,4695.0,56.37608069164265,3413.0,3154.0,6567.0,78.85446685878964,3483.0,3233.0,6716.0,80.64361191162344,3487.0,3334.0,6821.0,81.90441882804996,3430.0,3156.0,6586.0,79.08261287223823,3498.0,3260.0,6758.0,81.14793467819405,3507.0,3335.0,6842.0,82.15658021133525,3318.0,3208.0,6526.0,78.36215177713737,0.0,0.0,0.0,0.0,3267.0,2992.0,6259.0,75.15609990393853,3281.0,3080.0,6361.0,76.38088376560998,3324.0,3075.0,6399.0,76.83717579250721,3419.0,3402.0,6821.0,81.90441882804996,3436.0,3214.0,6650.0,79.85110470701248,3419.0,3402.0,6821.0,81.90441882804996,3436.0,3214.0,6650.0,79.85110470701248
CITY OF MANDAUE,0731300000,REGION 7,Cebu,City,1st,2021,1130.0,1170.0,2300.0,27.804642166344294,1947.0,1771.0,3718.0,44.9468085106383,698.0,635.0,1333.0,16.11460348162476,2824.0,2678.0,5502.0,66.51353965183753,3092.0,2953.0,6045.0,73.07785299806577,3133.0,2973.0,6106.0,73.81528046421664,2816.0,2712.0,5528.0,66.82785299806577,3080.0,2947.0,6027.0,72.86025145067698,3136.0,2947.0,6083.0,73.5372340425532,3080.0,2911.0,5991.0,72.42504835589942,0.0,0.0,0.0,0.0,2761.0,2631.0,5392.0,65.18375241779498,2817.0,2641.0,5458.0,65.9816247582205,2735.0,2593.0,5328.0,64.41005802707932,3523.0,3423.0,6946.0,83.97001934235976,3587.0,3527.0,7114.0,86.0009671179884,3523.0,3423.0,6946.0,83.97001934235976,3587.0,3527.0,7114.0,86.0009671179884
CITY OF MANDAUE,0731300000,REGION 7,Cebu,City,1st,2022,2132.0,2122.0,4254.0,51.85275475377864,4539.0,4416.0,8955.0,109.15407118478791,1488.0,1405.0,2893.0,35.26328620185276,3359.0,3263.0,6622.0,80.71672354948805,3400.0,3362.0,6762.0,82.42320819112628,3373.0,3289.0,6662.0,81.20429058995612,3286.0,3243.0,6529.0,79.5831301803998,3364.0,3355.0,6719.0,81.8990736226231,3374.0,3252.0,6626.0,80.76548025353486,3086.0,3022.0,6108.0,74.45148707947344,2792.0,2773.0,5565.0,67.83276450511946,3176.0,3184.0,6360.0,77.52315943442223,3223.0,3154.0,6377.0,77.73037542662115,3184.0,3062.0,6246.0,76.13359336908825,3570.0,3353.0,6923.0,84.38566552901024,8861.0,3640.0,7512.0,84.77598465184516,3649.0,3385.0,7034.0,79.38155964338111,223.0,255.0,478.0,6.583115273378322
CITY OF MANDAUE,0731300000,REGION 7,Cebu,City,1st,2023,2400.0,2383.0,4783.0,69.4295253302366,4518.0,4389.0,8907.0,129.29307591813034,3163.0,3132.0,6295.0,91.377558426477,3261.0,3135.0,6396.0,92.843663811874,3321.0,3240.0,6561.0,95.23878647118595,3480.0,3371.0,6851.0,99.448395993613,3269.0,3117.0,6386.0,92.69850486282479,3329.0,3253.0,6582.0,95.54362026418929,3479.0,3377.0,6856.0,99.5209754681376,3431.0,3311.0,6742.0,97.86616344897664,3539.0,3455.0,6994.0,101.5241689650167,3328.0,3168.0,6496.0,94.29525330236609,3390.0,3274.0,6664.0,96.73392364639281,3434.0,3337.0,6771.0,98.28712440121934,3575.0,3493.0,7068.0,102.59834518798084,3722.0,3684.0,7406.0,99.3293991416309,3603.0,3550.0,7153.0,95.93615879828327,119.0,134.0,253.0,4.084597998062641
CITY OF MANDAUE,0731300000,REGION 7,Cebu,City,1st,2024,2770.0,2767.0,5537.0,79.31528434321731,3728.0,3511.0,7239.0,103.69574559518693,3103.0,2898.0,6001.0,85.96189657642171,2813.0,2588.0,5401.0,77.36713937831257,2745.0,2580.0,5325.0,76.27847013321873,2724.0,2551.0,5275.0,75.56224036670964,2768.0,2547.0,5315.0,76.13522417991692,2766.0,2637.0,5403.0,77.39578856897292,2853.0,2714.0,5567.0,79.74502220312276,2894.0,2787.0,5681.0,81.3780260707635,3134.0,3082.0,6216.0,89.04168457241083,2804.0,2592.0,5396.0,77.29551640166166,2797.0,2682.0,5479.0,78.48445781406676,2870.0,2807.0,5677.0,81.32072768944278,3197.0,3112.0,6309.0,90.37387193811774,7556.0,3546.0,7187.0,95.11646373742721,3575.0,3480.0,7055.0,93.36950767601905,66.0,66.0,132.0,2.1039209435766657
CITY OF MANDAUE,0731300000,REGION 7,Cebu,City,1st,2025,3457.0,3309.0,6766.0,95.59197513421871,4266.0,3980.0,8246.0,107.6782449725777,3815.0,3404.0,7219.0,94.2674327500653,2689.0,2486.0,5175.0,67.5763907025333,2673.0,2466.0,5139.0,67.10629407155916,2909.0,2678.0,5587.0,72.9563854792374,2511.0,2337.0,4848.0,63.306346304518144,2665.0,2438.0,5103.0,66.63619744058501,2822.0,2607.0,5429.0,70.89318359885087,2828.0,2585.0,5413.0,70.68425176286237,2756.0,2539.0,5295.0,69.14337947244712,2483.0,2287.0,4770.0,62.28780360407416,2630.0,2429.0,5059.0,66.0616348916166,2696.0,2520.0,5216.0,68.11177853225385,2804.0,2581.0,5385.0,70.31862104988248,3140.0,2961.0,6101.0,79.66832071036825,3140.0,2957.0,6097.0,80.69084171519323,86.0,66.0,152.0,30.33932135728543
REGION 8,0800000000,REGION 8,,Region,,2018,32073.0,30295.0,62368.0,82.2395400661946,36835.0,34106.0,70941.0,56.620527652939415,32031.0,29208.0,61239.0,48.87701742205998,39992.0,36810.0,76802.0,61.29839958276671,39347.0,36601.0,75948.0,60.61679190010633,37640.0,35554.0,73194.0,58.41872684384556,39467.0,36770.0,76237.0,60.847453047985546,43517.0,36165.0,79682.0,63.59702970696098,38135.0,35845.0,73980.0,59.04606131524025,0.0,0.0,0.0,0.0,0.0,0.0,0.0,0.0,38433.0,35415.0,73848.0,58.94070743454801,38421.0,35750.0,74171.0,59.19850518806008,37549.0,35270.0,72819.0,58.11942604642444,39378.0,36145.0,75523.0,60.27758432969572,32687.0,31201.0,63888.0,50.991278255042836,40855.0,37714.0,78569.0,62.70870494021508,10598.0,9852.0,20450.0,16.321870152698878
REGION 8,0800000000,REGION 8,,Region,,2019,27504.0,26783.0,54287.0,53.53193423615049,30396.0,28762.0,59158.0,58.33518458456336,28284.0,26874.0,55158.0,54.39081969159447,39041.0,36386.0,75427.0,74.37790269549106,38025.0,37055.0,75080.0,74.03572904102602,37225.0,34802.0,72027.0,71.0251925364675,38995.0,36502.0,75497.0,74.44692908111801,38873.0,36739.0,75612.0,74.56032957179087,38408.0,36417.0,74825.0,73.78427577909925,35150.0,33536.0,68686.0,67.73066175961524,0.0,0.0,0.0,0.0,41775.0,39196.0,80971.0,79.84479243714594,39670.0,37698.0,77368.0,76.29190575980421,36992.0,35589.0,72581.0,71.5714870741437,35562.0,32813.0,68375.0,67.42398738918692,32515.0,30666.0,63181.0,62.302229575666814,32000.0,29689.0,61689.0,60.83098147058942,4659.0,4255.0,8914.0,8.790017163981165
REGION 8,0800000000,REGION 8,,Region,,2020,25472.0,24793.0,50265.0,48.98215730030501,32584.0,31199.0,63783.0,62.1551564525088,25215.0,24588.0,49803.0,48.53194827468597,36503.0,34064.0,70567.0,68.76601798887145,35708.0,33720.0,69428.0,67.65608707939076,34757.0,32770.0,67527.0,65.80360362116178,36202.0,33471.0,69673.0,67.8948342899463,34940.0,32601.0,67541.0,65.8172463189078,33979.0,31833.0,65812.0,64.13237314727293,33002.0,31106.0,64108.0,62.47186193589881,0.0,0.0,0.0,0.0,36825.0,34190.0,71015.0,69.20258431674446,35994.0,33984.0,69978.0,68.19205020512771,35119.0,33791.0,68910.0,67.1513072627876,36692.0,34450.0,71142.0,69.32634307486919,34751.0,32381.0,67132.0,65.41868464904161,36692.0,34450.0,71142.0,69.32634307486919,34751.0,32381.0,67132.0,65.41868464904161
REGION 8,0800000000,REGION 8,,Region,,2021,22826.0,22588.0,45414.0,43.660590678357174,27502.0,26511.0,54013.0,51.92758806337486,21993.0,21275.0,43268.0,41.59744654668513,31304.0,29681.0,60985.0,58.63040301492079,31095.0,29466.0,60561.0,58.222773419473924,30659.0,29031.0,59690.0,57.385402245808336,31384.0,29784.0,61168.0,58.80633748654053,31265.0,29712.0,60977.0,58.622711890478385,30983.0,30124.0,61107.0,58.74769266266728,29690.0,28350.0,58040.0,55.79910782956469,0.0,0.0,0.0,0.0,31560.0,29636.0,61196.0,58.83325642208891,31921.0,29710.0,61631.0,59.25146131364405,30133.0,28650.0,58783.0,56.51342101215198,31902.0,28659.0,60561.0,58.222773419473924,30778.0,29017.0,59795.0,57.48634825411475,31902.0,28659.0,60561.0,58.222773419473924,30778.0,29017.0,59795.0,57.48634825411475
REGION 8,0800000000,REGION 8,,Region,,2022,25441.0,24840.0,50281.0,47.67282001687668,31386.0,30751.0,62137.0,58.913824653222214,25014.0,24654.0,49668.0,47.09161760104673,36156.0,34252.0,70408.0,66.75579069128007,35509.0,33947.0,69456.0,65.85317291008903,33496.0,32305.0,65801.0,62.38776535730201,36179.0,34449.0,70628.0,66.96437883399227,35607.0,34156.0,69763.0,66.14424818196471,34640.0,33259.0,67899.0,64.3769377364394,31109.0,30003.0,61112.0,57.94199353376758,8871.0,8655.0,17526.0,16.61688995079216,36255.0,34326.0,70581.0,66.91981682168559,35494.0,33953.0,69447.0,65.84463975879625,33239.0,32036.0,65275.0,61.889050070635534,31759.0,29756.0,61515.0,58.3240890860995,114239.0,28560.0,58469.0,51.18129535447614,26981.0,25794.0,52775.0,46.19700802703105,4384.0,4118.0,8502.0,8.804432247708798
REGION 8,0800000000,REGION 8,,Region,,2023,22236.0,21898.0,44134.0,47.044652660079095,29046.0,27825.0,56871.0,60.62166224297272,23479.0,22629.0,46108.0,49.148838647095815,35899.0,33740.0,69639.0,74.23171628665537,36495.0,34014.0,70509.0,75.1590930894439,34858.0,33060.0,67918.0,72.39721573769093,33512.0,31488.0,65000.0,69.28677262213127,30004.0,28614.0,58618.0,62.483877500986004,27713.0,26117.0,53830.0,57.38010723460501,31755.0,29646.0,61401.0,65.45041731956125,25108.0,23501.0,48609.0,51.81478046752582,35561.0,33608.0,69169.0,73.73071962307995,35553.0,33974.0,69527.0,74.1123298476757,35208.0,33478.0,68686.0,73.21586560498012,34406.0,31873.0,66279.0,70.6501231172652,33188.0,31599.0,64787.0,63.68649732620321,30185.0,28786.0,58971.0,57.969290657439444,3847.0,3322.0,7169.0,8.168125056968371
REGION 8,0800000000,REGION 8,,Region,,2024,21155.0,20435.0,41590.0,44.3801820451805,28824.0,27222.0,56046.0,59.80600343602275,25414.0,23908.0,49322.0,52.63090499717221,29739.0,27370.0,57109.0,60.94031777875001,24333.0,22864.0,47197.0,50.36334339952835,15917.0,15177.0,31094.0,33.18002838453577,34296.0,31828.0,66124.0,70.5601143918133,37109.0,35048.0,72157.0,76.99785515350058,38021.0,36280.0,74301.0,79.28569141954691,35511.0,33485.0,68996.0,73.62479058401716,26960.0,25404.0,52364.0,55.876986117187585,25361.0,23720.0,49081.0,52.37373683480414,20355.0,19344.0,39699.0,42.36231899523012,19811.0,19201.0,39012.0,41.62922966930949,31959.0,30044.0,62003.0,66.16264552410018,101678.0,30726.0,62884.0,61.84622042133008,24835.0,23830.0,48665.0,47.86187769232282,5057.0,4810.0,9867.0,11.254320030111893
REGION 8,0800000000,REGION 8,,Region,,2025,19572.0,18922.0,38494.0,40.690471660218606,27994.0,26688.0,54682.0,53.28850557910637,25419.0,23891.0,49310.0,48.053403498513866,34163.0,31848.0,66011.0,64.32880183209082,37452.0,35178.0,72630.0,70.77912585879257,42493.0,39796.0,82289.0,80.19197973005896,28035.0,26168.0,54203.0,52.82171222530819,28180.0,26375.0,54555.0,53.164741996784095,28259.0,26678.0,54937.0,53.53700726014715,29411.0,27586.0,56997.0,55.54451103639819,27040.0,25137.0,52177.0,50.84734200652926,37421.0,34011.0,71432.0,69.61165521609901,40819.0,38270.0,79089.0,77.07352726209619,37971.0,35712.0,73683.0,71.80529162403158,31920.0,29161.0,61081.0,59.524435998635674,29890.0,27718.0,57608.0,56.13994055449984,26339.0,24642.0,50981.0,50.139656562874954,5719.0,5183.0,10902.0,20.56476713259012
EASTERN SAMAR,0802600000,REGION 8,Eastern Samar,Province,1st,2018,3533.0,3184.0,6717.0,87.19979228871868,3550.0,3288.0,6838.0,51.70212889829175,2960.0,2646.0,5606.0,42.38697493475044,4101.0,3739.0,7840.0,59.27825249526284,3959.0,3674.0,7633.0,57.71312516534965,3792.0,3585.0,7377.0,55.77750875734107,4050.0,3747.0,7797.0,58.95312942673016,4040.0,3687.0,7727.0,58.4238593151653,3914.0,3671.0,7585.0,57.35019708884804,0.0,0.0,0.0,0.0,0.0,0.0,0.0,0.0,4093.0,3729.0,7822.0,59.14215446657474,4001.0,3705.0,7706.0,58.26507828169585,3880.0,3785.0,7665.0,57.95507721635072,3940.0,3617.0,7557.0,57.138489044222105,3169.0,2942.0,6111.0,46.205280739611126,4219.0,3873.0,8092.0,61.18362489689629,589.0,536.0,1125.0,8.506126793006466
EASTERN SAMAR,0802600000,REGION 8,Eastern Samar,Province,1st,2019,3360.0,3150.0,6510.0,59.97331896619764,3301.0,3097.0,6398.0,58.941519930220046,2972.0,2919.0,5891.0,54.2707867941429,4115.0,3823.0,7938.0,73.12875667491195,4056.0,4814.0,8870.0,81.71479865286835,3982.0,3736.0,7718.0,71.1020085685274,4146.0,3828.0,7974.0,73.46040636504762,4157.0,3840.0,7997.0,73.67229366707872,4037.0,3784.0,7821.0,72.05089518197107,3306.0,3016.0,6322.0,58.2413705843781,0.0,0.0,0.0,0.0,4184.0,3936.0,8120.0,74.80543010837555,4131.0,3873.0,8004.0,73.73678110682732,3868.0,3673.0,7541.0,69.4713975920271,3577.0,3287.0,6864.0,63.234540919198245,2983.0,2747.0,5730.0,52.78757567992511,3347.0,3089.0,6436.0,59.29159460314101,523.0,484.0,1007.0,9.276978832405687
EASTERN SAMAR,0802600000,REGION 8,Eastern Samar,Province,1st,2020,3062.0,3088.0,6150.0,53.98525280898876,3413.0,3291.0,6704.0,58.84831460674157,2399.0,2385.0,4784.0,41.99438202247191,3331.0,3069.0,6400.0,56.17977528089888,3243.0,3034.0,6277.0,55.1000702247191,3226.0,3079.0,6305.0,55.34585674157303,3674.0,3347.0,7021.0,61.6309691011236,3461.0,3247.0,6708.0,58.88342696629213,3430.0,3179.0,6609.0,58.01439606741573,3320.0,3179.0,6499.0,57.04880617977528,0.0,0.0,0.0,0.0,4045.0,3443.0,7488.0,65.73033707865169,3589.0,3406.0,6995.0,61.40273876404494,3595.0,3450.0,7045.0,61.84164325842697,3917.0,3614.0,7531.0,66.10779494382022,3672.0,3347.0,7019.0,61.613412921348306,3917.0,3614.0,7531.0,66.10779494382022,3672.0,3347.0,7019.0,61.613412921348306
EASTERN SAMAR,0802600000,REGION 8,Eastern Samar,Province,1st,2021,3155.0,3168.0,6323.0,54.344649763644185,3166.0,3059.0,6225.0,53.50236355822948,2120.0,2005.0,4125.0,35.45337344220026,3359.0,3238.0,6597.0,56.69961323592608,3460.0,3186.0,6646.0,57.12075633863344,3336.0,3106.0,6442.0,55.367425870219165,3393.0,3281.0,6674.0,57.36140954018049,3576.0,3258.0,6834.0,58.73657069187795,3516.0,3270.0,6786.0,58.32402234636872,3289.0,3151.0,6440.0,55.35023635582294,0.0,0.0,0.0,0.0,3336.0,3239.0,6575.0,56.51052857756768,3459.0,3165.0,6624.0,56.93167168027503,3295.0,3012.0,6307.0,54.207133648474425,3181.0,2984.0,6165.0,52.98667812634294,3448.0,3143.0,6591.0,56.64804469273743,3181.0,2984.0,6165.0,52.98667812634294,3448.0,3143.0,6591.0,56.64804469273743
EASTERN SAMAR,0802600000,REGION 8,Eastern Samar,Province,1st,2022,3377.0,3245.0,6622.0,55.609674168626135,3512.0,3519.0,7031.0,59.04433993953645,2200.0,2293.0,4493.0,37.73093718508566,3918.0,3823.0,7741.0,65.00671817265705,3836.0,3778.0,7614.0,63.940208263352375,3692.0,3563.0,7255.0,60.92542828350689,4035.0,3879.0,7914.0,66.45952300974135,3871.0,3894.0,7765.0,65.20826335236816,3887.0,3709.0,7596.0,63.78904937856903,3780.0,3624.0,7404.0,62.17668794088008,1345.0,1181.0,2526.0,21.212630164595232,3962.0,3869.0,7831.0,65.76251259657373,3858.0,3805.0,7663.0,64.3516963385959,3772.0,3571.0,7343.0,61.66442727578099,3608.0,3282.0,6890.0,57.86026200873362,12870.0,3205.0,6578.0,51.11111111111111,3158.0,2833.0,5991.0,46.55011655011655,651.0,585.0,1236.0,11.701221243964783
EASTERN SAMAR,0802600000,REGION 8,Eastern Samar,Province,1st,2023,3112.0,3073.0,6185.0,64.26641729010805,3349.0,3227.0,6576.0,68.3291770573566,2350.0,2292.0,4642.0,48.233582709891934,3770.0,3625.0,7395.0,76.83915211970074,3828.0,3719.0,7547.0,78.4185369908562,3810.0,3605.0,7415.0,77.046965918537,3532.0,3350.0,6882.0,71.50872817955111,3308.0,3109.0,6417.0,66.67705735660849,2940.0,2839.0,5779.0,60.047797173732334,3335.0,3115.0,6450.0,67.01995012468828,2990.0,2802.0,5792.0,60.18287614297589,3743.0,3651.0,7394.0,76.82876142975894,3890.0,3720.0,7610.0,79.07315045719035,3864.0,3690.0,7554.0,78.49127182044889,3751.0,3470.0,7221.0,75.03117206982543,3476.0,3341.0,6817.0,65.51028252931002,3169.0,3067.0,6236.0,59.92696521237747,528.0,475.0,1003.0,11.211714732841493
EASTERN SAMAR,0802600000,REGION 8,Eastern Samar,Province,1st,2024,3097.0,2860.0,5957.0,62.09089013967063,3286.0,2967.0,6253.0,65.17615176151762,2358.0,2141.0,4499.0,46.893892015843235,3390.0,3001.0,6391.0,66.61455076089223,2824.0,2542.0,5366.0,55.93079007713154,1663.0,1548.0,3211.0,33.46883468834688,3685.0,3366.0,7051.0,73.49385032311861,3945.0,3675.0,7620.0,79.42464040025015,4115.0,3920.0,8035.0,83.75026057952887,3907.0,3636.0,7543.0,78.62205545132375,2898.0,2748.0,5646.0,58.84928080050032,2568.0,2399.0,4967.0,51.77194079633104,1924.0,1779.0,3703.0,38.59703981655201,1878.0,1838.0,3716.0,38.73254117156556,3416.0,3235.0,6651.0,69.32457786116323,10364.0,3336.0,6714.0,64.78193747587804,2671.0,2597.0,5268.0,50.829795445773826,518.0,495.0,1013.0,11.384580804675208
EASTERN SAMAR,0802600000,REGION 8,Eastern Samar,Province,1st,2025,2745.0,2570.0,5315.0,54.86168455821635,2930.0,2699.0,5629.0,53.809387247873055,2089.0,1941.0,4030.0,38.52404167861581,3671.0,3300.0,6971.0,66.63798872000764,4019.0,3638.0,7657.0,73.19567918937004,4633.0,4184.0,8817.0,84.28448523085747,2782.0,2546.0,5328.0,50.93203326641812,2862.0,2644.0,5506.0,52.633591434853265,2927.0,2606.0,5533.0,52.89169295478444,3204.0,2816.0,6020.0,57.547079629098555,2812.0,2573.0,5385.0,51.47691425293949,4374.0,3574.0,7948.0,75.9774400152949,4566.0,4123.0,8689.0,83.06089284007265,4155.0,3767.0,7922.0,75.72889781091673,3469.0,3038.0,6507.0,62.20246630341267,3100.0,2820.0,5920.0,56.59114807379792,2716.0,2429.0,5145.0,49.64299498263219,727.0,648.0,1375.0,26.981946624803765
LEYTE,0803700000,REGION 8,Leyte,Province,1st,2018,10804.0,11900.0,22704.0,96.23601220752798,11861.0,10775.0,22636.0,52.69462126101796,11168.0,9903.0,21071.0,49.051438619495904,14269.0,12991.0,27260.0,63.45888741718279,14258.0,12962.0,27220.0,63.3657709279426,13722.0,12569.0,26291.0,61.20314046533942,14223.0,13120.0,27343.0,63.65210413235616,14187.0,12763.0,26950.0,62.73723462557138,13960.0,12767.0,26727.0,62.21811019805739,0.0,0.0,0.0,0.0,0.0,0.0,0.0,0.0,13530.0,12362.0,25892.0,60.27430348516862,13839.0,12667.0,26506.0,61.70364159500539,13726.0,12343.0,26069.0,60.68634395005642,13598.0,12494.0,26092.0,60.73988593136952,11865.0,11371.0,23236.0,54.09136859962066,15289.0,14146.0,29435.0,68.52209651961758,6854.0,6342.0,13196.0,30.719129800335438
LEYTE,0803700000,REGION 8,Leyte,Province,1st,2019,9218.0,8733.0,17951.0,50.65057583311259,9545.0,9063.0,18608.0,52.50436828603192,8775.0,8278.0,17053.0,48.1167773205988,13292.0,11840.0,25132.0,70.91249912750185,12878.0,12064.0,24942.0,70.37639476516595,12750.0,11918.0,24668.0,69.60327584263948,13171.0,12098.0,25269.0,71.29905858876509,13184.0,12340.0,25524.0,72.01856707505797,13312.0,12539.0,25851.0,72.9412308986571,12576.0,11754.0,24330.0,68.64957439806302,0.0,0.0,0.0,0.0,14579.0,13398.0,27977.0,78.93995655300489,13893.0,12896.0,26789.0,75.58789348745213,13156.0,12452.0,25608.0,72.25558163524857,12740.0,11492.0,24232.0,68.37305741117399,12350.0,11400.0,23750.0,67.01304529198508,12416.0,11373.0,23789.0,67.12308776635928,1230.0,1043.0,2273.0,6.41350113468135
LEYTE,0803700000,REGION 8,Leyte,Province,1st,2020,8950.0,8649.0,17599.0,50.70735010228484,10387.0,9890.0,20277.0,58.423372806638426,8353.0,8103.0,16456.0,47.41406632667762,12737.0,11934.0,24671.0,71.0836430691215,12737.0,11851.0,24588.0,70.84449822802317,12452.0,11597.0,24049.0,69.29149739245686,12184.0,11458.0,23642.0,68.11882329213127,12211.0,11233.0,23444.0,67.54833318927017,11763.0,10868.0,22631.0,65.20586625176477,11424.0,10596.0,22020.0,63.44541446970352,0.0,0.0,0.0,0.0,12471.0,11663.0,24134.0,69.53640475984672,12359.0,11713.0,24072.0,69.3577664448094,12260.0,11656.0,23916.0,68.90828939407037,12720.0,11930.0,24650.0,71.02313654306047,11822.0,10995.0,22817.0,65.74178119687672,12720.0,11930.0,24650.0,71.02313654306047,11822.0,10995.0,22817.0,65.74178119687672
LEYTE,0803700000,REGION 8,Leyte,Province,1st,2021,8096.0,7719.0,15815.0,45.11868081707178,8883.0,8355.0,17238.0,49.17836357411845,7839.0,7304.0,15143.0,43.2015291566815,10005.0,9203.0,19208.0,54.798584959488764,10026.0,9254.0,19280.0,55.00399406595915,9829.0,9118.0,18947.0,54.05397694853361,10584.0,9653.0,20237.0,57.734223439461374,10379.0,9627.0,20006.0,57.07520255620221,10235.0,10240.0,20475.0,58.41321465251627,10050.0,9259.0,19309.0,55.086728289398614,0.0,0.0,0.0,0.0,10744.0,9826.0,20570.0,58.68424055688691,11326.0,9791.0,21117.0,60.24477918521054,10124.0,9544.0,19668.0,56.11092091749401,11656.0,9770.0,21426.0,61.12632660047929,10334.0,9591.0,19925.0,56.84411731142303,11656.0,9770.0,21426.0,61.12632660047929,10334.0,9591.0,19925.0,56.84411731142303
LEYTE,0803700000,REGION 8,Leyte,Province,1st,2022,8364.0,7966.0,16330.0,46.10129298176275,9595.0,9087.0,18682.0,52.741234261193604,8077.0,7838.0,15915.0,44.92970470329174,11657.0,10777.0,22434.0,63.333521540285695,11606.0,10752.0,22358.0,63.118965614589804,11083.0,10324.0,21407.0,60.43419343910564,11463.0,10666.0,22129.0,62.47247473321664,11646.0,10667.0,22313.0,62.99192592174355,11387.0,10580.0,21967.0,62.01513183897013,8569.0,8061.0,16630.0,46.948224267404434,786.0,756.0,1542.0,4.353226808198294,11780.0,10862.0,22642.0,63.920727231663946,11715.0,10657.0,22372.0,63.15848907458641,11041.0,10309.0,21350.0,60.273276494833716,10544.0,9692.0,20236.0,57.128338320817576,38298.0,9099.0,18955.0,49.49344613295734,9330.0,8807.0,18137.0,47.35756436367434,1121.0,1017.0,2138.0,6.71608971539863
LEYTE,0803700000,REGION 8,Leyte,Province,1st,2023,7086.0,6949.0,14035.0,44.47225830983238,8424.0,8121.0,16545.0,52.42561551379955,7365.0,7172.0,14537.0,46.06292975062581,11469.0,10703.0,22172.0,70.25571152444627,12267.0,10872.0,23139.0,73.31981368230932,11192.0,10597.0,21789.0,69.04211160049431,10133.0,9521.0,19654.0,62.27700497480909,8515.0,8203.0,16718.0,52.973795113913624,7837.0,7370.0,15207.0,48.18593745048956,10234.0,9452.0,19686.0,62.37840235748915,7371.0,6866.0,14237.0,45.112329288000254,11343.0,10566.0,21909.0,69.42235178554454,11419.0,10868.0,22287.0,70.62010836845273,11342.0,10799.0,22141.0,70.15748280997497,10937.0,10017.0,20954.0,66.39627364618651,10713.0,9995.0,20708.0,60.18018018018017,10160.0,9596.0,19756.0,57.413542574832896,1105.0,909.0,2014.0,6.599167731577051
LEYTE,0803700000,REGION 8,Leyte,Province,1st,2024,7229.0,7139.0,14368.0,45.606907059421026,8102.0,7584.0,15686.0,49.790502793296085,7286.0,6915.0,14201.0,45.0768156424581,9365.0,8556.0,17921.0,56.884840020314876,7389.0,6988.0,14377.0,45.635474860335194,4727.0,4430.0,9157.0,29.06615033011681,11437.0,10525.0,21962.0,69.71178263077704,12960.0,12218.0,25178.0,79.92001015744033,13332.0,12519.0,25851.0,82.05624682579989,11610.0,10920.0,22530.0,71.5147282884713,8590.0,8038.0,16628.0,52.78059928897918,9128.0,8352.0,17480.0,55.485017775520575,7739.0,7271.0,15010.0,47.64474352463179,7881.0,7486.0,15367.0,48.77793296089386,10576.0,9850.0,20426.0,64.83621127475875,34367.0,10138.0,20800.0,60.52317630284866,8271.0,7938.0,16209.0,47.16443099484971,1787.0,1706.0,3493.0,11.456966675413277
LEYTE,0803700000,REGION 8,Leyte,Province,1st,2025,6488.0,6460.0,12948.0,40.66327491991709,7558.0,7370.0,14928.0,42.997868540814565,6818.0,6512.0,13330.0,38.39506884037099,11230.0,10446.0,21676.0,62.43447203179907,12581.0,11788.0,24369.0,70.19125525663921,14061.0,13290.0,27351.0,78.7804597039,7818.0,7382.0,15200.0,43.78132380897517,7911.0,7402.0,15313.0,44.10680338729189,7737.0,7580.0,15317.0,44.11832478829425,8939.0,8639.0,17578.0,50.63079670487931,8412.0,7870.0,16282.0,46.89786278011406,11625.0,10786.0,22411.0,64.55152946598307,12995.0,12058.0,25053.0,72.16141482804309,12115.0,11422.0,23537.0,67.79480384814794,10329.0,9600.0,19929.0,57.40250014401751,9493.0,8923.0,18416.0,53.04453021487413,8174.0,7784.0,15958.0,46.43407920388745,2165.0,1903.0,4068.0,22.403348386386167
CITY OF ORMOC,0803738000,REGION 8,Leyte,City,1st,2018,2029.0,1930.0,3959.0,64.39492517891998,1865.0,1752.0,3617.0,59.11399931292438,1781.0,1723.0,3504.0,57.26719756496739,2126.0,2016.0,4142.0,67.69427292068919,2045.0,1993.0,4038.0,65.99456157743673,1982.0,1922.0,3904.0,63.80454888516914,2085.0,2002.0,4087.0,66.79538711416144,6292.0,1972.0,8264.0,135.06167827536828,1995.0,1964.0,3959.0,64.70343469169688,0.0,0.0,0.0,0.0,0.0,0.0,0.0,0.0,2177.0,2037.0,4214.0,68.87099615832551,2254.0,2179.0,4433.0,72.45019600613595,2137.0,2109.0,4246.0,69.39398426394165,2030.0,1866.0,3896.0,63.6738018587651,1645.0,1516.0,3161.0,51.66141880789438,1983.0,1835.0,3818.0,62.399018351325765,56.0,36.0,92.0,1.5035908036464039
CITY OF ORMOC,0803738000,REGION 8,Leyte,City,1st,2019,1997.0,1931.0,3928.0,77.81115120298081,1935.0,1860.0,3795.0,75.1765068267088,1972.0,1932.0,3904.0,77.3357266538791,2238.0,2094.0,4332.0,85.8141311128597,2258.0,2159.0,4417.0,87.49792639092827,2209.0,2096.0,4305.0,85.27927849512025,2253.0,2113.0,4366.0,86.48764922408712,2267.0,2159.0,4426.0,87.67621059684141,2270.0,2135.0,4405.0,87.26021411637741,2270.0,2135.0,4405.0,87.26021411637741,0.0,0.0,0.0,0.0,2278.0,2128.0,4406.0,87.28002347258999,2165.0,2018.0,4183.0,82.86253703718654,2080.0,1924.0,4004.0,79.31666227513624,2090.0,1912.0,4002.0,79.2770435627111,2054.0,1954.0,4008.0,79.39589969998653,1384.0,1269.0,2653.0,52.55422203195216,225.0,216.0,441.0,8.735926089744027
CITY OF ORMOC,0803738000,REGION 8,Leyte,City,1st,2020,1824.0,1695.0,3519.0,71.22040072859745,1829.0,1630.0,3459.0,70.00607164541591,1831.0,1629.0,3460.0,70.02631046346893,2053.0,1902.0,3955.0,80.04452539971666,2021.0,1901.0,3922.0,79.37664440396681,2104.0,1901.0,4005.0,81.05646630236795,2043.0,1892.0,3935.0,79.63974903865613,2012.0,1897.0,3909.0,79.11353976927748,2145.0,1941.0,4086.0,82.69581056466302,2134.0,1929.0,4063.0,82.23031774944344,0.0,0.0,0.0,0.0,2051.0,1911.0,3962.0,80.18619712608783,2164.0,2016.0,4180.0,84.59825946164744,2124.0,2018.0,4142.0,83.82918437563247,2035.0,1914.0,3949.0,79.9230924913985,2013.0,1848.0,3861.0,78.14207650273224,2035.0,1914.0,3949.0,79.9230924913985,2013.0,1848.0,3861.0,78.14207650273224
CITY OF ORMOC,0803738000,REGION 8,Leyte,City,1st,2021,1536.0,1529.0,3065.0,61.43515734616155,1532.0,1449.0,2981.0,59.75145319703348,1524.0,1500.0,3024.0,60.61334936861095,1779.0,1682.0,3461.0,69.37261976347966,1715.0,1649.0,3364.0,67.42834235317699,1673.0,1617.0,3290.0,65.9450791741832,1753.0,1666.0,3419.0,68.53076768891562,1708.0,1653.0,3361.0,67.3682100621367,1686.0,1613.0,3299.0,66.12547604730406,1697.0,1605.0,3302.0,66.18560833834437,0.0,0.0,0.0,0.0,1649.0,1587.0,3236.0,64.862697935458,1611.0,1534.0,3145.0,63.038685107235914,1475.0,1496.0,2971.0,59.55101222689918,1759.0,1632.0,3391.0,67.9695329725396,1762.0,1691.0,3453.0,69.21226698737222,1759.0,1632.0,3391.0,67.9695329725396,1762.0,1691.0,3453.0,69.21226698737222
CITY OF ORMOC,0803738000,REGION 8,Leyte,City,1st,2022,1711.0,1640.0,3351.0,66.43536875495639,1719.0,1653.0,3372.0,66.85170499603488,1748.0,1658.0,3406.0,67.5257731958763,1895.0,1807.0,3702.0,73.39413164155431,1942.0,1823.0,3765.0,74.64314036478984,1849.0,1777.0,3626.0,71.8873909595559,1909.0,1799.0,3708.0,73.51308485329105,1923.0,1833.0,3756.0,74.46471054718478,1899.0,1834.0,3733.0,74.00872323552736,2126.0,2025.0,4151.0,82.29579698651864,1357.0,1333.0,2690.0,53.330689928628075,2007.0,1905.0,3912.0,77.55749405233942,2028.0,1972.0,4000.0,79.30214115781126,1858.0,1867.0,3725.0,73.85011895321173,1737.0,1728.0,3465.0,68.695479777954,5446.0,1743.0,3474.0,63.78993756885788,1515.0,1489.0,3004.0,55.159750275431506,235.0,272.0,507.0,11.19946984758118
CITY OF ORMOC,0803738000,REGION 8,Leyte,City,1st,2023,1633.0,1519.0,3152.0,59.561602418745274,1770.0,1685.0,3455.0,65.28722600151171,1747.0,1697.0,3444.0,65.07936507936508,1947.0,1810.0,3757.0,70.99395313681029,1922.0,1836.0,3758.0,71.01284958427816,1935.0,1790.0,3725.0,70.38926681783825,1913.0,1783.0,3696.0,69.84126984126983,1851.0,1770.0,3621.0,68.42403628117914,1799.0,1658.0,3457.0,65.32501889644747,1813.0,1689.0,3502.0,66.17535903250189,1849.0,1673.0,3522.0,66.55328798185941,1921.0,1798.0,3719.0,70.27588813303099,1932.0,1828.0,3760.0,71.0506424792139,1933.0,1779.0,3712.0,70.14361300075585,2014.0,1826.0,3840.0,72.56235827664399,1971.0,1866.0,3837.0,67.11562008046178,1929.0,1829.0,3758.0,65.7337764561833,42.0,38.0,80.0,1.7108639863130881
CITY OF ORMOC,0803738000,REGION 8,Leyte,City,1st,2024,1471.0,1378.0,2849.0,53.31212574850299,1572.0,1420.0,2992.0,55.98802395209581,1620.0,1498.0,3118.0,58.34580838323353,1706.0,1511.0,3217.0,60.19835329341318,1618.0,1448.0,3066.0,57.372754491017965,1268.0,1142.0,2410.0,45.09730538922156,1810.0,1628.0,3438.0,64.33383233532935,1906.0,1685.0,3591.0,67.19685628742515,1995.0,1822.0,3817.0,71.42589820359282,1981.0,1812.0,3793.0,70.97679640718563,1653.0,1575.0,3228.0,60.40419161676647,1457.0,1324.0,2781.0,52.03967065868264,1059.0,925.0,1984.0,37.12574850299401,932.0,840.0,1772.0,33.15868263473054,1703.0,1607.0,3310.0,61.938622754491014,5774.0,1711.0,3550.0,61.48250779355733,1816.0,1677.0,3493.0,60.49532386560443,15.0,20.0,35.0,0.74011418904631
CITY OF ORMOC,0803738000,REGION 8,Leyte,City,1st,2025,1477.0,1416.0,2893.0,53.484932519874285,1528.0,1414.0,2942.0,50.29059829059829,1554.0,1456.0,3010.0,51.45299145299145,1718.0,1616.0,3334.0,56.991452991452995,1761.0,1664.0,3425.0,58.54700854700855,2067.0,1883.0,3950.0,67.52136752136752,1703.0,1620.0,3323.0,56.8034188034188,1666.0,1576.0,3242.0,55.41880341880342,1702.0,1600.0,3302.0,56.44444444444444,1686.0,1588.0,3274.0,55.965811965811966,1722.0,1612.0,3334.0,56.991452991452995,1756.0,1623.0,3379.0,57.76068376068376,2120.0,2022.0,4142.0,70.80341880341881,2066.0,1933.0,3999.0,68.35897435897435,1739.0,1613.0,3352.0,57.2991452991453,1764.0,1602.0,3366.0,57.53846153846154,1749.0,1591.0,3340.0,57.84551437478351,35.0,36.0,71.0,3.1126698816308638
NORTHERN SAMAR,0804800000,REGION 8,Northern Samar,Province,1st,2018,3177.0,2886.0,6063.0,55.81331123998895,5756.0,5520.0,11276.0,63.48990780168558,4564.0,4219.0,8783.0,49.45298512080566,5324.0,4827.0,10151.0,57.155556411396816,5231.0,4917.0,10148.0,57.13866480768937,4959.0,4737.0,9696.0,54.59366318243557,5258.0,4835.0,10093.0,56.828985406386366,5240.0,4902.0,10142.0,57.1048816002745,4992.0,4816.0,9808.0,55.22428305417988,0.0,0.0,0.0,0.0,0.0,0.0,0.0,0.0,4969.0,4551.0,9520.0,53.60268909826594,5026.0,4651.0,9677.0,54.48668302562181,4978.0,4749.0,9727.0,54.76820975407908,5300.0,4826.0,10126.0,57.01479304716817,4532.0,4305.0,8837.0,49.757033987539515,5021.0,4660.0,9681.0,54.509205163898386,1782.0,1663.0,3445.0,19.397191590706534
NORTHERN SAMAR,0804800000,REGION 8,Northern Samar,Province,1st,2019,3208.0,3146.0,6354.0,43.371582651697,5008.0,4777.0,9785.0,66.79114514429574,4723.0,4421.0,9144.0,62.41576200300871,5355.0,5344.0,10699.0,73.02999099630252,5174.0,5133.0,10307.0,70.35424966808954,5082.0,4728.0,9810.0,66.96179191267667,5234.0,5091.0,10325.0,70.47711534132381,5232.0,5084.0,10316.0,70.41568250470668,4962.0,4838.0,9800.0,66.8935332053243,3956.0,3790.0,7746.0,52.87319471514714,0.0,0.0,0.0,0.0,5925.0,5614.0,11539.0,78.76372241390173,5597.0,5592.0,11189.0,76.37466765656873,5262.0,5132.0,10394.0,70.94810042205518,4615.0,4320.0,8935.0,60.989155019344146,3944.0,3672.0,7616.0,51.985831519566304,3921.0,3708.0,7629.0,52.0745678391244,1336.0,1182.0,2518.0,17.1875425113272
NORTHERN SAMAR,0804800000,REGION 8,Northern Samar,Province,1st,2020,2855.0,2892.0,5747.0,37.39102147039688,5413.0,5160.0,10573.0,68.78985035783994,3629.0,3650.0,7279.0,47.35849056603774,5280.0,4898.0,10178.0,66.21990891346779,5136.0,4934.0,10070.0,65.51724137931035,4934.0,4578.0,9512.0,61.886792452830186,5016.0,4696.0,9712.0,63.188028627195834,4850.0,4574.0,9424.0,61.314248536109304,4650.0,4301.0,8951.0,58.23682498373455,4414.0,4127.0,8541.0,55.56929082628497,0.0,0.0,0.0,0.0,5253.0,4892.0,10145.0,66.00520494469745,5194.0,4872.0,10066.0,65.49121665582304,4993.0,4760.0,9753.0,63.45478204294079,5351.0,4947.0,10298.0,67.00065061808719,4743.0,4480.0,9223.0,60.00650618087183,5351.0,4947.0,10298.0,67.00065061808719,4743.0,4480.0,9223.0,60.00650618087183
NORTHERN SAMAR,0804800000,REGION 8,Northern Samar,Province,1st,2021,2781.0,2858.0,5639.0,36.020440753752794,4721.0,4545.0,9266.0,59.18875758543596,3160.0,3038.0,6198.0,39.59118492494411,4755.0,4624.0,9379.0,59.91057170233153,4670.0,4501.0,9171.0,58.58192270839987,4571.0,4451.0,9022.0,57.63015011178537,4592.0,4543.0,9135.0,58.35196422868093,4608.0,4451.0,9059.0,57.86649632705206,4389.0,4353.0,8742.0,55.84158415841585,3859.0,3890.0,7749.0,49.49856275950176,0.0,0.0,0.0,0.0,4680.0,4510.0,9190.0,58.70328968380709,4750.0,4534.0,9284.0,59.30373682529543,4557.0,4428.0,8985.0,57.39380389651868,4507.0,4164.0,8671.0,55.38805493452571,4342.0,4146.0,8488.0,54.219099329287765,4507.0,4164.0,8671.0,55.38805493452571,4342.0,4146.0,8488.0,54.219099329287765
NORTHERN SAMAR,0804800000,REGION 8,Northern Samar,Province,1st,2022,3065.0,3125.0,6190.0,38.87946737014006,5059.0,4891.0,9950.0,62.496074367187994,3896.0,3739.0,7635.0,47.95553043150556,5538.0,5173.0,10711.0,67.27592487909051,5429.0,5138.0,10567.0,66.37145907920356,5001.0,4766.0,9767.0,61.34664907983167,5504.0,5148.0,10652.0,66.90534514163683,5339.0,5108.0,10447.0,65.61773757929778,5046.0,4945.0,9991.0,62.7535958796558,4793.0,4663.0,9456.0,59.39325419257584,1129.0,1124.0,2253.0,14.151121160731108,5421.0,5070.0,10491.0,65.89410212926323,5251.0,5133.0,10384.0,65.22203379184724,4948.0,4765.0,9713.0,61.00747440487406,4705.0,4333.0,9038.0,56.767790967904034,17281.0,4105.0,8474.0,49.036514090619754,3433.0,3227.0,6660.0,38.53943637520977,1007.0,919.0,1926.0,12.903658046362052
NORTHERN SAMAR,0804800000,REGION 8,Northern Samar,Province,1st,2023,2388.0,2539.0,4927.0,35.05264655663062,5284.0,4965.0,10249.0,72.91548093340921,4241.0,4078.0,8319.0,59.18468981217985,5545.0,5082.0,10627.0,75.60472396129767,5426.0,5305.0,10731.0,76.34462151394422,5350.0,5056.0,10406.0,74.03244166192373,5172.0,4759.0,9931.0,70.65310187820148,4493.0,4245.0,8738.0,62.16562322140011,4011.0,3770.0,7781.0,55.35714285714286,4432.0,4132.0,8564.0,60.92771770062607,3068.0,2781.0,5849.0,41.61212293682413,5290.0,5132.0,10422.0,74.14627205463859,5455.0,5269.0,10724.0,76.29482071713147,5348.0,5110.0,10458.0,74.40239043824701,5141.0,4712.0,9853.0,70.09817871371656,4661.0,4859.0,9520.0,62.586286240220886,3923.0,3647.0,7570.0,49.76661626454539,754.0,659.0,1413.0,11.165547214539707
NORTHERN SAMAR,0804800000,REGION 8,Northern Samar,Province,1st,2024,2181.0,2235.0,4416.0,31.42389525368249,5057.0,4703.0,9760.0,69.45136269835622,4498.0,4233.0,8731.0,62.12908275812994,4737.0,4477.0,9214.0,65.56607130150147,3945.0,3857.0,7802.0,55.51839464882943,2482.0,2457.0,4939.0,35.145520529424324,5258.0,4996.0,10254.0,72.96662634312958,5688.0,5540.0,11228.0,79.8975307763467,5841.0,5880.0,11721.0,83.40567850281079,5465.0,5246.0,10711.0,76.21860101046039,3769.0,3606.0,7375.0,52.47989753077634,4230.0,4054.0,8284.0,58.948267273891695,3329.0,3312.0,6641.0,47.25681349178112,3032.0,3106.0,6138.0,43.67750658222443,4732.0,4613.0,9345.0,66.49825660001423,15211.0,4617.0,9440.0,62.060351061731645,3405.0,3236.0,6641.0,43.659194004338964,849.0,795.0,1644.0,13.046583604475837
NORTHERN SAMAR,0804800000,REGION 8,Northern Samar,Province,1st,2025,2580.0,2481.0,5061.0,35.749099385463026,5066.0,4756.0,9822.0,64.11227154046998,4978.0,4687.0,9665.0,63.08746736292428,5270.0,4913.0,10183.0,66.4686684073107,5631.0,5513.0,11144.0,72.74151436031332,6619.0,6193.0,12812.0,83.62924281984334,4656.0,4368.0,9024.0,58.90339425587467,4682.0,4441.0,9123.0,59.54960835509139,4741.0,4499.0,9240.0,60.313315926892955,4358.0,4161.0,8519.0,55.6070496083551,3677.0,3362.0,7039.0,45.94647519582246,5295.0,4880.0,10175.0,66.41644908616188,6022.0,5595.0,11617.0,75.8289817232376,5575.0,5371.0,10946.0,71.44908616187989,4756.0,4264.0,9020.0,58.87728459530026,4336.0,4081.0,8417.0,54.941253263707566,3792.0,3644.0,7436.0,48.8856748405759,872.0,852.0,1724.0,20.11668611435239
SAMAR,0806000000,REGION 8,Samar,Province,1st,2018,4899.0,3553.0,8452.0,78.44083526682134,4694.0,4438.0,9132.0,54.76520229121486,3574.0,3407.0,6981.0,41.86551436651018,5267.0,5107.0,10374.0,62.21355766196485,5174.0,4962.0,10136.0,60.78625606918023,4805.0,4767.0,9572.0,57.40391111821164,5116.0,5022.0,10138.0,60.79825020021203,5130.0,4824.0,9954.0,59.694790145286106,4822.0,4601.0,9423.0,56.51034835634228,0.0,0.0,0.0,0.0,0.0,0.0,0.0,0.0,5192.0,4911.0,10103.0,60.588352907155475,4843.0,4655.0,9498.0,56.96012827003491,4438.0,4338.0,8776.0,52.63024696755384,5448.0,5081.0,10529.0,63.14310281692962,4196.0,4167.0,8363.0,50.15345890948642,5447.0,5116.0,10563.0,63.347003044470284,891.0,876.0,1767.0,10.596814766598408
SAMAR,0806000000,REGION 8,Samar,Province,1st,2019,3786.0,3665.0,7451.0,53.8815301987386,3985.0,3762.0,7747.0,56.02203924971519,3474.0,3400.0,6874.0,49.70898383923355,5911.0,5750.0,11661.0,84.32593257918278,5438.0,5371.0,10809.0,78.1647376081285,5165.0,4786.0,9951.0,71.960153940095,5848.0,5753.0,11601.0,83.89204560939021,5614.0,5572.0,11186.0,80.89099406832506,5324.0,5262.0,10586.0,76.55212437039953,4592.0,4591.0,9183.0,66.4064007267503,0.0,0.0,0.0,0.0,6202.0,6221.0,12423.0,89.83629709554819,5617.0,5604.0,11221.0,81.14409480070404,4732.0,4808.0,9540.0,68.988028197016,4840.0,4743.0,9583.0,69.29898052536733,4226.0,4293.0,8519.0,61.60471826104605,4073.0,3929.0,8002.0,57.86605887133355,885.0,887.0,1772.0,12.814128507873413
SAMAR,0806000000,REGION 8,Samar,Province,1st,2020,3069.0,2925.0,5994.0,41.90143306536176,4467.0,4316.0,8783.0,61.398112548060126,2778.0,2562.0,5340.0,37.32960503320517,5133.0,4799.0,9932.0,69.4302691366655,4727.0,4701.0,9428.0,65.90702551555401,4559.0,4470.0,9029.0,63.11779098217406,5440.0,4745.0,10185.0,71.19888150996155,4605.0,4390.0,8995.0,62.88011184900385,4333.0,4293.0,8626.0,60.30059419783292,4101.0,4052.0,8153.0,56.994058021670746,0.0,0.0,0.0,0.0,5057.0,4852.0,9909.0,69.26948619363858,4868.0,4689.0,9557.0,66.80880810905278,4521.0,4518.0,9039.0,63.187696609577074,4852.0,4674.0,9526.0,66.59210066410346,4611.0,4539.0,9150.0,63.96364907375044,4852.0,4674.0,9526.0,66.59210066410346,4611.0,4539.0,9150.0,63.96364907375044
SAMAR,0806000000,REGION 8,Samar,Province,1st,2021,2153.0,1982.0,4135.0,28.48777127109886,3493.0,3343.0,6836.0,47.09610747502583,2631.0,2604.0,5235.0,36.06613847743713,4354.0,4239.0,8593.0,59.20082673096796,4233.0,4125.0,8358.0,57.58181191870479,4173.0,3972.0,8145.0,56.114364450568374,4213.0,4053.0,8266.0,56.94798484326559,4239.0,4142.0,8381.0,57.74026868756459,4260.0,4044.0,8304.0,57.2097829831209,4021.0,3913.0,7934.0,54.66069583189803,0.0,0.0,0.0,0.0,4286.0,4072.0,8358.0,57.58181191870479,4044.0,4046.0,8090.0,55.735446090251465,3946.0,3745.0,7691.0,52.98656562177059,4200.0,3877.0,8077.0,55.64588356872201,4152.0,4051.0,8203.0,56.51395108508439,4200.0,3877.0,8077.0,55.64588356872201,4152.0,4051.0,8203.0,56.51395108508439
SAMAR,0806000000,REGION 8,Samar,Province,1st,2022,3037.0,2877.0,5914.0,40.14390442573988,4929.0,5097.0,10026.0,68.05593266358947,3835.0,3868.0,7703.0,52.287537333695354,5411.0,5090.0,10501.0,71.28020635351615,5002.0,4917.0,9919.0,67.32962259027966,4539.0,4602.0,9141.0,62.04860168341027,5501.0,5384.0,10885.0,73.88677708389899,5173.0,5105.0,10278.0,69.7664947054032,4913.0,4897.0,9810.0,66.58973662774912,4351.0,4332.0,8683.0,58.93972305185989,971.0,1034.0,2005.0,13.609828943795819,5377.0,5098.0,10475.0,71.10371979364648,5068.0,4939.0,10007.0,67.92696171599239,4446.0,4466.0,8912.0,60.494162367635084,4236.0,4183.0,8419.0,57.14770567472169,15975.0,3831.0,7732.0,48.400625978090765,3364.0,3371.0,6735.0,42.15962441314554,778.0,759.0,1537.0,11.308954455154147
SAMAR,0806000000,REGION 8,Samar,Province,1st,2023,3246.0,3199.0,6445.0,37.88724942684146,5031.0,4860.0,9891.0,58.144729880665444,2903.0,2648.0,5551.0,32.63182646522838,7103.0,6767.0,13870.0,81.53547704426548,6960.0,6488.0,13448.0,79.05472929281053,6544.0,6246.0,12790.0,75.18664393627652,6800.0,6401.0,13201.0,77.60272764681676,5960.0,5663.0,11623.0,68.32637705014403,5480.0,5093.0,10573.0,62.153900417376995,6113.0,5650.0,11763.0,69.14937393451297,4235.0,4001.0,8236.0,48.4157309975898,7135.0,6659.0,13794.0,81.08870730703663,6789.0,6450.0,13239.0,77.82611251543119,6617.0,6282.0,12899.0,75.82740579624948,6307.0,5979.0,12286.0,72.22385515254835,6313.0,5778.0,12091.0,65.88023756334115,5414.0,5325.0,10739.0,58.51359450770991,940.0,843.0,1783.0,11.454452010792753
SAMAR,0806000000,REGION 8,Samar,Province,1st,2024,2726.0,2655.0,5381.0,31.753806207954682,5037.0,4867.0,9904.0,58.44447067154491,3695.0,3449.0,7144.0,42.15744128407884,5396.0,4935.0,10331.0,60.964239348518824,3827.0,3610.0,7437.0,43.88646288209607,2064.0,2130.0,4194.0,24.74920335182344,6466.0,6124.0,12590.0,74.29481883630356,6694.0,6445.0,13139.0,77.5345214209843,6564.0,6383.0,12947.0,76.40151068098666,6493.0,6300.0,12793.0,75.4927416499469,4598.0,4401.0,8999.0,53.1039773397852,3502.0,3485.0,6987.0,41.2309689602266,2919.0,2903.0,5822.0,34.35619025138676,2750.0,2788.0,5538.0,32.68027853180692,5776.0,5471.0,11247.0,66.36964475392423,18286.0,5454.0,11039.0,60.36858799081264,3565.0,3515.0,7080.0,38.718145028983926,1272.0,1288.0,2560.0,16.464081291401374
SAMAR,0806000000,REGION 8,Samar,Province,1st,2025,2573.0,2420.0,4993.0,29.185176525602056,4883.0,4658.0,9541.0,51.6903239787626,3674.0,3455.0,7129.0,38.6228193737133,6704.0,6337.0,13041.0,70.65229168924044,7459.0,7013.0,14472.0,78.4050276302958,8476.0,7898.0,16374.0,88.70950265467548,5738.0,5323.0,11061.0,59.92523567017012,5808.0,5325.0,11133.0,60.31531043449995,5848.0,5380.0,11228.0,60.82999241521292,5993.0,5428.0,11421.0,61.87560949181926,5179.0,4843.0,10022.0,54.29624011268827,8128.0,7536.0,15664.0,84.86293206197854,7928.0,7606.0,15534.0,84.15863040416079,6979.0,6607.0,13586.0,73.60494094701484,6084.0,5462.0,11546.0,62.552822624336336,5603.0,5071.0,10674.0,57.82858381189728,4572.0,4193.0,8765.0,47.932844799300014,1437.0,1303.0,2740.0,24.451186864179903
SOUTHERN LEYTE,0806400000,REGION 8,Southern Leyte,Province,1st,2018,2410.0,2063.0,4473.0,94.44679054054053,2339.0,2035.0,4374.0,46.736791086543846,2165.0,1827.0,3992.0,42.655068591102655,2655.0,2314.0,4969.0,53.09444785300328,2681.0,2348.0,5029.0,53.73555609836054,2670.0,2399.0,5069.0,54.16296159526537,2528.0,2224.0,4752.0,50.775773032294545,2631.0,2292.0,4923.0,52.602931531562724,2619.0,2356.0,4975.0,53.15855867753901,0.0,0.0,0.0,0.0,0.0,0.0,0.0,0.0,2709.0,2378.0,5087.0,54.35529406887255,2809.0,2446.0,5255.0,56.15039715587287,2769.0,2478.0,5247.0,56.064916056491896,2822.0,2447.0,5269.0,56.29998907978956,2318.0,2127.0,4445.0,47.49543584354993,2792.0,2419.0,5211.0,55.68025110927755,41.0,30.0,71.0,0.7586447570060844
SOUTHERN LEYTE,0806400000,REGION 8,Southern Leyte,Province,1st,2019,1915.0,1771.0,3686.0,59.69196443353958,1895.0,1670.0,3565.0,57.73246153162469,1836.0,1716.0,3552.0,57.52193642646027,2278.0,2136.0,4414.0,71.48137032274653,2450.0,2126.0,4576.0,74.10483701787226,2422.0,2131.0,4553.0,73.73236952411983,2368.0,2118.0,4486.0,72.64735552058018,2524.0,2177.0,4701.0,76.12911687522235,2564.0,2235.0,4799.0,77.71615228338482,2588.0,2658.0,5246.0,84.95497705326875,0.0,0.0,0.0,0.0,2483.0,2239.0,4722.0,76.46919589125716,2521.0,2194.0,4715.0,76.35583621924556,2396.0,2334.0,4730.0,76.59874980212756,2371.0,2043.0,4414.0,71.48137032274653,2242.0,1989.0,4231.0,68.517824611586,2011.0,1743.0,3754.0,60.79317267593803,77.0,91.0,168.0,2.7206321282785266
SOUTHERN LEYTE,0806400000,REGION 8,Southern Leyte,Province,1st,2020,1728.0,1740.0,3468.0,53.759107115175944,2084.0,2057.0,4141.0,64.19159820182917,1761.0,1794.0,3555.0,55.10773523484731,2289.0,2167.0,4456.0,69.07456208339792,2427.0,2265.0,4692.0,72.73290962641451,2397.0,2204.0,4601.0,71.32227561618353,2317.0,2163.0,4480.0,69.44659742675555,2459.0,2316.0,4775.0,74.01953185552628,2507.0,2280.0,4787.0,74.20554952720508,2460.0,2245.0,4705.0,72.93442877073322,0.0,0.0,0.0,0.0,2308.0,2184.0,4492.0,69.63261509843434,2451.0,2287.0,4738.0,73.44597736784995,2492.0,2271.0,4763.0,73.83351418384747,2423.0,2254.0,4677.0,72.500387536816,2660.0,2261.0,4921.0,76.28274686095179,2423.0,2254.0,4677.0,72.500387536816,2660.0,2261.0,4921.0,76.28274686095179
SOUTHERN LEYTE,0806400000,REGION 8,Southern Leyte,Province,1st,2021,1652.0,1585.0,3237.0,49.374618669920686,1638.0,1571.0,3209.0,48.94752898108603,1453.0,1415.0,2868.0,43.74618669920684,1931.0,1722.0,3653.0,55.71995118974985,1906.0,1823.0,3729.0,56.87919463087249,1906.0,1770.0,3676.0,56.07077486272117,1912.0,1742.0,3654.0,55.73520439292251,1874.0,1821.0,3695.0,56.36058572300183,1864.0,1766.0,3630.0,55.369127516778526,1801.0,1727.0,3528.0,53.81330079316656,0.0,0.0,0.0,0.0,1766.0,1557.0,3323.0,50.686394142769984,1742.0,1704.0,3446.0,52.56253813300793,1761.0,1646.0,3407.0,51.96766320927395,1932.0,1792.0,3724.0,56.80292861500915,2023.0,1814.0,3837.0,58.526540573520435,1932.0,1792.0,3724.0,56.80292861500915,2023.0,1814.0,3837.0,58.526540573520435
SOUTHERN LEYTE,0806400000,REGION 8,Southern Leyte,Province,1st,2022,1959.0,1877.0,3836.0,57.58030621435004,2016.0,1901.0,3917.0,58.79615731011708,1783.0,1755.0,3538.0,53.10717502251576,2218.0,2106.0,4324.0,64.90543380366256,2266.0,2082.0,4348.0,65.26568598018613,2191.0,2018.0,4209.0,63.17922545782048,2229.0,2095.0,4324.0,64.90543380366256,2235.0,2059.0,4294.0,64.45511858300812,2250.0,2018.0,4268.0,64.06484539177424,2289.0,2035.0,4324.0,64.90543380366256,868.0,778.0,1646.0,24.707295106574602,2195.0,2057.0,4252.0,63.82467727409187,2240.0,2091.0,4331.0,65.0105073551486,2190.0,1965.0,4155.0,62.368658060642446,2103.0,1895.0,3998.0,60.01200840588412,7254.0,1898.0,3925.0,54.10807830162669,1854.0,1756.0,3610.0,49.765646539840084,173.0,142.0,315.0,4.888268156424581
SOUTHERN LEYTE,0806400000,REGION 8,Southern Leyte,Province,1st,2023,2057.0,1980.0,4037.0,54.50985687280583,2144.0,2018.0,4162.0,56.19767755873616,1887.0,1837.0,3724.0,50.2835538752363,2542.0,2344.0,4886.0,65.97353497164461,2584.0,2461.0,5045.0,68.12044288414799,2593.0,2482.0,5075.0,68.52551984877127,2451.0,2325.0,4776.0,64.48825276802592,2447.0,2314.0,4761.0,64.28571428571429,2293.0,2178.0,4471.0,60.36997029435592,2438.0,2338.0,4776.0,64.48825276802592,2407.0,2263.0,4670.0,63.05698082635701,2581.0,2403.0,4984.0,67.29678638941398,2588.0,2478.0,5066.0,68.40399675938428,2674.0,2510.0,5184.0,69.9972994869025,2613.0,2368.0,4981.0,67.25627869295167,2537.0,2350.0,4887.0,60.87443946188341,2353.0,2215.0,4568.0,56.90084703537618,184.0,135.0,319.0,4.400606980273141
SOUTHERN LEYTE,0806400000,REGION 8,Southern Leyte,Province,1st,2024,1889.0,1790.0,3679.0,49.93213897937025,1852.0,1789.0,3641.0,49.41639522258415,1767.0,1700.0,3467.0,47.054831704668835,2259.0,2023.0,4282.0,58.11617806731814,2127.0,1919.0,4046.0,54.91313789359392,1607.0,1472.0,3079.0,41.78881650380022,2314.0,2046.0,4360.0,59.17480998914224,2550.0,2253.0,4803.0,65.18729641693811,2772.0,2543.0,5315.0,72.13626492942454,2665.0,2413.0,5078.0,68.91965255157437,2243.0,2044.0,4287.0,58.18403908794788,1986.0,1809.0,3795.0,51.50651465798045,1526.0,1355.0,2881.0,39.10152008686211,1546.0,1441.0,2987.0,40.54017372421281,2427.0,2152.0,4579.0,62.1471226927253,8024.0,2272.0,4792.0,59.720837487537395,2156.0,2001.0,4157.0,51.80707876370887,284.0,217.0,501.0,6.967042136003338
SOUTHERN LEYTE,0806400000,REGION 8,Southern Leyte,Province,1st,2025,1713.0,1745.0,3458.0,46.8119669689996,2040.0,2148.0,4188.0,52.063649925410246,1852.0,1923.0,3775.0,46.92938836399801,2312.0,2188.0,4500.0,55.94231725509696,2503.0,2306.0,4809.0,59.78368970661363,2820.0,2676.0,5496.0,68.32421680755843,2127.0,1989.0,4116.0,51.1685728493287,2095.0,2012.0,4107.0,51.0566882148185,2140.0,2049.0,4189.0,52.076081551466935,2132.0,2059.0,4191.0,52.100944803580305,2045.0,1966.0,4011.0,49.863252113376426,2603.0,2293.0,4896.0,60.865241173545506,2960.0,2837.0,5797.0,72.06613625062158,2862.0,2701.0,5563.0,69.15713575335654,2229.0,2113.0,4342.0,53.978120338140236,2327.0,2132.0,4459.0,55.43262058677275,2203.0,2050.0,4253.0,53.003489531405776,184.0,150.0,334.0,8.637186449444014
BILIRAN,0807800000,REGION 8,Biliran,Province,2nd,2018,1733.0,1568.0,3301.0,93.14334085778782,1780.0,1643.0,3423.0,71.49176560224764,1732.0,1615.0,3347.0,69.90445208025791,1856.0,1674.0,3530.0,73.72653595557527,1852.0,1666.0,3518.0,73.47590750473479,1813.0,1653.0,3466.0,72.38985088442604,1853.0,1681.0,3534.0,73.8100787725221,1848.0,1672.0,3520.0,73.5176789132082,1856.0,1684.0,3540.0,73.93539299794234,0.0,0.0,0.0,0.0,0.0,0.0,0.0,0.0,1832.0,1680.0,3512.0,73.35059327931455,1819.0,1637.0,3456.0,72.18099384205897,1819.0,1660.0,3479.0,72.66136503950322,1919.0,1635.0,3554.0,74.22779285725623,1671.0,1501.0,3172.0,66.24945383883421,1917.0,1612.0,3529.0,73.70565025133857,47.0,36.0,83.0,1.7335134516466708
BILIRAN,0807800000,REGION 8,Biliran,Province,2nd,2019,1088.0,1465.0,2553.0,65.51351402597714,1504.0,1406.0,2910.0,74.67462820822306,1500.0,1400.0,2900.0,74.41801436558312,1579.0,1311.0,2890.0,74.16140052294318,1580.0,1388.0,2968.0,76.16298849553472,1552.0,1366.0,2918.0,74.87991928233501,1653.0,1387.0,3040.0,78.01060816254231,1676.0,1486.0,3162.0,81.1412970427496,1705.0,1506.0,3211.0,82.3987048716853,1654.0,1478.0,3132.0,80.37145551482978,0.0,0.0,0.0,0.0,1674.0,1448.0,3122.0,80.11484167218983,1615.0,1548.0,3163.0,81.16695842701358,1654.0,1522.0,3176.0,81.50055642244551,1403.0,1300.0,2703.0,69.36272166557626,1312.0,1308.0,2620.0,67.23282677166475,1282.0,1260.0,2542.0,65.2312387990732,71.0,67.0,138.0,3.541271028431196
BILIRAN,0807800000,REGION 8,Biliran,Province,2nd,2020,1554.0,1396.0,2950.0,76.94314032342201,1580.0,1426.0,3006.0,78.40375586854461,1593.0,1421.0,3014.0,78.61241523213354,1583.0,1473.0,3056.0,79.70787689097548,1667.0,1547.0,3214.0,83.82889932185707,1687.0,1581.0,3268.0,85.23735002608242,1592.0,1479.0,3071.0,80.09911319770475,1667.0,1525.0,3192.0,83.25508607198748,1656.0,1551.0,3207.0,83.64632237871675,1657.0,1545.0,3202.0,83.51591027647366,0.0,0.0,0.0,0.0,1563.0,1465.0,3028.0,78.9775691184142,1669.0,1536.0,3205.0,83.59415753781951,1677.0,1639.0,3316.0,86.48930620761607,1799.0,1631.0,3430.0,89.46270213875847,1857.0,1600.0,3457.0,90.16692749087115,1799.0,1631.0,3430.0,89.46270213875847,1857.0,1600.0,3457.0,90.16692749087115
BILIRAN,0807800000,REGION 8,Biliran,Province,2nd,2021,1328.0,1239.0,2567.0,66.57157676348547,1337.0,1251.0,2588.0,67.11618257261411,1358.0,1268.0,2626.0,68.10165975103735,1308.0,1232.0,2540.0,65.87136929460581,1300.0,1203.0,2503.0,64.91182572614107,1303.0,1215.0,2518.0,65.30082987551867,1280.0,1201.0,2481.0,64.34128630705395,1258.0,1191.0,2449.0,63.51141078838174,1278.0,1190.0,2468.0,64.00414937759335,1290.0,1199.0,2489.0,64.54875518672199,0.0,0.0,0.0,0.0,1325.0,1223.0,2548.0,66.07883817427386,1285.0,1216.0,2501.0,64.85995850622407,1277.0,1188.0,2465.0,63.926348547717836,1351.0,1172.0,2523.0,65.4304979253112,1382.0,1245.0,2627.0,68.12759336099586,1351.0,1172.0,2523.0,65.4304979253112,1382.0,1245.0,2627.0,68.12759336099586
BILIRAN,0807800000,REGION 8,Biliran,Province,2nd,2022,1558.0,1527.0,3085.0,79.65401497547121,1591.0,1596.0,3187.0,82.28763232636199,1616.0,1600.0,3216.0,83.03640588690936,1600.0,1584.0,3184.0,82.21017299251227,1555.0,1551.0,3106.0,80.19623031241932,1487.0,1470.0,2957.0,76.34908339788278,1604.0,1573.0,3177.0,82.0294345468629,1539.0,1538.0,3077.0,79.44745675187194,1500.0,1449.0,2949.0,76.1425251742835,1479.0,1461.0,2940.0,75.91014717273431,833.0,782.0,1615.0,41.69894138910406,1602.0,1580.0,3182.0,82.15853343661244,1531.0,1558.0,3089.0,79.75729408727085,1509.0,1463.0,2972.0,76.73638006713142,1332.0,1261.0,2593.0,66.95068422411568,4199.0,1186.0,2409.0,57.37080257204096,1101.0,1076.0,2177.0,51.84567754227197,129.0,139.0,268.0,7.165775401069519
BILIRAN,0807800000,REGION 8,Biliran,Province,2nd,2023,1472.0,1381.0,2853.0,84.58345686332642,1587.0,1474.0,3061.0,90.75007411799585,1581.0,1471.0,3052.0,90.48324933293804,1601.0,1520.0,3121.0,92.52890601838126,1630.0,1499.0,3129.0,92.76608360509931,1565.0,1536.0,3101.0,91.93596205158613,1577.0,1478.0,3055.0,90.57219092795731,1578.0,1484.0,3062.0,90.77972131633561,1506.0,1465.0,2971.0,88.08182626741772,1577.0,1520.0,3097.0,91.8173732582271,1441.0,1390.0,2831.0,83.93121849985177,1592.0,1500.0,3092.0,91.66913726652831,1620.0,1510.0,3130.0,92.79573080343908,1589.0,1551.0,3140.0,93.09220278683664,1607.0,1493.0,3100.0,91.90631485324637,1501.0,1441.0,2942.0,80.09801252382249,1326.0,1281.0,2607.0,70.9774026681187,179.0,168.0,347.0,10.857321652065082
BILIRAN,0807800000,REGION 8,Biliran,Province,2nd,2024,1219.0,1096.0,2315.0,68.53167554766134,1604.0,1410.0,3014.0,89.22439313203078,1602.0,1410.0,3012.0,89.1651865008881,1449.0,1458.0,2907.0,86.05683836589698,1352.0,1261.0,2613.0,77.35346358792185,1067.0,992.0,2059.0,60.953226761397275,1501.0,1394.0,2895.0,85.70159857904085,1578.0,1432.0,3010.0,89.10597986974541,1605.0,1452.0,3057.0,90.49733570159859,1581.0,1416.0,2997.0,88.72113676731794,1380.0,1225.0,2605.0,77.11663706335109,1301.0,1146.0,2447.0,72.43931320307875,942.0,857.0,1799.0,53.256364712847834,871.0,791.0,1662.0,49.200710479573715,1457.0,1312.0,2769.0,81.97158081705152,3679.0,1389.0,2804.0,76.2163631421582,1215.0,1216.0,2431.0,66.07773851590106,206.0,172.0,378.0,11.720930232558139
BILIRAN,0807800000,REGION 8,Biliran,Province,2nd,2025,856.0,770.0,1626.0,47.585601404741,1480.0,1311.0,2791.0,74.98656636217088,1477.0,1318.0,2795.0,75.09403546480387,1440.0,1371.0,2811.0,75.52391187533584,1586.0,1398.0,2984.0,80.17195056421279,1706.0,1626.0,3332.0,89.52176249328319,1421.0,1342.0,2763.0,74.23428264373993,1454.0,1340.0,2794.0,75.06716818914562,1440.0,1329.0,2769.0,74.39548629768942,1447.0,1311.0,2758.0,74.09994626544868,1449.0,1314.0,2763.0,74.23428264373993,1562.0,1409.0,2971.0,79.82267598065556,1995.0,1861.0,3856.0,103.60021493820526,1997.0,1850.0,3847.0,103.35840945728103,1454.0,1338.0,2792.0,75.01343363782912,1447.0,1303.0,2750.0,73.8850080601827,1408.0,1270.0,2678.0,72.79151943462897,117.0,103.0,220.0,17.628205128205128
CITY OF TACLOBAN,0831600000,REGION 8,Leyte,City,1st,2018,1861.0,1693.0,3554.0,76.6278568348426,2479.0,2196.0,4675.0,67.86557187522955,2158.0,1992.0,4150.0,60.24430444539094,2152.0,1956.0,4108.0,59.63460305100385,2074.0,1951.0,4025.0,58.42971696209604,1907.0,1899.0,3806.0,55.25055969136336,2108.0,1907.0,4015.0,58.28454996343244,2077.0,1925.0,4002.0,58.09583286516977,1962.0,1943.0,3905.0,56.68771297813292,0.0,0.0,0.0,0.0,0.0,0.0,0.0,0.0,2028.0,1897.0,3925.0,56.9780469754601,1965.0,1951.0,3916.0,56.847396676662875,1985.0,1945.0,3930.0,57.050630474791895,2353.0,2226.0,4579.0,66.47196868805906,1697.0,1681.0,3378.0,49.037412148561586,2302.0,2196.0,4498.0,65.29611599888396,287.0,280.0,567.0,8.230968824225702
CITY OF TACLOBAN,0831600000,REGION 8,Leyte,City,1st,2019,1412.0,1547.0,2959.0,52.06445718116402,1431.0,1508.0,2939.0,51.712551421237265,1520.0,1631.0,3151.0,55.44275247646091,2030.0,2028.0,4058.0,71.40167868913943,2032.0,1927.0,3959.0,69.65974517750199,1974.0,2000.0,3974.0,69.92367449744705,2055.0,2036.0,4091.0,71.98232319301859,2033.0,1963.0,3996.0,70.31077083336649,2052.0,2010.0,4062.0,71.47205984112479,2009.0,1989.0,3998.0,70.34596140935916,0.0,0.0,0.0,0.0,2191.0,2153.0,4344.0,76.43393105609209,2117.0,2013.0,4130.0,72.66853942487577,2001.0,1918.0,3919.0,68.95593365764846,1971.0,1836.0,3807.0,66.98526140205861,1645.0,1622.0,3267.0,57.48380588403611,1866.0,1740.0,3606.0,63.44860851479468,202.0,198.0,400.0,7.038115198535183
CITY OF TACLOBAN,0831600000,REGION 8,Leyte,City,1st,2020,1309.0,1382.0,2691.0,48.321063027473514,1318.0,1366.0,2684.0,48.19536721134854,1377.0,1626.0,3003.0,53.92350511761536,2233.0,1988.0,4221.0,75.79457712336146,2129.0,2010.0,4139.0,74.32214042018316,2037.0,2029.0,4066.0,73.01131262345125,2201.0,1960.0,4161.0,74.7171844137188,2097.0,1953.0,4050.0,72.72400790087987,2049.0,2016.0,4065.0,72.99335607829053,2049.0,2029.0,4078.0,73.22679116537978,0.0,0.0,0.0,0.0,2228.0,1957.0,4185.0,75.14814149757586,2121.0,1989.0,4110.0,73.80140061052253,2097.0,2081.0,4178.0,75.02244568145089,2007.0,1932.0,3939.0,70.73083138804094,1889.0,1887.0,3776.0,67.80391452684503,2007.0,1932.0,3939.0,70.73083138804094,1889.0,1887.0,3776.0,67.80391452684503
CITY OF TACLOBAN,0831600000,REGION 8,Leyte,City,1st,2021,1175.0,1470.0,2645.0,47.03894718121999,1200.0,1483.0,2683.0,47.714743019740354,1229.0,1523.0,2752.0,48.94184598968522,1914.0,1874.0,3788.0,67.36617463987196,1937.0,1925.0,3862.0,68.6821981148853,2044.0,2070.0,4114.0,73.16379157033612,1894.0,1875.0,3769.0,67.02827672061177,1923.0,1917.0,3840.0,68.29094789258403,2042.0,2044.0,4086.0,72.66583674195269,1973.0,2000.0,3973.0,70.6562333274053,0.0,0.0,0.0,0.0,1929.0,1892.0,3821.0,67.95304997332386,1920.0,1949.0,3869.0,68.80668682198115,2048.0,2054.0,4102.0,72.9503823581718,1693.0,1746.0,3439.0,61.15952338609283,1713.0,1815.0,3528.0,62.74230837631157,1693.0,1746.0,3439.0,61.15952338609283,1713.0,1815.0,3528.0,62.74230837631157
CITY OF TACLOBAN,0831600000,REGION 8,Leyte,City,1st,2022,1359.0,1472.0,2831.0,49.85910531877422,1397.0,1500.0,2897.0,51.02148643888693,1316.0,1440.0,2756.0,48.53821768228249,1912.0,1955.0,3867.0,68.1049665375132,1996.0,2049.0,4045.0,71.2398731947869,1910.0,2031.0,3941.0,69.40824233885171,1927.0,1961.0,3888.0,68.47481507573089,2002.0,2049.0,4051.0,71.34554420570623,1936.0,2032.0,3968.0,69.88376188798873,1930.0,2044.0,3974.0,69.98943289890806,1369.0,1411.0,2780.0,48.96090172595984,1922.0,1942.0,3864.0,68.05213103205354,1924.0,1963.0,3887.0,68.45720324057767,1932.0,2038.0,3970.0,69.91898555829518,1899.0,1886.0,3785.0,66.66079605494892,6148.0,1989.0,3949.0,64.23227065712427,1950.0,1941.0,3891.0,63.28887443070917,91.0,76.0,167.0,3.2713026444662097
CITY OF TACLOBAN,0831600000,REGION 8,Leyte,City,1st,2023,1242.0,1258.0,2500.0,45.52075746540423,1457.0,1475.0,2932.0,53.386744355426075,1405.0,1434.0,2839.0,51.69337217771304,1922.0,1889.0,3811.0,69.3918426802622,1878.0,1834.0,3712.0,67.5892206846322,1869.0,1748.0,3617.0,65.85943190094683,1934.0,1871.0,3805.0,69.28259286234523,1852.0,1826.0,3678.0,66.9701383831027,1847.0,1744.0,3591.0,65.38601602330662,1813.0,1750.0,3563.0,64.8761835396941,1747.0,1725.0,3472.0,63.21922796795339,1956.0,1899.0,3855.0,70.19300801165332,1860.0,1851.0,3711.0,67.57101238164603,1841.0,1757.0,3598.0,65.51347414420977,2036.0,2008.0,4044.0,73.63437727603788,2016.0,1969.0,3985.0,67.20067453625632,1911.0,1826.0,3737.0,63.0185497470489,115.0,95.0,210.0,4.233017536786938
CITY OF TACLOBAN,0831600000,REGION 8,Leyte,City,1st,2024,1343.0,1282.0,2625.0,47.50271444082519,2314.0,2482.0,4796.0,86.78972131740862,2588.0,2562.0,5150.0,93.19580166485704,1437.0,1409.0,2846.0,51.50199058993847,1251.0,1239.0,2490.0,45.05971769815418,1039.0,1006.0,2045.0,37.00687658342382,1825.0,1749.0,3574.0,64.67607672819399,1788.0,1800.0,3588.0,64.92942453854505,1797.0,1761.0,3558.0,64.38653637350706,1809.0,1742.0,3551.0,64.25986246833152,1829.0,1767.0,3596.0,65.07419471588852,1189.0,1151.0,2340.0,42.34527687296417,917.0,942.0,1859.0,33.6409699601882,921.0,911.0,1832.0,33.152370611654,1872.0,1804.0,3676.0,66.5218964893232,5973.0,1809.0,3745.0,62.69881131759585,1736.0,1650.0,3386.0,56.68843127406663,126.0,117.0,243.0,4.867788461538462
CITY OF TACLOBAN,0831600000,REGION 8,Leyte,City,1st,2025,1140.0,1060.0,2200.0,39.32785126921702,2509.0,2332.0,4841.0,80.12247600132406,2977.0,2599.0,5576.0,92.28732207878187,1818.0,1677.0,3495.0,57.84508440913605,1912.0,1858.0,3770.0,62.396557431314136,2111.0,2046.0,4157.0,68.80172128434293,1790.0,1598.0,3388.0,56.07414763323403,1702.0,1635.0,3337.0,55.230056272757366,1724.0,1635.0,3359.0,55.59417411453161,1652.0,1584.0,3236.0,53.55842436279378,1744.0,1597.0,3341.0,55.29625951671632,2078.0,1910.0,3988.0,66.00463422707713,2233.0,2168.0,4401.0,72.84011916583913,2222.0,2061.0,4283.0,70.88712346904998,1860.0,1733.0,3593.0,59.467063886130425,1820.0,1786.0,3606.0,59.682224428997024,1725.0,1681.0,3406.0,57.02327138791227,182.0,188.0,370.0,14.302280633938924
REGION 9,0900000000,REGION 9,,Region,,2018,29861.0,28040.0,57901.0,91.62855469924514,29455.0,28062.0,57517.0,56.65928215466472,23770.0,22332.0,46102.0,45.41450746552068,31562.0,29388.0,60950.0,60.04108780581071,31144.0,29455.0,60599.0,59.69532206635477,31066.0,29690.0,60756.0,59.849980815911984,35875.0,33323.0,69198.0,68.16609013923691,35315.0,33321.0,68636.0,67.61247092107668,35049.0,36325.0,71374.0,70.30964070634839,0.0,0.0,0.0,0.0,0.0,0.0,0.0,0.0,36003.0,33092.0,69095.0,68.06462611882677,36660.0,34977.0,71637.0,70.56871873904613,34742.0,33309.0,68051.0,67.03619468865011,37065.0,34529.0,71594.0,70.52635997324384,32184.0,30575.0,62759.0,61.82311123223748,37799.0,34905.0,72704.0,71.61980718348913,6008.0,5559.0,11567.0,11.394508000817268
REGION 9,0900000000,REGION 9,,Region,,2019,24902.0,24586.0,49488.0,57.69077422609833,21709.0,20876.0,42585.0,49.64358269516645,18343.0,18117.0,36460.0,42.503346837284695,33236.0,31136.0,64372.0,75.04183879894927,32421.0,30761.0,63182.0,73.65459297513223,43716.0,30218.0,73934.0,86.18876700679667,33508.0,31561.0,65069.0,75.85436849575639,32650.0,31186.0,63836.0,74.41699530183504,32097.0,30977.0,63074.0,73.5286916734749,30722.0,29166.0,59888.0,69.81460327458326,0.0,0.0,0.0,0.0,32918.0,31222.0,64140.0,74.77138415094461,32150.0,30777.0,62927.0,73.35732601288574,30609.0,29238.0,59847.0,69.7668074100652,26706.0,24717.0,51423.0,59.9465058807924,26121.0,24803.0,50924.0,59.36479523702375,22832.0,21286.0,44118.0,51.430681727024854,4632.0,4452.0,9084.0,10.589698372734343
REGION 9,0900000000,REGION 9,,Region,,2020,25834.0,26257.0,52091.0,65.07226643015078,25047.0,25013.0,50060.0,62.535133852169245,19758.0,20175.0,39933.0,49.88444866397671,30717.0,29727.0,60444.0,75.5068643739616,30360.0,29378.0,59738.0,74.62492660928658,29389.0,28622.0,58011.0,72.46755193564103,29651.0,28942.0,58593.0,73.1945884498632,29252.0,28327.0,57579.0,71.92789596632146,29097.0,28309.0,57406.0,71.71178373786711,28254.0,27693.0,55947.0,69.88919563778092,0.0,0.0,0.0,0.0,28621.0,27418.0,56039.0,70.00412237198785,27835.0,27065.0,54900.0,68.5812794343606,27040.0,26646.0,53686.0,67.06474622428202,29083.0,28406.0,57489.0,71.81546763937989,27817.0,27274.0,55091.0,68.81987732820328,29083.0,28406.0,57489.0,71.81546763937989,27817.0,27274.0,55091.0,68.81987732820328
REGION 9,0900000000,REGION 9,,Region,,2021,21957.0,22381.0,44338.0,55.734613837489945,18920.0,18732.0,37652.0,47.33004827031376,14820.0,15193.0,30013.0,37.72752413515688,28747.0,27177.0,55924.0,70.29867256637168,28300.0,26986.0,55286.0,69.4966814159292,27716.0,26326.0,54042.0,67.93292437650845,28782.0,27557.0,56339.0,70.82034392598551,28286.0,27083.0,55369.0,69.60101568785197,27985.0,26746.0,54731.0,68.7990245374095,27908.0,26472.0,54380.0,68.35780370072405,0.0,0.0,0.0,0.0,28709.0,27066.0,55775.0,70.111373692679,27856.0,26772.0,54628.0,68.6695494770716,26578.0,25273.0,51851.0,65.17875100563154,27672.0,26144.0,53816.0,67.64883346741753,28309.0,27094.0,55403.0,69.64375502815768,27672.0,26144.0,53816.0,67.64883346741753,28309.0,27094.0,55403.0,69.64375502815768
REGION 9,0900000000,REGION 9,,Region,,2022,23922.0,24382.0,48304.0,61.138886427784875,21050.0,21087.0,42137.0,53.333248952624444,15892.0,16501.0,32393.0,41.00016454238232,32745.0,31318.0,64063.0,81.08522029693572,31292.0,30474.0,61766.0,78.17788297239485,30316.0,29860.0,60176.0,76.16540306555115,32691.0,31409.0,64100.0,81.1320515903654,31754.0,30570.0,62324.0,78.88414950574,30678.0,29834.0,60512.0,76.59068183831812,30881.0,29766.0,60647.0,76.76155277380485,22996.0,22140.0,45136.0,57.12911514169631,32254.0,30705.0,62959.0,79.68787575784424,30958.0,30102.0,61060.0,77.28429126533092,28968.0,28101.0,57069.0,72.23284012808992,28969.0,27834.0,56803.0,71.8961610996494,85598.0,27576.0,56259.0,65.72466646416973,24364.0,23201.0,47565.0,55.56788710016589,4931.0,4832.0,9763.0,13.429345658124594
REGION 9,0900000000,REGION 9,,Region,,2023,23069.0,23084.0,46153.0,54.41608206095619,19976.0,19804.0,39780.0,46.90208099982314,15146.0,15004.0,30150.0,35.54795731887048,35104.0,33731.0,68835.0,81.15899310263515,34873.0,33503.0,68376.0,80.61781524494488,34405.0,33229.0,67634.0,79.7429699935153,34682.0,32995.0,67677.0,79.79366857277604,34192.0,32516.0,66708.0,78.65118198431881,32596.0,31521.0,64117.0,75.59629782467724,33292.0,32193.0,65485.0,77.2092200672051,26942.0,26264.0,53206.0,62.731828096445206,34629.0,33106.0,67735.0,79.8620527029417,34453.0,33161.0,67614.0,79.71938925897541,33446.0,32364.0,65810.0,77.59240700347816,32216.0,31008.0,63224.0,74.54341802747155,31467.0,30816.0,62283.0,67.55425881536276,25296.0,24887.0,50183.0,54.43018753321691,5920.0,5641.0,11561.0,14.698740035345123
REGION 9,0900000000,REGION 9,,Region,,2024,19807.0,20109.0,39916.0,46.768524159910015,16883.0,16343.0,33226.0,38.9300276514974,13355.0,12990.0,26345.0,30.867741481932793,29511.0,28218.0,57729.0,67.63954632797487,28122.0,27424.0,55546.0,65.08178281857806,26072.0,25080.0,51152.0,59.933448938463705,30411.0,29272.0,59683.0,69.92899657871303,30246.0,29417.0,59663.0,69.90556310634109,30843.0,29975.0,60818.0,71.2588461358204,30212.0,29099.0,59311.0,69.49313399259502,28039.0,26727.0,54766.0,64.16787739607256,24835.0,23655.0,48490.0,56.81445376575901,19772.0,19214.0,38986.0,45.678867694614986,19736.0,19111.0,38847.0,45.51600506163003,31505.0,29531.0,61036.0,71.51427098467451,92714.0,32752.0,66895.0,72.15199430506719,30018.0,28818.0,58836.0,63.459671678495155,4104.0,3807.0,7911.0,9.991537946625915
REGION 9,0900000000,REGION 9,,Region,,2025,20286.0,19947.0,40233.0,46.630737134909594,23334.0,22265.0,45599.0,48.6607333418705,20423.0,19386.0,39809.0,42.48196525376702,29164.0,27402.0,56566.0,60.364109787851625,29772.0,28162.0,57934.0,61.823963802450166,31258.0,30191.0,61449.0,65.5749775899603,19928.0,18707.0,38635.0,41.22913732018611,19971.0,19040.0,39011.0,41.6303837452512,20818.0,19836.0,40654.0,43.38370256541597,27393.0,26054.0,53447.0,57.035685320356855,25368.0,24375.0,49743.0,53.08298117556666,31813.0,29888.0,61701.0,65.84389806633372,35276.0,33742.0,69018.0,73.65219618389038,33262.0,32243.0,65505.0,69.90331668587527,28865.0,27163.0,56028.0,59.789985913689335,29272.0,28487.0,57759.0,61.63721347163529,28853.0,28126.0,56979.0,61.45673792523243,2408.0,2103.0,4511.0,13.315425940138143
ZAMBOANGA DEL NORTE,0907200000,REGION 9,Zamboanga Del Norte,Province,1st,2018,6862.0,6318.0,13180.0,97.53570635684156,6655.0,6286.0,12941.0,58.26687190869503,6106.0,5767.0,11873.0,53.458200306926514,8030.0,7367.0,15397.0,69.3250155921627,8041.0,7540.0,15581.0,70.15347586812281,8047.0,7533.0,15580.0,70.14897336662303,8084.0,7463.0,15547.0,70.00039081713018,8081.0,7587.0,15668.0,70.54519349860395,8090.0,7675.0,15765.0,70.98193614408292,0.0,0.0,0.0,0.0,0.0,0.0,0.0,0.0,8446.0,7868.0,16314.0,73.45380946746394,8342.0,7932.0,16274.0,73.2737094074726,8095.0,7727.0,15822.0,71.23857872957058,7710.0,7145.0,14855.0,66.88465977928017,7033.0,6393.0,13426.0,60.450585136089906,7759.0,7156.0,14915.0,67.15480986926717,1996.0,1822.0,3818.0,17.190550726172447
ZAMBOANGA DEL NORTE,0907200000,REGION 9,Zamboanga Del Norte,Province,1st,2019,6238.0,5893.0,12131.0,64.62421313066187,5686.0,5281.0,10967.0,58.423357134940964,5312.0,5013.0,10325.0,55.00329738472376,9017.0,8359.0,17376.0,92.56535548251429,8770.0,8333.0,17103.0,91.11103100929108,8441.0,8181.0,16622.0,88.5486497945645,9033.0,8205.0,17238.0,91.83020245209377,8734.0,8326.0,17060.0,90.88196158676875,8446.0,8156.0,16602.0,88.44210587711224,7778.0,7273.0,15051.0,80.1796250786903,0.0,0.0,0.0,0.0,8471.0,7936.0,16407.0,87.40330268195281,8204.0,7875.0,16079.0,85.65598243573592,7815.0,7504.0,15319.0,81.60731357255044,7310.0,6670.0,13980.0,74.47419829912234,7235.0,6879.0,14114.0,75.18804254605242,7335.0,6815.0,14150.0,75.37982159746647,2227.0,2005.0,4232.0,22.544692932895977
ZAMBOANGA DEL NORTE,0907200000,REGION 9,Zamboanga Del Norte,Province,1st,2020,7893.0,8138.0,16031.0,92.9387210852803,8559.0,8583.0,17142.0,99.37967418401067,7070.0,7315.0,14385.0,83.39613890660328,7741.0,7383.0,15124.0,87.68044524320251,7657.0,7352.0,15009.0,87.01373992695228,7557.0,7411.0,14968.0,86.77604498811526,7423.0,7049.0,14472.0,83.90051597194041,7376.0,7096.0,14472.0,83.90051597194041,7229.0,7038.0,14267.0,82.71204127775523,6684.0,6527.0,13211.0,76.58994724331846,0.0,0.0,0.0,0.0,7555.0,7098.0,14653.0,84.94985216534292,7521.0,7153.0,14674.0,85.07159835352775,7424.0,7143.0,14567.0,84.45127253753842,7293.0,6984.0,14277.0,82.77001565308134,7246.0,7082.0,14328.0,83.06568496724448,7293.0,6984.0,14277.0,82.77001565308134,7246.0,7082.0,14328.0,83.06568496724448
ZAMBOANGA DEL NORTE,0907200000,REGION 9,Zamboanga Del Norte,Province,1st,2021,4392.0,4338.0,8730.0,51.127379209370424,4905.0,4751.0,9656.0,56.550512445095166,3775.0,3733.0,7508.0,43.97071742313324,6392.0,5816.0,12208.0,71.49633967789165,6445.0,6178.0,12623.0,73.9267935578331,6241.0,5952.0,12193.0,71.40849194729137,6405.0,6091.0,12496.0,73.18301610541728,6328.0,6073.0,12401.0,72.62664714494875,6291.0,5985.0,12276.0,71.89458272327965,6191.0,5845.0,12036.0,70.48901903367496,0.0,0.0,0.0,0.0,6483.0,6149.0,12632.0,73.97950219619327,6412.0,6214.0,12626.0,73.94436310395315,6074.0,5957.0,12031.0,70.4597364568082,6274.0,6042.0,12316.0,72.12884333821377,6677.0,6435.0,13112.0,76.79062957540263,6274.0,6042.0,12316.0,72.12884333821377,6677.0,6435.0,13112.0,76.79062957540263
ZAMBOANGA DEL NORTE,0907200000,REGION 9,Zamboanga Del Norte,Province,1st,2022,4854.0,4782.0,9636.0,57.173371306514774,5121.0,4972.0,10093.0,59.88489379375815,3897.0,3918.0,7815.0,46.3688145247419,7237.0,6689.0,13926.0,82.62726949092205,6865.0,6729.0,13594.0,80.65741070369053,6718.0,6448.0,13166.0,78.11795419484989,7348.0,6814.0,14162.0,84.02753055654443,6915.0,6665.0,13580.0,80.57434436928918,6794.0,6454.0,13248.0,78.60448558205768,6780.0,6387.0,13167.0,78.12388750444998,4466.0,4067.0,8533.0,50.62893081761006,7205.0,6567.0,13772.0,81.71353981250742,6828.0,6650.0,13478.0,79.9691467900795,6414.0,6087.0,12501.0,74.17230331078676,6235.0,5892.0,12127.0,71.95324552035125,18295.0,5884.0,12037.0,65.79393276851599,5481.0,5105.0,10586.0,57.86280404482099,753.0,771.0,1524.0,9.718148195383241
ZAMBOANGA DEL NORTE,0907200000,REGION 9,Zamboanga Del Norte,Province,1st,2023,6339.0,6449.0,12788.0,51.47940904150396,7118.0,7149.0,14267.0,57.43327563302605,5798.0,5898.0,11696.0,47.08345074674933,9613.0,9265.0,18878.0,75.99533030071252,9524.0,9336.0,18860.0,75.92286944970009,9452.0,9305.0,18757.0,75.50823235779558,9555.0,9110.0,18665.0,75.13787689706534,9419.0,9164.0,18583.0,74.80777746467534,9268.0,9136.0,18404.0,74.08719455738498,9234.0,9060.0,18294.0,73.64437824564229,7159.0,7083.0,14242.0,57.33263556217544,9597.0,9213.0,18810.0,75.72158930799887,9452.0,9360.0,18812.0,75.72964051366692,9473.0,9151.0,18624.0,74.97282718087034,8788.0,8466.0,17254.0,69.45775129825691,8718.0,8585.0,17303.0,64.0093222846996,7203.0,7112.0,14315.0,52.95575614087008,1401.0,1326.0,2727.0,11.810819004720862
ZAMBOANGA DEL NORTE,0907200000,REGION 9,Zamboanga Del Norte,Province,1st,2024,6214.0,6280.0,12494.0,50.022020258637944,6452.0,6130.0,12582.0,50.374344396845096,5199.0,5096.0,10295.0,41.217920486847895,8570.0,7954.0,16524.0,66.15686431516995,8216.0,7859.0,16075.0,64.35921047363574,7772.0,7293.0,15065.0,60.315490251030944,8420.0,7975.0,16395.0,65.64038915802539,8210.0,7711.0,15921.0,63.74264323177323,8148.0,7849.0,15997.0,64.04692316931578,8283.0,7924.0,16207.0,64.88769668094648,7578.0,7287.0,14865.0,59.51475357328743,7015.0,6495.0,13510.0,54.08976258157505,5820.0,5611.0,11431.0,45.76610481643112,5863.0,5647.0,11510.0,46.08239580413981,8652.0,8110.0,16762.0,67.10974096168475,27153.0,8792.0,17909.0,65.95587964497477,8015.0,7717.0,15732.0,57.93834935366257,1061.0,1015.0,2076.0,8.939798466970975
ZAMBOANGA DEL NORTE,0907200000,REGION 9,Zamboanga Del Norte,Province,1st,2025,6093.0,6073.0,12166.0,48.157384316985315,7180.0,6894.0,14074.0,51.25646441838444,5959.0,5764.0,11723.0,42.69429674411829,8388.0,7976.0,16364.0,59.59647461577682,8512.0,8160.0,16672.0,60.71818777769684,8627.0,8534.0,17161.0,62.499089518537396,5612.0,5336.0,10948.0,39.87180421006628,5863.0,5678.0,11541.0,42.03146623934737,6063.0,5860.0,11923.0,43.422681914196225,7698.0,7452.0,15150.0,55.175176633403744,7189.0,6978.0,14167.0,51.59516352247068,9125.0,8596.0,17721.0,64.53856799475562,9757.0,9258.0,19015.0,69.25122004515988,9022.0,8845.0,17867.0,65.07028916891252,8201.0,7765.0,15966.0,58.146988127321734,7876.0,7616.0,15492.0,56.42071527423702,7754.0,7516.0,15270.0,56.236879902773175,799.0,653.0,1452.0,12.713422642500657
ZAMBOANGA DEL SUR,0907300000,REGION 9,Zamboanga Del Sur,Province,1st,2018,4320.0,3900.0,8220.0,93.33484728057228,5013.0,4628.0,9641.0,42.601069944805964,3629.0,3276.0,6905.0,30.51139798453326,5166.0,4649.0,9815.0,43.36993066157769,4999.0,4717.0,9716.0,42.93247542617309,4796.0,4551.0,9347.0,41.30196045784684,6524.0,5844.0,12368.0,54.65097324731462,6352.0,5849.0,12201.0,53.91304370880382,6079.0,5856.0,11935.0,52.73765893488841,0.0,0.0,0.0,0.0,0.0,0.0,0.0,0.0,5688.0,4713.0,10401.0,45.959312155992826,5779.0,5525.0,11304.0,49.94943415165301,5536.0,5500.0,11036.0,48.76521189823448,6448.0,5984.0,12432.0,54.93377259141457,5417.0,5494.0,10911.0,48.21286942928927,6178.0,5813.0,11991.0,52.985108360975865,1376.0,1255.0,2631.0,11.625704286358728
ZAMBOANGA DEL SUR,0907300000,REGION 9,Zamboanga Del Sur,Province,1st,2019,1758.0,1971.0,3729.0,19.60374553735521,1927.0,2066.0,3993.0,20.991621327610446,1482.0,1701.0,3183.0,16.733366062054607,3449.0,3429.0,6878.0,36.158370020361794,3534.0,3485.0,7019.0,36.89962186288447,3654.0,3226.0,6880.0,36.16888423089403,3389.0,3391.0,6780.0,35.6431737042822,3386.0,3449.0,6835.0,35.9323144939187,3373.0,3306.0,6679.0,35.11220607240425,3179.0,3135.0,6314.0,33.19336265027106,0.0,0.0,0.0,0.0,3388.0,3432.0,6820.0,35.85345791492693,3322.0,3442.0,6764.0,35.559060020024305,3128.0,3098.0,6226.0,32.730737386852645,2866.0,2737.0,5603.0,29.455560806060937,2835.0,2700.0,5535.0,29.098077647964892,1908.0,1731.0,3639.0,19.13060606340456,523.0,490.0,1013.0,5.3254476345778565
ZAMBOANGA DEL SUR,0907300000,REGION 9,Zamboanga Del Sur,Province,1st,2020,3955.0,3830.0,7785.0,44.100152948507336,4045.0,4219.0,8264.0,46.81357276383618,3106.0,3268.0,6374.0,36.10717725032572,6511.0,6382.0,12893.0,73.03574463264034,6631.0,6394.0,13025.0,73.78349289072679,6479.0,6308.0,12787.0,72.4352801223588,6406.0,6259.0,12665.0,71.74417945958194,6569.0,6283.0,12852.0,72.80348949187106,6371.0,6236.0,12607.0,71.41562340678638,6263.0,6143.0,12406.0,70.27700674106384,0.0,0.0,0.0,0.0,4679.0,4444.0,9123.0,51.679601200929014,4573.0,4426.0,8999.0,50.97717101909024,4510.0,4444.0,8954.0,50.72225684019713,6864.0,6879.0,13743.0,77.85079023395457,6220.0,6197.0,12417.0,70.33931909590437,6864.0,6879.0,13743.0,77.85079023395457,6220.0,6197.0,12417.0,70.33931909590437
ZAMBOANGA DEL SUR,0907300000,REGION 9,Zamboanga Del Sur,Province,1st,2021,3055.0,3259.0,6314.0,36.06763395407289,2896.0,3048.0,5944.0,33.9540728892951,2234.0,2724.0,4958.0,28.321718268022394,5454.0,5165.0,10619.0,60.65920255912258,5344.0,5179.0,10523.0,60.11081914772078,5124.0,4794.0,9918.0,56.65486119044899,5525.0,5392.0,10917.0,62.36147606534902,5393.0,5323.0,10716.0,61.213298297726496,5255.0,5088.0,10343.0,59.0826002513424,5270.0,5052.0,10322.0,58.962641380098255,0.0,0.0,0.0,0.0,5427.0,5086.0,10513.0,60.053695875699766,5210.0,5061.0,10271.0,58.67131269279105,4843.0,4512.0,9355.0,53.43882097566549,5111.0,4979.0,10090.0,57.63738146921056,5225.0,5191.0,10416.0,59.499600137095854,5111.0,4979.0,10090.0,57.63738146921056,5225.0,5191.0,10416.0,59.499600137095854
ZAMBOANGA DEL SUR,0907300000,REGION 9,Zamboanga Del Sur,Province,1st,2022,3255.0,3353.0,6608.0,38.0469829571626,3660.0,3605.0,7265.0,41.82980193459235,2405.0,2642.0,5047.0,29.059189313680335,6557.0,6221.0,12778.0,73.57208659603869,6321.0,6100.0,12421.0,71.51658222017504,5983.0,5833.0,11816.0,68.03316444035006,6648.0,6228.0,12876.0,74.13634269921695,6485.0,6230.0,12715.0,73.20935052970981,6192.0,6076.0,12268.0,70.63565177337632,6336.0,5968.0,12304.0,70.84292952556426,4169.0,3961.0,8130.0,46.81022570244127,6349.0,6068.0,12417.0,71.49355135882082,6141.0,5876.0,12017.0,69.19046522339936,5578.0,5452.0,11030.0,63.50760018424689,5608.0,5244.0,10852.0,62.48272685398434,18780.0,5266.0,10801.0,57.51331203407881,4260.0,4088.0,8348.0,44.45154419595314,1119.0,1050.0,2169.0,13.910087859937152
ZAMBOANGA DEL SUR,0907300000,REGION 9,Zamboanga Del Sur,Province,1st,2023,4591.0,4628.0,9219.0,38.80540472281854,4836.0,4748.0,9584.0,40.34179399755862,3487.0,3560.0,7047.0,29.66283621669403,8689.0,8370.0,17059.0,71.80620448709854,8783.0,8420.0,17203.0,72.41234162562613,8670.0,8298.0,16968.0,71.42315948983457,8578.0,8136.0,16714.0,70.35400092604284,8586.0,8283.0,16869.0,71.00644020709686,8404.0,8084.0,16488.0,69.40270236140927,8395.0,8042.0,16437.0,69.18802879151407,6783.0,6418.0,13201.0,55.566780317380136,8598.0,8231.0,16829.0,70.83806877972808,8763.0,8403.0,17166.0,72.25659805531002,8432.0,8137.0,16569.0,69.74365450183105,7921.0,7400.0,15321.0,64.49046596792525,7569.0,7273.0,14842.0,57.60080723405907,5572.0,5373.0,10945.0,42.47681142546668,1701.0,1598.0,3299.0,15.54299175500589
ZAMBOANGA DEL SUR,0907300000,REGION 9,Zamboanga Del Sur,Province,1st,2024,4065.0,4059.0,8124.0,33.984522066513286,4159.0,3947.0,8106.0,33.90922401171303,3412.0,3345.0,6757.0,28.266053126960887,7379.0,7121.0,14500.0,60.65676636686885,7198.0,6908.0,14106.0,59.0085756117967,6545.0,6327.0,12872.0,53.84647563271282,7453.0,7113.0,14566.0,60.932859234469774,7531.0,7431.0,14962.0,62.5894164400753,7627.0,7420.0,15047.0,62.944990587743156,7598.0,7345.0,14943.0,62.50993516000837,6945.0,6713.0,13658.0,57.13449069232378,5868.0,5587.0,11455.0,47.9188454298264,4814.0,4740.0,9554.0,39.96653419786655,4825.0,4702.0,9527.0,39.85358711566618,7862.0,7442.0,15304.0,64.02007948128006,25904.0,8159.0,16600.0,64.08276714021001,7030.0,6846.0,13876.0,53.56701667696109,1313.0,1199.0,2512.0,11.759749075417817
ZAMBOANGA DEL SUR,0907300000,REGION 9,Zamboanga Del Sur,Province,1st,2025,4317.0,4028.0,8345.0,34.47492357266793,4198.0,4013.0,8211.0,31.311012812690663,3320.0,3151.0,6471.0,24.67586943258084,7524.0,6929.0,14453.0,55.11363636363637,7704.0,7226.0,14930.0,56.93258084197681,8100.0,7673.0,15773.0,60.147193410616225,5657.0,5229.0,10886.0,41.51159243441123,5766.0,5441.0,11207.0,42.73566198901769,5987.0,5592.0,11579.0,44.154209884075655,6937.0,6471.0,13408.0,51.1287370347773,6414.0,5968.0,12382.0,47.21629042098841,8157.0,7603.0,15760.0,60.09762050030506,9073.0,8648.0,17721.0,67.5755033557047,8570.0,8159.0,16729.0,63.79270896888346,7359.0,6782.0,14141.0,53.923886516168395,7358.0,7138.0,14496.0,55.27760829774253,7338.0,7118.0,14456.0,55.80605311920939,641.0,551.0,1192.0,9.910209511140671
ZAMBOANGA SIBUGAY,0908001000,REGION 9,Zamboanga Sibugay,Province,1st,2018,4568.0,4299.0,8867.0,86.9910723045227,4492.0,4376.0,8868.0,49.636308254235956,3772.0,3565.0,7337.0,41.06693658788106,4566.0,4354.0,8920.0,49.92736464002985,4470.0,4256.0,8726.0,48.841500431491085,4428.0,4556.0,8984.0,50.28558788408388,5553.0,5283.0,10836.0,60.651673008897255,5528.0,5306.0,10834.0,60.64047853252057,5493.0,5355.0,10848.0,60.718839867157385,0.0,0.0,0.0,0.0,0.0,0.0,0.0,0.0,5817.0,5559.0,11376.0,63.6741816306031,6101.0,5948.0,12049.0,67.4411229313587,5403.0,5166.0,10569.0,59.15721041260936,5712.0,5499.0,11211.0,62.75063732952631,4813.0,4549.0,9362.0,52.40134391927796,6587.0,5749.0,12336.0,69.04753029141348,654.0,647.0,1301.0,7.282006883035744
ZAMBOANGA SIBUGAY,0908001000,REGION 9,Zamboanga Sibugay,Province,1st,2019,4565.0,4546.0,9111.0,58.84751651165465,4066.0,3977.0,8043.0,51.94935520834578,3912.0,3863.0,7775.0,50.21835592998737,5793.0,5488.0,11281.0,72.8634435043328,5792.0,5546.0,11338.0,73.23160379861052,17760.0,5522.0,23282.0,150.37733283112104,5815.0,5587.0,11402.0,73.64497676060657,5800.0,5535.0,11335.0,73.21222694101695,5830.0,5565.0,11395.0,73.59976409288824,5577.0,5372.0,10949.0,70.71907126397836,0.0,0.0,0.0,0.0,5788.0,5502.0,11290.0,72.92157407711349,5814.0,5521.0,11335.0,73.21222694101695,5706.0,5402.0,11108.0,71.74604471643727,5085.0,4627.0,9712.0,62.72934698289869,5198.0,4851.0,10049.0,64.90601398590908,4324.0,4077.0,8401.0,54.26166021451111,828.0,931.0,1759.0,11.361297502359843
ZAMBOANGA SIBUGAY,0908001000,REGION 9,Zamboanga Sibugay,Province,1st,2020,3457.0,3657.0,7114.0,47.572555837902904,3385.0,3336.0,6721.0,44.944496455797776,2994.0,2992.0,5986.0,40.02942356560118,4223.0,4129.0,8352.0,55.851277250234055,4257.0,4156.0,8413.0,56.259194864250375,4164.0,4149.0,8313.0,55.59047746422362,4170.0,4108.0,8278.0,55.356426374214266,4206.0,4138.0,8344.0,55.79777985823191,4170.0,4049.0,8219.0,54.96188310819847,4040.0,4041.0,8081.0,54.03905309616156,0.0,0.0,0.0,0.0,4174.0,4109.0,8283.0,55.38986224421559,4205.0,4111.0,8316.0,55.61053898622442,3999.0,4127.0,8126.0,54.3399759261736,3663.0,3485.0,7148.0,47.79991975391199,3971.0,3836.0,7807.0,52.206767420088276,3663.0,3485.0,7148.0,47.79991975391199,3971.0,3836.0,7807.0,52.206767420088276
ZAMBOANGA SIBUGAY,0908001000,REGION 9,Zamboanga Sibugay,Province,1st,2021,3202.0,3287.0,6489.0,43.28308431163287,3139.0,3221.0,6360.0,42.42262540021345,2908.0,3000.0,5908.0,39.4076840981857,4295.0,4303.0,8598.0,57.350586979722515,4267.0,4215.0,8482.0,56.57684098185699,4211.0,4086.0,8297.0,55.342849519743865,4341.0,4279.0,8620.0,57.49733191035219,4311.0,4237.0,8548.0,57.017075773745994,4281.0,4169.0,8450.0,56.363393810032015,4142.0,4077.0,8219.0,54.82257203842049,0.0,0.0,0.0,0.0,4354.0,4162.0,8516.0,56.80362860192102,4205.0,4117.0,8322.0,55.50960512273212,4075.0,3966.0,8041.0,53.63527214514407,4379.0,4188.0,8567.0,57.14381003201707,4420.0,4298.0,8718.0,58.15101387406617,4379.0,4188.0,8567.0,57.14381003201707,4420.0,4298.0,8718.0,58.15101387406617
ZAMBOANGA SIBUGAY,0908001000,REGION 9,Zamboanga Sibugay,Province,1st,2022,3856.0,3822.0,7678.0,51.115105518940155,3829.0,3942.0,7771.0,51.73423873244125,3373.0,3421.0,6794.0,45.23001131748885,5291.0,5182.0,10473.0,69.72238865588176,5133.0,4938.0,10071.0,67.0461354104254,4956.0,4780.0,9736.0,64.81592437254511,5278.0,5123.0,10401.0,69.24305971639704,5174.0,4925.0,10099.0,67.23254110911391,4924.0,4788.0,9712.0,64.65614805938354,4936.0,4746.0,9682.0,64.45642766793156,3299.0,3291.0,6590.0,43.87191265561547,5293.0,5087.0,10380.0,69.10325544238066,5055.0,4920.0,9975.0,66.40703015777912,4731.0,4595.0,9326.0,62.086412356034884,4572.0,4371.0,8943.0,59.53664869183144,16286.0,4271.0,8708.0,53.46923738180032,3708.0,3549.0,7257.0,44.559744565884806,668.0,647.0,1315.0,9.250140686550367
ZAMBOANGA SIBUGAY,0908001000,REGION 9,Zamboanga Sibugay,Province,1st,2023,3891.0,3686.0,7577.0,54.74315439635864,3763.0,3663.0,7426.0,53.652192760638684,3438.0,3239.0,6677.0,48.24073405100788,5556.0,5421.0,10977.0,79.30785347879488,5646.0,5403.0,11049.0,79.82804710642296,5525.0,5452.0,10977.0,79.30785347879488,5366.0,5227.0,10593.0,76.53348746477856,5314.0,4993.0,10307.0,74.46716277725598,4807.0,4708.0,9515.0,68.7450328733473,5243.0,5139.0,10382.0,75.00903113936855,4285.0,4254.0,8539.0,61.69351925438913,5537.0,5388.0,10925.0,78.9321580810635,5711.0,5444.0,11155.0,80.59388772487537,5541.0,5421.0,10962.0,79.19947980637238,5222.0,5162.0,10384.0,75.0234809623582,5000.0,5006.0,10006.0,66.46296911325142,4142.0,4212.0,8354.0,55.489870474925276,778.0,771.0,1549.0,12.010545088004962
ZAMBOANGA SIBUGAY,0908001000,REGION 9,Zamboanga Sibugay,Province,1st,2024,3321.0,3272.0,6593.0,47.42141983744516,3148.0,3147.0,6295.0,45.27799755448464,2905.0,2778.0,5683.0,40.876069912968426,4503.0,4455.0,8958.0,64.43213694885996,4173.0,4391.0,8564.0,61.598216212328275,3954.0,3883.0,7837.0,56.369128964971594,4839.0,4855.0,9694.0,69.72595842623895,4827.0,4919.0,9746.0,70.09997842192332,5325.0,5269.0,10594.0,76.19938142846867,5023.0,4900.0,9923.0,71.37308494569517,4579.0,4261.0,8840.0,63.583399266345396,3991.0,3932.0,7923.0,56.987700496295766,3211.0,3207.0,6418.0,46.1626986981227,3225.0,3153.0,6378.0,45.87499100913472,5195.0,4814.0,10009.0,71.99165647701935,15123.0,5238.0,10783.0,71.30199034583086,5066.0,4780.0,9846.0,65.10612973616347,463.0,413.0,876.0,6.751445086705202
ZAMBOANGA SIBUGAY,0908001000,REGION 9,Zamboanga Sibugay,Province,1st,2025,3521.0,3325.0,6846.0,48.715576745178964,2885.0,2748.0,5633.0,36.867596046861706,2613.0,2398.0,5011.0,32.7966489953531,4629.0,4299.0,8928.0,58.433143530335755,4831.0,4557.0,9388.0,61.44381176778585,5176.0,5067.0,10243.0,67.03972773087243,3129.0,2936.0,6065.0,39.6950062176844,3073.0,2990.0,6063.0,39.68191635578245,3239.0,3109.0,6348.0,41.547221676811304,4292.0,4080.0,8372.0,54.79416192159172,3845.0,3841.0,7686.0,50.3043392892205,5012.0,4739.0,9751.0,63.819621702991036,5520.0,5368.0,10888.0,71.26120819425356,5179.0,5096.0,10275.0,67.24916552130375,4544.0,4352.0,8896.0,58.22370573990444,4433.0,4362.0,8795.0,57.56266771385562,4337.0,4321.0,8658.0,57.250545526681215,289.0,241.0,530.0,10.04358537047565
CITY OF ZAMBOANGA,0931700000,REGION 9,Zamboanga Del Sur,City,1st,2018,9550.0,9250.0,18800.0,89.4471405461985,8203.0,8026.0,16229.0,67.53580575388919,6193.0,5934.0,12127.0,50.46563043794529,8303.0,7851.0,16154.0,67.22369869667422,7985.0,7721.0,15706.0,65.35937920824348,8114.0,7806.0,15920.0,66.24992467816352,10191.0,9597.0,19788.0,82.34632597559673,9716.0,9372.0,19088.0,79.43332677492371,9692.0,12138.0,21830.0,90.84396078670287,0.0,0.0,0.0,0.0,0.0,0.0,0.0,0.0,10693.0,10054.0,20747.0,86.33713488051876,11027.0,10534.0,21561.0,89.72453680815853,9911.0,9605.0,19516.0,81.21441771476377,11277.0,10520.0,21797.0,90.70663368152829,9524.0,9100.0,18624.0,77.50242444762044,11387.0,10791.0,22178.0,92.29213753218032,911.0,825.0,1736.0,7.224238017669088
CITY OF ZAMBOANGA,0931700000,REGION 9,Zamboanga Del Sur,City,1st,2019,7858.0,7922.0,15780.0,78.12629265516142,5381.0,5197.0,10578.0,52.37135131218616,3578.0,3713.0,7291.0,36.09751582691901,9034.0,8613.0,17647.0,87.3697519952873,8593.0,8124.0,16717.0,82.7653507171314,8057.0,7925.0,15982.0,79.12638841665334,9509.0,9089.0,18598.0,92.07812362488544,8981.0,8589.0,17570.0,86.98852737333246,8671.0,8496.0,17167.0,84.99328681946491,8589.0,8176.0,16765.0,83.00299723471363,0.0,0.0,0.0,0.0,9610.0,9058.0,18668.0,92.42469146302619,9144.0,8674.0,17818.0,88.21636771417404,8441.0,8028.0,16469.0,81.53751037628983,6521.0,6168.0,12689.0,62.82284711668842,6257.0,6070.0,12327.0,61.03059629658903,4580.0,4396.0,8976.0,44.439898787878896,420.0,400.0,820.0,4.059794675363268
CITY OF ZAMBOANGA,0931700000,REGION 9,Zamboanga Del Sur,City,1st,2020,6491.0,6473.0,12964.0,69.18930458451193,4488.0,4277.0,8765.0,46.779100176122114,2705.0,2702.0,5407.0,28.857341089822274,7127.0,6614.0,13741.0,73.33617975129422,6715.0,6248.0,12963.0,69.18396755083525,6442.0,5917.0,12359.0,65.96039921011901,6921.0,6359.0,13280.0,70.8758072263436,6387.0,5972.0,12359.0,65.96039921011901,6205.0,5696.0,11901.0,63.51603778619843,6190.0,5709.0,11899.0,63.50536371884507,0.0,0.0,0.0,0.0,7127.0,6518.0,13645.0,72.82382451833271,6603.0,6194.0,12797.0,68.29801996050595,6156.0,5825.0,11981.0,63.94300048033303,6064.0,5729.0,11793.0,62.93963814911672,5412.0,5114.0,10526.0,56.177616480759994,6064.0,5729.0,11793.0,62.93963814911672,5412.0,5114.0,10526.0,56.177616480759994
CITY OF ZAMBOANGA,0931700000,REGION 9,Zamboanga Del Sur,City,1st,2021,7575.0,8044.0,15619.0,83.99118089911809,4150.0,4147.0,8297.0,44.6171219617122,2450.0,2550.0,5000.0,26.88750268875027,8002.0,7695.0,15697.0,84.41062594106259,7645.0,7296.0,14941.0,80.34523553452355,7562.0,7336.0,14898.0,80.1140030114003,7943.0,7618.0,15561.0,83.67928586792858,7663.0,7295.0,14958.0,80.4366530436653,7557.0,7309.0,14866.0,79.94192299419231,7624.0,7349.0,14973.0,80.51731555173156,0.0,0.0,0.0,0.0,7911.0,7572.0,15483.0,83.25984082598407,7526.0,7267.0,14793.0,79.54936545493655,7165.0,6839.0,14004.0,75.30651753065175,7417.0,6946.0,14363.0,77.23704022370403,7452.0,7051.0,14503.0,77.98989029898902,7417.0,6946.0,14363.0,77.23704022370403,7452.0,7051.0,14503.0,77.98989029898902
CITY OF ZAMBOANGA,0931700000,REGION 9,Zamboanga Del Sur,City,1st,2022,8277.0,8564.0,16841.0,91.30387638926538,4459.0,4440.0,8899.0,48.246137164543235,2699.0,2906.0,5605.0,30.387638926538358,9105.0,8504.0,17609.0,95.46760639739766,8344.0,8138.0,16482.0,89.35754947140147,8079.0,8239.0,16318.0,88.46841962591489,8852.0,8538.0,17390.0,94.2802927622662,8544.0,8180.0,16724.0,90.66955814583898,8145.0,7988.0,16133.0,87.46543778801843,8232.0,8208.0,16440.0,89.12984548658173,6767.0,6454.0,13221.0,71.67796150718353,8880.0,8378.0,17258.0,93.56465166711845,8426.0,8018.0,16444.0,89.15153158037408,7791.0,7497.0,15288.0,82.88425047438331,8183.0,7968.0,16151.0,87.56302521008404,19945.0,7913.0,16091.0,80.6768613687641,7194.0,6826.0,14020.0,70.2933065931311,1506.0,1611.0,3117.0,18.82928597317869
CITY OF ZAMBOANGA,0931700000,REGION 9,Zamboanga Del Sur,City,1st,2023,7563.0,7703.0,15266.0,79.61408083441982,3057.0,3136.0,6193.0,32.297262059973924,1662.0,1628.0,3290.0,17.157757496740548,9844.0,9357.0,19201.0,100.13559322033898,9422.0,8998.0,18420.0,96.0625814863103,9333.0,8839.0,18172.0,94.76923076923077,9822.0,9243.0,19065.0,99.42633637548892,9474.0,8800.0,18274.0,95.30117340286833,8755.0,8294.0,17049.0,88.91264667535854,9054.0,8606.0,17660.0,92.09908735332463,7507.0,7167.0,14674.0,76.52672750977835,9523.0,9016.0,18539.0,96.68318122555411,9157.0,8687.0,17844.0,93.05867014341591,8653.0,8336.0,16989.0,88.59973924380704,9021.0,8662.0,17683.0,92.21903520208605,8676.0,8487.0,17163.0,82.31654676258992,6951.0,6811.0,13762.0,66.00479616306954,1968.0,1862.0,3830.0,20.930105470244275
CITY OF ZAMBOANGA,0931700000,REGION 9,Zamboanga Del Sur,City,1st,2024,5500.0,5831.0,11331.0,58.54603699493644,2077.0,2152.0,4229.0,21.850780200475352,1015.0,1023.0,2038.0,10.530122971995453,7932.0,7618.0,15550.0,80.34514828975922,7407.0,7152.0,14559.0,75.22475973958872,6691.0,6517.0,13208.0,68.2442905859254,8461.0,8139.0,16600.0,85.77038338327995,8413.0,8104.0,16517.0,85.34153146636353,8399.0,8174.0,16573.0,85.63087733801798,8089.0,7758.0,15847.0,81.87971478764081,7784.0,7421.0,15205.0,78.56257104474528,6959.0,6652.0,13611.0,70.3265474837243,5133.0,4893.0,10026.0,51.803244807274986,4997.0,4794.0,9791.0,50.58902552443939,8569.0,8085.0,16654.0,86.04939547380387,21040.0,9289.0,18945.0,90.04277566539925,8565.0,8247.0,16812.0,79.90494296577947,1228.0,1141.0,2369.0,12.83106754048638
CITY OF ZAMBOANGA,0931700000,REGION 9,Zamboanga Del Sur,City,1st,2025,5635.0,5751.0,11386.0,58.27021494370522,8178.0,7736.0,15914.0,74.91761604368703,7718.0,7275.0,14993.0,70.58186611430185,7509.0,7133.0,14642.0,68.9294793333961,7525.0,7087.0,14612.0,68.78824969400245,8076.0,7677.0,15753.0,74.15968364560776,4446.0,4177.0,8623.0,40.59410601638264,4106.0,3841.0,7947.0,37.411731475378964,4372.0,4165.0,8537.0,40.1892477167875,7363.0,6961.0,14324.0,67.43244515582337,6821.0,6535.0,13356.0,62.875435458054795,8384.0,7867.0,16251.0,76.50409565954241,9516.0,9137.0,18653.0,87.81188212032765,9117.0,8835.0,17952.0,84.5118162131626,7542.0,7102.0,14644.0,68.93889464268901,8078.0,7859.0,15937.0,75.0258921005555,7903.0,7667.0,15570.0,74.00190114068441,622.0,597.0,1219.0,28.83159886471145
CITY OF ISABELA,0990101000,REGION 9,Basilan,City,3rd,2018,970.0,844.0,1814.0,84.17633410672853,1343.0,1180.0,2523.0,76.57560452387912,421.0,361.0,782.0,23.73449177077823,1283.0,1201.0,2484.0,75.39191503658967,1350.0,1245.0,2595.0,78.76087742349041,1381.0,1280.0,2661.0,80.7640442481341,1292.0,1201.0,2493.0,75.66507414904108,1386.0,1261.0,2647.0,80.33913007320967,1391.0,1308.0,2699.0,81.91738272292895,0.0,0.0,0.0,0.0,0.0,0.0,0.0,0.0,1108.0,945.0,2053.0,62.3106286514165,1120.0,1009.0,2129.0,64.61730560100621,1406.0,1304.0,2710.0,82.25124386036956,1356.0,1281.0,2637.0,80.03561994826367,1190.0,1095.0,2285.0,69.352063550164,1374.0,1297.0,2671.0,81.06755437308011,395.0,375.0,770.0,23.37027962084301
CITY OF ISABELA,0990101000,REGION 9,Basilan,City,3rd,2019,850.0,790.0,1640.0,62.38373042091984,1053.0,971.0,2024.0,76.99065266581813,591.0,559.0,1150.0,43.7446890146694,1353.0,1227.0,2580.0,98.14025883291046,1394.0,1245.0,2639.0,100.38455157366309,1633.0,1297.0,2930.0,111.45385983737506,1366.0,1245.0,2611.0,99.3194634933059,1402.0,1227.0,2629.0,100.00416297353551,1432.0,1315.0,2747.0,104.49274845504073,1379.0,1289.0,2668.0,101.48767851403299,0.0,0.0,0.0,0.0,1327.0,1256.0,2583.0,98.25437541294873,1338.0,1226.0,2564.0,97.53163707270637,1341.0,1244.0,2585.0,98.33045313297426,1145.0,1039.0,2184.0,83.07687026785909,1102.0,1005.0,2107.0,80.14787804687688,1073.0,987.0,2060.0,78.36005162627735,276.0,276.0,552.0,20.997450727041308
CITY OF ISABELA,0990101000,REGION 9,Basilan,City,3rd,2020,688.0,663.0,1351.0,53.56859635210151,1051.0,1013.0,2064.0,81.83980967486121,536.0,475.0,1011.0,40.08723235527359,1157.0,1127.0,2284.0,90.56304520222047,1137.0,1161.0,2298.0,91.11816019032514,1176.0,1196.0,2372.0,94.05233941316415,1147.0,1123.0,2270.0,90.00793021411579,1136.0,1160.0,2296.0,91.03885804916733,1194.0,1195.0,2389.0,94.72640761300555,1151.0,1143.0,2294.0,90.95955590800952,0.0,0.0,0.0,0.0,1139.0,1131.0,2270.0,90.00793021411579,1013.0,1105.0,2118.0,83.98096748612213,1076.0,1098.0,2174.0,86.20142743854085,1306.0,1207.0,2513.0,99.64314036478984,1185.0,1112.0,2297.0,91.07850911974623,1306.0,1207.0,2513.0,99.64314036478984,1185.0,1112.0,2297.0,91.07850911974623
CITY OF ISABELA,0990101000,REGION 9,Basilan,City,3rd,2021,656.0,618.0,1274.0,50.07861635220125,823.0,788.0,1611.0,63.32547169811321,525.0,472.0,997.0,39.19025157232704,973.0,895.0,1868.0,73.42767295597484,1020.0,886.0,1906.0,74.92138364779875,990.0,903.0,1893.0,74.41037735849056,976.0,893.0,1869.0,73.46698113207547,1018.0,892.0,1910.0,75.07861635220125,1000.0,937.0,1937.0,76.13993710691824,981.0,923.0,1904.0,74.84276729559748,0.0,0.0,0.0,0.0,922.0,838.0,1760.0,69.18238993710692,941.0,839.0,1780.0,69.9685534591195,918.0,867.0,1785.0,70.16509433962264,953.0,863.0,1816.0,71.38364779874213,1058.0,1022.0,2080.0,81.76100628930818,953.0,863.0,1816.0,71.38364779874213,1058.0,1022.0,2080.0,81.76100628930818
CITY OF ISABELA,0990101000,REGION 9,Basilan,City,3rd,2022,669.0,670.0,1339.0,52.24346468981662,964.0,959.0,1923.0,75.02926258291065,643.0,646.0,1289.0,50.29262582910652,1145.0,1102.0,2247.0,87.67069840031213,1192.0,1086.0,2278.0,88.8802184939524,1132.0,1067.0,2199.0,85.79789309403043,1147.0,1110.0,2257.0,88.06086617245415,1188.0,1093.0,2281.0,88.99726882559501,1149.0,1064.0,2213.0,86.34412797502927,1139.0,1034.0,2173.0,84.78345688646118,1061.0,989.0,2050.0,79.98439328911432,1114.0,1069.0,2183.0,85.1736246586032,1121.0,1075.0,2196.0,85.68084276238783,1050.0,1002.0,2052.0,80.06242684354272,1096.0,1034.0,2130.0,83.10573546625048,2803.0,1088.0,2377.0,84.80199785943631,1090.0,975.0,2065.0,73.67106671423474,398.0,276.0,674.0,25.491679273827533
CITY OF ISABELA,0990101000,REGION 9,Basilan,City,3rd,2023,685.0,618.0,1303.0,40.706029365823184,1202.0,1108.0,2310.0,72.16494845360825,761.0,679.0,1440.0,44.98594189315839,1402.0,1318.0,2720.0,84.97344579818807,1498.0,1346.0,2844.0,88.84723523898782,1425.0,1335.0,2760.0,86.22305529522023,1361.0,1279.0,2640.0,82.4742268041237,1399.0,1276.0,2675.0,83.56763511402686,1362.0,1299.0,2661.0,83.1302717900656,1366.0,1346.0,2712.0,84.72352389878162,1208.0,1342.0,2550.0,79.66260543580131,1374.0,1258.0,2632.0,82.22430490471727,1370.0,1267.0,2637.0,82.3805060918463,1347.0,1319.0,2666.0,83.28647297719462,1264.0,1318.0,2582.0,80.66229303342706,1504.0,1465.0,2969.0,84.99856856570284,1428.0,1379.0,2807.0,80.36072144288578,72.0,84.0,156.0,4.963410754056634
CITY OF ISABELA,0990101000,REGION 9,Basilan,City,3rd,2024,707.0,667.0,1374.0,42.817076971019006,1047.0,967.0,2014.0,62.76098473044562,824.0,748.0,1572.0,48.98722343409162,1127.0,1070.0,2197.0,68.46369585540667,1128.0,1114.0,2242.0,69.86600186974135,1110.0,1060.0,2170.0,67.62231224680586,1238.0,1190.0,2428.0,75.66220006232471,1265.0,1252.0,2517.0,78.43564973511997,1344.0,1263.0,2607.0,81.24026176378935,1219.0,1172.0,2391.0,74.50919289498286,1153.0,1045.0,2198.0,68.49485821128077,1002.0,989.0,1991.0,62.04425054534123,794.0,763.0,1557.0,48.519788095980054,826.0,815.0,1641.0,51.1374259894048,1227.0,1080.0,2307.0,71.89155500155812,3494.0,1274.0,2658.0,76.07326846021752,1342.0,1228.0,2570.0,73.55466514024042,39.0,39.0,78.0,2.4714828897338403
CITY OF ISABELA,0990101000,REGION 9,Basilan,City,3rd,2025,720.0,770.0,1490.0,46.30205096333126,893.0,874.0,1767.0,50.41369472182596,813.0,798.0,1611.0,45.96291012838802,1114.0,1065.0,2179.0,62.16833095577746,1200.0,1132.0,2332.0,66.53352353780313,1279.0,1240.0,2519.0,71.86875891583452,1084.0,1029.0,2113.0,60.285306704707565,1163.0,1090.0,2253.0,64.27960057061341,1157.0,1110.0,2267.0,64.679029957204,1103.0,1090.0,2193.0,62.567760342368054,1099.0,1053.0,2152.0,61.39800285306705,1135.0,1083.0,2218.0,63.281027104136946,1410.0,1331.0,2741.0,78.20256776034236,1374.0,1308.0,2682.0,76.51925820256777,1219.0,1162.0,2381.0,67.93152639087019,1527.0,1512.0,3039.0,86.70470756062767,1521.0,1504.0,3025.0,86.57698912421293,57.0,61.0,118.0,12.770562770562771
REGION 10,1000000000,REGION 10,,Region,,2018,39330.0,36427.0,75757.0,78.83634774283514,40475.0,37327.0,77802.0,58.54134710064012,33580.0,30411.0,63991.0,48.14939644632608,47047.0,43414.0,90461.0,68.06648672361902,47017.0,44103.0,91120.0,68.56234477019008,48264.0,45159.0,93423.0,70.29521439272902,46179.0,42169.0,88348.0,66.47658072603988,46041.0,42752.0,88793.0,66.81141658449833,45637.0,42571.0,88208.0,66.37123910764845,0.0,0.0,0.0,0.0,0.0,0.0,0.0,0.0,42773.0,40194.0,82967.0,62.42770037915233,41778.0,39175.0,80953.0,60.91228595457855,41618.0,39306.0,80924.0,60.89046519076891,48137.0,44793.0,92930.0,69.92426140796493,41227.0,38553.0,79780.0,60.029673680484684,47388.0,44376.0,91764.0,69.04691621479063,2987.0,2792.0,5779.0,4.348351519171735
REGION 10,1000000000,REGION 10,,Region,,2019,38894.0,38797.0,77691.0,70.36999345422767,42657.0,40330.0,82987.0,75.16693885760245,37880.0,36150.0,74030.0,67.05397813667572,0.0,0.0,0.0,0.0,0.0,0.0,0.0,0.0,0.0,0.0,0.0,0.0,44478.0,41948.0,86426.0,78.28187375983164,42504.0,40185.0,82689.0,74.89702010189895,38400.0,36781.0,75181.0,68.09651668638953,33775.0,32098.0,65873.0,59.665631525020125,0.0,0.0,0.0,0.0,49750.0,47222.0,96972.0,87.8340992552981,49353.0,47145.0,96498.0,87.40476539555496,47742.0,44972.0,92714.0,83.97734065870259,40165.0,37840.0,78005.0,70.65440449211657,38379.0,36564.0,74943.0,67.88094398888138,37762.0,35346.0,73108.0,66.21886037574076,2878.0,2714.0,5592.0,5.065052623805088
REGION 10,1000000000,REGION 10,,Region,,2020,37450.0,35601.0,73051.0,72.03459190817564,37522.0,35865.0,73387.0,72.36591691236652,32281.0,32150.0,64431.0,63.53452781256471,45413.0,42727.0,88140.0,86.91364842078275,44657.0,42190.0,86847.0,85.63863880644111,44234.0,41420.0,85654.0,84.46223782429914,45696.0,42408.0,88104.0,86.87814931319087,45750.0,43506.0,89256.0,88.01412075613099,46923.0,44920.0,91843.0,90.56512607113628,44994.0,42211.0,87205.0,85.99165770971591,0.0,0.0,0.0,0.0,46358.0,42530.0,88888.0,87.65124098963624,44694.0,42078.0,86772.0,85.56468233229137,43561.0,41720.0,85281.0,84.0944276261944,44814.0,42155.0,86969.0,85.7589413377247,41923.0,39402.0,81325.0,80.19347013637574,44814.0,42155.0,86969.0,85.7589413377247,41923.0,39402.0,81325.0,80.19347013637574
REGION 10,1000000000,REGION 10,,Region,,2021,32960.0,33441.0,66401.0,65.94597278776443,35246.0,34480.0,69726.0,69.24818750620717,27292.0,27959.0,55251.0,54.87238057403913,40739.0,39589.0,80328.0,79.77753500844175,39963.0,39606.0,79569.0,79.02373622008145,38828.0,38338.0,77166.0,76.63720329724897,42182.0,39271.0,81453.0,80.8948257026517,39609.0,38241.0,77850.0,77.31651603932863,38890.0,37912.0,76802.0,76.27569768596683,37880.0,36984.0,74864.0,74.35097825007449,0.0,0.0,0.0,0.0,37285.0,35886.0,73171.0,72.66957989869897,34620.0,33403.0,68023.0,67.55685768199425,32604.0,32244.0,64848.0,64.40361505611281,40688.0,38618.0,79306.0,78.76253848445725,40503.0,38680.0,79183.0,78.64038136855696,40688.0,38618.0,79306.0,78.76253848445725,40503.0,38680.0,79183.0,78.64038136855696
REGION 10,1000000000,REGION 10,,Region,,2022,32815.0,32896.0,65711.0,65.77150978900589,35579.0,34560.0,70139.0,70.2035873003163,28576.0,28599.0,57175.0,57.227649437482484,42120.0,39567.0,81687.0,81.76222124354406,40723.0,38677.0,79400.0,79.47311526604476,39598.0,37718.0,77316.0,77.38719622052288,44097.0,44101.0,88198.0,88.27921687952916,42823.0,40738.0,83561.0,83.63794691115827,41509.0,39694.0,81203.0,81.27777555350923,37979.0,35798.0,73777.0,73.84493734235497,9916.0,10551.0,20467.0,20.485846979220884,45136.0,41784.0,86920.0,87.0000400368339,43613.0,41821.0,85434.0,85.51267165792528,42467.0,40976.0,83443.0,83.51983825119109,40159.0,37888.0,78047.0,78.11886935981103,108469.0,37757.0,77095.0,71.0756068554149,37935.0,36291.0,74226.0,68.43061151112299,5118.0,4945.0,10063.0,10.691556613295651
REGION 10,1000000000,REGION 10,,Region,,2023,33444.0,32720.0,66164.0,60.60694885910836,36310.0,35319.0,71629.0,65.61294873086682,24372.0,23670.0,48042.0,44.00699832369995,46237.0,43735.0,89972.0,82.41533768743874,45313.0,43950.0,89263.0,81.76588591999561,44811.0,42624.0,87435.0,80.09141789335801,44730.0,47119.0,91849.0,84.1346902508954,42864.0,41804.0,84668.0,77.55681557951432,40815.0,39221.0,80036.0,73.31385283367989,42252.0,39821.0,82073.0,75.17976715001511,30276.0,28853.0,59129.0,54.16281178722897,44990.0,42739.0,87729.0,80.36072511427237,43976.0,42659.0,86635.0,79.35860912896518,43367.0,42078.0,85445.0,78.26855609193086,45456.0,41556.0,87012.0,79.7039452591853,45079.0,42928.0,88007.0,74.22303936038323,42393.0,41080.0,83473.0,70.39917011748236,4717.0,4309.0,9026.0,8.893487043058428
REGION 10,1000000000,REGION 10,,Region,,2024,30424.0,29933.0,60357.0,54.72572309366216,29893.0,29397.0,59290.0,53.75827364221598,25436.0,24824.0,50260.0,45.570767975337745,35058.0,34334.0,69392.0,62.91776226312449,29175.0,28203.0,57378.0,52.02466225405749,21874.0,21203.0,43077.0,39.05793816302475,39785.0,38303.0,78088.0,70.80242995738507,40327.0,39060.0,79387.0,71.98023392873334,40916.0,39320.0,80236.0,72.75002266751292,38757.0,37033.0,75790.0,68.71883216973433,29906.0,28461.0,58367.0,52.92138906519177,35149.0,33948.0,69097.0,62.65028561066279,30646.0,29691.0,60337.0,54.70758908332578,29013.0,28136.0,57149.0,51.817027835705865,40734.0,38775.0,79509.0,72.09085139178529,119709.0,41735.0,85092.0,71.08237475879007,38922.0,37063.0,75985.0,63.474759625424994,4085.0,3945.0,8030.0,7.825595446926285
REGION 10,1000000000,REGION 10,,Region,,2025,30632.0,30283.0,60915.0,54.49397493357666,32490.0,32445.0,64935.0,53.528592272626106,26871.0,26834.0,53705.0,44.271241210462534,40877.0,39175.0,80052.0,65.99015736672465,43372.0,41924.0,85296.0,70.31300233288545,48361.0,46474.0,94835.0,78.17639251827977,37972.0,36481.0,74453.0,61.3746712939683,38240.0,36867.0,75107.0,61.913790403020386,39047.0,37720.0,76767.0,63.2821967042841,36251.0,35086.0,71337.0,58.80602428509014,27838.0,27144.0,54982.0,45.32392485306119,40273.0,38513.0,78786.0,64.94654147672473,44218.0,42771.0,86989.0,71.70861189194537,43262.0,41957.0,85219.0,70.24952806469429,38710.0,37053.0,75763.0,62.45455819436315,38765.0,37780.0,76545.0,63.09919297001871,37044.0,36259.0,73303.0,61.23432657527839,4776.0,4658.0,9434.0,21.57625102918306
BUKIDNON,1001300000,REGION 10,Bukidnon,Province,1st,2018,7365.0,6716.0,14081.0,63.746661234098426,7719.0,6853.0,14572.0,49.13088039017714,5983.0,5349.0,11332.0,38.206913023708985,8596.0,7990.0,16586.0,55.9212724506916,8279.0,7781.0,16060.0,54.14781355107363,8110.0,7518.0,15628.0,52.69128456887787,8733.0,8042.0,16775.0,56.55850388040224,8495.0,7999.0,16494.0,55.611085723001764,8428.0,7784.0,16212.0,54.66029597073509,0.0,0.0,0.0,0.0,0.0,0.0,0.0,0.0,8401.0,8465.0,16866.0,56.86531901322589,8367.0,7791.0,16158.0,54.47822984796063,7994.0,7466.0,15460.0,52.1248566313573,8061.0,7435.0,15496.0,52.24623404654029,6685.0,6336.0,13021.0,43.90153675271044,8053.0,7542.0,15595.0,52.58002193829348,599.0,660.0,1259.0,4.244837936538088
BUKIDNON,1001300000,REGION 10,Bukidnon,Province,1st,2019,9035.0,8940.0,17975.0,66.83518828649156,8690.0,8319.0,17009.0,63.24337788956523,7846.0,7698.0,15544.0,57.796170610582756,0.0,0.0,0.0,0.0,0.0,0.0,0.0,0.0,0.0,0.0,0.0,0.0,9873.0,9669.0,19542.0,72.66165504837932,9060.0,8801.0,17861.0,66.41131004089156,8028.0,7884.0,15912.0,59.16447933322135,7735.0,7521.0,15256.0,56.72532030590906,0.0,0.0,0.0,0.0,11444.0,11313.0,22757.0,84.61576522034429,11138.0,11102.0,22240.0,82.69344019424602,10950.0,10614.0,21564.0,80.17991656244251,8538.0,8568.0,17106.0,63.60404622134769,8580.0,8625.0,17205.0,63.97215101357927,8004.0,7668.0,15672.0,58.27210407932662,637.0,734.0,1371.0,5.09769363787371
BUKIDNON,1001300000,REGION 10,Bukidnon,Province,1st,2020,8265.0,8111.0,16376.0,69.0795579178267,9635.0,9145.0,18780.0,79.22045051885598,7317.0,7350.0,14667.0,61.87041255378385,11541.0,10674.0,22215.0,93.7104530498608,11130.0,10430.0,21560.0,90.94743946680165,10845.0,10077.0,20922.0,88.2561376866616,11620.0,10511.0,22131.0,93.35611237661352,11399.0,10632.0,22031.0,92.93427824179533,11350.0,10654.0,22004.0,92.82038302539442,10080.0,9424.0,19504.0,82.27452965493967,0.0,0.0,0.0,0.0,12415.0,10589.0,23004.0,97.03872437357631,11047.0,10370.0,21417.0,90.34421665401165,10604.0,10079.0,20683.0,87.24795410444614,11048.0,10321.0,21369.0,90.14173626929892,9752.0,8857.0,18609.0,78.49911414831688,11048.0,10321.0,21369.0,90.14173626929892,9752.0,8857.0,18609.0,78.49911414831688
BUKIDNON,1001300000,REGION 10,Bukidnon,Province,1st,2021,8168.0,8208.0,16376.0,70.26215300124427,9343.0,8176.0,17519.0,75.16625906380058,6842.0,6927.0,13769.0,59.076672244390096,10167.0,9820.0,19987.0,85.75535246921527,9496.0,9166.0,18662.0,80.07036512635689,9127.0,8779.0,17906.0,76.82670442356374,11695.0,9771.0,21466.0,92.10108551079075,9475.0,8998.0,18473.0,79.2594499506586,8951.0,8528.0,17479.0,74.99463680439354,8334.0,8054.0,16388.0,70.31363967906637,0.0,0.0,0.0,0.0,9368.0,8892.0,18260.0,78.34556141931608,8564.0,8197.0,16761.0,71.91401724803707,7657.0,7559.0,15216.0,65.28510747843995,9389.0,8576.0,17965.0,77.07984725618913,8792.0,8428.0,17220.0,73.88338267473291,9389.0,8576.0,17965.0,77.07984725618913,8792.0,8428.0,17220.0,73.88338267473291
BUKIDNON,1001300000,REGION 10,Bukidnon,Province,1st,2022,7847.0,8101.0,15948.0,69.64192139737992,9122.0,8738.0,17860.0,77.99126637554585,6802.0,6941.0,13743.0,60.01310043668122,10611.0,9914.0,20525.0,89.62882096069869,9997.0,9504.0,19501.0,85.15720524017468,9602.0,9272.0,18874.0,82.41921397379912,11225.0,10490.0,21715.0,94.82532751091703,10712.0,10124.0,20836.0,90.98689956331879,10222.0,9788.0,20010.0,87.37991266375545,8906.0,8427.0,17333.0,75.68995633187772,1122.0,1128.0,2250.0,9.82532751091703,11198.0,10428.0,21626.0,94.43668122270742,10756.0,10311.0,21067.0,91.99563318777292,10544.0,10188.0,20732.0,90.53275109170306,9716.0,9207.0,18923.0,82.63318777292577,24850.0,8809.0,17980.0,72.35412474849095,9310.0,9005.0,18315.0,73.70221327967806,1239.0,1149.0,2388.0,11.06118856825235
BUKIDNON,1001300000,REGION 10,Bukidnon,Province,1st,2023,10453.0,10234.0,20687.0,61.93156303326048,11116.0,10676.0,21792.0,65.23964913331139,7376.0,7446.0,14822.0,44.373259886836514,15319.0,14260.0,29579.0,88.55192647367002,14656.0,14002.0,28658.0,85.79468909978145,14444.0,13627.0,28071.0,84.03736191360058,14059.0,17669.0,31728.0,94.9854803460767,13012.0,12481.0,25493.0,76.31949226117415,11922.0,11428.0,23350.0,69.9039008472293,12579.0,11776.0,24355.0,72.91261263958327,8012.0,7622.0,15634.0,46.80417926533545,13957.0,13129.0,27086.0,81.08852498278598,13551.0,12958.0,26509.0,79.36113522737479,13238.0,12738.0,25976.0,77.76547016735023,13975.0,12976.0,26951.0,80.68436966739515,13479.0,12617.0,26096.0,71.85615551945371,11997.0,11399.0,23396.0,64.4216207285844,2095.0,1947.0,4042.0,12.852963622487918
BUKIDNON,1001300000,REGION 10,Bukidnon,Province,1st,2024,9521.0,9289.0,18810.0,55.46545572494323,10193.0,10003.0,20196.0,59.552384041518,8009.0,7885.0,15894.0,46.866983162798924,12027.0,11501.0,23528.0,69.37752484298056,9637.0,9146.0,18783.0,55.38584023825671,6809.0,6377.0,13186.0,38.881844720313744,13358.0,12590.0,25948.0,76.51343142747619,13189.0,12644.0,25833.0,76.1743284286262,12946.0,12082.0,25028.0,73.8006074366762,12150.0,11115.0,23265.0,68.60201102821927,9000.0,8384.0,17384.0,51.26057853920326,12187.0,11669.0,23856.0,70.34470557013535,10378.0,9825.0,20203.0,59.573025093621915,9504.0,9014.0,18518.0,54.604428980037156,12900.0,11820.0,24720.0,72.89240114410404,36852.0,12689.0,26249.0,71.22815586671008,11886.0,10901.0,22787.0,61.83382177358081,1672.0,1621.0,3293.0,10.309956167814653
BUKIDNON,1001300000,REGION 10,Bukidnon,Province,1st,2025,8926.0,8723.0,17649.0,51.22333478450153,9950.0,9814.0,19764.0,52.80397552699778,7932.0,7824.0,15756.0,42.09570119426114,12644.0,11909.0,24553.0,65.59886718854364,13553.0,12746.0,26299.0,70.26369927061904,14942.0,14043.0,28985.0,77.43995297763766,11538.0,10934.0,22472.0,60.03900718694061,11895.0,11120.0,23015.0,61.48975393411526,12096.0,11473.0,23569.0,62.969889657752006,10414.0,10001.0,20415.0,54.54326858852762,6220.0,6029.0,12249.0,32.725961153116565,11913.0,11196.0,23109.0,61.740896096609575,13058.0,12287.0,25345.0,67.71487349381495,12362.0,11822.0,24184.0,64.61300061449678,11371.0,10802.0,22173.0,59.24016137219803,10665.0,10243.0,20908.0,55.86042907905635,9585.0,9349.0,18934.0,51.3784869206556,1737.0,1626.0,3363.0,23.910415926057592
CAMIGUIN,1001800000,REGION 10,Camiguin,Province,3rd,2018,678.0,646.0,1324.0,96.71292914536158,653.0,632.0,1285.0,52.19630685741675,709.0,685.0,1394.0,56.62385350913537,738.0,705.0,1443.0,58.61421851770612,742.0,691.0,1433.0,58.208021577181476,742.0,729.0,1471.0,59.75156995117512,740.0,706.0,1446.0,58.73607759986351,748.0,692.0,1440.0,58.49235943554872,747.0,731.0,1478.0,60.03590780954238,0.0,0.0,0.0,0.0,0.0,0.0,0.0,0.0,732.0,715.0,1447.0,58.77669729391598,770.0,709.0,1479.0,60.07652750359483,791.0,737.0,1528.0,62.066892512165595,759.0,698.0,1457.0,59.18289423444062,738.0,641.0,1379.0,56.0145580983484,749.0,695.0,1444.0,58.65483821175859,13.0,7.0,20.0,0.8123938810492879
CAMIGUIN,1001800000,REGION 10,Camiguin,Province,3rd,2019,645.0,684.0,1329.0,69.06784244315978,654.0,659.0,1313.0,68.23632590509314,671.0,714.0,1385.0,71.97815032639299,0.0,0.0,0.0,0.0,0.0,0.0,0.0,0.0,0.0,0.0,0.0,0.0,745.0,743.0,1488.0,77.33103804019696,728.0,715.0,1443.0,74.99239777688454,665.0,661.0,1326.0,68.91193309227228,709.0,700.0,1409.0,73.22542513349295,0.0,0.0,0.0,0.0,791.0,801.0,1592.0,82.73589553763007,776.0,783.0,1559.0,81.02089267786764,778.0,771.0,1549.0,80.501194841576,752.0,739.0,1491.0,77.48694739108444,631.0,633.0,1264.0,65.68980650726408,732.0,723.0,1455.0,75.61603518043452,19.0,16.0,35.0,1.8189424270207617
CAMIGUIN,1001800000,REGION 10,Camiguin,Province,3rd,2020,673.0,606.0,1279.0,68.83745963401508,640.0,601.0,1241.0,66.79224973089345,682.0,611.0,1293.0,69.59095801937568,693.0,690.0,1383.0,74.43487621097955,676.0,651.0,1327.0,71.42088266953714,638.0,670.0,1308.0,70.39827771797633,690.0,688.0,1378.0,74.16576964477933,687.0,669.0,1356.0,72.98170075349839,700.0,689.0,1389.0,74.75780409041981,716.0,681.0,1397.0,75.18837459634014,0.0,0.0,0.0,0.0,683.0,667.0,1350.0,72.65877287405813,667.0,655.0,1322.0,71.15177610333691,653.0,672.0,1325.0,71.31324004305705,659.0,652.0,1311.0,70.55974165769645,639.0,663.0,1302.0,70.07534983853606,659.0,652.0,1311.0,70.55974165769645,639.0,663.0,1302.0,70.07534983853606
CAMIGUIN,1001800000,REGION 10,Camiguin,Province,3rd,2021,560.0,507.0,1067.0,57.5512405609493,532.0,430.0,962.0,51.88781014023732,553.0,493.0,1046.0,56.418554476806904,591.0,545.0,1136.0,61.272923408845735,603.0,521.0,1124.0,60.62567421790723,621.0,511.0,1132.0,61.057173678532905,587.0,552.0,1139.0,61.43473570658037,599.0,518.0,1117.0,60.24811218985976,623.0,512.0,1135.0,61.218985976267525,611.0,521.0,1132.0,61.057173678532905,0.0,0.0,0.0,0.0,592.0,534.0,1126.0,60.73354908306364,578.0,509.0,1087.0,58.629989212513486,593.0,474.0,1067.0,57.5512405609493,627.0,582.0,1209.0,65.21035598705501,611.0,575.0,1186.0,63.96979503775621,627.0,582.0,1209.0,65.21035598705501,611.0,575.0,1186.0,63.96979503775621
CAMIGUIN,1001800000,REGION 10,Camiguin,Province,3rd,2022,522.0,578.0,1100.0,59.331175836030205,500.0,535.0,1035.0,55.8252427184466,536.0,584.0,1120.0,60.40992448759439,663.0,644.0,1307.0,70.49622437971954,643.0,617.0,1260.0,67.96116504854369,604.0,606.0,1210.0,65.26429341963322,654.0,647.0,1301.0,70.17259978425027,639.0,624.0,1263.0,68.12297734627832,600.0,605.0,1205.0,64.99460625674219,647.0,625.0,1272.0,68.6084142394822,403.0,341.0,744.0,40.1294498381877,655.0,645.0,1300.0,70.11866235167206,639.0,615.0,1254.0,67.63754045307444,599.0,613.0,1212.0,65.37216828478964,567.0,545.0,1112.0,59.978425026968715,2014.0,457.0,1004.0,49.851042701092354,492.0,416.0,908.0,45.08440913604767,55.0,42.0,97.0,5.669199298655757
CAMIGUIN,1001800000,REGION 10,Camiguin,Province,3rd,2023,670.0,661.0,1331.0,77.07006369426752,679.0,658.0,1337.0,77.4174869716271,498.0,504.0,1002.0,58.01968731905037,669.0,712.0,1381.0,79.96525767226404,677.0,687.0,1364.0,78.98089171974523,664.0,687.0,1351.0,78.22814128546612,644.0,695.0,1339.0,77.53329473074696,615.0,625.0,1240.0,71.80081065431384,570.0,592.0,1162.0,67.28430804863926,622.0,630.0,1252.0,72.495657209033,610.0,615.0,1225.0,70.93225246091488,664.0,717.0,1381.0,79.96525767226404,674.0,681.0,1355.0,78.45975680370584,661.0,679.0,1340.0,77.59119861030689,617.0,610.0,1227.0,71.04806022003474,572.0,545.0,1117.0,59.50985615343634,517.0,495.0,1012.0,53.91582312200319,56.0,52.0,108.0,6.852791878172589
CAMIGUIN,1001800000,REGION 10,Camiguin,Province,3rd,2024,631.0,599.0,1230.0,71.22177185871453,628.0,598.0,1226.0,70.99015634047481,643.0,608.0,1251.0,72.43775332947308,616.0,598.0,1214.0,70.29530978575565,544.0,533.0,1077.0,62.36247828604517,395.0,362.0,757.0,43.8332368268674,657.0,649.0,1306.0,75.62246670526925,700.0,689.0,1389.0,80.42848870874349,742.0,676.0,1418.0,82.10770121598146,716.0,669.0,1385.0,80.19687319050377,655.0,636.0,1291.0,74.75390851187029,641.0,637.0,1278.0,74.0011580775912,655.0,655.0,1310.0,75.85408222350898,638.0,601.0,1239.0,71.7429067747539,653.0,643.0,1296.0,75.04342790966994,1878.0,659.0,1337.0,71.19275825346114,634.0,610.0,1244.0,66.24068157614484,42.0,49.0,91.0,5.759493670886076
CAMIGUIN,1001800000,REGION 10,Camiguin,Province,3rd,2025,491.0,485.0,976.0,56.05973578403216,504.0,508.0,1012.0,53.48837209302325,502.0,508.0,1010.0,53.38266384778013,596.0,565.0,1161.0,61.36363636363637,646.0,623.0,1269.0,67.07188160676533,747.0,733.0,1480.0,78.22410147991543,573.0,551.0,1124.0,59.40803382663847,582.0,557.0,1139.0,60.20084566596194,610.0,589.0,1199.0,63.372093023255815,619.0,584.0,1203.0,63.58350951374207,639.0,582.0,1221.0,64.53488372093024,590.0,561.0,1151.0,60.835095137420716,602.0,566.0,1168.0,61.733615221987314,623.0,595.0,1218.0,64.37632135306553,652.0,579.0,1231.0,65.06342494714588,532.0,505.0,1037.0,54.80972515856237,511.0,498.0,1009.0,53.72736954206603,78.0,61.0,139.0,21.92429022082019
LANAO DEL NORTE,1003500000,REGION 10,Lanao Del Norte,Province,1st,2018,5469.0,5119.0,10588.0,85.20157721091172,5790.0,5660.0,11450.0,59.623771398815336,4264.0,3970.0,8234.0,42.87704224435331,6582.0,6115.0,12697.0,66.11729479919286,6518.0,6129.0,12647.0,65.85692898522424,6535.0,6127.0,12662.0,65.93503872941483,6640.0,6074.0,12714.0,66.20581917594221,7028.0,6229.0,13257.0,69.03339191564147,6615.0,6247.0,12862.0,66.97650198528933,0.0,0.0,0.0,0.0,0.0,0.0,0.0,0.0,5811.0,5426.0,11237.0,58.51461303130899,5676.0,5404.0,11080.0,57.6970643754475,5625.0,5353.0,10978.0,57.16591811495151,7335.0,6627.0,13962.0,72.7045498925991,5537.0,5167.0,10704.0,55.73911345440343,6668.0,6199.0,12867.0,67.0025385666862,950.0,868.0,1818.0,9.466900995899238
LANAO DEL NORTE,1003500000,REGION 10,Lanao Del Norte,Province,1st,2019,4832.0,4579.0,9411.0,59.420545542997615,5381.0,5356.0,10737.0,67.79283790194086,3760.0,3551.0,7311.0,46.1612590016848,0.0,0.0,0.0,0.0,0.0,0.0,0.0,0.0,0.0,0.0,0.0,0.0,6076.0,5760.0,11836.0,74.7318645252279,5807.0,5647.0,11454.0,72.31993716390338,5149.0,5140.0,10289.0,64.96419010646079,3125.0,3044.0,6169.0,38.95073270159944,0.0,0.0,0.0,0.0,6884.0,6445.0,13329.0,84.15858586150412,6608.0,6541.0,13149.0,83.02207558653446,6318.0,6113.0,12431.0,78.48866237859987,4915.0,4702.0,9617.0,60.721218413240685,4373.0,4237.0,8610.0,54.36307481938258,4330.0,4101.0,8431.0,53.23287849038497,507.0,466.0,973.0,6.143469430808276
LANAO DEL NORTE,1003500000,REGION 10,Lanao Del Norte,Province,1st,2020,4275.0,4424.0,8699.0,58.14839572192514,4565.0,4556.0,9121.0,60.9692513368984,5086.0,5098.0,10184.0,68.07486631016043,5146.0,5038.0,10184.0,68.07486631016043,5206.0,5175.0,10381.0,69.39171122994652,5489.0,5152.0,10641.0,71.12967914438502,5251.0,5224.0,10475.0,70.02005347593582,5487.0,5399.0,10886.0,72.76737967914438,5526.0,5675.0,11201.0,74.87299465240642,5668.0,5459.0,11127.0,74.3783422459893,0.0,0.0,0.0,0.0,5289.0,5236.0,10525.0,70.3542780748663,5393.0,5383.0,10776.0,72.03208556149733,5341.0,5382.0,10723.0,71.67780748663102,5742.0,5507.0,11249.0,75.19385026737967,5569.0,5663.0,11232.0,75.08021390374331,5742.0,5507.0,11249.0,75.19385026737967,5569.0,5663.0,11232.0,75.08021390374331
LANAO DEL NORTE,1003500000,REGION 10,Lanao Del Norte,Province,1st,2021,3516.0,3807.0,7323.0,48.96690070210632,3884.0,4014.0,7898.0,52.81176863925109,2716.0,2764.0,5480.0,36.643263122701434,4790.0,4768.0,9558.0,63.91173520561685,4733.0,5699.0,10432.0,69.7559344700769,4685.0,4729.0,9414.0,62.948846539618856,4757.0,4678.0,9435.0,63.08926780341023,4691.0,4847.0,9538.0,63.77800066867268,4751.0,4828.0,9579.0,64.05215646940823,4701.0,4719.0,9420.0,62.9889669007021,0.0,0.0,0.0,0.0,4712.0,4703.0,9415.0,62.95553326646607,4644.0,4695.0,9339.0,62.44734202607823,4557.0,4662.0,9219.0,61.64493480441324,4616.0,4592.0,9208.0,61.571380809093945,4771.0,4735.0,9506.0,63.56402540956202,4616.0,4592.0,9208.0,61.571380809093945,4771.0,4735.0,9506.0,63.56402540956202
LANAO DEL NORTE,1003500000,REGION 10,Lanao Del Norte,Province,1st,2022,3925.0,3989.0,7914.0,53.007367716008034,4652.0,4640.0,9292.0,62.23710649698594,3301.0,3199.0,6500.0,43.536503683858,5679.0,5391.0,11070.0,74.14601473543202,5449.0,5217.0,10666.0,71.44005358338916,5204.0,5094.0,10298.0,68.97521768251842,5598.0,5431.0,11029.0,73.87139986604153,5424.0,5189.0,10613.0,71.08506363027462,5354.0,5259.0,10613.0,71.08506363027462,4503.0,4319.0,8822.0,59.08908238446082,963.0,898.0,1861.0,12.46483590087073,5403.0,5271.0,10674.0,71.49363697253851,5403.0,5281.0,10684.0,71.56061620897522,5255.0,5183.0,10438.0,69.91292699263228,4755.0,4662.0,9417.0,63.074346952444735,16254.0,4867.0,9641.0,59.3146302448628,4489.0,4511.0,9000.0,55.370985603543744,580.0,560.0,1140.0,7.9089773830997645
LANAO DEL NORTE,1003500000,REGION 10,Lanao Del Norte,Province,1st,2023,3881.0,4081.0,7962.0,44.83108108108108,5676.0,5646.0,11322.0,63.74999999999999,1628.0,1688.0,3316.0,18.67117117117117,6750.0,6523.0,13273.0,74.73536036036036,6734.0,6675.0,13409.0,75.50112612612612,6663.0,6379.0,13042.0,73.43468468468468,6655.0,6471.0,13126.0,73.90765765765765,6748.0,6605.0,13353.0,75.18581081081082,6701.0,6515.0,13216.0,74.41441441441441,6703.0,6479.0,13182.0,74.22297297297298,5164.0,5054.0,10218.0,57.53378378378379,6837.0,6654.0,13491.0,75.96283783783784,6682.0,6827.0,13509.0,76.0641891891892,6901.0,6798.0,13699.0,77.134009009009,7756.0,6311.0,14067.0,79.20608108108108,7043.0,6828.0,13871.0,71.77749029754204,6698.0,6495.0,13193.0,68.26908150064683,830.0,811.0,1641.0,9.793506803533063
LANAO DEL NORTE,1003500000,REGION 10,Lanao Del Norte,Province,1st,2024,3622.0,3680.0,7302.0,40.836642245959396,4914.0,5019.0,9933.0,55.55058441921593,2875.0,2751.0,5626.0,31.46356467759074,4965.0,5136.0,10101.0,56.49012918740562,4462.0,4459.0,8921.0,49.89094569654941,3515.0,3602.0,7117.0,39.80202449527431,6106.0,6067.0,12173.0,68.07784799507857,6304.0,6230.0,12534.0,70.09675074101,6336.0,6348.0,12684.0,70.93562999832224,6076.0,6020.0,12096.0,67.6472233096583,4942.0,4882.0,9824.0,54.94099882556904,5317.0,5313.0,10630.0,59.448576701526754,5150.0,5080.0,10230.0,57.21156534869415,5045.0,5107.0,10152.0,56.77534813489179,6413.0,6239.0,12652.0,70.75666909009564,19447.0,6939.0,13974.0,71.85684167223737,5861.0,5772.0,11633.0,59.81899521777137,727.0,741.0,1468.0,8.692562766461393
LANAO DEL NORTE,1003500000,REGION 10,Lanao Del Norte,Province,1st,2025,4587.0,4491.0,9078.0,50.121466431095406,5061.0,5045.0,10106.0,51.307305681068186,3399.0,3207.0,6606.0,33.53810224907347,6830.0,6699.0,13529.0,68.68558663755901,7147.0,7129.0,14276.0,72.47804234147333,7750.0,7589.0,15339.0,77.87480326953343,5872.0,5703.0,11575.0,58.765294207239684,5895.0,5891.0,11786.0,59.83652332842565,6114.0,6091.0,12205.0,61.96375082499873,5802.0,5719.0,11521.0,58.49114078286033,4785.0,4720.0,9505.0,48.25607960603138,6589.0,6493.0,13082.0,66.41620551352997,7185.0,7192.0,14377.0,72.99081078336802,7117.0,6957.0,14074.0,71.45250545768391,6417.0,6312.0,12729.0,64.62405442453165,6446.0,6515.0,12961.0,65.80189876630959,6172.0,6135.0,12307.0,63.284825422944415,755.0,710.0,1465.0,18.74840030714103
MISAMIS OCCIDENTAL,1004200000,REGION 10,Misamis Occidental,Province,1st,2018,2280.0,2148.0,4428.0,81.05436573311367,2537.0,2423.0,4960.0,54.449118725644716,2290.0,2144.0,4434.0,48.67487750594933,2812.0,2610.0,5422.0,59.52079067146082,2747.0,2583.0,5330.0,58.51084734025934,2688.0,2510.0,5198.0,57.06179821288332,2825.0,2577.0,5402.0,59.301237773373536,2689.0,2518.0,5207.0,57.160597017022596,2648.0,2467.0,5115.0,56.15065368582112,0.0,0.0,0.0,0.0,0.0,0.0,0.0,0.0,2276.0,2175.0,4451.0,48.86149746932352,2092.0,2013.0,4105.0,45.06323233241362,2154.0,2037.0,4191.0,46.00730979418891,2809.0,2587.0,5396.0,59.23537190394737,2353.0,2188.0,4541.0,49.84948551071626,3128.0,2680.0,5808.0,63.75816160454527,105.0,82.0,187.0,2.052819597116041
MISAMIS OCCIDENTAL,1004200000,REGION 10,Misamis Occidental,Province,1st,2019,2151.0,3154.0,5305.0,80.47812169853682,2258.0,2359.0,4617.0,70.04099677326003,2006.0,2128.0,4134.0,62.713770989962526,0.0,0.0,0.0,0.0,0.0,0.0,0.0,0.0,0.0,0.0,0.0,0.0,2619.0,2585.0,5204.0,78.94592748712263,2537.0,2467.0,5004.0,75.91187954372822,2481.0,2433.0,4914.0,74.54655796920075,2449.0,2467.0,4916.0,74.5768984486347,0.0,0.0,0.0,0.0,2903.0,2879.0,5782.0,87.7143260435325,2708.0,2638.0,5346.0,81.10010152693268,2548.0,2553.0,5101.0,77.38339279627452,2426.0,2265.0,4691.0,71.16359451231597,2346.0,2326.0,4672.0,70.87535995769349,2439.0,2319.0,4758.0,72.1800005733531,197.0,153.0,350.0,5.309583900940224
MISAMIS OCCIDENTAL,1004200000,REGION 10,Misamis Occidental,Province,1st,2020,2192.0,2218.0,4410.0,68.87396532875215,2121.0,2115.0,4236.0,66.15648914571295,2043.0,2119.0,4162.0,65.00078088396064,3113.0,2998.0,6111.0,95.43963766984226,3103.0,2948.0,6051.0,94.50257691707013,3105.0,2847.0,5952.0,92.9564266749961,3096.0,2889.0,5985.0,93.47181008902076,3132.0,2975.0,6107.0,95.37716695299079,3221.0,3070.0,6291.0,98.25081992815868,3234.0,3071.0,6305.0,98.46946743713883,0.0,0.0,0.0,0.0,3207.0,3014.0,6221.0,97.15758238325785,3207.0,3102.0,6309.0,98.53193815399031,3297.0,3202.0,6499.0,101.49929720443542,2876.0,2766.0,5642.0,88.11494611900672,2441.0,2396.0,4837.0,75.5427143526472,2876.0,2766.0,5642.0,88.11494611900672,2441.0,2396.0,4837.0,75.5427143526472
MISAMIS OCCIDENTAL,1004200000,REGION 10,Misamis Occidental,Province,1st,2021,1758.0,1921.0,3679.0,57.36784656167161,1872.0,1996.0,3868.0,60.314985186340245,1662.0,1778.0,3440.0,53.641041634180574,2632.0,2418.0,5050.0,78.74629658506159,2532.0,2458.0,4990.0,77.81069702167473,2473.0,2404.0,4877.0,76.04865117729612,2522.0,2498.0,5020.0,78.27849680336816,2450.0,2460.0,4910.0,76.5632309371589,2458.0,2434.0,4892.0,76.28255106814284,2381.0,2427.0,4808.0,74.97271167940121,0.0,0.0,0.0,0.0,2310.0,2246.0,4556.0,71.04319351317636,2257.0,2265.0,4522.0,70.51302042725713,2173.0,2181.0,4354.0,67.8933416497739,2637.0,2499.0,5136.0,80.08732262591612,2542.0,2362.0,4904.0,76.4696709808202,2637.0,2499.0,5136.0,80.08732262591612,2542.0,2362.0,4904.0,76.4696709808202
MISAMIS OCCIDENTAL,1004200000,REGION 10,Misamis Occidental,Province,1st,2022,1852.0,2060.0,3912.0,60.93457943925233,1872.0,1958.0,3830.0,59.65732087227414,1590.0,1736.0,3326.0,51.80685358255451,2642.0,2433.0,5075.0,79.04984423676012,2550.0,2481.0,5031.0,78.3644859813084,2506.0,2421.0,4927.0,76.74454828660437,2406.0,4875.0,7281.0,113.41121495327103,2340.0,2350.0,4690.0,73.05295950155764,2226.0,2211.0,4437.0,69.11214953271028,2033.0,1955.0,3988.0,62.1183800623053,72.0,70.0,142.0,2.2118380062305296,2736.0,2571.0,5307.0,82.66355140186916,2435.0,2412.0,4847.0,75.49844236760124,2473.0,2492.0,4965.0,77.33644859813083,2251.0,2322.0,4573.0,71.23052959501558,6958.0,2209.0,4414.0,63.43776947398678,2148.0,2151.0,4299.0,61.78499568841621,803.0,872.0,1675.0,27.763964859937012
MISAMIS OCCIDENTAL,1004200000,REGION 10,Misamis Occidental,Province,1st,2023,3961.0,3793.0,7754.0,62.89746917585983,4045.0,3752.0,7797.0,63.24626865671642,3922.0,3679.0,7601.0,61.65639195327709,5403.0,4901.0,10304.0,83.5820895522388,5042.0,5165.0,10207.0,82.79526281635302,4893.0,4782.0,9675.0,78.47988319273199,6086.0,5720.0,11806.0,95.76573653471772,5796.0,6304.0,12100.0,98.1505515898767,5538.0,5421.0,10959.0,88.89519792342635,5394.0,4949.0,10343.0,83.89844256975991,2822.0,2761.0,5583.0,45.28715120051914,5666.0,5233.0,10899.0,88.4085009733939,5169.0,5218.0,10387.0,84.25535366645036,4937.0,4959.0,9896.0,80.27255029201818,5290.0,5027.0,10317.0,83.68754055807916,5192.0,5090.0,10282.0,76.84603886397609,4950.0,5253.0,10203.0,76.2556053811659,465.0,404.0,869.0,7.666519629466255
MISAMIS OCCIDENTAL,1004200000,REGION 10,Misamis Occidental,Province,1st,2024,3508.0,3399.0,6907.0,55.963377086371736,3073.0,2902.0,5975.0,48.41192675417275,2817.0,2666.0,5483.0,44.42553881056555,3876.0,3685.0,7561.0,61.26235618214228,3309.0,3126.0,6435.0,52.139037433155075,2548.0,2455.0,5003.0,40.53637984119268,4251.0,4082.0,8333.0,67.51742019121698,4358.0,4219.0,8577.0,69.49440933398152,4637.0,4341.0,8978.0,72.74347755631179,4276.0,4139.0,8415.0,68.18181818181817,3684.0,3557.0,7241.0,58.6695835358937,3662.0,3458.0,7120.0,57.689191379030945,3448.0,3354.0,6802.0,55.11262356182143,3567.0,3343.0,6910.0,55.98768432993032,4517.0,4358.0,8875.0,71.90892886080051,13379.0,4595.0,9534.0,71.26093131026235,4499.0,4156.0,8655.0,64.69093355258241,302.0,272.0,574.0,5.059943582510578
MISAMIS OCCIDENTAL,1004200000,REGION 10,Misamis Occidental,Province,1st,2025,3011.0,3018.0,6029.0,48.34803528468324,3132.0,3080.0,6212.0,45.963743988161305,2893.0,2817.0,5710.0,42.249352571217166,4566.0,4164.0,8730.0,64.59489456159822,4817.0,4510.0,9327.0,69.01220865704772,5081.0,4772.0,9853.0,72.90418054014059,4317.0,3939.0,8256.0,61.087680355160934,4287.0,4054.0,8341.0,61.716611172770996,4275.0,4040.0,8315.0,61.524232334443205,4079.0,3921.0,8000.0,59.19348871624122,3252.0,2974.0,6226.0,46.067332593414726,4508.0,4062.0,8570.0,63.4110247872734,4774.0,4492.0,9266.0,68.56085830558638,4630.0,4236.0,8866.0,65.60118386977433,4132.0,3803.0,7935.0,58.71254162042175,3992.0,3774.0,7766.0,57.46207917129116,3961.0,3778.0,7739.0,57.844382988265195,898.0,895.0,1793.0,37.955122777307366
MISAMIS ORIENTAL,1004300000,REGION 10,Misamis Oriental,Province,1st,2018,5892.0,5330.0,11222.0,111.81745715424472,6547.0,5971.0,12518.0,61.4696118261287,6161.0,5551.0,11712.0,57.51175057578043,8272.0,7641.0,15913.0,78.14075195631779,8979.0,8520.0,17499.0,85.92880151345472,10403.0,9856.0,20259.0,99.4817755220915,7316.0,6784.0,14100.0,69.23801939194877,7366.0,6865.0,14231.0,69.8812946075761,7360.0,6813.0,14173.0,69.59648573348154,0.0,0.0,0.0,0.0,0.0,0.0,0.0,0.0,6425.0,5921.0,12346.0,60.6250061995035,6086.0,5652.0,11738.0,57.63942351934005,6137.0,5766.0,11903.0,58.449655661160726,7652.0,7103.0,14755.0,72.4543954700854,7306.0,6811.0,14117.0,69.32149785504545,7501.0,6896.0,14397.0,70.69643724722599,208.0,172.0,380.0,1.8659891751021653
MISAMIS ORIENTAL,1004300000,REGION 10,Misamis Oriental,Province,1st,2019,5904.0,5481.0,11385.0,69.07538763136989,6689.0,5661.0,12350.0,74.93026238448995,6098.0,5657.0,11755.0,71.32026188904287,0.0,0.0,0.0,0.0,0.0,0.0,0.0,0.0,0.0,0.0,0.0,0.0,6814.0,6411.0,13225.0,80.23908664250038,6787.0,6268.0,13055.0,79.20765792951549,6302.0,5900.0,12202.0,74.03231268142076,4941.0,4450.0,9391.0,56.977335550829565,0.0,0.0,0.0,0.0,7808.0,7266.0,15074.0,91.45739070314183,8177.0,7450.0,15627.0,94.81256763420441,7774.0,7000.0,14774.0,89.63722238610968,6502.0,5820.0,12322.0,74.76038000823362,6160.0,5515.0,11675.0,70.83488367116763,5982.0,5518.0,11500.0,69.77311881956555,295.0,260.0,555.0,3.3673113865094675
MISAMIS ORIENTAL,1004300000,REGION 10,Misamis Oriental,Province,1st,2020,6543.0,5268.0,11811.0,78.05829092591368,6115.0,5666.0,11781.0,77.86002247042495,5406.0,5190.0,10596.0,70.02841847862004,6624.0,6408.0,13032.0,86.12781706430506,6800.0,6351.0,13151.0,86.91428193774371,6769.0,6479.0,13248.0,87.55534994382394,6867.0,6393.0,13260.0,87.63465732601942,7004.0,6641.0,13645.0,90.17910250479149,7378.0,6978.0,14356.0,94.87806489987443,7223.0,6881.0,14104.0,93.21260987376908,0.0,0.0,0.0,0.0,6817.0,6329.0,13146.0,86.88123719516226,6873.0,6259.0,13132.0,86.78871191593419,6593.0,6525.0,13118.0,86.6961866367061,6808.0,6511.0,13319.0,88.02458528848061,6625.0,6301.0,12926.0,85.42726852157821,6808.0,6511.0,13319.0,88.02458528848061,6625.0,6301.0,12926.0,85.42726852157821
MISAMIS ORIENTAL,1004300000,REGION 10,Misamis Oriental,Province,1st,2021,5676.0,5809.0,11485.0,76.27174923628635,5686.0,5875.0,11561.0,76.77646433789349,5355.0,5451.0,10806.0,71.76251826271749,6819.0,6926.0,13745.0,91.28038252091912,6947.0,6983.0,13930.0,92.5089653340417,6771.0,7218.0,13989.0,92.90078363660513,6818.0,6763.0,13581.0,90.19126045955637,6857.0,6746.0,13603.0,90.33736219949529,6799.0,6838.0,13637.0,90.56315579758268,6752.0,6919.0,13671.0,90.78894939567007,0.0,0.0,0.0,0.0,6206.0,6102.0,12308.0,81.73728250763713,5679.0,5454.0,11133.0,73.93412139726391,5327.0,5335.0,10662.0,70.80621596493557,7226.0,7169.0,14395.0,95.59702483729579,7043.0,6856.0,13899.0,92.30309470049143,7226.0,7169.0,14395.0,95.59702483729579,7043.0,6856.0,13899.0,92.30309470049143
MISAMIS ORIENTAL,1004300000,REGION 10,Misamis Oriental,Province,1st,2022,5262.0,5044.0,10306.0,68.87656218672727,5755.0,5372.0,11127.0,74.36342979349061,5194.0,4939.0,10133.0,67.72037692976008,5184.0,4941.0,10125.0,67.66691171556506,5254.0,4879.0,10133.0,67.72037692976008,5186.0,4792.0,9978.0,66.68448840473167,6447.0,6155.0,12602.0,84.22107866069638,6460.0,6117.0,12577.0,84.05399986633697,6389.0,5964.0,12353.0,82.55697386887655,5994.0,5663.0,11657.0,77.9055002339103,355.0,348.0,703.0,4.698255697386887,6484.0,6006.0,12490.0,83.47256566196619,6565.0,6249.0,12814.0,85.63790683686426,6672.0,6135.0,12807.0,85.59112477444363,6117.0,5554.0,11671.0,77.9990643587516,16228.0,5525.0,11476.0,70.71727877742174,5481.0,5105.0,10586.0,65.23293073699779,537.0,497.0,1034.0,7.451178208546516
MISAMIS ORIENTAL,1004300000,REGION 10,Misamis Oriental,Province,1st,2023,6758.0,6799.0,13557.0,61.69283276450513,7370.0,7609.0,14979.0,68.16382252559727,3761.0,3663.0,7424.0,33.78384527872583,8474.0,8455.0,16929.0,77.03754266211604,8642.0,8491.0,17133.0,77.96587030716724,8798.0,8465.0,17263.0,78.55745164960182,8316.0,8253.0,16569.0,75.39931740614334,8194.0,8041.0,16235.0,73.87940841865756,8063.0,7843.0,15906.0,72.38225255972696,8050.0,7760.0,15810.0,71.94539249146757,5384.0,4978.0,10362.0,47.153583617747444,8400.0,8231.0,16631.0,75.68145620022753,8489.0,8245.0,16734.0,76.15017064846417,8456.0,8420.0,16876.0,76.79635949943118,8660.0,8154.0,16814.0,76.51422070534699,9122.0,8839.0,17961.0,75.34608608104708,8656.0,8476.0,17132.0,71.8684453393741,688.0,571.0,1259.0,6.318060922366637
MISAMIS ORIENTAL,1004300000,REGION 10,Misamis Oriental,Province,1st,2024,6085.0,6073.0,12158.0,54.80526505589614,5912.0,5843.0,11755.0,52.98864046159394,5900.0,5819.0,11719.0,52.826361341507386,6358.0,6254.0,12612.0,56.85178507032095,5302.0,5149.0,10451.0,47.11053011179228,4150.0,4136.0,8286.0,37.35124413992067,6906.0,6625.0,13531.0,60.99441038586369,7106.0,6936.0,14042.0,63.297872340425535,7509.0,7328.0,14837.0,66.88153624233681,7207.0,7010.0,14217.0,64.0867291741796,5592.0,5360.0,10952.0,49.368914532996754,6001.0,5707.0,11708.0,52.77677605481428,5077.0,4913.0,9990.0,45.03245582401731,4656.0,4593.0,9249.0,41.692210602235846,7559.0,7291.0,14850.0,66.94013703570141,24027.0,7722.0,15547.0,64.70637199816872,6907.0,6855.0,13762.0,57.27722978316061,819.0,758.0,1577.0,7.815055255463601
MISAMIS ORIENTAL,1004300000,REGION 10,Misamis Oriental,Province,1st,2025,5862.0,6170.0,12032.0,53.551717998931814,6297.0,6604.0,12901.0,53.02289260614032,5859.0,6214.0,12073.0,49.61982655871111,7294.0,7367.0,14661.0,60.25646294850191,7824.0,7926.0,15750.0,64.73223459783814,9004.0,9040.0,18044.0,74.16053594180264,7082.0,7255.0,14337.0,58.924828408203524,7157.0,7173.0,14330.0,58.89605852616005,7285.0,7362.0,14647.0,60.198923184414944,6974.0,6963.0,13937.0,57.28083514857589,5568.0,5707.0,11275.0,46.340060005753976,7638.0,7788.0,15426.0,63.40060005753977,8601.0,8672.0,17273.0,70.99173893387038,8582.0,8623.0,17205.0,70.71226007973367,7205.0,7249.0,14454.0,59.405696436644604,7028.0,7019.0,14047.0,57.732933294973485,6779.0,6740.0,13519.0,56.265867565655306,777.0,802.0,1579.0,15.38236726741354
CITY OF CAGAYAN DE ORO,1030500000,REGION 10,Misamis Oriental,City,1st,2018,7693.0,7388.0,15081.0,72.35869878130697,5697.0,5218.0,10915.0,56.58795523169514,4377.0,3947.0,8324.0,43.15512041673205,7459.0,6852.0,14311.0,74.19424895288952,7488.0,6971.0,14459.0,74.9615432611159,7594.0,7158.0,14752.0,76.48057861456407,7544.0,6780.0,14324.0,74.2616464259094,7485.0,7002.0,14487.0,75.10670704915873,7553.0,7173.0,14726.0,76.34578366852429,0.0,0.0,0.0,0.0,0.0,0.0,0.0,0.0,7197.0,6648.0,13845.0,71.77830876617676,7217.0,6841.0,14058.0,72.88259043950255,7417.0,7135.0,14552.0,75.44369441425816,8536.0,8113.0,16649.0,86.31542525446564,7421.0,7014.0,14435.0,74.83711715707919,8399.0,8222.0,16621.0,86.1702614664228,747.0,669.0,1416.0,7.341140138165857
CITY OF CAGAYAN DE ORO,1030500000,REGION 10,Misamis Oriental,City,1st,2019,6984.0,6701.0,13685.0,87.66173362278786,8555.0,7834.0,16389.0,104.98269290053857,8017.0,7127.0,15144.0,97.00762104373398,0.0,0.0,0.0,0.0,0.0,0.0,0.0,0.0,0.0,0.0,0.0,0.0,6535.0,6106.0,12641.0,80.97420348744329,6102.0,5642.0,11744.0,75.22830834242022,5218.0,4901.0,10119.0,64.8190780072335,4467.0,4277.0,8744.0,56.01126772361397,0.0,0.0,0.0,0.0,7111.0,6504.0,13615.0,87.21333600834905,6956.0,6505.0,13461.0,86.22686125658366,6604.0,6348.0,12952.0,82.96637003159287,6054.0,5786.0,11840.0,75.84325364222202,5904.0,5428.0,11332.0,72.5891680974375,5961.0,5479.0,11440.0,73.28098155971452,767.0,684.0,1451.0,9.294641979295958
CITY OF CAGAYAN DE ORO,1030500000,REGION 10,Misamis Oriental,City,1st,2020,6785.0,6309.0,13094.0,91.31738614966176,4725.0,4486.0,9211.0,64.2373945184462,4321.0,4132.0,8453.0,58.95111235093103,6608.0,6137.0,12745.0,88.8834646767557,6376.0,5915.0,12291.0,85.7172745658693,6281.0,5887.0,12168.0,84.85947416137806,6625.0,6078.0,12703.0,88.59055722156357,6457.0,6321.0,12778.0,89.11360624869238,6881.0,6810.0,13691.0,95.48085640560708,6786.0,6185.0,12971.0,90.45958574517051,0.0,0.0,0.0,0.0,6419.0,5992.0,12411.0,86.55415300927541,6244.0,5852.0,12096.0,84.3573470953344,6119.0,5719.0,11838.0,82.5580584420113,6666.0,6258.0,12924.0,90.13180835483647,6147.0,5697.0,11844.0,82.5999023641816,6666.0,6258.0,12924.0,90.13180835483647,6147.0,5697.0,11844.0,82.5999023641816
CITY OF CAGAYAN DE ORO,1030500000,REGION 10,Misamis Oriental,City,1st,2021,5820.0,5606.0,11426.0,80.10937390450816,5370.0,5423.0,10793.0,75.6713173946575,3770.0,3839.0,7609.0,53.347823038631425,5351.0,5176.0,10527.0,73.80635209983875,5423.0,4999.0,10422.0,73.07018158872609,5303.0,5114.0,10417.0,73.03512585010165,5402.0,5122.0,10524.0,73.7853186566641,5362.0,4939.0,10301.0,72.22183271401529,5259.0,5070.0,10329.0,72.41814485031199,5299.0,5012.0,10311.0,72.29194419126411,0.0,0.0,0.0,0.0,4885.0,4636.0,9521.0,66.75313748860688,4611.0,4288.0,8899.0,62.39220360372993,4397.0,4281.0,8678.0,60.84273995653089,5713.0,5412.0,11125.0,77.99901843931852,6122.0,5725.0,11847.0,83.06106709668373,5713.0,5412.0,11125.0,77.99901843931852,6122.0,5725.0,11847.0,83.06106709668373
CITY OF CAGAYAN DE ORO,1030500000,REGION 10,Misamis Oriental,City,1st,2022,6306.0,6003.0,12309.0,86.85436071126165,4389.0,4183.0,8572.0,60.48546429579452,3815.0,3716.0,7531.0,53.139994355066335,6219.0,5760.0,11979.0,84.52582557154953,5986.0,5696.0,11682.0,82.43014394580864,5971.0,5513.0,11484.0,81.03302286198138,6705.0,6215.0,12920.0,91.16567880327406,6418.0,6103.0,12521.0,88.35026813434942,6399.0,6016.0,12415.0,87.60231442280553,6255.0,5718.0,11973.0,84.48348856900931,3589.0,3620.0,7209.0,50.86790855207452,6650.0,6211.0,12861.0,90.7493649449619,6451.0,6259.0,12710.0,89.68388371436635,6452.0,6094.0,12546.0,88.52667231160034,6506.0,6254.0,12760.0,90.03669206886819,15363.0,6622.0,13496.0,87.84742563301438,6986.0,6665.0,13651.0,88.85634316214282,587.0,629.0,1216.0,9.254185692541856
CITY OF CAGAYAN DE ORO,1030500000,REGION 10,Misamis Oriental,City,1st,2023,5570.0,5065.0,10635.0,74.32904668716802,5125.0,4748.0,9873.0,69.00335476656416,5399.0,4876.0,10275.0,71.81297176404809,6551.0,6057.0,12608.0,88.11853508526698,6589.0,6126.0,12715.0,88.8663684651943,6410.0,6028.0,12438.0,86.93038859379368,6406.0,5893.0,12299.0,85.95890410958904,6406.0,5745.0,12151.0,84.9245177523064,6175.0,5803.0,11978.0,83.7154039698071,6408.0,5934.0,12342.0,86.25943528096171,5910.0,5495.0,11405.0,79.7106513838412,6441.0,5955.0,12396.0,86.6368465194297,6455.0,5933.0,12388.0,86.58093374336036,6306.0,5779.0,12085.0,84.46323734973441,6465.0,5938.0,12403.0,86.68577019849036,6902.0,6441.0,13343.0,86.01173209566171,6890.0,6453.0,13343.0,86.01173209566171,271.0,249.0,520.0,3.913010760779592
CITY OF CAGAYAN DE ORO,1030500000,REGION 10,Misamis Oriental,City,1st,2024,5223.0,5012.0,10235.0,70.57160587464662,3153.0,2990.0,6143.0,42.35675377508102,3441.0,3265.0,6706.0,46.238709232572575,4865.0,4812.0,9677.0,66.72412604288768,3983.0,3828.0,7811.0,53.857822519478724,2919.0,2751.0,5670.0,39.09535958077639,5776.0,5600.0,11376.0,78.43894366682756,5733.0,5499.0,11232.0,77.44604564572846,5746.0,5563.0,11309.0,77.97697028201061,5685.0,5448.0,11133.0,76.76342825622285,3876.0,3644.0,7520.0,51.851341101841,5009.0,4801.0,9810.0,67.64117768737502,4014.0,3906.0,7920.0,54.60939116044956,3687.0,3589.0,7276.0,50.16893056608978,6083.0,5916.0,11999.0,82.73460663311039,15725.0,6518.0,13143.0,83.58028616852147,6561.0,6309.0,12870.0,81.84419713831478,246.0,222.0,468.0,3.4769687964338782
CITY OF CAGAYAN DE ORO,1030500000,REGION 10,Misamis Oriental,City,1st,2025,5805.0,5488.0,11293.0,76.72396222569468,5104.0,5015.0,10119.0,63.414175596916714,4167.0,4181.0,8348.0,52.3155981700821,6016.0,5776.0,11792.0,73.89860249420317,6249.0,6071.0,12320.0,77.20749514319735,7363.0,6963.0,14326.0,89.7787804725199,5847.0,5544.0,11391.0,71.38559879676632,5696.0,5525.0,11221.0,70.32023563326439,5947.0,5619.0,11566.0,72.48229617095944,5711.0,5392.0,11103.0,69.58074826095131,5156.0,4960.0,10116.0,63.39537507050197,6127.0,5709.0,11836.0,74.17434354828602,6770.0,6510.0,13280.0,83.22366359591402,6916.0,6677.0,13593.0,85.18518518518519,6225.0,5808.0,12033.0,75.40891144952059,7533.0,7220.0,14753.0,92.45472206555117,7645.0,7397.0,15042.0,95.65659777424483,263.0,250.0,513.0,17.968476357267953
CITY OF ILIGAN,1030900000,REGION 10,Lanao Del Norte,City,1st,2018,2591.0,2385.0,4976.0,52.77895630038184,3788.0,3434.0,7222.0,74.24390366262386,3196.0,2920.0,6116.0,62.87395663259589,3712.0,3265.0,6977.0,71.72524451040248,3524.0,3139.0,6663.0,68.49724869898405,3579.0,3218.0,6797.0,69.87480105162759,3515.0,3032.0,6547.0,67.304740692218,3511.0,3143.0,6654.0,68.4047265260453,3576.0,3187.0,6763.0,69.52527284274788,0.0,0.0,0.0,0.0,0.0,0.0,0.0,0.0,3517.0,3078.0,6595.0,67.79819228122464,3437.0,3084.0,6521.0,67.03745441483942,3327.0,3089.0,6416.0,65.9580290638874,3917.0,3516.0,7433.0,76.41303460596555,3386.0,3077.0,6463.0,66.44120041145639,3872.0,3460.0,7332.0,75.37473022076408,12.0,15.0,27.0,0.27756651881623434
CITY OF ILIGAN,1030900000,REGION 10,Lanao Del Norte,City,1st,2019,2575.0,2489.0,5064.0,63.12258434736503,2605.0,2463.0,5068.0,63.17244420861887,2386.0,2235.0,4621.0,57.60060471350194,0.0,0.0,0.0,0.0,0.0,0.0,0.0,0.0,0.0,0.0,0.0,0.0,3454.0,3157.0,6611.0,82.40588568728874,3342.0,3020.0,6362.0,79.30210932423704,3179.0,2885.0,6064.0,75.58754966082574,2580.0,2326.0,4906.0,61.15311982783824,0.0,0.0,0.0,0.0,3480.0,3184.0,6664.0,83.06652884890217,3374.0,3142.0,6516.0,81.22171398250998,3403.0,3010.0,6413.0,79.93782255522353,3381.0,3112.0,6493.0,80.9350197803004,3394.0,3165.0,6559.0,81.75770749098879,2865.0,2604.0,5469.0,68.17089529931663,36.0,25.0,61.0,0.7603628841211032
CITY OF ILIGAN,1030900000,REGION 10,Lanao Del Norte,City,1st,2020,2446.0,2223.0,4669.0,61.59630606860158,2862.0,2598.0,5460.0,72.0316622691293,2218.0,2034.0,4252.0,56.09498680738786,3399.0,3023.0,6422.0,84.72295514511873,3221.0,2934.0,6155.0,81.2005277044855,3068.0,2896.0,5964.0,78.68073878627968,3231.0,2924.0,6155.0,81.2005277044855,3199.0,2910.0,6109.0,80.59366754617415,3121.0,2883.0,6004.0,79.20844327176782,3007.0,2748.0,5755.0,75.92348284960421,0.0,0.0,0.0,0.0,3273.0,2993.0,6266.0,82.66490765171504,3187.0,2881.0,6068.0,80.05277044854881,2938.0,2699.0,5637.0,74.36675461741424,3065.0,2836.0,5901.0,77.84960422163589,2983.0,2860.0,5843.0,77.0844327176781,3065.0,2836.0,5901.0,77.84960422163589,2983.0,2860.0,5843.0,77.0844327176781
CITY OF ILIGAN,1030900000,REGION 10,Lanao Del Norte,City,1st,2021,2047.0,1939.0,3986.0,52.62046204620462,2148.0,2044.0,4192.0,55.339933993399335,1800.0,1745.0,3545.0,46.7986798679868,2671.0,2466.0,5137.0,67.81518151815182,2637.0,2391.0,5028.0,66.37623762376238,2636.0,2453.0,5089.0,67.18151815181518,2659.0,2395.0,5054.0,66.71947194719472,2608.0,2381.0,4989.0,65.86138613861387,2674.0,2490.0,5164.0,68.17161716171617,2627.0,2398.0,5025.0,66.33663366336634,0.0,0.0,0.0,0.0,1824.0,1625.0,3449.0,45.53135313531353,1454.0,1313.0,2767.0,36.528052805280524,1429.0,1307.0,2736.0,36.118811881188115,2796.0,2481.0,5277.0,69.66336633663366,2948.0,2654.0,5602.0,73.95379537953795,2796.0,2481.0,5277.0,69.66336633663366,2948.0,2654.0,5602.0,73.95379537953795
CITY OF ILIGAN,1030900000,REGION 10,Lanao Del Norte,City,1st,2022,1684.0,1679.0,3363.0,44.454725710508924,2380.0,2218.0,4598.0,60.77990746860542,2028.0,1980.0,4008.0,52.980832782551225,3226.0,2908.0,6134.0,81.08393919365498,3050.0,2761.0,5811.0,76.81427627230669,2896.0,2684.0,5580.0,73.76074025115665,3262.0,2860.0,6122.0,80.92531394580304,3066.0,2814.0,5880.0,77.72637144745539,2891.0,2672.0,5563.0,73.53602115003305,2495.0,2287.0,4782.0,63.21216126900199,848.0,766.0,1614.0,21.335095836087245,3437.0,3046.0,6483.0,85.69729015201585,3395.0,3125.0,6520.0,86.18638466622605,3086.0,2867.0,5953.0,78.69134170522142,2788.0,2501.0,5289.0,69.91407799074686,8226.0,2593.0,5359.0,65.14709457816679,2599.0,2418.0,5017.0,60.98954534403113,473.0,422.0,895.0,12.270359199341925
CITY OF ILIGAN,1030900000,REGION 10,Lanao Del Norte,City,1st,2023,2151.0,2087.0,4238.0,55.268648930620756,2299.0,2230.0,4529.0,59.063641105894625,1788.0,1814.0,3602.0,46.97443922796036,3071.0,2827.0,5898.0,76.9170579029734,2973.0,2804.0,5777.0,75.33907146583203,2939.0,2656.0,5595.0,72.96557120500783,2564.0,2418.0,4982.0,64.97130933750653,2093.0,2003.0,4096.0,53.41679707876891,1846.0,1619.0,3465.0,45.18779342723005,2496.0,2293.0,4789.0,62.45435576421492,2374.0,2328.0,4702.0,61.31977047470005,3025.0,2820.0,5845.0,76.22587376108503,2956.0,2797.0,5753.0,75.02608242044862,2868.0,2705.0,5573.0,72.67866458007303,2693.0,2540.0,5233.0,68.24465310380803,2769.0,2568.0,5337.0,64.13892560990266,2685.0,2509.0,5194.0,62.42038216560509,312.0,275.0,587.0,8.199469199608885
CITY OF ILIGAN,1030900000,REGION 10,Lanao Del Norte,City,1st,2024,1834.0,1881.0,3715.0,47.997416020671835,2020.0,2042.0,4062.0,52.48062015503876,1751.0,1830.0,3581.0,46.26614987080103,2351.0,2348.0,4699.0,60.71059431524548,1938.0,1962.0,3900.0,50.3875968992248,1538.0,1520.0,3058.0,39.50904392764858,2731.0,2690.0,5421.0,70.03875968992249,2937.0,2843.0,5780.0,74.67700258397933,3000.0,2982.0,5982.0,77.28682170542636,2647.0,2632.0,5279.0,68.20413436692506,2157.0,1998.0,4155.0,53.68217054263565,2332.0,2363.0,4695.0,60.65891472868217,1924.0,1958.0,3882.0,50.155038759689916,1916.0,1889.0,3805.0,49.16020671834625,2609.0,2508.0,5117.0,66.11111111111111,8401.0,2613.0,5308.0,63.18295441018926,2574.0,2460.0,5034.0,59.92143792405666,277.0,282.0,559.0,7.741310067857637
CITY OF ILIGAN,1030900000,REGION 10,Lanao Del Norte,City,1st,2025,1950.0,1908.0,3858.0,49.34765924788949,2442.0,2379.0,4821.0,56.79783223374175,2119.0,2083.0,4202.0,49.50518378887841,2931.0,2695.0,5626.0,66.28180961357211,3136.0,2919.0,6055.0,71.33600377002828,3474.0,3334.0,6808.0,80.20735155513667,2743.0,2555.0,5298.0,62.417530631479735,2728.0,2547.0,5275.0,62.146559849198866,2720.0,2546.0,5266.0,62.04052780395853,2652.0,2506.0,5158.0,60.76814326107446,2218.0,2172.0,4390.0,51.7200754005655,2908.0,2704.0,5612.0,66.11687087653158,3228.0,3052.0,6280.0,73.98680490103676,3032.0,3047.0,6079.0,71.61875589066918,2708.0,2500.0,5208.0,61.35721017907634,2569.0,2504.0,5073.0,59.76672950047125,2391.0,2362.0,4753.0,56.576598024044756,268.0,314.0,582.0,17.285417285417285
REGION 11,1100000000,REGION 11,,Region,,2018,47159.0,45335.0,92494.0,90.16064257028113,50717.0,47939.0,98656.0,70.99233768335544,46934.0,43713.0,90647.0,65.22910349074684,52782.0,49459.0,102241.0,73.57208479042272,51445.0,48534.0,99979.0,71.94436151115183,49684.0,46670.0,96354.0,69.33583061488436,52871.0,49534.0,102405.0,73.6900983261435,51470.0,48834.0,100304.0,72.17822979840338,50991.0,48005.0,98996.0,71.23699989155709,0.0,0.0,0.0,0.0,0.0,0.0,0.0,0.0,46092.0,42983.0,89075.0,64.09790057517927,45141.0,42489.0,87630.0,63.05808619032231,43840.0,41451.4,85291.4,61.37524195473303,53219.0,49321.0,102540.0,73.78724361469416,46885.0,43807.0,90692.0,65.26148525359706,51525.0,47787.0,99312.0,71.46439182623861,4599.0,4052.0,8651.0,6.225214009271691
REGION 11,1100000000,REGION 11,,Region,,2019,34179.0,31676.0,65855.0,59.22996892783997,46067.0,43695.0,89762.0,80.7319181671972,43361.0,40348.0,83709.0,75.28785162828268,48595.0,45300.0,93895.0,84.44913723300485,47429.0,44511.0,91940.0,82.6908107695028,45798.0,43626.0,89424.0,80.42792105995234,49152.0,45703.0,94855.0,85.31256096955828,47498.0,44541.0,92039.0,82.77985134233487,46646.0,44304.0,90950.0,81.80040504118207,46248.0,43805.0,90053.0,80.99364348733995,0.0,0.0,0.0,0.0,50901.0,52288.0,103189.0,92.80815828251276,49586.0,46363.0,95949.0,86.29650426933895,45902.0,43326.0,89228.0,80.25163871373935,43647.0,40533.0,84180.0,75.71146889902921,43734.0,40930.0,84664.0,76.14677836620824,42340.0,39235.0,81575.0,73.36853261390245,5873.0,5420.0,11293.0,10.156921100935339
REGION 11,1100000000,REGION 11,,Region,,2020,42258.0,39362.0,81620.0,76.10469290516285,43659.0,40786.0,84445.0,78.73879922049102,40965.0,37616.0,78581.0,73.27104720877973,46215.0,43018.0,89233.0,83.2032597648419,45589.0,42713.0,88302.0,82.33517021455145,44119.0,41496.0,85615.0,79.8297388271933,42264.0,39638.0,81902.0,76.36763732318853,40437.0,38217.0,78654.0,73.33911438082184,38064.0,35613.0,73677.0,68.69842513077289,39553.0,36890.0,76443.0,71.27751825225882,0.0,0.0,0.0,0.0,45205.0,41949.0,87154.0,81.26474400216324,44069.0,41473.0,85542.0,79.76167165515119,42935.0,40213.0,83148.0,77.52944138297575,44146.0,41144.0,85290.0,79.52670004755377,42159.0,39558.0,81717.0,76.19513832554756,44146.0,41144.0,85290.0,79.52670004755377,42159.0,39558.0,81717.0,76.19513832554756
REGION 11,1100000000,REGION 11,,Region,,2021,37438.0,34877.0,72315.0,67.0533255445214,41496.0,37924.0,79420.0,73.64136230029578,35096.0,32628.0,67724.0,62.79636893005832,39513.0,37878.0,77391.0,71.75999332387549,38710.0,36610.0,75320.0,69.83968028781514,37498.0,35471.0,72969.0,67.65974018748783,39611.0,37718.0,77329.0,71.70250447393066,38685.0,36521.0,75206.0,69.73397498307789,38669.0,36425.0,75094.0,69.63012415737109,38471.0,36366.0,74837.0,69.39182360195461,0.0,0.0,0.0,0.0,38855.0,36403.0,75258.0,69.78219143787031,37270.0,35364.0,72634.0,67.3491149498827,34761.0,33191.0,67952.0,63.00777953953286,39534.0,36808.0,76342.0,70.7873190723896,38979.0,36768.0,75747.0,70.23561156082228,39534.0,36808.0,76342.0,70.7873190723896,38979.0,36768.0,75747.0,70.23561156082228
REGION 11,1100000000,REGION 11,,Region,,2022,41304.0,37853.0,79157.0,73.01834752368389,46446.0,40187.0,86633.0,79.9145811617331,38959.0,35307.0,74266.0,68.50664624978093,45267.0,42077.0,87344.0,80.57044286808048,44403.0,40482.0,84885.0,78.3021391607553,42906.0,39975.0,82881.0,76.45355004750616,45075.0,41278.0,86353.0,79.65629525768631,44139.0,40401.0,84540.0,77.98389402898337,42944.0,39784.0,82728.0,76.31241524993774,42732.0,39772.0,82504.0,76.1057865267003,33067.0,30272.0,63339.0,58.427038844355074,45700.0,41906.0,87606.0,80.81212467829569,45100.0,41428.0,86528.0,79.81772394771556,43552.0,40718.0,84270.0,77.73483262150968,42569.0,39026.0,81595.0,75.26727978820556,117503.0,38472.0,79597.0,67.74039811749488,39437.0,36627.0,76064.0,64.73366637447555,6468.0,5622.0,12090.0,12.074785769929889
REGION 11,1100000000,REGION 11,,Region,,2023,38616.0,36250.0,74866.0,69.96757039653835,42674.0,40130.0,82804.0,77.38619265240511,37945.0,35770.0,73715.0,68.89187951514472,44865.0,41716.0,86581.0,80.91606620498874,44110.0,41329.0,85439.0,79.84878645993962,43117.0,40861.0,83978.0,78.48337866001252,43997.0,40840.0,84837.0,79.28617489556173,42782.0,40074.0,82856.0,77.43479032906234,41416.0,39048.0,80464.0,75.19929720282988,42267.0,39650.0,81917.0,76.5572284371174,37732.0,35078.0,72810.0,68.04609302716797,44265.0,41255.0,85520.0,79.92448668704031,43757.0,41196.0,84953.0,79.39458509733554,42319.0,40312.0,82631.0,77.22451192044934,42177.0,39143.0,81320.0,75.99928972626424,41173.0,38186.0,79359.0,68.2781405673283,38138.0,35342.0,73480.0,63.220022541706456,4737.0,4346.0,9083.0,9.041049530179965
REGION 11,1100000000,REGION 11,,Region,,2024,35253.0,33264.0,68517.0,63.480460281283,36919.0,35212.0,72131.0,66.82880278688829,34427.0,32585.0,67012.0,62.086089647377094,38150.0,36194.0,74344.0,68.87912983860507,36350.0,34677.0,71027.0,65.80595549131877,34288.0,32334.0,66622.0,61.724757722311786,39236.0,37591.0,76827.0,71.17960976152094,39410.0,37576.0,76986.0,71.32692200789371,40097.0,37663.0,77760.0,72.04402690533104,38740.0,36125.0,74865.0,69.36183223080772,35275.0,33138.0,68413.0,63.38410510126559,35222.0,33642.0,68864.0,63.80195304537959,31946.0,30214.0,62160.0,57.59074990271833,31690.0,29756.0,61446.0,56.92923453221413,40473.0,37499.0,77972.0,72.24044323382807,117243.0,38173.0,78604.0,67.04366145526812,36729.0,34550.0,71279.0,60.79595370299293,4436.0,4186.0,8622.0,8.505642806408334
REGION 11,1100000000,REGION 11,,Region,,2025,33056.0,31407.0,64463.0,59.12355201731617,34596.0,32898.0,67494.0,56.98822138725883,33406.0,31544.0,64950.0,54.84020770886985,37812.0,35768.0,73580.0,62.126905053404826,38479.0,36187.0,74666.0,63.0438637227171,40070.0,37780.0,77850.0,65.73225820070081,35666.0,33729.0,69395.0,58.59332123105501,35233.0,33134.0,68367.0,57.725334571706,35114.0,33237.0,68351.0,57.711825051716126,35922.0,34020.0,69942.0,59.055177945708614,33205.0,31494.0,64699.0,54.62827711402879,38294.0,35955.0,74249.0,62.69177185798117,40685.0,38312.0,78997.0,66.70072191497447,39343.0,37291.0,76634.0,64.70553468147085,36069.0,33955.0,70024.0,59.12441423565669,35104.0,33217.0,68321.0,57.68649470173513,33974.0,32174.0,66148.0,56.41957302354938,2999.0,2778.0,5777.0,12.56853189452615
DAVAO DEL NORTE,1102300000,REGION 11,Davao Del Norte,Province,1st,2018,10373.0,10294.0,20667.0,96.10323180655661,11169.0,10568.0,21737.0,76.11482108272344,10642.0,9878.0,20520.0,71.85334354407163,11409.0,10601.0,22010.0,77.07076468835363,11032.0,10319.0,21351.0,74.76319386011079,10655.0,9996.0,20651.0,72.31205640977696,11419.0,10636.0,22055.0,77.22833781016081,11079.0,10397.0,21476.0,75.20089697624182,10944.0,10270.0,21214.0,74.28347124483116,0.0,0.0,0.0,0.0,0.0,0.0,0.0,0.0,10748.0,9936.0,20684.0,72.42761003243555,10349.0,9672.0,20021.0,70.10603270447652,10236.0,9680.0,19916.0,69.73836208692644,11649.0,10702.0,22351.0,78.26481878915912,10389.0,9640.0,20029.0,70.1340457039089,11556.0,10583.0,22139.0,77.52247430420087,263.0,233.0,496.0,1.7368059648079692
DAVAO DEL NORTE,1102300000,REGION 11,Davao Del Norte,Province,1st,2019,7187.0,6456.0,13643.0,59.03167028078576,10707.0,9851.0,20558.0,88.95206901945275,10435.0,9657.0,20092.0,86.93574135318828,10878.0,10135.0,21013.0,90.92080096827321,10888.0,10170.0,21058.0,91.11551072145325,10493.0,9865.0,20358.0,88.08669233865255,11000.0,10380.0,21380.0,92.50876717754157,10899.0,10147.0,21046.0,91.06358812060525,10620.0,9985.0,20605.0,89.1554325394408,10590.0,10001.0,20591.0,89.09485617178477,0.0,0.0,0.0,0.0,11300.0,10581.0,21881.0,94.67653576294607,11493.0,10625.0,22118.0,95.70200712969432,10618.0,9987.0,20605.0,89.1554325394408,10221.0,9420.0,19641.0,84.98431693798382,11049.0,10391.0,21440.0,92.76838018178164,10292.0,9574.0,19866.0,85.95786570388405,568.0,518.0,1086.0,4.698995376745096
DAVAO DEL NORTE,1102300000,REGION 11,Davao Del Norte,Province,1st,2020,10022.0,9583.0,19605.0,91.93003845071743,10193.0,9736.0,19929.0,93.44931070055331,10133.0,9435.0,19568.0,91.75654131107568,10464.0,10001.0,20465.0,95.96267466941761,10286.0,9855.0,20141.0,94.44340241958173,9844.0,9360.0,19204.0,90.04970458595142,9778.0,9355.0,19133.0,89.71677764231455,9328.0,9006.0,18334.0,85.97017724842915,8801.0,8353.0,17154.0,80.43702522742193,9499.0,8962.0,18461.0,86.56569445746976,0.0,0.0,0.0,0.0,10418.0,9899.0,20317.0,95.26868611085061,10214.0,9885.0,20099.0,94.24645972052893,9913.0,9560.0,19473.0,91.31107568226578,10079.0,9685.0,19764.0,92.67560723998875,10532.0,10019.0,20551.0,96.36593829128763,10079.0,9685.0,19764.0,92.67560723998875,10532.0,10019.0,20551.0,96.36593829128763
DAVAO DEL NORTE,1102300000,REGION 11,Davao Del Norte,Province,1st,2021,8722.0,8004.0,16726.0,78.95581570996978,10165.0,9018.0,19183.0,90.5541918429003,9028.0,8288.0,17316.0,81.74093655589124,8712.0,8643.0,17355.0,81.92503776435045,8706.0,8364.0,17070.0,80.57968277945619,8336.0,8075.0,16411.0,77.46884441087613,8804.0,8592.0,17396.0,82.11858006042296,8661.0,8313.0,16974.0,80.12651057401813,8548.0,8212.0,16760.0,79.11631419939576,8390.0,8067.0,16457.0,77.68598942598187,0.0,0.0,0.0,0.0,8695.0,8256.0,16951.0,80.01793806646525,8618.0,8136.0,16754.0,79.0879909365559,8223.0,7932.0,16155.0,76.26038519637463,8899.0,8483.0,17382.0,82.05249244712991,9385.0,8943.0,18328.0,86.51812688821752,8899.0,8483.0,17382.0,82.05249244712991,9385.0,8943.0,18328.0,86.51812688821752
DAVAO DEL NORTE,1102300000,REGION 11,Davao Del Norte,Province,1st,2022,8939.0,8204.0,17143.0,81.56730265975163,9504.0,8711.0,18215.0,86.66793548080126,8863.0,7939.0,16802.0,79.94480658514536,9431.0,8672.0,18103.0,86.13503354427368,9472.0,8478.0,17950.0,85.40705143455298,8993.0,8367.0,17360.0,82.5998001617738,9365.0,8548.0,17913.0,85.23100347337869,9260.0,8486.0,17746.0,84.43640862159204,8946.0,8228.0,17174.0,81.71480230289765,8766.0,8001.0,16767.0,79.7782747299805,7333.0,6775.0,14108.0,67.12661179045534,9296.0,8465.0,17761.0,84.5077794166627,9253.0,8438.0,17691.0,84.17471570633298,8842.0,8230.0,17072.0,81.22948089641719,9087.0,8425.0,17512.0,83.32302421848979,22765.0,8556.0,17685.0,77.68504282890402,8859.0,8266.0,17125.0,75.225126290358,462.0,398.0,860.0,4.462432544624326
DAVAO DEL NORTE,1102300000,REGION 11,Davao Del Norte,Province,1st,2023,8221.0,7686.0,15907.0,67.82501172557882,8828.0,8308.0,17136.0,73.06527949516052,8258.0,7774.0,16032.0,68.35799258090648,9309.0,8572.0,17881.0,76.24184539291349,9190.0,8542.0,17732.0,75.6065322133629,9031.0,8538.0,17569.0,74.91152517801561,9198.0,8488.0,17686.0,75.4103952586023,9134.0,8450.0,17584.0,74.97548288065494,8893.0,8284.0,17177.0,73.240097215708,8959.0,8365.0,17324.0,73.86688270157336,8498.0,7931.0,16429.0,70.0507397774272,9191.0,8515.0,17706.0,75.49567219545474,9152.0,8556.0,17708.0,75.50419988913998,8879.0,8430.0,17309.0,73.80292499893403,8888.0,8318.0,17206.0,73.36374877414403,8412.0,7861.0,16273.0,63.98883252723054,8105.0,7593.0,15698.0,61.727812512288146,266.0,237.0,503.0,2.3279492756976907
DAVAO DEL NORTE,1102300000,REGION 11,Davao Del Norte,Province,1st,2024,7726.0,7185.0,14911.0,62.95545704032088,7730.0,7113.0,14843.0,62.66835549926113,7583.0,7022.0,14605.0,61.66350010555204,8147.0,7686.0,15833.0,66.8482161705721,8010.0,7620.0,15630.0,65.99113362887904,7999.0,7577.0,15576.0,65.76314122862571,8084.0,7646.0,15730.0,66.4133417774963,8054.0,7712.0,15766.0,66.56533671099852,8146.0,7693.0,15839.0,66.87354865948912,8108.0,7592.0,15700.0,66.28667933291112,8408.0,7658.0,16066.0,67.83196115685033,6974.0,6612.0,13586.0,57.361199071142075,6213.0,5848.0,12061.0,50.92252480472873,6282.0,5875.0,12157.0,51.32784462740131,8707.0,7978.0,16685.0,70.44542959679121,25693.0,8138.0,16933.0,65.9051103413381,8502.0,7865.0,16367.0,63.70217568987662,297.0,277.0,574.0,2.6283254727780574
DAVAO DEL NORTE,1102300000,REGION 11,Davao Del Norte,Province,1st,2025,7407.0,6902.0,14309.0,59.76776241593919,7707.0,7114.0,14821.0,57.06090706090706,7108.0,6578.0,13686.0,52.69115269115269,8194.0,7641.0,15835.0,60.964810964810965,8170.0,7538.0,15708.0,60.47586047586048,8065.0,7555.0,15620.0,60.13706013706014,7872.0,7280.0,15152.0,58.33525833525833,7748.0,7172.0,14920.0,57.44205744205744,7696.0,7203.0,14899.0,57.361207361207356,7411.0,6841.0,14252.0,54.870254870254875,7196.0,6647.0,13843.0,53.2956032956033,8548.0,7833.0,16381.0,63.06691306691307,8872.0,8390.0,17262.0,66.45876645876646,8361.0,7723.0,16084.0,61.92346192346192,7875.0,7339.0,15214.0,58.57395857395857,8045.0,7509.0,15554.0,59.88295988295989,7976.0,7454.0,15430.0,60.05526797182112,189.0,148.0,337.0,3.6135535063263995
DAVAO DEL SUR,1102400000,REGION 11,Davao Del Sur,Province,1st,2018,5620.0,5128.0,10748.0,77.5916835114063,5586.0,5085.0,10671.0,67.75753052470083,5545.0,5060.0,10605.0,67.33845105561356,6312.0,5749.0,12061.0,76.58359813123575,6166.0,5700.0,11866.0,75.34540879075064,5954.0,5472.0,11426.0,72.55154566350217,6390.0,5815.0,12205.0,77.49795333651707,6231.0,5746.0,11977.0,76.05022426148832,6235.0,5788.0,12023.0,76.3423099520643,0.0,0.0,0.0,0.0,0.0,0.0,0.0,0.0,6279.0,5695.0,11974.0,76.03117519471162,6372.0,5869.0,12241.0,77.7265421378374,6259.0,5913.0,12172.0,77.28841360197343,6290.0,5671.0,11961.0,75.94862923867929,5586.0,5075.0,10661.0,67.69403363544518,6149.0,5607.0,11756.0,74.64694300893852,338.0,286.0,624.0,3.9622058895523677
DAVAO DEL SUR,1102400000,REGION 11,Davao Del Sur,Province,1st,2019,4187.0,3776.0,7963.0,55.559620268945324,4909.0,4574.0,9483.0,66.16499799201412,5027.0,4453.0,9480.0,66.14406632545543,5899.0,5187.0,11086.0,77.34948515653997,5794.0,5223.0,11017.0,76.86805682569013,5550.0,5163.0,10713.0,74.74698128107637,5844.0,5101.0,10945.0,76.36569682828161,5631.0,5110.0,10741.0,74.9423435022908,5489.0,5135.0,10624.0,74.12600850650195,5464.0,5075.0,10539.0,73.53294462067245,0.0,0.0,0.0,0.0,5861.0,5209.0,11070.0,77.2378496015603,5768.0,5137.0,10905.0,76.08660794083242,5549.0,5095.0,10644.0,74.26555295022655,5481.0,4974.0,10455.0,72.94685795702917,5744.0,5185.0,10929.0,76.25406127330194,5122.0,4599.0,9721.0,67.82557687233674,1262.0,1103.0,2365.0,16.50113047043271
DAVAO DEL SUR,1102400000,REGION 11,Davao Del Sur,Province,1st,2020,4045.0,3663.0,7708.0,59.26039824709771,4454.0,4010.0,8464.0,65.0726531867456,3979.0,3576.0,7555.0,58.08410855693088,4905.0,4479.0,9384.0,72.14576766356578,4951.0,4588.0,9539.0,73.33743368955177,4933.0,4654.0,9587.0,73.70646574921196,4450.0,4115.0,8565.0,65.8491581456139,4357.0,4070.0,8427.0,64.78819097409088,4277.0,3913.0,8190.0,62.966095179518724,4454.0,4122.0,8576.0,65.93372799261937,0.0,0.0,0.0,0.0,4962.0,4444.0,9406.0,72.31490735757669,4885.0,4654.0,9539.0,73.33743368955177,4937.0,4654.0,9591.0,73.73721842085031,4959.0,4681.0,9640.0,74.11393864842009,4551.0,4329.0,8880.0,68.27093103713385,4959.0,4681.0,9640.0,74.11393864842009,4551.0,4329.0,8880.0,68.27093103713385
DAVAO DEL SUR,1102400000,REGION 11,Davao Del Sur,Province,1st,2021,4224.0,3935.0,8159.0,56.837338906304424,4105.0,3906.0,8011.0,55.80633925461511,4036.0,3773.0,7809.0,54.39916405433647,4774.0,4514.0,9288.0,64.70219435736678,4778.0,4505.0,9283.0,64.66736328805295,4675.0,4269.0,8944.0,62.305816788575406,4366.0,4217.0,8583.0,65.39428571428572,4301.0,3995.0,8296.0,63.20761904761905,4199.0,4012.0,8211.0,62.56,4135.0,4062.0,8197.0,62.45333333333334,0.0,0.0,0.0,0.0,4404.0,4188.0,8592.0,65.46285714285715,4192.0,4002.0,8194.0,62.43047619047619,3783.0,3675.0,7458.0,56.82285714285714,5593.0,4894.0,10487.0,73.0546847788227,4897.0,4567.0,9464.0,65.92824799721352,5593.0,4894.0,10487.0,73.0546847788227,4897.0,4567.0,9464.0,65.92824799721352
DAVAO DEL SUR,1102400000,REGION 11,Davao Del Sur,Province,1st,2022,4645.0,4228.0,8873.0,60.924196649272176,4660.0,4254.0,8914.0,61.20571271628673,4293.0,3968.0,8261.0,56.72205438066465,5263.0,4802.0,10065.0,69.10876132930514,5195.0,4875.0,10070.0,69.14309255698984,4996.0,4802.0,9798.0,67.27547377094206,5211.0,4756.0,9967.0,68.43586926668497,5152.0,4713.0,9865.0,67.73551222191706,4933.0,4783.0,9716.0,66.71244163691293,5014.0,4760.0,9774.0,67.11068387805548,5058.0,4691.0,9749.0,66.93902773963197,5290.0,4799.0,10089.0,69.27355122219171,5102.0,4818.0,9920.0,68.11315572644878,5071.0,4820.0,9891.0,67.9140346058775,4862.0,4500.0,9362.0,64.28179071683603,15771.0,4375.0,8991.0,57.00970135058018,4616.0,4375.0,8991.0,57.00970135058018,888.0,720.0,1608.0,12.170753860127158
DAVAO DEL SUR,1102400000,REGION 11,Davao Del Sur,Province,1st,2023,4461.0,4101.0,8562.0,65.44370557211649,4790.0,4429.0,9219.0,70.46548956661316,4525.0,4187.0,8712.0,66.59023159825728,5409.0,5059.0,10468.0,80.01222961094551,5412.0,5098.0,10510.0,80.33325689826492,5219.0,4879.0,10098.0,77.1841320797982,5274.0,4910.0,10184.0,77.84147366811894,5217.0,4828.0,10045.0,76.77902621722846,4865.0,4619.0,9484.0,72.4910188794619,5078.0,4787.0,9865.0,75.40319498585951,4571.0,4176.0,8747.0,66.85775433769014,5457.0,5180.0,10637.0,81.30398226706413,5334.0,5043.0,10377.0,79.31667048842009,5231.0,4855.0,10086.0,77.09240999770695,5012.0,4622.0,9634.0,73.6375449056027,4542.0,4002.0,8544.0,59.81517782133856,3946.0,3431.0,7377.0,51.645197423690846,665.0,632.0,1297.0,10.075351510914317
DAVAO DEL SUR,1102400000,REGION 11,Davao Del Sur,Province,1st,2024,3901.0,3763.0,7664.0,58.15753528608286,4197.0,4187.0,8384.0,63.62118682652906,4154.0,3998.0,8152.0,61.860676885718625,4810.0,4676.0,9486.0,71.98360904537866,4709.0,4655.0,9364.0,71.05782364546972,4602.0,4371.0,8973.0,68.09075732281075,4814.0,4664.0,9478.0,71.92290180604037,4844.0,4699.0,9543.0,72.41614812566398,5072.0,4790.0,9862.0,74.83684929427834,4833.0,4469.0,9302.0,70.58734254059796,4385.0,4118.0,8503.0,64.52420701168614,4452.0,4353.0,8805.0,66.81590529670663,3736.0,3645.0,7381.0,56.010016694490815,3596.0,3382.0,6978.0,52.9518895128244,4966.0,4621.0,9587.0,72.75003794202458,14382.0,4698.0,9591.0,66.6875260742595,4147.0,3965.0,8112.0,56.40383813099707,767.0,761.0,1528.0,11.776493256262043
DAVAO DEL SUR,1102400000,REGION 11,Davao Del Sur,Province,1st,2025,3818.0,3626.0,7444.0,55.923672150852674,3805.0,3604.0,7409.0,51.019143368681995,3957.0,3769.0,7726.0,53.20203828673736,4551.0,4312.0,8863.0,61.0315383555984,4585.0,4353.0,8938.0,61.547996143781845,4713.0,4587.0,9300.0,64.04076573474728,4483.0,4249.0,8732.0,60.12945875223799,4454.0,4220.0,8674.0,59.73006472937612,4459.0,4279.0,8738.0,60.17077537529266,4637.0,4486.0,9123.0,62.821925354634345,4284.0,4177.0,8461.0,58.26332461093513,4358.0,4101.0,8459.0,58.249552403250235,5024.0,4732.0,9756.0,67.18082908690263,4960.0,4678.0,9638.0,66.368268833494,4412.0,4269.0,8681.0,59.77826745627324,4137.0,4001.0,8138.0,56.0391130698251,3986.0,3855.0,7841.0,54.51953831177862,440.0,439.0,879.0,14.019138755980862
DAVAO ORIENTAL,1102500000,REGION 11,Davao Oriental,Province,1st,2018,4834.0,4479.0,9313.0,86.43155452436196,4998.0,4678.0,9676.0,53.22105648527394,4684.0,4259.0,8943.0,49.189324942931464,5404.0,5100.0,10504.0,57.77531803651483,5384.0,5150.0,10534.0,57.94032751300907,5218.0,4956.0,10174.0,55.96021379507825,5367.0,5111.0,10478.0,57.632309823553165,5308.0,5103.0,10411.0,57.26378865938271,5312.0,4984.0,10296.0,56.63125233282147,0.0,0.0,0.0,0.0,0.0,0.0,0.0,0.0,4907.0,4514.0,9421.0,51.81847593507295,4792.0,4547.0,9339.0,51.36745003265537,4850.0,4533.0,9383.0,51.60946393151359,5634.0,5266.0,10900.0,59.95344312623874,4987.0,4602.0,9589.0,52.742529003440666,5531.0,5147.0,10678.0,58.73237300018139,581.0,506.0,1087.0,5.97884336497445
DAVAO ORIENTAL,1102500000,REGION 11,Davao Oriental,Province,1st,2019,3262.0,2934.0,6196.0,47.55999488341332,4232.0,3932.0,8164.0,62.66620371662142,4100.0,3816.0,7916.0,60.76257577422528,4905.0,4506.0,9411.0,72.2380748624601,4882.0,4546.0,9428.0,72.3685654875437,4531.0,4352.0,8883.0,68.18518956574572,4990.0,4551.0,9541.0,73.23594434839356,4979.0,4623.0,9602.0,73.70417541487002,4781.0,4602.0,9383.0,72.02314912702826,4740.0,4549.0,9289.0,71.30161272950714,0.0,0.0,0.0,0.0,5095.0,4708.0,9803.0,75.24703515850561,5069.0,4743.0,9812.0,75.3161184306087,4760.0,4487.0,9247.0,70.97922412635941,4750.0,4373.0,9123.0,70.02741015516133,4801.0,4494.0,9295.0,71.34766824424254,4778.0,4334.0,9112.0,69.94297504481312,473.0,454.0,927.0,7.11557702661784
DAVAO ORIENTAL,1102500000,REGION 11,Davao Oriental,Province,1st,2020,4808.0,4473.0,9281.0,65.58547099144937,4676.0,4344.0,9020.0,63.74107836901985,4953.0,4663.0,9616.0,67.95279485548724,5647.0,5242.0,10889.0,76.94862553883118,5720.0,5225.0,10945.0,77.34435728923751,5597.0,5177.0,10774.0,76.13596212281819,4983.0,4642.0,9625.0,68.01639460108827,5026.0,4662.0,9688.0,68.46159282029538,4824.0,4432.0,9256.0,65.40880503144653,5458.0,4982.0,10440.0,73.77570489718042,0.0,0.0,0.0,0.0,5600.0,5130.0,10730.0,75.82503003321321,5641.0,5173.0,10814.0,76.4186276588227,5558.0,5101.0,10659.0,75.32329870680518,5453.0,4944.0,10397.0,73.47183944597555,4926.0,4577.0,9503.0,67.15426471627447,5453.0,4944.0,10397.0,73.47183944597555,4926.0,4577.0,9503.0,67.15426471627447
DAVAO ORIENTAL,1102500000,REGION 11,Davao Oriental,Province,1st,2021,3932.0,3762.0,7694.0,58.62095238095238,5042.0,4276.0,9318.0,70.99428571428571,3719.0,3611.0,7330.0,55.84761904761905,4460.0,4286.0,8746.0,66.63619047619048,4464.0,4157.0,8621.0,65.68380952380951,4142.0,3971.0,8113.0,61.81333333333333,4805.0,4565.0,9370.0,65.27342389411355,4838.0,4545.0,9383.0,65.3639846743295,4786.0,4447.0,9233.0,64.31905259491467,4884.0,4501.0,9385.0,65.37791710205502,0.0,0.0,0.0,0.0,4833.0,4501.0,9334.0,65.022640195054,4772.0,4452.0,9224.0,64.25635667014977,4555.0,4276.0,8831.0,61.5186346220829,4382.0,4083.0,8465.0,64.4952380952381,4391.0,4144.0,8535.0,65.02857142857142,4382.0,4083.0,8465.0,64.4952380952381,4391.0,4144.0,8535.0,65.02857142857142
DAVAO ORIENTAL,1102500000,REGION 11,Davao Oriental,Province,1st,2022,4669.0,3989.0,8658.0,65.44712374329126,5622.0,4064.0,9686.0,73.21793030463375,4427.0,3707.0,8134.0,61.486128959105,5540.0,4816.0,10356.0,78.28256104013909,5520.0,4688.0,10208.0,77.16380678811701,5305.0,4471.0,9776.0,73.89825383626881,5416.0,4698.0,10114.0,76.45324665507597,5466.0,4602.0,10068.0,76.10552573890695,5353.0,4565.0,9918.0,74.97165318618187,5243.0,4443.0,9686.0,73.21793030463375,4019.0,3510.0,7529.0,56.912842996447196,5436.0,4643.0,10079.0,76.18867639277344,5472.0,4596.0,10068.0,76.10552573890695,5300.0,4516.0,9816.0,74.20061985032882,5203.0,4524.0,9727.0,73.52785546904528,14342.0,4397.0,9288.0,64.76084228141123,4981.0,4439.0,9420.0,65.68121600892484,869.0,699.0,1568.0,12.716950527169505
DAVAO ORIENTAL,1102500000,REGION 11,Davao Oriental,Province,1st,2023,3896.0,3712.0,7608.0,63.74528697109342,4494.0,4243.0,8737.0,73.20485965647256,4036.0,3856.0,7892.0,66.12484289903645,5065.0,4750.0,9815.0,82.23711772098868,5051.0,4779.0,9830.0,82.36279849183074,4909.0,4655.0,9564.0,80.1340594888982,4942.0,4617.0,9559.0,80.09216589861751,4777.0,4583.0,9360.0,78.42480100544617,4591.0,4282.0,8873.0,74.34436531210726,4823.0,4490.0,9313.0,78.03100125680771,4331.0,4016.0,8347.0,69.93715961457897,4988.0,4627.0,9615.0,80.5613741097612,5018.0,4691.0,9709.0,81.34897360703812,4866.0,4633.0,9499.0,79.58944281524927,4990.0,4576.0,9566.0,80.15081692501047,4874.0,4566.0,9440.0,73.0763276048924,4869.0,4524.0,9393.0,72.71249419414771,267.0,247.0,514.0,4.83037308523635
DAVAO ORIENTAL,1102500000,REGION 11,Davao Oriental,Province,1st,2024,3688.0,3472.0,7160.0,59.54261954261955,3957.0,3768.0,7725.0,64.24116424116424,3811.0,3593.0,7404.0,61.571725571725565,4311.0,4071.0,8382.0,69.70478170478171,4290.0,3928.0,8218.0,68.34095634095634,4010.0,3648.0,7658.0,63.68399168399168,4407.0,4118.0,8525.0,70.89397089397089,4568.0,4245.0,8813.0,73.28898128898129,4712.0,4250.0,8962.0,74.52806652806653,4389.0,3958.0,8347.0,69.41372141372142,3857.0,3590.0,7447.0,61.929313929313935,3968.0,3739.0,7707.0,64.0914760914761,3338.0,3107.0,6445.0,53.5966735966736,3257.0,2964.0,6221.0,51.73388773388773,4662.0,4270.0,8932.0,74.27858627858627,13017.0,4414.0,9213.0,70.77667665360681,4676.0,4308.0,8984.0,69.01743873396327,149.0,143.0,292.0,2.7165317703972462
DAVAO ORIENTAL,1102500000,REGION 11,Davao Oriental,Province,1st,2025,3651.0,3312.0,6963.0,57.374752801582076,3998.0,3595.0,7593.0,57.789786132886825,3871.0,3486.0,7357.0,55.99360681939265,4432.0,4078.0,8510.0,64.76900829591294,4639.0,4241.0,8880.0,67.58505213486566,4875.0,4446.0,9321.0,70.94147195372555,3754.0,3416.0,7170.0,54.57036304132734,3765.0,3421.0,7186.0,54.69213791003882,3759.0,3479.0,7238.0,55.08790623335109,3896.0,3623.0,7519.0,57.226577365096276,3497.0,3254.0,6751.0,51.38138366694574,4440.0,4018.0,8458.0,64.37323997260066,5107.0,4601.0,9708.0,73.88690159068422,5110.0,4717.0,9827.0,74.79260217672578,4421.0,4079.0,8500.0,64.69289900296826,4024.0,3750.0,7774.0,59.167364335185326,3971.0,3695.0,7666.0,58.89221786894061,101.0,77.0,178.0,4.413587899826432
DAVAO DE ORO,1108200000,REGION 11,Davao De Oro,Province,1st,2018,6726.0,6389.0,13115.0,97.77098553749813,7521.0,6895.0,14416.0,69.82015884667328,7133.0,6456.0,13589.0,65.8147987352555,7548.0,6903.0,14451.0,69.98967227339591,7468.0,6853.0,14321.0,69.36005097414039,7030.0,6541.0,13571.0,65.72762040151241,7595.0,6859.0,14454.0,70.00420199568642,7566.0,6999.0,14565.0,70.54180172043536,7482.0,6976.0,14458.0,70.02357495874044,0.0,0.0,0.0,0.0,0.0,0.0,0.0,0.0,6499.0,5927.0,12426.0,60.18210972730036,6338.0,5868.0,12206.0,59.11659675932949,6042.0,5513.4,11555.4,55.965584318593805,7812.0,7134.0,14946.0,72.38707645133037,7297.0,6899.0,14196.0,68.75464587870239,7672.0,7074.0,14746.0,71.41842829862958,215.0,160.0,375.0,1.8162152863139898
DAVAO DE ORO,1108200000,REGION 11,Davao De Oro,Province,1st,2019,6230.0,5936.0,12166.0,74.35059604706717,6537.0,6108.0,12645.0,77.2779292302453,6433.0,6027.0,12460.0,76.14733081920573,6933.0,6466.0,13399.0,81.88588167307687,6919.0,6426.0,13345.0,81.55586916390855,6802.0,6293.0,13095.0,80.02803347331454,6878.0,6514.0,13392.0,81.84310227374023,6747.0,6278.0,13025.0,79.60023947994821,6701.0,6187.0,12888.0,78.7629855215027,6541.0,6034.0,12575.0,76.850135236879,0.0,0.0,0.0,0.0,7214.0,6741.0,13955.0,85.28378824895795,6764.0,6290.0,13054.0,79.77746842005712,6181.0,5810.0,11991.0,73.28111106365137,6819.0,6348.0,13167.0,80.46805015220562,7348.0,6664.0,14012.0,85.63213478641339,6942.0,6337.0,13279.0,81.15252054159173,371.0,356.0,727.0,4.442946188247397
DAVAO DE ORO,1108200000,REGION 11,Davao De Oro,Province,1st,2020,6296.0,5674.0,11970.0,76.9181339159491,6279.0,5812.0,12091.0,77.69566893715461,6381.0,5586.0,11967.0,76.89885618815062,6757.0,6283.0,13040.0,83.79385683074155,6692.0,6372.0,13064.0,83.94807865312941,6555.0,6245.0,12800.0,82.25163860686287,6304.0,5916.0,12220.0,78.52461123248939,6077.0,5719.0,11796.0,75.80002570363706,5810.0,5524.0,11334.0,72.83125562267061,5969.0,5698.0,11667.0,74.97108340830228,0.0,0.0,0.0,0.0,6650.0,5968.0,12618.0,81.08212312042153,6488.0,6053.0,12541.0,80.58732810692713,6429.0,5885.0,12314.0,79.12864670350854,6874.0,6174.0,13048.0,83.84526410487084,6788.0,6103.0,12891.0,82.83639635008355,6874.0,6174.0,13048.0,83.84526410487084,6788.0,6103.0,12891.0,82.83639635008355
DAVAO DE ORO,1108200000,REGION 11,Davao De Oro,Province,1st,2021,5759.0,5205.0,10964.0,70.61702949890505,6532.0,5641.0,12173.0,78.40396753832282,5376.0,4689.0,10065.0,64.82674223882519,6176.0,5670.0,11846.0,76.29782300656962,6045.0,5449.0,11494.0,74.03065825067628,5791.0,5202.0,10993.0,70.80381295890764,6263.0,5528.0,11791.0,75.94357851346129,6196.0,5590.0,11786.0,75.91137446863327,6263.0,5578.0,11841.0,76.2656189617416,6101.0,5443.0,11544.0,74.35269869895659,0.0,0.0,0.0,0.0,6180.0,5570.0,11750.0,75.67950534587145,6081.0,5564.0,11645.0,75.0032204044828,5640.0,5037.0,10677.0,68.76851732577612,5749.0,5162.0,10911.0,70.27566662372794,5812.0,5339.0,11151.0,71.8214607754734,5749.0,5162.0,10911.0,70.27566662372794,5812.0,5339.0,11151.0,71.8214607754734
DAVAO DE ORO,1108200000,REGION 11,Davao De Oro,Province,1st,2022,5987.0,5497.0,11484.0,74.13815364751453,6809.0,5911.0,12720.0,82.11749515816655,5853.0,5399.0,11252.0,72.64041316978695,6635.0,6112.0,12747.0,82.29180116204003,6494.0,5895.0,12389.0,79.98063266623629,6352.0,5831.0,12183.0,78.65074241446094,6705.0,6198.0,12903.0,83.29890251775339,6627.0,6096.0,12723.0,82.13686249193027,6520.0,6003.0,12523.0,80.84570690768238,6461.0,5954.0,12415.0,80.14848289218851,5702.0,4992.0,10694.0,69.03808908973531,6680.0,6231.0,12911.0,83.3505487411233,6664.0,6138.0,12802.0,82.6468689477082,6487.0,6041.0,12528.0,80.87798579728857,6542.0,5848.0,12390.0,79.98708844415752,16846.0,5678.0,11980.0,71.11480470141281,6165.0,5674.0,11839.0,70.27781075626261,310.0,245.0,555.0,3.757616790792146
DAVAO DE ORO,1108200000,REGION 11,Davao De Oro,Province,1st,2023,5822.0,5299.0,11121.0,72.91024716449222,6238.0,5837.0,12075.0,79.1647544745296,5700.0,5371.0,11071.0,72.58244279813808,6647.0,6133.0,12780.0,83.78679604012326,6479.0,6137.0,12616.0,82.71159771848161,6244.0,6068.0,12312.0,80.71854717104831,6495.0,6061.0,12556.0,82.31823247885663,6179.0,5919.0,12098.0,79.31554448305252,5923.0,5681.0,11604.0,76.07683734347341,6191.0,5859.0,12050.0,79.00085229135252,5706.0,5417.0,11123.0,72.9233593391464,6484.0,6022.0,12506.0,81.99042811250246,6384.0,6101.0,12485.0,81.8527502786337,6214.0,6072.0,12286.0,80.54808890054416,6273.0,5756.0,12029.0,78.86317445748378,6237.0,5764.0,12001.0,72.4260712130356,6035.0,5567.0,11602.0,70.0181050090525,258.0,256.0,514.0,3.6092970999227583
DAVAO DE ORO,1108200000,REGION 11,Davao De Oro,Province,1st,2024,5242.0,4984.0,10226.0,66.25631722171829,5337.0,5054.0,10391.0,67.32538551250485,5036.0,4784.0,9820.0,63.625761306207075,5664.0,5428.0,11092.0,71.86730594790723,5167.0,5034.0,10201.0,66.09433717765971,4518.0,4344.0,8862.0,57.41868601788259,5803.0,5570.0,11373.0,73.68796164312556,5924.0,5708.0,11632.0,75.36607489957238,5937.0,5709.0,11646.0,75.45678372424517,5806.0,5551.0,11357.0,73.58429441492808,5310.0,5131.0,10441.0,67.649345600622,5653.0,5349.0,11002.0,71.28417778929635,5559.0,5296.0,10855.0,70.33173513023195,5411.0,5149.0,10560.0,68.42037061034081,5825.0,5550.0,11375.0,73.70092004665025,16758.0,5476.0,11119.0,66.35039980904642,5379.0,5138.0,10517.0,62.75808569041652,273.0,267.0,540.0,3.75234521575985
DAVAO DE ORO,1108200000,REGION 11,Davao De Oro,Province,1st,2025,4998.0,4684.0,9682.0,61.92516789254877,5191.0,4877.0,10068.0,59.321234975253354,5105.0,4810.0,9915.0,58.41975017676172,5661.0,5226.0,10887.0,64.14683007306151,5894.0,5419.0,11313.0,66.65684657082254,6357.0,5841.0,12198.0,71.87131746405845,5538.0,5059.0,10597.0,62.43813339618195,5497.0,5013.0,10510.0,61.92552439311808,5457.0,4921.0,10378.0,61.147772802262544,5667.0,5209.0,10876.0,64.08201744049022,5430.0,5001.0,10431.0,61.460051850106055,5548.0,5162.0,10710.0,63.103935894414334,5681.0,5276.0,10957.0,64.5592740985152,5461.0,5141.0,10602.0,62.46759368371435,5639.0,5126.0,10765.0,63.4279990572708,5601.0,5249.0,10850.0,63.92882394532171,5445.0,5113.0,10558.0,63.002744957632174,236.0,220.0,456.0,7.3065213908027555
DAVAO OCCIDENTAL,1108600000,REGION 11,Davao Occidental,Province,2nd,2018,2315.0,2269.0,4584.0,79.30795847750865,2488.0,2429.0,4917.0,55.251486969548644,1629.0,1523.0,3152.0,35.41848422371717,2826.0,2718.0,5544.0,62.296978596538075,2696.0,2645.0,5341.0,60.01590236004868,2582.0,2466.0,5048.0,56.72351153595314,2783.0,2736.0,5519.0,62.01605787775859,2664.0,2680.0,5344.0,60.04961284630221,2649.0,2612.0,5261.0,59.116956059954326,0.0,0.0,0.0,0.0,0.0,0.0,0.0,0.0,2659.0,2586.0,5245.0,58.93716679993546,2488.0,2442.0,4930.0,55.39756574331398,2434.0,2397.0,4831.0,54.28511969694723,2733.0,2618.0,5351.0,60.12827064756047,2143.0,2013.0,4156.0,46.700260289901195,2571.0,2493.0,5064.0,56.903300795972015,198.0,263.0,461.0,5.180178054293661
DAVAO OCCIDENTAL,1108600000,REGION 11,Davao Occidental,Province,2nd,2019,2115.0,1988.0,4103.0,55.80302224714979,2144.0,2121.0,4265.0,58.006309988811566,1504.0,1365.0,2869.0,39.019953893997744,2448.0,2273.0,4721.0,64.20815696534102,2393.0,2269.0,4662.0,63.405725010044435,2283.0,2121.0,4404.0,59.89678527332383,2542.0,2358.0,4900.0,66.6426539144611,2448.0,2282.0,4730.0,64.33056183987777,2380.0,2245.0,4625.0,62.90250497028218,2387.0,2201.0,4588.0,62.39928493051992,0.0,0.0,0.0,0.0,2672.0,7400.0,10072.0,136.9846551482556,2609.0,2473.0,5082.0,69.11795248842681,2460.0,2336.0,4796.0,65.22819758648072,2299.0,2171.0,4470.0,60.79442101992677,2231.0,2203.0,4434.0,60.304801521779716,1968.0,1849.0,3817.0,51.91326734520369,399.0,390.0,789.0,10.73082733438976
DAVAO OCCIDENTAL,1108600000,REGION 11,Davao Occidental,Province,2nd,2020,2023.0,1819.0,3842.0,57.601199400299855,2210.0,2010.0,4220.0,63.26836581709146,1419.0,1249.0,2668.0,40.0,2593.0,2388.0,4981.0,74.67766116941529,2574.0,2442.0,5016.0,75.2023988005997,2413.0,2296.0,4709.0,70.59970014992504,2374.0,2205.0,4579.0,68.65067466266866,2350.0,2239.0,4589.0,68.80059970014992,2023.0,1898.0,3921.0,58.7856071964018,1894.0,1784.0,3678.0,55.1424287856072,0.0,0.0,0.0,0.0,2420.0,2309.0,4729.0,70.89955022488755,2482.0,2331.0,4813.0,72.15892053973013,2406.0,2290.0,4696.0,70.40479760119939,2234.0,2176.0,4410.0,66.11694152923539,2071.0,1931.0,4002.0,60,2234.0,2176.0,4410.0,66.11694152923539,2071.0,1931.0,4002.0,60
DAVAO OCCIDENTAL,1108600000,REGION 11,Davao Occidental,Province,2nd,2021,1377.0,1324.0,2701.0,40.936647468929976,1480.0,1395.0,2875.0,43.573810245528946,461.0,423.0,884.0,13.397999393755683,1570.0,1567.0,3137.0,47.54471051833889,1535.0,1436.0,2971.0,45.02879660503183,1450.0,1356.0,2806.0,42.528038799636256,1452.0,1439.0,2891.0,43.81630797211276,1439.0,1315.0,2754.0,41.73992118823886,1480.0,1352.0,2832.0,42.922097605334955,1477.0,1369.0,2846.0,43.13428311609579,0.0,0.0,0.0,0.0,1578.0,1433.0,3011.0,45.63504092149136,1419.0,1341.0,2760.0,41.83085783570779,1282.0,1207.0,2489.0,37.72355259169446,1396.0,1388.0,2784.0,42.194604425583506,1340.0,1340.0,2680.0,40.61836920278872,1396.0,1388.0,2784.0,42.194604425583506,1340.0,1340.0,2680.0,40.61836920278872
DAVAO OCCIDENTAL,1108600000,REGION 11,Davao Occidental,Province,2nd,2022,1866.0,1776.0,3642.0,55.94470046082949,2330.0,2169.0,4499.0,69.10906298003073,1209.0,1189.0,2398.0,36.83563748079877,2525.0,2334.0,4859.0,74.6390168970814,2344.0,2235.0,4579.0,70.33794162826422,2209.0,2114.0,4323.0,66.40552995391705,2539.0,2286.0,4825.0,74.11674347158218,2393.0,2327.0,4720.0,72.50384024577573,2266.0,2158.0,4424.0,67.95698924731182,2136.0,2045.0,4181.0,64.22427035330261,1392.0,1415.0,2807.0,43.11827956989247,3420.0,3129.0,6549.0,100.59907834101382,3288.0,3113.0,6401.0,98.32565284178187,3016.0,3013.0,6029.0,92.61136712749615,2171.0,2031.0,4202.0,64.5468509984639,7091.0,1859.0,3884.0,54.77365674799041,1736.0,1646.0,3382.0,47.69426032999577,429.0,326.0,755.0,11.789506558401
DAVAO OCCIDENTAL,1108600000,REGION 11,Davao Occidental,Province,2nd,2023,1829.0,1782.0,3611.0,54.47277115703726,2510.0,2399.0,4909.0,74.05340171971639,1620.0,1581.0,3201.0,48.287826218132444,2718.0,2572.0,5290.0,79.80087494343037,2638.0,2535.0,5173.0,78.03590285110876,2544.0,2495.0,5039.0,76.01448182229598,2520.0,2415.0,4935.0,74.44561774023232,2354.0,2237.0,4591.0,69.2562980841756,2302.0,2141.0,4443.0,67.02368381354654,2422.0,2241.0,4663.0,70.3424347563735,1780.0,1717.0,3497.0,52.75305475939056,2655.0,2528.0,5183.0,78.18675516669181,2622.0,2503.0,5125.0,77.31181173631015,2535.0,2490.0,5025.0,75.80328858047972,2342.0,2311.0,4653.0,70.19158244079047,2141.0,2088.0,4229.0,58.37934842628382,1715.0,1678.0,3393.0,46.83876311430149,543.0,486.0,1029.0,15.349045346062052
DAVAO OCCIDENTAL,1108600000,REGION 11,Davao Occidental,Province,2nd,2024,1821.0,1710.0,3531.0,53.451407811080834,1834.0,1769.0,3603.0,54.54132606721163,1486.0,1347.0,2833.0,42.88525582803512,2283.0,2166.0,4449.0,67.3478655767484,2313.0,2147.0,4460.0,67.5143808658795,2226.0,2088.0,4314.0,65.30426884650318,2321.0,2197.0,4518.0,68.39237057220708,2496.0,2343.0,4839.0,73.25158946412353,2435.0,2307.0,4742.0,71.78322736905844,2354.0,2171.0,4525.0,68.4983348471087,2027.0,1875.0,3902.0,59.06751438086588,1725.0,1698.0,3423.0,51.816530426884654,1760.0,1693.0,3453.0,52.270663033605814,1834.0,1692.0,3526.0,53.37571904329398,2388.0,2219.0,4607.0,69.7396306388132,7224.0,2189.0,4528.0,62.67995570321152,2054.0,1960.0,4014.0,55.564784053156146,301.0,286.0,587.0,8.776913875598085
DAVAO OCCIDENTAL,1108600000,REGION 11,Davao Occidental,Province,2nd,2025,1611.0,1476.0,3087.0,46.610297448286275,1545.0,1459.0,3004.0,41.47452712964241,1351.0,1199.0,2550.0,35.20640618528234,2019.0,1845.0,3864.0,53.348060196051364,1975.0,1877.0,3852.0,53.18238299047356,1954.0,1778.0,3732.0,51.525610934695564,1764.0,1645.0,3409.0,47.066132817893134,1699.0,1612.0,3311.0,45.71310230567445,1610.0,1521.0,3131.0,43.22794422200745,1559.0,1468.0,3027.0,41.79207510699986,1455.0,1337.0,2792.0,38.54756316443463,2224.0,2110.0,4334.0,59.837084081181835,2120.0,2023.0,4143.0,57.20005522573519,1890.0,1862.0,3752.0,51.80173961065857,1844.0,1717.0,3561.0,49.16471075521193,1776.0,1710.0,3486.0,48.12922822035068,1662.0,1590.0,3252.0,45.01661129568107,180.0,167.0,347.0,10.809968847352025
CITY OF DAVAO,1130700000,REGION 11,Davao Del Sur,City,1st,2018,17291.0,16776.0,34067.0,91.42558102087918,18955.0,18284.0,37239.0,79.34549205678947,17301.0,16537.0,33838.0,72.09894895721266,19283.0,18388.0,37671.0,80.26595857223116,18699.0,17867.0,36566.0,77.9115245454648,18245.0,17239.0,35484.0,75.6060968378076,19317.0,18377.0,37694.0,80.31496489134031,18622.0,17909.0,36531.0,77.8369497120378,18369.0,17375.0,35744.0,76.16008131469381,0.0,0.0,0.0,0.0,0.0,0.0,0.0,0.0,15000.0,14325.0,29325.0,62.483056864184086,14802.0,14091.0,28893.0,61.5625903487424,14019.0,13415.0,27434.0,58.453885149600204,19101.0,17930.0,37031.0,78.9023044752805,16483.0,15578.0,32061.0,68.3126781286481,18046.0,16883.0,34929.0,74.42355305060822,3004.0,2604.0,5608.0,11.94901902453007
CITY OF DAVAO,1130700000,REGION 11,Davao Del Sur,City,1st,2019,11198.0,10586.0,21784.0,58.878581636649386,17538.0,17109.0,34647.0,93.64516241117293,15862.0,15030.0,30892.0,83.49601284976922,17532.0,16733.0,34265.0,92.61267902037234,16553.0,15877.0,32430.0,87.65297477398731,16139.0,15832.0,31971.0,86.41237300336566,17898.0,16799.0,34697.0,93.78030421625154,16794.0,16101.0,32895.0,88.9097935612184,16675.0,16150.0,32825.0,88.72059503410834,16526.0,15945.0,32471.0,87.76379105415177,0.0,0.0,0.0,0.0,18759.0,17649.0,36408.0,98.40485678604163,17883.0,17095.0,34978.0,94.53980116079335,16334.0,15611.0,31945.0,86.34209926472478,14077.0,13247.0,27324.0,73.85229363935952,12561.0,11993.0,24554.0,66.36543763800445,13238.0,12542.0,25780.0,69.67911469853199,2800.0,2599.0,5399.0,14.592612112388451
CITY OF DAVAO,1130700000,REGION 11,Davao Del Sur,City,1st,2020,15064.0,14150.0,29214.0,79.97043606799704,15847.0,14874.0,30721.0,84.09569954285402,14100.0,13107.0,27207.0,74.47647203744765,15849.0,14625.0,30474.0,83.41956146834195,15366.0,14231.0,29597.0,81.01886069365744,14777.0,13764.0,28541.0,78.12816512003505,14375.0,13405.0,27780.0,76.04500287427116,13299.0,12521.0,25820.0,70.67969669595686,12329.0,11493.0,23822.0,65.21036927540993,12279.0,11342.0,23621.0,64.66015165202157,0.0,0.0,0.0,0.0,15155.0,14199.0,29354.0,80.35367222359092,14359.0,13377.0,27736.0,75.92455722537024,13692.0,12723.0,26415.0,72.30845035723085,14547.0,13484.0,28031.0,76.73209055322876,13291.0,12599.0,25890.0,70.8713147737538,14547.0,13484.0,28031.0,76.73209055322876,13291.0,12599.0,25890.0,70.8713147737538
CITY OF DAVAO,1130700000,REGION 11,Davao Del Sur,City,1st,2021,13424.0,12647.0,26071.0,70.34998246040098,14172.0,13688.0,27860.0,75.17741979006449,12476.0,11844.0,24320.0,65.62508432499527,13821.0,13198.0,27019.0,72.90806551714833,13182.0,12699.0,25881.0,69.83728648911196,13104.0,12598.0,25702.0,69.35427291616072,13921.0,13377.0,27298.0,73.66091907498853,13250.0,12763.0,26013.0,70.19347526916539,13393.0,12824.0,26217.0,70.74394883833887,13484.0,12924.0,26408.0,71.25934320947678,0.0,0.0,0.0,0.0,13165.0,12455.0,25620.0,69.13300412855176,12188.0,11869.0,24057.0,64.91540516473731,11278.0,11064.0,22342.0,60.28764942389163,13515.0,12798.0,26313.0,71.00299522383227,13154.0,12435.0,25589.0,69.0493537332362,13515.0,12798.0,26313.0,71.00299522383227,13154.0,12435.0,25589.0,69.0493537332362
CITY OF DAVAO,1130700000,REGION 11,Davao Del Sur,City,1st,2022,15198.0,14159.0,29357.0,78.08335771471128,17521.0,15078.0,32599.0,86.70638614783095,14314.0,13105.0,27419.0,72.92869111897225,15873.0,15341.0,31214.0,83.02258158895657,15378.0,14311.0,29689.0,78.96640689416708,15051.0,14390.0,29441.0,78.30677979626034,15839.0,14792.0,30631.0,81.47192595153868,15241.0,14177.0,29418.0,78.24560470250286,14926.0,14047.0,28973.0,77.06199962762986,15112.0,14569.0,29681.0,78.94512860068622,9563.0,8889.0,18452.0,49.07838391361013,15578.0,14639.0,30217.0,80.37077426390404,15321.0,14325.0,29646.0,78.85203606670746,14836.0,14098.0,28934.0,76.95826794691065,14704.0,13698.0,28402.0,75.54326143043329,40688.0,13607.0,27769.0,68.24862367282736,13080.0,12227.0,25307.0,62.19769956744003,3510.0,3234.0,6744.0,19.75511160583514
CITY OF DAVAO,1130700000,REGION 11,Davao Del Sur,City,1st,2023,14387.0,13670.0,28057.0,76.55806592447064,15814.0,14914.0,30728.0,83.84632176380703,13806.0,13001.0,26807.0,73.14723859419341,15717.0,14630.0,30347.0,82.80670159353853,15340.0,14238.0,29578.0,80.70836061995197,15170.0,14226.0,29396.0,80.21174416066361,15568.0,14349.0,29917.0,81.63337699192316,15121.0,14057.0,29178.0,79.61689587426326,14842.0,14041.0,28883.0,78.81194062431783,14794.0,13908.0,28702.0,78.31805282689369,12846.0,11821.0,24667.0,67.30790220475879,15490.0,14383.0,29873.0,81.51331586989741,15247.0,14302.0,29549.0,80.62922942588955,14594.0,13832.0,28426.0,77.56494215236847,14672.0,13560.0,28232.0,77.03558175070945,14967.0,13905.0,28872.0,72.57553667487808,13468.0,12549.0,26017.0,65.39892413654417,2738.0,2488.0,5226.0,15.192743764172336
CITY OF DAVAO,1130700000,REGION 11,Davao Del Sur,City,1st,2024,12875.0,12150.0,25025.0,67.62416905366698,13864.0,13321.0,27185.0,73.46106036858887,12357.0,11841.0,24198.0,65.38939631411122,12935.0,12167.0,25102.0,67.83224341998594,11861.0,11293.0,23154.0,62.568232178565644,10933.0,10306.0,21239.0,57.393395665567745,13807.0,13396.0,27203.0,73.50970112954656,13524.0,12869.0,26393.0,71.32086688645086,13795.0,12914.0,26709.0,72.17478246770794,13250.0,12384.0,25634.0,69.26984813273523,11288.0,10766.0,22054.0,59.5957412311517,12450.0,11891.0,24341.0,65.77582013727503,11340.0,10625.0,21965.0,59.35523969086094,11310.0,10694.0,22004.0,59.46062800626925,13925.0,12861.0,26786.0,72.38285683402691,40169.0,13258.0,27220.0,67.7636983743683,11971.0,11314.0,23285.0,57.96758694515671,2649.0,2452.0,5101.0,14.689281806139492
CITY OF DAVAO,1130700000,REGION 11,Davao Del Sur,City,1st,2025,11571.0,11407.0,22978.0,61.46315367125853,12350.0,12249.0,24599.0,60.611063200689905,12014.0,11702.0,23716.0,58.435382530491566,12955.0,12666.0,25621.0,63.129234939016875,13216.0,12759.0,25975.0,64.00147837871135,14106.0,13573.0,27679.0,68.20007391893557,12255.0,12080.0,24335.0,59.96057656769742,12070.0,11696.0,23766.0,58.55858075643711,12133.0,11834.0,23967.0,59.0538376247382,12752.0,12393.0,25145.0,61.95638782801528,11343.0,11078.0,22421.0,55.24454847850191,13176.0,12731.0,25907.0,63.8339287914254,13881.0,13290.0,27171.0,66.94837994332882,13561.0,13170.0,26731.0,65.86423555500801,11878.0,11425.0,23303.0,57.41776518418135,11521.0,10998.0,22519.0,55.48601700135518,10934.0,10467.0,21401.0,53.277402972441436,1853.0,1727.0,3580.0,21.203506278133144
REGION 12,1200000000,REGION 12,,Region,,2018,39250.0,36824.0,76074.0,90.62362261004229,41714.0,39241.0,80955.0,62.376391420004275,34863.0,32744.0,67607.0,52.09166443990154,44351.0,41738.0,86089.0,66.33217418265393,43096.0,40482.0,83578.0,64.39743119141643,42700.0,40359.0,83059.0,63.99753807614273,44500.0,41697.0,86197.0,66.41538893496521,43805.0,41454.0,85259.0,65.69265340100235,43629.0,43203.0,86832.0,66.90466085827696,0.0,0.0,0.0,0.0,0.0,0.0,0.0,0.0,35455.0,33264.0,68719.0,52.948468185921485,33595.0,31709.0,65304.0,50.31718689755987,31857.0,30676.0,62533.0,48.18211209520261,45281.0,42618.0,87899.0,67.72679179083386,35808.0,34014.0,69822.0,53.79833736924883,44872.0,42134.0,87006.0,67.03872907033403,4613.0,4160.0,8773.0,6.759657611360602
REGION 12,1200000000,REGION 12,,Region,,2019,31947.0,32794.0,64741.0,58.57326450218865,34823.0,33579.0,68402.0,61.88548892477268,29737.0,29792.0,59529.0,53.85780050587399,40041.0,37616.0,77657.0,70.25878502720785,39672.0,36748.0,76420.0,69.1396313504156,37658.0,35664.0,73322.0,66.33677113157776,42378.0,39460.0,81838.0,74.04147017083632,41401.0,39297.0,80698.0,73.01007551316198,40583.0,38599.0,79182.0,71.63850156488625,37601.0,35420.0,73021.0,66.06444675266549,0.0,0.0,0.0,0.0,30827.0,28396.0,59223.0,53.58095246618245,26996.0,25849.0,52845.0,47.810570776141226,24370.0,23810.0,48180.0,43.58999526907908,34874.0,33726.0,68600.0,62.064625891631906,35706.0,33573.0,69279.0,62.67893902545724,34530.0,33066.0,67596.0,61.156274807153785,3783.0,3383.0,7166.0,6.483310628854726
REGION 12,1200000000,REGION 12,,Region,,2020,32295.0,32196.0,64491.0,61.6831815747188,36417.0,35130.0,71547.0,68.43197643277986,30453.0,29795.0,60248.0,57.62491391843293,40169.0,37506.0,77675.0,74.29317468819343,38933.0,36869.0,75802.0,72.50172163134134,37409.0,35232.0,72641.0,69.47834570357334,38959.0,36191.0,75150.0,71.87810850103298,38277.0,36147.0,74424.0,71.18371719335833,37614.0,35779.0,73393.0,70.19760501951183,36355.0,34604.0,70959.0,67.86957686127477,0.0,0.0,0.0,0.0,37183.0,34565.0,71748.0,68.6242252658964,34825.0,33226.0,68051.0,65.08818578315096,31943.0,30488.0,62431.0,59.71287015073838,39847.0,37269.0,77116.0,73.75851251052109,38760.0,37141.0,75901.0,72.59641135511515,39847.0,37269.0,77116.0,73.75851251052109,38760.0,37141.0,75901.0,72.59641135511515
REGION 12,1200000000,REGION 12,,Region,,2021,30481.0,29713.0,60194.0,57.495725597699945,31942.0,30770.0,62712.0,59.900852970112616,27099.0,26189.0,53288.0,50.89929603698432,35129.0,32782.0,67911.0,64.8668010277669,33690.0,31625.0,65315.0,62.387170106883936,32539.0,31255.0,63794.0,60.934350911713295,35941.0,33394.0,69335.0,66.22696837419885,34702.0,32709.0,67411.0,64.38921417859838,33801.0,32386.0,66187.0,63.220081571833845,33585.0,38293.0,71878.0,68.65597508906994,0.0,0.0,0.0,0.0,33007.0,30782.0,63789.0,60.929575043221604,30044.0,28334.0,58378.0,55.761130161519866,27430.0,26427.0,53857.0,51.4427898713381,33663.0,31598.0,65261.0,62.33559072717374,35093.0,33314.0,68407.0,65.34056718214207,33663.0,31598.0,65261.0,62.33559072717374,35093.0,33314.0,68407.0,65.34056718214207
REGION 12,1200000000,REGION 12,,Region,,2022,30050.0,29698.0,59748.0,60.437592935392836,31652.0,31351.0,63003.0,63.73016113859132,27147.0,26978.0,54125.0,54.74969400863856,38585.0,36621.0,75206.0,76.07400439009093,37214.0,35681.0,72895.0,73.73633154290454,35495.0,34348.0,69843.0,70.64910630291628,37924.0,36149.0,74073.0,74.92792765453828,36929.0,35648.0,72577.0,73.41466128526487,36228.0,35016.0,71244.0,72.06627621157406,35683.0,34166.0,69849.0,70.65517555306042,21725.0,20529.0,42254.0,42.74168259844829,37729.0,35646.0,73375.0,74.22187155443612,36657.0,35297.0,71954.0,72.78447081196452,34792.0,33862.0,68654.0,69.44638323268494,33869.0,31831.0,65700.0,66.45828907838437,107130.0,31163.0,63793.0,59.54727900681414,30302.0,29011.0,59313.0,55.365443853262384,3517.0,3296.0,6813.0,7.507272566995769
REGION 12,1200000000,REGION 12,,Region,,2023,29308.0,28171.0,57479.0,60.32703953651907,32082.0,30710.0,62792.0,65.90329453499722,27967.0,26720.0,54687.0,57.39669811815825,38332.0,35894.0,74226.0,77.9038403005909,37958.0,35946.0,73904.0,77.56588545219827,37314.0,35614.0,72928.0,76.54152541483434,36145.0,33841.0,69986.0,73.45375161368193,34293.0,32377.0,66670.0,69.97344640476915,32732.0,31059.0,63791.0,66.95179420438922,34274.0,32142.0,66416.0,69.70686090324206,27972.0,26606.0,54578.0,57.282297253329695,37197.0,34758.0,71955.0,75.52031402512621,36755.0,34903.0,71658.0,75.20859790719886,36068.0,34030.0,70098.0,73.5713011261663,35596.0,33675.0,69271.0,72.70332392237535,35302.0,34017.0,69319.0,66.99688786654553,32592.0,31519.0,64111.0,61.96335027931881,3626.0,3333.0,6959.0,7.811991333729976
REGION 12,1200000000,REGION 12,,Region,,2024,28275.0,27299.0,55574.0,58.31724311618536,29299.0,28424.0,57723.0,60.57232202820685,26543.0,25906.0,52449.0,55.03798690396239,33958.0,32258.0,66216.0,69.48455339153794,34036.0,32070.0,66106.0,69.3691235728677,33239.0,31580.0,64819.0,68.01859469442579,34518.0,32751.0,67269.0,70.5895315648086,36643.0,34455.0,71098.0,74.60753861652115,37040.0,35133.0,72173.0,75.73560275352585,35073.0,33178.0,68251.0,71.62000503693754,31203.0,29256.0,60459.0,63.4433764271323,30620.0,28765.0,59385.0,62.31636165211552,28295.0,26753.0,55048.0,57.76527871054399,27827.0,26523.0,54350.0,57.032824042981865,34248.0,31863.0,66111.0,69.37437038280724,103515.0,34425.0,71168.0,68.75138868762981,34276.0,32291.0,66567.0,64.30662222866252,2992.0,2843.0,5835.0,6.542066553054085
REGION 12,1200000000,REGION 12,,Region,,2025,27942.0,27268.0,55210.0,57.12541517067265,29044.0,28280.0,57324.0,54.61301017491711,26613.0,26261.0,52874.0,50.373461377234094,33156.0,31364.0,64520.0,61.46869402842879,32593.0,30947.0,63540.0,60.535040585343545,32790.0,31215.0,64005.0,60.97804961701154,28283.0,26759.0,55042.0,52.438931443161465,27948.0,26490.0,54438.0,51.863496055790556,27809.0,26508.0,54317.0,51.74821843679738,30645.0,29133.0,59778.0,56.950954613010175,29495.0,27947.0,57442.0,54.72542967112533,34272.0,32382.0,66654.0,63.50177203612667,35194.0,33680.0,68874.0,65.61678289699326,33227.0,31971.0,65198.0,62.11462977782859,32279.0,30479.0,62758.0,59.79002324606532,33850.0,32439.0,66289.0,63.15403376395716,32893.0,31599.0,64492.0,62.302081823890255,1406.0,1277.0,2683.0,7.261556782505142
COTABATO,1204700000,REGION 12,Cotabato,Province,1st,2018,10827.0,9947.0,20774.0,92.34941098021783,11212.0,10467.0,21679.0,54.51589600190694,8695.0,8018.0,16713.0,42.02796115502886,12890.0,12184.0,25074.0,63.053257823322774,12141.0,11557.0,23698.0,59.593048731638476,12104.0,11517.0,23621.0,59.399417844967196,12670.0,11966.0,24636.0,61.95182498745234,12441.0,12051.0,24492.0,61.58971008250863,12345.0,11762.0,24107.0,60.62155564915219,0.0,0.0,0.0,0.0,0.0,0.0,0.0,0.0,9418.0,8894.0,18312.0,46.048945412007924,8853.0,8426.0,17279.0,43.451273906404815,8671.0,8545.0,17216.0,43.29284863549194,12580.0,12101.0,24681.0,62.06498589524725,10254.0,9810.0,20064.0,50.45467675548968,12324.0,11829.0,24153.0,60.737231243786994,2147.0,1985.0,4132.0,10.390686022412448
COTABATO,1204700000,REGION 12,Cotabato,Province,1st,2019,9989.0,10613.0,20602.0,59.36315324074389,10202.0,9881.0,20083.0,57.86769277418987,8486.0,8885.0,17371.0,50.053263515433564,11347.0,10688.0,22035.0,63.49223772739499,11022.0,10505.0,21527.0,62.02847295473711,10487.0,10229.0,20716.0,59.69163588657658,11920.0,11070.0,22990.0,66.24400024292314,11370.0,11106.0,22476.0,64.76294690995826,11162.0,10665.0,21827.0,62.89290097008625,9182.0,8823.0,18005.0,51.8800880545381,0.0,0.0,0.0,0.0,6529.0,5939.0,12468.0,35.925628317910636,4499.0,4374.0,8873.0,25.56689926731,3769.0,3912.0,7681.0,22.132238619656047,9573.0,9098.0,18671.0,53.79911824861321,9397.0,9038.0,18435.0,53.11910154320522,8399.0,8058.0,16457.0,47.41963949533648,1150.0,1027.0,2177.0,6.272865964716992
COTABATO,1204700000,REGION 12,Cotabato,Province,1st,2020,8676.0,8481.0,17157.0,50.99420419081587,10249.0,9800.0,20049.0,59.58983504235399,7860.0,7550.0,15410.0,45.80175360380443,11282.0,10402.0,21684.0,64.4493981275078,10826.0,9865.0,20691.0,61.497993758359335,10253.0,9330.0,19583.0,58.204785257839205,11436.0,10281.0,21717.0,64.54748105216228,10980.0,10248.0,21228.0,63.09407044137316,10953.0,10223.0,21176.0,62.93951552979641,10068.0,9426.0,19494.0,57.94025858225591,0.0,0.0,0.0,0.0,9308.0,8169.0,17477.0,51.945311338980524,7737.0,7457.0,15194.0,45.15975627879328,6728.0,6253.0,12981.0,38.582255907267054,11404.0,10372.0,21776.0,64.72284143260514,10402.0,9932.0,20334.0,60.43691484618814,11404.0,10372.0,21776.0,64.72284143260514,10402.0,9932.0,20334.0,60.43691484618814
COTABATO,1204700000,REGION 12,Cotabato,Province,1st,2021,8289.0,8530.0,16819.0,49.56531989508738,8594.0,8612.0,17206.0,50.705802611027615,6818.0,6896.0,13714.0,40.41493531370642,9547.0,9013.0,18560.0,54.69601862493738,8685.0,8299.0,16984.0,50.05157221583709,8260.0,7969.0,16229.0,47.82659947543689,10132.0,9448.0,19580.0,57.70194206229924,9421.0,9054.0,18475.0,54.44552500515722,9257.0,8824.0,18081.0,53.284413402882144,9307.0,8764.0,18071.0,53.25494356526096,0.0,0.0,0.0,0.0,8913.0,8457.0,17370.0,51.18910794801521,7335.0,7085.0,14420.0,42.495505849762765,6092.0,5987.0,12079.0,35.59661686264109,8998.0,8489.0,17487.0,51.53390504818318,9346.0,8674.0,18020.0,53.10464739339287,8998.0,8489.0,17487.0,51.53390504818318,9346.0,8674.0,18020.0,53.10464739339287
COTABATO,1204700000,REGION 12,Cotabato,Province,1st,2022,8392.0,8590.0,16982.0,49.72767203513909,9751.0,9479.0,19230.0,56.3103953147877,7170.0,7289.0,14459.0,42.33967789165447,11715.0,11030.0,22745.0,66.60322108345534,11078.0,10610.0,21688.0,63.50805270863836,10463.0,10157.0,20620.0,60.380673499267935,11546.0,10835.0,22381.0,65.53733528550512,10668.0,10360.0,21028.0,61.57540263543192,10319.0,10154.0,20473.0,59.950219619326504,9833.0,9571.0,19404.0,56.8199121522694,4116.0,3823.0,7939.0,23.24743777452416,11507.0,10688.0,22195.0,64.99267935578331,10735.0,10359.0,21094.0,61.76866764275256,10050.0,9807.0,19857.0,58.14641288433382,9743.0,9149.0,18892.0,55.32064421669107,36967.0,8656.0,17606.0,47.62626126004274,7896.0,7667.0,15563.0,42.099710552655075,1669.0,1579.0,3248.0,10.455833118722637
COTABATO,1204700000,REGION 12,Cotabato,Province,1st,2023,7668.0,7203.0,14871.0,56.07254628407677,8975.0,8553.0,17528.0,66.09102220881566,7191.0,6705.0,13896.0,52.396214320726976,11045.0,10235.0,21280.0,80.23830172316278,10656.0,9986.0,20642.0,77.83266091022209,10378.0,9593.0,19971.0,75.30259040006032,10662.0,9883.0,20545.0,77.46691301232985,10203.0,9529.0,19732.0,74.40141774442894,9935.0,9307.0,19242.0,72.55382527054033,9918.0,9213.0,19131.0,72.13528901625126,7068.0,6505.0,13573.0,51.17831152671468,10478.0,9626.0,20104.0,75.8040797858301,10117.0,9499.0,19616.0,73.96402850571245,9574.0,9006.0,18580.0,70.05769013234794,9758.0,9094.0,18852.0,71.08329248520042,9602.0,8977.0,18579.0,64.30944963655244,8043.0,7626.0,15669.0,54.2367601246106,1713.0,1528.0,3241.0,12.6226826608506
COTABATO,1204700000,REGION 12,Cotabato,Province,1st,2024,7557.0,7347.0,14904.0,58.00124533001245,8432.0,8080.0,16512.0,64.2590286425903,6837.0,6604.0,13441.0,52.30775217932753,10001.0,9413.0,19414.0,75.55261519302616,10035.0,9509.0,19544.0,76.05853051058531,9971.0,9411.0,19382.0,75.42808219178082,10036.0,9403.0,19439.0,75.64990660024907,10298.0,9752.0,20050.0,78.02770859277709,10409.0,9638.0,20047.0,78.01603362391035,10129.0,9388.0,19517.0,75.95345579078456,8553.0,7925.0,16478.0,64.12671232876713,8226.0,7721.0,15947.0,62.06024283935243,7031.0,6684.0,13715.0,53.374066002490665,7084.0,6628.0,13712.0,53.362391033623915,9844.0,9054.0,18898.0,73.5445205479452,28029.0,9881.0,20414.0,72.8317100146277,9730.0,9118.0,18848.0,67.24463948053801,1072.0,1059.0,2131.0,8.530824659727783
COTABATO,1204700000,REGION 12,Cotabato,Province,1st,2025,7212.0,7003.0,14215.0,54.421898928024504,7790.0,7382.0,15172.0,53.251904110069844,6472.0,6340.0,12812.0,44.968586571197925,9573.0,8982.0,18555.0,65.12582920922397,9356.0,8820.0,18176.0,63.79558457056614,9380.0,8775.0,18155.0,63.721877083991444,7902.0,7435.0,15337.0,53.83103436172827,7739.0,7323.0,15062.0,52.8658172756309,7725.0,7329.0,15054.0,52.83773823312625,8388.0,7858.0,16246.0,57.021515566319195,8050.0,7455.0,15505.0,54.42069425432593,10094.0,9407.0,19501.0,68.4461759853989,10932.0,10308.0,21240.0,74.54985784984733,9968.0,9443.0,19411.0,68.13028675722158,9116.0,8420.0,17536.0,61.54926117019409,9455.0,9086.0,18541.0,65.07669088484083,9294.0,8942.0,18236.0,65.06118662813515,382.0,285.0,667.0,7.265003812220891
SOUTH COTABATO,1206300000,REGION 12,South Cotabato,Province,1st,2018,9950.0,9060.0,19010.0,97.55722056861337,10088.0,9271.0,19359.0,74.0867031417102,9338.0,8586.0,17924.0,68.59497221509446,9296.0,8781.0,18077.0,69.18050171458728,9237.0,8595.0,17832.0,68.2428891173602,8962.0,8645.0,17607.0,67.3818163239884,9688.0,9050.0,18738.0,71.71014223200402,9634.0,9033.0,18667.0,71.4384259283178,9399.0,9039.0,18438.0,70.56204517417494,0.0,0.0,0.0,0.0,0.0,0.0,0.0,0.0,9045.0,8497.0,17542.0,67.13306196145876,8349.0,7997.0,16346.0,62.55598169091352,7599.0,7263.0,14862.0,56.87672824485236,10089.0,9309.0,19398.0,74.23595575922798,7926.0,7522.0,15448.0,59.119344497811824,10111.0,9404.0,19515.0,74.68371361178131,536.0,461.0,997.0,3.815509222185292
SOUTH COTABATO,1206300000,REGION 12,South Cotabato,Province,1st,2019,6479.0,6443.0,12922.0,56.73261879591931,7893.0,7567.0,15460.0,67.87542846191863,7261.0,7023.0,14284.0,62.71232989327592,9356.0,8822.0,18178.0,79.80850831699591,10035.0,8657.0,18692.0,82.06516874580744,9046.0,8428.0,17474.0,76.71767379971321,9248.0,8715.0,17963.0,78.86457448004167,9299.0,8623.0,17922.0,78.68456849252948,9152.0,8572.0,17724.0,77.81527128454371,8989.0,8419.0,17408.0,76.42790806371794,0.0,0.0,0.0,0.0,8586.0,7919.0,16505.0,72.46338594851015,8664.0,8213.0,16877.0,74.09661100593794,7935.0,7600.0,15535.0,68.20470770736779,8280.0,7761.0,16041.0,70.42624501666472,8464.0,7957.0,16421.0,72.09459319360711,8093.0,7655.0,15748.0,69.13986076444337,782.0,712.0,1494.0,6.559242569347116
SOUTH COTABATO,1206300000,REGION 12,South Cotabato,Province,1st,2020,8476.0,8554.0,17030.0,80.66120399753707,8613.0,8363.0,16976.0,80.40543740823189,8029.0,7914.0,15943.0,75.51271728319045,8911.0,8432.0,17343.0,82.14370293184294,9006.0,8588.0,17594.0,83.33254393027993,8955.0,8474.0,17429.0,82.55103490740302,8737.0,8279.0,17016.0,80.59489414105053,8879.0,8440.0,17319.0,82.03002889215175,8881.0,8371.0,17252.0,81.71268886468053,8732.0,8194.0,16926.0,80.16861649220859,0.0,0.0,0.0,0.0,8937.0,8515.0,17452.0,82.65997252877374,8906.0,8419.0,17325.0,82.05844740207455,8424.0,8102.0,16526.0,78.27404916402216,9060.0,8628.0,17688.0,83.77776725240373,9177.0,8679.0,17856.0,84.57348553024204,9060.0,8628.0,17688.0,83.77776725240373,9177.0,8679.0,17856.0,84.57348553024204
SOUTH COTABATO,1206300000,REGION 12,South Cotabato,Province,1st,2021,8044.0,7861.0,15905.0,75.597699510433,8063.0,7677.0,15740.0,74.81344170350302,7594.0,7212.0,14806.0,70.37406720851752,8175.0,7611.0,15786.0,75.03208327391985,7971.0,7327.0,15298.0,72.7125813964542,7743.0,7459.0,15202.0,72.25628594514947,8169.0,7652.0,15821.0,75.19844099054137,7981.0,7542.0,15523.0,73.78202386044964,7912.0,7561.0,15473.0,73.54436997956176,8017.0,7688.0,15705.0,74.6470839868815,0.0,0.0,0.0,0.0,7557.0,7115.0,14672.0,69.73715480773801,7106.0,6661.0,13767.0,65.43561956366747,6738.0,6471.0,13209.0,62.78340225295879,7948.0,7531.0,15479.0,73.57288844526832,8248.0,8118.0,16366.0,77.78886829221922,7948.0,7531.0,15479.0,73.57288844526832,8248.0,8118.0,16366.0,77.78886829221922
SOUTH COTABATO,1206300000,REGION 12,South Cotabato,Province,1st,2022,8112.0,7888.0,16000.0,76.4928048955395,8266.0,8038.0,16304.0,77.94616818855476,7624.0,7385.0,15009.0,71.75503179232203,8658.0,8146.0,16804.0,80.33656834154037,8450.0,8135.0,16585.0,79.28957307453268,8315.0,8055.0,16370.0,78.26170100874886,8521.0,8067.0,16588.0,79.3039154754506,8497.0,8145.0,16642.0,79.56207869197304,8365.0,8139.0,16504.0,78.902328249749,8463.0,8079.0,16542.0,79.08399866137592,6142.0,5887.0,12029.0,57.5082468805278,8500.0,8053.0,16553.0,79.1365874647416,8460.0,8080.0,16540.0,79.07443706076397,8102.0,8023.0,16125.0,77.09040493378592,8176.0,7744.0,15920.0,76.11034087106182,22633.0,7975.0,16320.0,72.10710025184464,7926.0,7580.0,15506.0,68.51058189369505,592.0,570.0,1162.0,6.140350877192982
SOUTH COTABATO,1206300000,REGION 12,South Cotabato,Province,1st,2023,7869.0,7725.0,15594.0,72.2111599907386,8370.0,7950.0,16320.0,75.57304931697152,7604.0,7302.0,14906.0,69.0252373234545,8645.0,8162.0,16807.0,77.82820097244732,8503.0,8043.0,16546.0,76.61958786756193,8430.0,8061.0,16491.0,76.36489928224125,8162.0,7698.0,15860.0,73.44292660338041,7664.0,7316.0,14980.0,69.3679092382496,7426.0,7072.0,14498.0,67.13591109053021,8007.0,7520.0,15527.0,71.90090298680249,7155.0,6847.0,14002.0,64.83908312109284,8590.0,8094.0,16684.0,77.25862468163926,8525.0,8029.0,16554.0,76.65663347997221,8459.0,7990.0,16449.0,76.17040981708729,8190.0,7762.0,15952.0,73.86895114609864,8184.0,7903.0,16087.0,68.58957960262642,7830.0,7558.0,15388.0,65.60927773514112,450.0,421.0,871.0,4.320436507936508
SOUTH COTABATO,1206300000,REGION 12,South Cotabato,Province,1st,2024,7175.0,6880.0,14055.0,64.34850288435126,7133.0,6909.0,14042.0,64.28898452522662,6751.0,6525.0,13276.0,60.78197967219119,7493.0,7107.0,14600.0,66.84369563226811,7546.0,7171.0,14717.0,67.37936086438971,7455.0,7079.0,14534.0,66.54152550132771,7752.0,7299.0,15051.0,68.90852486036077,8388.0,7855.0,16243.0,74.3659005585569,8374.0,8021.0,16395.0,75.06180752678327,7947.0,7603.0,15550.0,71.19311418368281,7525.0,6972.0,14497.0,66.37212709458841,7107.0,6684.0,13791.0,63.13982236058969,6882.0,6485.0,13367.0,61.19860818606355,6731.0,6365.0,13096.0,59.957879315081044,7877.0,7197.0,15074.0,69.01382657265817,23727.0,7782.0,16290.0,68.65596156277658,7830.0,7232.0,15062.0,63.48042314662621,743.0,625.0,1368.0,6.7111459968602825
SOUTH COTABATO,1206300000,REGION 12,South Cotabato,Province,1st,2025,7081.0,6778.0,13859.0,62.659372456822496,7040.0,6768.0,13808.0,57.49021567157965,6715.0,6483.0,13198.0,54.95045382629694,7230.0,6892.0,14122.0,58.79756849029894,7054.0,6697.0,13751.0,57.25289366308603,7114.0,6748.0,13862.0,57.715047048047296,7208.0,6868.0,14076.0,58.60604546590057,7025.0,6717.0,13742.0,57.21542176700808,7009.0,6648.0,13657.0,56.86152052627196,7148.0,6770.0,13918.0,57.94820551253227,6626.0,6347.0,12973.0,54.01365642434841,7497.0,7004.0,14501.0,60.37555166958115,7387.0,7056.0,14443.0,60.13406611707885,7175.0,6849.0,14024.0,58.38954117745024,7157.0,6793.0,13950.0,58.08143892080939,7460.0,7028.0,14488.0,60.32142559746857,7122.0,6727.0,13849.0,58.36810384793695,359.0,341.0,700.0,8.078476630121177
SULTAN KUDARAT,1206500000,REGION 12,Sultan Kudarat,Province,1st,2018,6320.0,5950.0,12270.0,94.7929542645241,6889.0,6421.0,13310.0,57.95800409180897,5926.0,5538.0,11464.0,49.91965130792622,7458.0,6934.0,14392.0,62.66954131399809,7409.0,6838.0,14247.0,62.03814307257719,7374.0,6790.0,14164.0,61.6767220102466,7493.0,6934.0,14427.0,62.821947786065216,7433.0,6865.0,14298.0,62.26022107473212,7528.0,8892.0,16420.0,71.50040775262984,0.0,0.0,0.0,0.0,0.0,0.0,0.0,0.0,6288.0,5791.0,12079.0,52.59765074567697,6315.0,5787.0,12102.0,52.697803570178216,6281.0,5997.0,12278.0,53.464190401144286,7540.0,7209.0,14749.0,64.22408732908268,6181.0,6051.0,12232.0,53.26388475214179,7386.0,7020.0,14406.0,62.73050390282494,212.0,253.0,465.0,2.024828843177398
SULTAN KUDARAT,1206500000,REGION 12,Sultan Kudarat,Province,1st,2019,6014.0,5880.0,11894.0,64.47413924597215,6258.0,5817.0,12075.0,65.45529102027187,5885.0,5713.0,11598.0,62.869603747669835,7318.0,7002.0,14320.0,77.62482545840939,7279.0,7011.0,14290.0,77.46220361736523,7131.0,7003.0,14134.0,76.61657004393562,7642.0,6992.0,14634.0,79.32693406133819,7364.0,6984.0,14348.0,77.77660584338393,7139.0,6996.0,14135.0,76.62199077197045,6813.0,6653.0,13466.0,72.99552371668581,0.0,0.0,0.0,0.0,6319.0,5826.0,12145.0,65.83474198270824,5777.0,5501.0,11278.0,61.13497077653219,5306.0,5207.0,10513.0,56.988113829906275,6289.0,6042.0,12331.0,66.84299739718199,6417.0,6006.0,12423.0,67.34170437638406,6227.0,5938.0,12165.0,65.94315654340434,347.0,298.0,645.0,3.4963695824493053
SULTAN KUDARAT,1206500000,REGION 12,Sultan Kudarat,Province,1st,2020,5846.0,5461.0,11307.0,65.13624056685293,6462.0,6063.0,12525.0,72.15277377729133,5710.0,5312.0,11022.0,63.49444092401636,6943.0,6499.0,13442.0,77.43533613687424,6910.0,6484.0,13394.0,77.15882251281757,6749.0,6398.0,13147.0,75.73592948902586,6899.0,6438.0,13337.0,76.83046258425024,6931.0,6377.0,13308.0,76.663402269716,6809.0,6493.0,13302.0,76.62883806670891,6737.0,6357.0,13094.0,75.43061236246328,0.0,0.0,0.0,0.0,6888.0,6432.0,13320.0,76.73253067573017,6902.0,6410.0,13312.0,76.68644507172073,6656.0,6341.0,12997.0,74.87182441384871,7094.0,6606.0,13700.0,78.92159686617892,7231.0,7045.0,14276.0,82.23976035485914,7094.0,6606.0,13700.0,78.92159686617892,7231.0,7045.0,14276.0,82.23976035485914
SULTAN KUDARAT,1206500000,REGION 12,Sultan Kudarat,Province,1st,2021,5951.0,5411.0,11362.0,65.55882522647279,6156.0,5707.0,11863.0,68.44959898447868,5569.0,5123.0,10692.0,61.692920200796266,6401.0,5782.0,12183.0,70.2960013848018,6279.0,5791.0,12070.0,69.64399053718769,6076.0,5815.0,11891.0,68.61115919450695,6446.0,5831.0,12277.0,70.83838208989671,6300.0,5869.0,12169.0,70.21522127978767,6112.0,5869.0,11981.0,69.13045986959783,5803.0,11840.0,17643.0,101.80024234031504,0.0,0.0,0.0,0.0,6258.0,5591.0,11849.0,68.36881887946454,6052.0,5651.0,11703.0,67.52639778431711,5773.0,5499.0,11272.0,65.03952455138192,6130.0,5601.0,11731.0,67.6879579943454,6595.0,6075.0,12670.0,73.10599503779355,6130.0,5601.0,11731.0,67.6879579943454,6595.0,6075.0,12670.0,73.10599503779355
SULTAN KUDARAT,1206500000,REGION 12,Sultan Kudarat,Province,1st,2022,6107.0,5840.0,11947.0,69.06179547950748,6680.0,6304.0,12984.0,75.05636163940113,5866.0,5639.0,11505.0,66.50673449332332,7110.0,6853.0,13963.0,80.71564830337013,7120.0,6803.0,13923.0,80.48442106480144,6960.0,6684.0,13644.0,78.87161107578473,7054.0,6790.0,13844.0,80.02774726862825,7001.0,6769.0,13770.0,79.59997687727615,6968.0,6689.0,13657.0,78.94675992831955,6918.0,6571.0,13489.0,77.97560552633101,5517.0,5291.0,10808.0,62.477599861263656,7064.0,6741.0,13805.0,79.80230071102376,7043.0,6847.0,13890.0,80.29365859298225,6873.0,6581.0,13454.0,77.77328169258338,6555.0,6135.0,12690.0,73.35684143592115,18806.0,6149.0,12616.0,67.08497288099544,6227.0,5932.0,12159.0,64.65489737317878,311.0,272.0,583.0,3.582181259600614
SULTAN KUDARAT,1206500000,REGION 12,Sultan Kudarat,Province,1st,2023,5994.0,5729.0,11723.0,60.45588159455417,6676.0,6350.0,13026.0,67.17549378577691,5942.0,5585.0,11527.0,59.44510339848384,7190.0,6950.0,14140.0,72.92042700221752,7285.0,7068.0,14353.0,74.01887473570213,7278.0,7134.0,14412.0,74.32313960084575,6843.0,6618.0,13461.0,69.41880253725955,6425.0,6185.0,12610.0,65.03016863493373,5948.0,5601.0,11549.0,59.55855809396111,6791.0,6391.0,13182.0,67.9799907173431,6394.0,6204.0,12598.0,64.96828425558249,7197.0,6876.0,14073.0,72.57490588417306,7286.0,7137.0,14423.0,74.3798669485844,7356.0,6881.0,14237.0,73.42065906864009,7202.0,6902.0,14104.0,72.73477386416378,7284.0,6838.0,14122.0,67.0432966198253,7061.0,6659.0,13720.0,65.13482719331562,239.0,199.0,438.0,2.4039517014270033
SULTAN KUDARAT,1206500000,REGION 12,Sultan Kudarat,Province,1st,2024,5604.0,5450.0,11054.0,56.36057716820476,5936.0,5856.0,11792.0,60.12338754907459,5591.0,5588.0,11179.0,56.9979095497884,6666.0,6355.0,13021.0,66.38963952480498,6638.0,6380.0,13018.0,66.37434354764696,6475.0,6329.0,12804.0,65.28323051037577,6760.0,6475.0,13235.0,67.48075256207618,7259.0,6958.0,14217.0,72.48763575179727,7582.0,7394.0,14976.0,76.35751797277315,7038.0,6830.0,13868.0,70.70820374241575,6534.0,6340.0,12874.0,65.64013664406261,6404.0,6047.0,12451.0,63.48340386478356,6216.0,5877.0,12093.0,61.65808392392801,6170.0,5990.0,12160.0,61.999694080456834,6865.0,6595.0,13460.0,68.62795084892673,21299.0,7364.0,14981.0,70.3366355227945,7405.0,7171.0,14576.0,68.43513779989671,222.0,204.0,426.0,2.308442614067411
SULTAN KUDARAT,1206500000,REGION 12,Sultan Kudarat,Province,1st,2025,6020.0,5760.0,11780.0,59.336120485568934,6263.0,6108.0,12371.0,57.39537904797254,6007.0,5711.0,11718.0,54.365778973740376,6965.0,6600.0,13565.0,62.934954068850324,6934.0,6716.0,13650.0,63.32931242460796,6991.0,6860.0,13851.0,64.26185394822306,4474.0,4240.0,8714.0,40.428690730258886,4392.0,4229.0,8621.0,39.99721629395936,4517.0,4329.0,8846.0,41.041106059200146,6490.0,6299.0,12789.0,59.33469425628653,6630.0,6422.0,13052.0,60.55488540410132,7062.0,6699.0,13761.0,63.844298042126745,7213.0,7030.0,14243.0,66.08054189477592,7123.0,6968.0,14091.0,65.3753363644799,6869.0,6711.0,13580.0,63.00454671986638,7241.0,7084.0,14325.0,66.46098172033034,7182.0,7038.0,14220.0,66.76369782618903,106.0,97.0,203.0,3.019485348802618
SARANGANI,1208000000,REGION 12,Sarangani,Province,1st,2018,5398.0,5162.0,10560.0,95.24668530711644,5886.0,5568.0,11454.0,74.27288730305186,4884.0,4684.0,9568.0,62.04321509652525,5990.0,5743.0,11733.0,76.0820487800513,5918.0,5660.0,11578.0,75.07695907060716,5905.0,5563.0,11468.0,74.36366959938874,5977.0,5671.0,11648.0,75.5308705522916,5873.0,5608.0,11481.0,74.44796744598729,5946.0,5606.0,11552.0,74.90836337741008,0.0,0.0,0.0,0.0,0.0,0.0,0.0,0.0,5643.0,5286.0,10929.0,70.86855119041853,5438.0,5186.0,10624.0,68.89079402022202,5123.0,4937.0,10060.0,65.23356436779306,6227.0,5824.0,12051.0,78.14410379684634,4782.0,4384.0,9166.0,59.43646630170887,6258.0,5830.0,12088.0,78.38402843716527,490.0,429.0,919.0,5.959209309542925
SARANGANI,1208000000,REGION 12,Sarangani,Province,1st,2019,4633.0,4799.0,9432.0,69.73258153900215,4964.0,4847.0,9811.0,72.53460108981659,4404.0,4359.0,8763.0,64.78653647437191,4305.0,4094.0,8399.0,62.095414794961734,3946.0,3720.0,7666.0,56.67620547900663,3739.0,3546.0,7285.0,53.859399545338285,5291.0,5040.0,10331.0,76.37906063183114,5141.0,4901.0,10042.0,74.24242830944229,5038.0,4875.0,9913.0,73.28870661536561,4953.0,4396.0,9349.0,69.11894665056522,0.0,0.0,0.0,0.0,4593.0,4396.0,8989.0,66.45739773686284,3960.0,3779.0,7739.0,57.21590845317406,3685.0,3471.0,7156.0,52.9056778512616,4559.0,4336.0,8895.0,65.76243774272945,4673.0,4494.0,9167.0,67.77338581086013,4661.0,4549.0,9210.0,68.09129304221902,620.0,566.0,1186.0,8.768325032363927
SARANGANI,1208000000,REGION 12,Sarangani,Province,1st,2020,4673.0,4874.0,9547.0,74.05942130168334,5113.0,5132.0,10245.0,79.4740516639516,4546.0,4698.0,9244.0,71.70894422465285,5653.0,5286.0,10939.0,84.857652625863,5343.0,5319.0,10662.0,82.70886665115196,5182.0,5052.0,10234.0,79.38872081297029,5177.0,4923.0,10100.0,78.34923590101621,5168.0,5012.0,10180.0,78.96982390815297,4942.0,4926.0,9868.0,76.5495306803196,4761.0,4819.0,9580.0,74.31541385462725,0.0,0.0,0.0,0.0,5508.0,5336.0,10844.0,84.1207043673881,5334.0,5224.0,10558.0,81.90210224187418,4976.0,4987.0,9963.0,77.28647893879452,5505.0,5154.0,10659.0,82.68559460088434,5512.0,5239.0,10751.0,83.39927080909162,5505.0,5154.0,10659.0,82.68559460088434,5512.0,5239.0,10751.0,83.39927080909162
SARANGANI,1208000000,REGION 12,Sarangani,Province,1st,2021,4380.0,4139.0,8519.0,66.01828890266584,4877.0,4615.0,9492.0,73.5585864848109,4288.0,4101.0,8389.0,65.01084934903906,4868.0,4545.0,9413.0,72.94637321760695,4712.0,4329.0,9041.0,70.06354618722877,4641.0,4432.0,9073.0,70.31153130812152,4860.0,4548.0,9408.0,72.90762554246744,4855.0,4447.0,9302.0,72.08617482951023,4747.0,4488.0,9235.0,71.56695598264105,4849.0,4553.0,9402.0,72.86112833230007,0.0,0.0,0.0,0.0,4603.0,4257.0,8860.0,68.66088034717916,4304.0,3926.0,8230.0,63.778673279603225,3907.0,3740.0,7647.0,59.2606943583385,4694.0,4434.0,9128.0,70.73775573465592,5055.0,4820.0,9875.0,76.52665840049598,4694.0,4434.0,9128.0,70.73775573465592,5055.0,4820.0,9875.0,76.52665840049598
SARANGANI,1208000000,REGION 12,Sarangani,Province,1st,2022,4638.0,4571.0,9209.0,71.34888045246765,4587.0,4994.0,9581.0,74.23103742155419,4368.0,4422.0,8790.0,68.10257999535136,5940.0,5679.0,11619.0,90.02091888122725,5744.0,5406.0,11150.0,86.3872317347176,5427.0,5200.0,10627.0,82.33516696366313,5618.0,5300.0,10918.0,84.58975749593243,5511.0,5187.0,10698.0,82.88525606260168,5379.0,5110.0,10489.0,81.26597970093748,5266.0,4987.0,10253.0,79.43751452700086,2893.0,2730.0,5623.0,43.565507089176414,5500.0,5115.0,10615.0,82.24219415820872,5294.0,4960.0,10254.0,79.44526226078872,4939.0,4746.0,9685.0,75.03680173549236,5018.0,4713.0,9731.0,75.39319748973425,14021.0,4719.0,9712.0,69.2675272805078,4762.0,4520.0,9282.0,66.20069895157265,277.0,265.0,542.0,4.442622950819672
SARANGANI,1208000000,REGION 12,Sarangani,Province,1st,2023,4502.0,4288.0,8790.0,65.98108392133312,4928.0,4637.0,9565.0,71.79852874943703,4453.0,4275.0,8728.0,65.51568833508482,5680.0,5141.0,10821.0,81.226542561177,5676.0,5310.0,10986.0,82.46509533103138,5516.0,5252.0,10768.0,80.82870439873892,5269.0,4789.0,10058.0,75.49917429815342,4971.0,4698.0,9669.0,72.57919231346645,4785.0,4554.0,9339.0,70.1020867737577,4935.0,4544.0,9479.0,71.15298003302809,3825.0,3555.0,7380.0,55.39708752439574,5594.0,5190.0,10784.0,80.94880648551268,5550.0,5241.0,10791.0,81.0013511484762,5500.0,5166.0,10666.0,80.06305359555623,5407.0,4908.0,10315.0,77.42831406695691,5427.0,5275.0,10702.0,74.28849090656671,5311.0,5152.0,10463.0,72.6294599472442,163.0,182.0,345.0,2.916807575245181
SARANGANI,1208000000,REGION 12,Sarangani,Province,1st,2024,4264.0,4086.0,8350.0,61.84727057255019,4640.0,4450.0,9090.0,67.32834604844086,4453.0,4235.0,8688.0,64.350788830457,5015.0,4696.0,9711.0,71.92800533293831,5021.0,4557.0,9578.0,70.94289311902821,4866.0,4576.0,9442.0,69.93556032886453,5200.0,4804.0,10004.0,74.09821494704096,5569.0,5015.0,10584.0,78.39419302273906,5541.0,5200.0,10741.0,79.55706984667802,5241.0,4899.0,10140.0,75.10554773720465,4364.0,4104.0,8468.0,62.721279905192205,4065.0,3688.0,7753.0,57.42537589808162,3677.0,3388.0,7065.0,52.32945707725354,3565.0,3416.0,6981.0,51.70728094215244,5035.0,4642.0,9677.0,71.67617213539738,14599.0,5144.0,10640.0,72.88170422631687,5301.0,4970.0,10271.0,70.35413384478389,206.0,196.0,402.0,3.3491627093226692
SARANGANI,1208000000,REGION 12,Sarangani,Province,1st,2025,4220.0,4040.0,8260.0,60.28757025034669,4443.0,4189.0,8632.0,58.28100735939504,4113.0,3893.0,8006.0,54.05441901289581,4599.0,4379.0,8978.0,60.61710890554318,4500.0,4247.0,8747.0,59.05745729525352,4453.0,4237.0,8690.0,58.67260819661063,4017.0,3901.0,7918.0,53.460266018499766,4156.0,3914.0,8070.0,54.486530281547495,4027.0,3846.0,7873.0,53.15643778272905,4014.0,3778.0,7792.0,52.60954695834177,3883.0,3731.0,7614.0,51.407737492404294,4850.0,4693.0,9543.0,64.43184119910877,4774.0,4569.0,9343.0,63.081493484572285,4232.0,4076.0,8308.0,56.09344406184592,4575.0,4303.0,8878.0,59.94193504827493,4935.0,4672.0,9607.0,64.86395246776044,4917.0,4666.0,9583.0,65.64148229330776,106.0,121.0,227.0,5.244916820702403
CITY OF GENERAL SANTOS,1230800000,REGION 12,South Cotabato,City,1st,2018,4436.0,4441.0,8877.0,83.18028485757122,5088.0,5151.0,10239.0,60.33382477204668,4330.0,4366.0,8696.0,51.24161932002325,6368.0,5969.0,12337.0,72.69639576254909,6195.0,5826.0,12021.0,70.834349798298,6135.0,5832.0,11967.0,70.5161520702298,6337.0,5953.0,12290.0,72.41944588811933,6216.0,5877.0,12093.0,71.2586134357223,6169.0,5849.0,12018.0,70.81667214673865,0.0,0.0,0.0,0.0,0.0,0.0,0.0,0.0,2975.0,2950.0,5925.0,34.913361829707654,2669.0,2562.0,5231.0,30.823931768979023,2265.0,2225.0,4490.0,26.457551833820652,6278.0,5767.0,12045.0,70.97577101077277,4903.0,4488.0,9391.0,55.33694193127165,6257.0,5690.0,11947.0,70.39830105983414,1098.0,926.0,2024.0,11.926522252038529
CITY OF GENERAL SANTOS,1230800000,REGION 12,South Cotabato,City,1st,2019,3064.0,3082.0,6146.0,41.547173575295105,3205.0,3190.0,6395.0,43.23042222811783,2511.0,2645.0,5156.0,34.854739172505944,5393.0,4814.0,10207.0,68.99967469623122,5105.0,4656.0,9761.0,65.98469919760096,5042.0,4408.0,9450.0,63.88232839026012,5882.0,5413.0,11295.0,76.354592504549,5899.0,5460.0,11359.0,76.7872347285677,5853.0,5376.0,11229.0,75.90843021102972,5424.0,5017.0,10441.0,70.58152282779957,0.0,0.0,0.0,0.0,2375.0,2083.0,4458.0,30.136234916802078,1799.0,1740.0,3539.0,23.92376298128366,1528.0,1532.0,3060.0,20.685706335893755,4289.0,4790.0,9079.0,61.37435549790177,4624.0,4150.0,8774.0,59.31254489906268,5019.0,4536.0,9555.0,64.59213203904079,790.0,667.0,1457.0,9.849370631175555
CITY OF GENERAL SANTOS,1230800000,REGION 12,South Cotabato,City,1st,2020,2564.0,2610.0,5174.0,37.74162958640309,3187.0,2995.0,6182.0,45.09446349113721,2536.0,2458.0,4994.0,36.42862353198629,5313.0,4982.0,10295.0,75.09665183456123,4863.0,4746.0,9609.0,70.0926398716172,4339.0,4202.0,8541.0,62.30213728207746,4694.0,4420.0,9114.0,66.48187322197097,4361.0,4229.0,8590.0,62.659566708002046,4105.0,3950.0,8055.0,58.75702093515209,4134.0,3981.0,8115.0,59.1946896199577,0.0,0.0,0.0,0.0,4534.0,4233.0,8767.0,63.95068932817857,3987.0,3866.0,7853.0,57.28353636297323,3273.0,3069.0,6342.0,46.26157998395215,4611.0,4481.0,9092.0,66.32139470420891,4195.0,4000.0,8195.0,59.77824786636516,4611.0,4481.0,9092.0,66.32139470420891,4195.0,4000.0,8195.0,59.77824786636516
CITY OF GENERAL SANTOS,1230800000,REGION 12,South Cotabato,City,1st,2021,2362.0,2224.0,4586.0,33.58476748443793,2557.0,2390.0,4947.0,36.228487733430974,1930.0,1884.0,3814.0,27.931160746979128,4284.0,4025.0,8309.0,60.84950567557671,4225.0,4098.0,8323.0,60.95203222262907,4053.0,3816.0,7869.0,57.62724276821677,4476.0,4124.0,8600.0,62.980593189307946,4314.0,4027.0,8341.0,61.08385206883925,3973.0,3859.0,7832.0,57.35627975100696,3823.0,3686.0,7509.0,54.99084584401318,0.0,0.0,0.0,0.0,3938.0,3711.0,7649.0,56.0161113145368,3577.0,3341.0,6918.0,50.66276089344562,3300.0,3213.0,6513.0,47.69681435371659,4189.0,3911.0,8100.0,59.31893079458074,3964.0,3842.0,7806.0,57.16587330648114,4189.0,3911.0,8100.0,59.31893079458074,3964.0,3842.0,7806.0,57.16587330648114
CITY OF GENERAL SANTOS,1230800000,REGION 12,South Cotabato,City,1st,2022,2801.0,2809.0,5610.0,41.29250699249227,2368.0,2536.0,4904.0,36.09598115707346,2119.0,2243.0,4362.0,32.10658030325335,5162.0,4913.0,10075.0,74.15722066833506,4822.0,4727.0,9549.0,70.28558810540262,4330.0,4252.0,8582.0,63.16796702487855,5185.0,5157.0,10342.0,76.12247902252318,5252.0,5187.0,10439.0,76.83644928602973,5197.0,4924.0,10121.0,74.49580450463714,5203.0,4958.0,10161.0,74.79022523185633,3057.0,2798.0,5855.0,43.09583394670985,5158.0,5049.0,10207.0,75.1288090681584,5125.0,5051.0,10176.0,74.90063300456352,4828.0,4705.0,9533.0,70.16781981451494,4377.0,4090.0,8467.0,62.321507434123355,14703.0,3664.0,7539.0,51.275249948989995,3491.0,3312.0,6803.0,46.26946881588792,668.0,610.0,1278.0,10.399544307917651
CITY OF GENERAL SANTOS,1230800000,REGION 12,South Cotabato,City,1st,2023,3275.0,3226.0,6501.0,44.98961937716263,3133.0,3220.0,6353.0,43.96539792387543,2777.0,2853.0,5630.0,38.96193771626297,5772.0,5406.0,11178.0,77.35640138408304,5838.0,5539.0,11377.0,78.73356401384083,5712.0,5574.0,11286.0,78.10380622837371,5209.0,4853.0,10062.0,69.63321799307958,5030.0,4649.0,9679.0,66.98269896193771,4638.0,4525.0,9163.0,63.411764705882355,4623.0,4474.0,9097.0,62.95501730103806,3530.0,3495.0,7025.0,48.615916955017305,5338.0,4972.0,10310.0,71.34948096885813,5277.0,4997.0,10274.0,71.10034602076124,5179.0,4987.0,10166.0,70.35294117647058,5039.0,5009.0,10048.0,69.5363321799308,4805.0,5024.0,9829.0,62.79708663429594,4347.0,4524.0,8871.0,56.67646307181191,1061.0,1003.0,2064.0,15.639918163218914
CITY OF GENERAL SANTOS,1230800000,REGION 12,South Cotabato,City,1st,2024,3675.0,3536.0,7211.0,49.24201037967769,3158.0,3129.0,6287.0,42.93225894564326,2911.0,2954.0,5865.0,40.05053264135482,4783.0,4687.0,9470.0,64.66812346353456,4796.0,4453.0,9249.0,63.15897295820814,4472.0,4185.0,8657.0,59.11636164982246,4770.0,4770.0,9540.0,65.14613493580988,5129.0,4875.0,10004.0,68.31466812346353,5134.0,4880.0,10014.0,68.38295547664572,4718.0,4458.0,9176.0,62.660475279978144,4227.0,3915.0,8142.0,55.59956296093963,4818.0,4625.0,9443.0,64.48374760994264,4489.0,4319.0,8808.0,60.147500682873535,4277.0,4124.0,8401.0,57.36820540835838,4627.0,4375.0,9002.0,61.47227533460803,15861.0,4254.0,8843.0,55.75310510056113,4010.0,3800.0,7810.0,49.24027488809028,749.0,759.0,1508.0,11.278139256600104
CITY OF GENERAL SANTOS,1230800000,REGION 12,South Cotabato,City,1st,2025,3409.0,3687.0,7096.0,47.76842813867385,3508.0,3833.0,7341.0,45.62461155997514,3306.0,3834.0,7140.0,44.37538844002486,4789.0,4511.0,9300.0,57.79987569919205,4749.0,4467.0,9216.0,57.27781230577998,4852.0,4595.0,9447.0,58.713486637663145,4682.0,4315.0,8997.0,55.916718458669976,4636.0,4307.0,8943.0,55.581106277190806,4531.0,4356.0,8887.0,55.2330640149161,4605.0,4428.0,9033.0,56.140459912989435,4306.0,3992.0,8298.0,51.57240522063393,4769.0,4579.0,9348.0,58.09819763828465,4888.0,4717.0,9605.0,59.695463020509635,4729.0,4635.0,9364.0,58.197638284648846,4562.0,4252.0,8814.0,54.77936606587943,4759.0,4569.0,9328.0,57.973896830329394,4378.0,4226.0,8604.0,54.24626442216758,453.0,433.0,886.0,11.004844118743014
NCR,1300000000,NCR,,Region,,2018,104548.0,101594.0,206142.0,83.23824060277889,152489.0,146467.0,298956.0,82.13348324597935,135492.0,130705.0,266197.0,73.13346057490054,135626.0,129396.0,265022.0,72.81064771008423,129549.0,125113.0,254662.0,69.96439981263997,127457.0,123200.0,250657.0,68.86408872873415,140778.0,134901.0,275679.0,75.73849171037992,135576.0,131539.0,267115.0,73.38566671098681,133888.0,129496.0,263384.0,72.36063283981264,0.0,0.0,0.0,0.0,0.0,0.0,0.0,0.0,35.0,41.0,76.0,0.020879810830672176,0.0,0.0,0.0,0.0,1.0,0.0,1.0,0.0002747343530351602,137132.0,132794.0,269926.0,74.15794497736866,123217.0,120068.0,243285.0,66.83874707815895,135397.0,130973.0,266370.0,73.18098961797561,14557.0,13689.0,28246.0,7.760146535831135
NCR,1300000000,NCR,,Region,,2019,100159.0,97073.0,197232.0,77.50003497533832,148982.0,138881.0,287863.0,113.112438996237,134718.0,121783.0,256501.0,100.78910354916675,121891.0,112735.0,234626.0,92.19357511014302,116366.0,108831.0,225197.0,88.48855853178624,114973.0,108806.0,223779.0,87.93137181971605,136281.0,127358.0,263639.0,103.59389815477822,131714.0,123570.0,255284.0,100.31089746412482,128995.0,121595.0,250590.0,98.46644441302644,106622.0,101148.0,207770.0,81.64082028690093,0.0,0.0,0.0,0.0,21921.0,19438.0,41359.0,16.25154106100946,11445.0,10282.0,21727.0,8.537373549470551,4689.0,4529.0,9218.0,3.622106566899228,125314.0,119737.0,245051.0,96.2899583776549,107142.0,101359.0,208501.0,81.92805828868042,118136.0,111876.0,230012.0,90.38055713447878,17013.0,16183.0,33196.0,13.043984551398003
NCR,1300000000,NCR,,Region,,2020,81834.0,79161.0,160995.0,67.4576072336913,99843.0,96515.0,196358.0,82.2748584812768,90867.0,87952.0,178819.0,74.92594097904559,89255.0,85685.0,174940.0,73.30062305948604,82047.0,78540.0,160587.0,67.28665345406246,76801.0,74488.0,151289.0,63.39075089771684,97575.0,93625.0,191200.0,80.11363398292977,89979.0,86441.0,176420.0,73.92074951500246,84150.0,82868.0,167018.0,69.98127050502596,76780.0,74969.0,151749.0,63.58349290416113,0.0,0.0,0.0,0.0,78502.0,74888.0,153390.0,64.27107906193304,67101.0,65516.0,132617.0,55.567101453526135,56497.0,55704.0,112201.0,47.012708402294464,83868.0,79548.0,163416.0,68.47201679369482,70520.0,67278.0,137798.0,57.737963052195376,83868.0,79548.0,163416.0,68.47201679369482,70520.0,67278.0,137798.0,57.737963052195376
NCR,1300000000,NCR,,Region,,2021,70996.0,72532.0,143528.0,60.32590649837552,89054.0,88014.0,177068.0,74.42302276806167,80228.0,79160.0,159388.0,66.99198473442866,88832.0,86514.0,175346.0,73.69925311342841,85149.0,83931.0,169080.0,71.065605810332,82351.0,81562.0,163913.0,68.89387653885113,90691.0,87986.0,178677.0,75.099297666032,87418.0,86146.0,173564.0,72.95026500392987,85689.0,85517.0,171206.0,71.95917972772476,83311.0,81829.0,165140.0,69.40959394084591,0.0,0.0,0.0,0.0,84035.0,81827.0,165862.0,69.71305601439133,76901.0,76118.0,153019.0,64.31504575048021,68937.0,68932.0,137869.0,57.94738589699943,82856.0,80304.0,163160.0,68.57738493029198,76205.0,75538.0,151743.0,63.77873327701212,82856.0,80304.0,163160.0,68.57738493029198,76205.0,75538.0,151743.0,63.77873327701212
NCR,1300000000,NCR,,Region,,2022,82315.0,82072.0,164387.0,69.39058931790073,94028.0,91969.0,185997.0,78.51254321425407,88330.0,85919.0,174249.0,73.55350969392278,100711.0,97708.0,198419.0,83.75608376494823,98878.0,100295.0,199173.0,84.07436017576963,98553.0,96201.0,194754.0,82.20902402269303,100777.0,97067.0,197844.0,83.51336634290273,98349.0,95517.0,193866.0,81.83418389960363,99072.0,95931.0,195003.0,82.31413121937011,96826.0,94089.0,190915.0,80.58851587794057,86436.0,84342.0,170778.0,72.08834069927944,101785.0,97898.0,199683.0,84.28963997619259,99759.0,97112.0,196871.0,83.10264625307619,99370.0,97000.0,196370.0,82.8911655079548,99201.0,95440.0,194641.0,82.16132477279538,256420.0,97768.0,198734.0,77.50331487403479,93837.0,91132.0,184969.0,72.13516886358319,31627.0,30751.0,62378.0,29.046528088213382
NCR,1300000000,NCR,,Region,,2023,92405.0,90563.0,182968.0,70.04149631739324,108807.0,105103.0,213910.0,81.88632152755447,104275.0,101268.0,205543.0,78.68337237968365,107865.0,103646.0,211511.0,80.96796668044773,104660.0,101442.0,206102.0,78.89736169170227,104071.0,101216.0,205287.0,78.58537369654096,106948.0,103078.0,210026.0,80.3994977567489,103110.0,100324.0,203434.0,77.87603166582448,101223.0,98938.0,200161.0,76.62310318955089,89627.0,86791.0,176418.0,67.53410813542193,72133.0,69043.0,141176.0,54.04321129434824,98965.0,95103.0,194068.0,74.29065796928353,98402.0,95871.0,194273.0,74.3691334772689,96626.0,94318.0,190944.0,73.09476778905784,106139.0,102757.0,208896.0,79.96692544443934,114408.0,112967.0,227375.0,80.17623786116772,112399.0,110428.0,222827.0,78.57253679555984,16698.0,16138.0,32836.0,13.441016467660265
NCR,1300000000,NCR,,Region,,2024,89931.0,88593.0,178524.0,67.81589983589619,112550.0,109720.0,222270.0,84.43368990457667,106838.0,104142.0,210980.0,80.1449583662554,102141.0,99076.0,201217.0,76.43628821491521,95419.0,93037.0,188456.0,71.58876800583481,90499.0,88504.0,179003.0,67.9978575335805,108035.0,104530.0,212565.0,80.74705220932353,105716.0,102197.0,207913.0,78.97989728317025,104712.0,101772.0,206484.0,78.43706314957758,101194.0,97951.0,199145.0,75.64919771470248,97615.0,94431.0,192046.0,72.95250106363581,74330.0,71801.0,146131.0,55.510773111286696,52844.0,51746.0,104590.0,39.73059624384611,50187.0,48785.0,98972.0,37.59648696286392,111565.0,107277.0,218842.0,83.13149577584636,285798.0,114535.0,232207.0,81.24864414726486,114085.0,111135.0,225220.0,78.80391045423691,9785.0,9247.0,19032.0,7.728699578884959
NCR,1300000000,NCR,,Region,,2025,91874.0,91011.0,182885.0,68.83216596348473,115826.0,112882.0,228708.0,79.29026084785956,110996.0,108095.0,219091.0,75.9561648014866,118272.0,113978.0,232250.0,80.51822884164692,116412.0,112808.0,229220.0,79.46776497344372,117980.0,114371.0,232351.0,80.55324430392035,115772.0,111435.0,227207.0,78.7698825421919,113041.0,109917.0,222958.0,77.29680631249046,113352.0,109829.0,223181.0,77.37411767968825,112673.0,109329.0,222002.0,76.96537282800128,110770.0,107657.0,218427.0,75.72596413861963,119850.0,114976.0,234826.0,81.41129647349226,126780.0,122625.0,249405.0,86.46565711195241,119359.0,116864.0,236223.0,81.89561925365062,119253.0,116100.0,235353.0,81.59400091525565,119713.0,117075.0,236788.0,82.09149782973472,119645.0,116858.0,236503.0,82.7518037215096,9022.0,8810.0,17832.0,29.43642906665786
CITY OF CALOOCAN,1380100000,NCR,,City,1st,2018,11932.0,11491.0,23423.0,112.83842374024474,16994.0,15936.0,32930.0,73.54933430481886,15646.0,14577.0,30223.0,67.50323506512422,17883.0,16941.0,34824.0,77.77959361770458,16960.0,16142.0,33102.0,73.93349724136392,15896.0,15276.0,31172.0,69.62283173245713,17453.0,16622.0,34075.0,76.10669803937755,16750.0,15981.0,32731.0,73.104866721258,15930.0,15297.0,31227.0,69.74567453193376,0.0,0.0,0.0,0.0,0.0,0.0,0.0,0.0,0.0,0.0,0.0,0.0,0.0,0.0,0.0,0.0,0.0,0.0,0.0,0.0,17518.0,16930.0,34448.0,76.93979557037352,14987.0,14448.0,29435.0,65.74323277444103,17445.0,16918.0,34363.0,76.74994760754602,1692.0,1538.0,3230.0,7.2142225874450325
CITY OF CALOOCAN,1380100000,NCR,,City,1st,2019,11390.0,10938.0,22328.0,69.9408949134066,15556.0,14573.0,30129.0,94.37698060041325,14247.0,13303.0,27550.0,86.29844387604584,15396.0,14120.0,29516.0,92.45680106879742,14374.0,13296.0,27670.0,86.67433546461665,13465.0,12622.0,26087.0,81.71569892538686,15478.0,14165.0,29643.0,92.85461966670152,14327.0,13378.0,27705.0,86.78397051128313,13410.0,12502.0,25912.0,81.16752369205444,12793.0,11914.0,24707.0,77.39294565682268,0.0,0.0,0.0,0.0,2748.0,2543.0,5291.0,16.57368662606746,615.0,556.0,1171.0,3.668075418470043,195.0,183.0,378.0,1.1840585039980156,16105.0,15168.0,31273.0,97.96048041145488,12962.0,12186.0,25148.0,78.77434724482036,14947.0,14129.0,29076.0,91.0785319107045,1600.0,1568.0,3168.0,9.923537938269082
CITY OF CALOOCAN,1380100000,NCR,,City,1st,2020,9283.0,8949.0,18232.0,62.09174811838027,12578.0,12257.0,24835.0,84.57923236726492,11223.0,10938.0,22161.0,75.47253346047748,11136.0,10881.0,22017.0,74.9821203555495,10433.0,9343.0,19776.0,67.35006641010796,8826.0,8504.0,17330.0,59.01985491945646,12234.0,11667.0,23901.0,81.39835847835711,11213.0,10573.0,21786.0,74.19541599972754,9994.0,9659.0,19653.0,66.93117188298199,9828.0,9346.0,19174.0,65.29986717978407,0.0,0.0,0.0,0.0,10592.0,9857.0,20449.0,69.64206654633382,8007.0,7903.0,15910.0,54.18383680141675,5719.0,5518.0,11237.0,38.2692504171917,10279.0,9601.0,19880.0,67.70425365255593,8048.0,7383.0,15431.0,52.552532098218855,10279.0,9601.0,19880.0,67.70425365255593,8048.0,7383.0,15431.0,52.552532098218855
CITY OF CALOOCAN,1380100000,NCR,,City,1st,2021,6949.0,7783.0,14732.0,50.33139733515545,9706.0,9495.0,19201.0,65.59959002391527,8098.0,7854.0,15952.0,54.49948752989408,9698.0,9465.0,19163.0,65.46976426375129,8773.0,8279.0,17052.0,58.257601639904344,7568.0,7307.0,14875.0,50.81995216945678,10434.0,9875.0,20309.0,69.38503587290742,9805.0,9466.0,19271.0,65.83874274000682,9260.0,8852.0,18112.0,61.87905705500513,8975.0,8577.0,17552.0,59.96583532627263,0.0,0.0,0.0,0.0,9670.0,8840.0,18510.0,63.238811069354284,7474.0,7317.0,14791.0,50.532968910146906,5807.0,5523.0,11330.0,38.70857533310557,9751.0,9059.0,18810.0,64.26375128117526,8394.0,8051.0,16445.0,56.18380594465323,9751.0,9059.0,18810.0,64.26375128117526,8394.0,8051.0,16445.0,56.18380594465323
CITY OF CALOOCAN,1380100000,NCR,,City,1st,2022,5649.0,5562.0,11211.0,38.464969464077406,7719.0,7469.0,15188.0,52.11006656144925,6017.0,5776.0,11793.0,40.46181294174158,10412.0,10037.0,20449.0,70.16057091882249,10218.0,13792.0,24010.0,82.37837095999451,10111.0,9534.0,19645.0,67.4020448775132,10490.0,9809.0,20299.0,69.6459205379812,9749.0,9282.0,19031.0,65.29540931860289,10691.0,9043.0,19734.0,67.70740410347904,9544.0,8901.0,18445.0,63.28484183078296,8510.0,7996.0,16506.0,56.63212790777465,11497.0,10851.0,22348.0,76.67604474027311,10787.0,10299.0,21086.0,72.34611953612846,10507.0,9727.0,20234.0,69.42290537294997,10266.0,9414.0,19680.0,67.52212996637617,31541.0,8559.0,17928.0,56.84030309755557,6424.0,6108.0,12532.0,39.732411781490754,4082.0,3845.0,7927.0,30.003785011355035
CITY OF CALOOCAN,1380100000,NCR,,City,1st,2023,7087.0,6874.0,13961.0,42.09177520501689,9555.0,9003.0,18558.0,55.951519536903035,8158.0,7677.0,15835.0,47.741799324650266,10838.0,10001.0,20839.0,62.82863000482393,10207.0,9815.0,20022.0,60.365412445730826,9861.0,9665.0,19526.0,58.86999517607332,9878.0,9141.0,19019.0,57.34141341051616,8444.0,8123.0,16567.0,49.948745779064154,7340.0,7435.0,14775.0,44.5459479015919,8776.0,8654.0,17430.0,52.550651230101295,7278.0,6936.0,14214.0,42.85455861070911,10104.0,9497.0,19601.0,59.09611673902556,9570.0,9215.0,18785.0,56.63591413410516,9310.0,8709.0,18019.0,54.32645923781958,9794.0,9758.0,19552.0,58.948383984563435,11770.0,11410.0,23180.0,64.17319564796102,11668.0,11395.0,23063.0,63.849284349824195,1988.0,2117.0,4105.0,12.691689339599307
CITY OF CALOOCAN,1380100000,NCR,,City,1st,2024,6530.0,6243.0,12773.0,38.1294964028777,9959.0,9728.0,19687.0,58.76891847517837,8776.0,8568.0,17344.0,51.77467984118928,11150.0,10689.0,21839.0,65.19299083554732,10609.0,10221.0,20830.0,62.18096062569032,10118.0,9910.0,20028.0,59.78685930923311,10796.0,10183.0,20979.0,62.62575002238873,11143.0,10710.0,21853.0,65.23478312785457,11250.0,10981.0,22231.0,66.36317502014985,11258.0,10803.0,22061.0,65.85569718499059,10499.0,10324.0,20823.0,62.1600644795367,7642.0,7204.0,14846.0,44.317740828084425,3882.0,3849.0,7731.0,23.078300844801337,3100.0,3040.0,6140.0,18.328905340457922,11791.0,11443.0,23234.0,69.35729424758948,36488.0,13016.0,26532.0,72.71431703573778,13255.0,12774.0,26029.0,71.33578162683622,424.0,332.0,756.0,2.3136954858454475
CITY OF CALOOCAN,1380100000,NCR,,City,1st,2025,8367.0,8639.0,17006.0,50.23335499497844,12603.0,12425.0,25028.0,67.86334056399133,11702.0,11460.0,23162.0,62.80368763557483,12734.0,12418.0,25152.0,68.1995661605206,12698.0,12369.0,25067.0,67.96908893709328,13289.0,12919.0,26208.0,71.06290672451193,12200.0,11929.0,24129.0,65.42570498915401,12007.0,11722.0,23729.0,64.34110629067246,12136.0,11918.0,24054.0,65.22234273318873,12246.0,11833.0,24079.0,65.29013015184381,12114.0,11623.0,23737.0,64.36279826464208,13644.0,13273.0,26917.0,72.9853579175705,15477.0,15405.0,30882.0,83.73644251626898,14638.0,14354.0,28992.0,78.61171366594361,13476.0,13341.0,26817.0,72.71420824295011,14232.0,13874.0,28106.0,76.20932754880694,14168.0,13790.0,27958.0,76.62245121683841,412.0,367.0,779.0,7.448130796443254
CITY OF LAS PIÑAS,1380200000,NCR,,City,1st,2018,3989.0,3934.0,7923.0,130.89377168346275,5146.0,4738.0,9884.0,59.37883395685915,3565.0,3350.0,6915.0,41.542354999158334,5336.0,5042.0,10378.0,62.34657414045773,5072.0,4990.0,10062.0,60.44818163435014,5042.0,4935.0,9977.0,59.93753808049208,5336.0,5041.0,10377.0,62.340566569235875,5078.0,5018.0,10096.0,60.65243905589336,5026.0,4930.0,9956.0,59.81137908483303,0.0,0.0,0.0,0.0,0.0,0.0,0.0,0.0,35.0,41.0,76.0,0.45657541286132086,0.0,0.0,0.0,0.0,1.0,0.0,1.0,0.0060075712218594845,5273.0,5098.0,10371.0,62.30452114190472,4436.0,4320.0,8756.0,52.60229361860165,5054.0,4909.0,9963.0,59.853432083386046,923.0,861.0,1784.0,10.71750705979732
CITY OF LAS PIÑAS,1380200000,NCR,,City,1st,2019,4035.0,3924.0,7959.0,69.52646400724852,5412.0,4899.0,10311.0,90.07254308063068,3984.0,3576.0,7560.0,66.04096845015691,5534.0,4932.0,10466.0,91.42655764541564,5296.0,4891.0,10187.0,88.98933142880271,5216.0,5004.0,10220.0,89.27760549743434,5435.0,4892.0,10327.0,90.21231232602783,5300.0,4910.0,10210.0,89.19024971906111,5213.0,5030.0,10243.0,89.47852378769275,4855.0,4651.0,9506.0,83.04040292158619,0.0,0.0,0.0,0.0,15.0,15.0,30.0,0.2620673351196703,9.0,10.0,19.0,0.1659759789091245,3.0,11.0,14.0,0.1222980897225128,5094.0,4722.0,9816.0,85.74843205115612,4521.0,4251.0,8772.0,76.62848878899159,4987.0,4693.0,9680.0,84.56039346528028,1069.0,1026.0,2095.0,18.301035569190308
CITY OF LAS PIÑAS,1380200000,NCR,,City,1st,2020,2986.0,3005.0,5991.0,54.89279824079164,3607.0,3573.0,7180.0,65.78706248854682,2481.0,2401.0,4882.0,44.731537474803005,4293.0,3988.0,8281.0,75.87502290635881,3973.0,3679.0,7652.0,70.1117830309694,3688.0,3541.0,7229.0,66.23602712112883,4251.0,3953.0,8204.0,75.16950705515852,3936.0,3663.0,7599.0,69.62616822429906,3640.0,3513.0,7153.0,65.53967381345062,3577.0,3354.0,6931.0,63.50558915154847,0.0,0.0,0.0,0.0,4323.0,4015.0,8338.0,76.39728788711746,3459.0,3232.0,6691.0,61.30657870624886,2586.0,2551.0,5137.0,47.06798607293385,3710.0,3520.0,7230.0,66.24518966465091,3148.0,3097.0,6245.0,57.22008429540041,3710.0,3520.0,7230.0,66.24518966465091,3148.0,3097.0,6245.0,57.22008429540041
CITY OF LAS PIÑAS,1380200000,NCR,,City,1st,2021,2474.0,2523.0,4997.0,45.932530563470905,3231.0,3138.0,6369.0,58.54398382204246,2512.0,2398.0,4910.0,45.13282470815332,3934.0,3770.0,7704.0,70.81533229157093,3761.0,3653.0,7414.0,68.14964610717897,3694.0,3529.0,7223.0,66.39397003401048,3914.0,3727.0,7641.0,70.23623494806507,3763.0,3662.0,7425.0,68.25075834175935,3681.0,3500.0,7181.0,66.00790513833992,3617.0,3429.0,7046.0,64.76698225939884,0.0,0.0,0.0,0.0,3789.0,3548.0,7337.0,67.44186046511628,3514.0,3467.0,6981.0,64.16950087324203,3390.0,3231.0,6621.0,60.86037319606582,3884.0,3732.0,7616.0,70.00643441492784,4649.0,4548.0,9197.0,84.5390201305267,3884.0,3732.0,7616.0,70.00643441492784,4649.0,4548.0,9197.0,84.5390201305267
CITY OF LAS PIÑAS,1380200000,NCR,,City,1st,2022,2730.0,2686.0,5416.0,50.0,3580.0,3318.0,6898.0,63.68168389955687,3172.0,2874.0,6046.0,55.81610044313147,4211.0,3916.0,8127.0,75.02769571639585,4182.0,3913.0,8095.0,74.73227474150664,4186.0,4021.0,8207.0,75.7662481536189,4190.0,3893.0,8083.0,74.6214918759232,4192.0,3935.0,8127.0,75.02769571639585,4227.0,4048.0,8275.0,76.3940177252585,4197.0,4037.0,8234.0,76.01550960118169,3939.0,3847.0,7786.0,71.87961595273265,4275.0,3978.0,8253.0,76.19091580502216,4216.0,3985.0,8201.0,75.71085672082718,4242.0,4137.0,8379.0,77.35413589364845,4111.0,3856.0,7967.0,73.55059084194978,11726.0,4223.0,8501.0,72.497015179942,3585.0,3447.0,7032.0,59.969298993689236,1979.0,1988.0,3967.0,40.39714867617108
CITY OF LAS PIÑAS,1380200000,NCR,,City,1st,2023,2708.0,2783.0,5491.0,48.75255260587765,3867.0,3731.0,7598.0,67.45982420314304,4579.0,4417.0,8996.0,79.87214774038888,4327.0,4082.0,8409.0,74.66039243540797,4233.0,4017.0,8250.0,73.2486904022019,4205.0,4014.0,8219.0,72.97345289887241,4211.0,4055.0,8266.0,73.39074846843647,4159.0,3955.0,8114.0,72.04119683920803,3914.0,3703.0,7617.0,67.62851815679659,4035.0,3819.0,7854.0,69.73275326289621,4128.0,3620.0,7748.0,68.79161857409215,4279.0,4045.0,8324.0,73.90570895853679,4198.0,3979.0,8177.0,72.60055047500667,4206.0,4015.0,8221.0,72.99121015715173,4292.0,4159.0,8451.0,75.03329485927372,4291.0,4090.0,8381.0,68.74179790026247,4036.0,3962.0,7998.0,65.6003937007874,1468.0,1378.0,2846.0,27.877363110980507
CITY OF LAS PIÑAS,1380200000,NCR,,City,1st,2024,2485.0,2620.0,5105.0,44.99383042481932,4297.0,4176.0,8473.0,74.67830072272167,3790.0,3690.0,7480.0,65.92631764498502,3643.0,3648.0,7291.0,64.2605323462013,3573.0,3617.0,7190.0,63.37035078441742,3381.0,3340.0,6721.0,59.236735413361544,4101.0,4012.0,8113.0,71.50537634408603,4200.0,4137.0,8337.0,73.47964040190375,4282.0,4276.0,8558.0,75.42746342323285,3954.0,3878.0,7832.0,69.02873259298431,3860.0,3795.0,7655.0,67.46871144015512,3670.0,3665.0,7335.0,64.64833421470122,3313.0,3334.0,6647.0,58.58452317997532,3351.0,3294.0,6645.0,58.56689582231623,4162.0,3974.0,8136.0,71.70809095716551,12284.0,4393.0,8904.0,72.48453272549658,4967.0,4860.0,9827.0,79.99837186584175,989.0,951.0,1940.0,18.860587205910946
CITY OF LAS PIÑAS,1380200000,NCR,,City,1st,2025,2926.0,2876.0,5802.0,50.73452256033578,5642.0,5596.0,11238.0,90.7901114881241,5523.0,5604.0,11127.0,89.89335918565196,4507.0,4593.0,9100.0,73.51753110357086,4378.0,4468.0,8846.0,71.46550331232832,4553.0,4701.0,9254.0,74.76167393763127,4042.0,3919.0,7961.0,64.31572144126676,3873.0,3842.0,7715.0,62.328324446598806,3873.0,3866.0,7739.0,62.52221683632251,4324.0,4473.0,8797.0,71.06963968330909,4287.0,4401.0,8688.0,70.1890450799806,4534.0,4589.0,9123.0,73.70334464372273,4577.0,4727.0,9304.0,75.16561641622232,4569.0,4823.0,9392.0,75.87655517854257,4444.0,4632.0,9076.0,73.32363871384715,5022.0,5163.0,10185.0,82.2830828889966,4994.0,5134.0,10128.0,82.44871377401498,483.0,536.0,1019.0,41.47334147334148
CITY OF MAKATI,1380300000,NCR,,City,1st,2018,2277.0,2146.0,4423.0,60.76384118697623,3768.0,3430.0,7198.0,43.709507753093874,3688.0,3353.0,7041.0,42.756132827109475,4115.0,3625.0,7740.0,47.000776605855314,3966.0,3632.0,7598.0,46.13848845623885,3764.0,3655.0,7419.0,45.051519591581474,4044.0,3598.0,7642.0,46.4056763335848,3975.0,3550.0,7525.0,45.6951994779149,3969.0,3611.0,7580.0,46.029184324597324,0.0,0.0,0.0,0.0,0.0,0.0,0.0,0.0,0.0,0.0,0.0,0.0,0.0,0.0,0.0,0.0,0.0,0.0,0.0,0.0,4253.0,3993.0,8246.0,50.07343719533372,3977.0,3495.0,7472.0,45.37335953474818,4225.0,3678.0,7903.0,47.9905862423869,159.0,67.0,226.0,1.3723740972769123
CITY OF MAKATI,1380300000,NCR,,City,1st,2019,2087.0,1959.0,4046.0,37.153215779930434,4079.0,3858.0,7937.0,72.88311261624021,3712.0,3406.0,7118.0,65.36247897220585,4476.0,4146.0,8622.0,79.17326407675735,4420.0,4049.0,8469.0,77.76831053886082,4346.0,4107.0,8453.0,77.62138729306773,4460.0,4094.0,8554.0,78.54884028213667,4330.0,3969.0,8299.0,76.20725105230912,4205.0,4075.0,8280.0,76.03277969792981,3604.0,3358.0,6962.0,63.92997732572311,0.0,0.0,0.0,0.0,0.0,0.0,0.0,0.0,0.0,0.0,0.0,0.0,0.0,0.0,0.0,0.0,4916.0,4550.0,9466.0,86.92346529234342,2439.0,2123.0,4562.0,41.89149045675794,4761.0,4456.0,9217.0,84.6369722796883,68.0,52.0,120.0,1.1019243434482582
CITY OF MAKATI,1380300000,NCR,,City,1st,2020,2720.0,2396.0,5116.0,47.37914428597889,4500.0,4360.0,8860.0,82.05223189479534,4462.0,4094.0,8556.0,79.23689572142989,3829.0,3521.0,7350.0,68.06816077051306,3633.0,3430.0,7063.0,65.41026115947398,3592.0,3323.0,6915.0,64.03963696980922,3859.0,3538.0,7397.0,68.50342656047415,3652.0,3447.0,7099.0,65.74365623263567,3595.0,3389.0,6984.0,64.67864419336914,3379.0,3047.0,6426.0,59.51102055936285,0.0,0.0,0.0,0.0,3422.0,3207.0,6629.0,61.39099833302464,2712.0,2667.0,5379.0,49.81478051491017,2250.0,2198.0,4448.0,41.19281348397851,3774.0,3241.0,7015.0,64.96573439525838,2847.0,2647.0,5494.0,50.879792554176696,3774.0,3241.0,7015.0,64.96573439525838,2847.0,2647.0,5494.0,50.879792554176696
CITY OF MAKATI,1380300000,NCR,,City,1st,2021,2385.0,2237.0,4622.0,42.93543892243381,3620.0,3261.0,6881.0,63.92011147236414,3509.0,3176.0,6685.0,62.09939619136089,3134.0,2719.0,5853.0,54.37064561077566,3074.0,2743.0,5817.0,54.0362285183465,3141.0,2801.0,5942.0,55.19739897817,3107.0,2721.0,5828.0,54.138411518810955,3111.0,2752.0,5863.0,54.46353924756154,3126.0,2808.0,5934.0,55.12308406874129,2825.0,2597.0,5422.0,50.36692986530422,0.0,0.0,0.0,0.0,2906.0,2499.0,5405.0,50.20901068276823,2828.0,2449.0,5277.0,49.019972131908965,2527.0,2349.0,4876.0,45.29493729679517,3262.0,3014.0,6276.0,58.300046446818385,2632.0,2451.0,5083.0,47.21783557826289,3262.0,3014.0,6276.0,58.300046446818385,2632.0,2451.0,5083.0,47.21783557826289
CITY OF MAKATI,1380300000,NCR,,City,1st,2022,3200.0,3255.0,6455.0,60.22578839335697,4313.0,3972.0,8285.0,77.29986937861541,4254.0,3785.0,8039.0,75.00466504944953,5035.0,4828.0,9863.0,92.02276544131368,4931.0,4494.0,9425.0,87.9361821235305,4869.0,4679.0,9548.0,89.08378428811345,5015.0,4826.0,9841.0,91.81750326553461,4929.0,4503.0,9432.0,88.00149281582385,4845.0,4689.0,9534.0,88.95316290352677,4706.0,4443.0,9149.0,85.36107482739317,3569.0,3448.0,7017.0,65.46930397462212,4194.0,3984.0,8178.0,76.30154879641724,4153.0,3914.0,8067.0,75.26590781862288,3673.0,3605.0,7278.0,67.90445978727374,4559.0,4180.0,8739.0,81.53573427878335,11600.0,4359.0,9247.0,79.7155172413793,4892.0,4378.0,9270.0,79.91379310344827,994.0,958.0,1952.0,20.09264024704066
CITY OF MAKATI,1380300000,NCR,,City,1st,2023,3453.0,3485.0,6938.0,63.39546783625731,4265.0,4258.0,8523.0,77.87828947368422,4032.0,3991.0,8023.0,73.30957602339181,4491.0,4357.0,8848.0,80.84795321637426,4496.0,4211.0,8707.0,79.55957602339181,4553.0,4420.0,8973.0,81.99013157894737,4391.0,4260.0,8651.0,79.04788011695906,4375.0,4144.0,8519.0,77.84173976608187,4479.0,4333.0,8812.0,80.51900584795322,4345.0,4219.0,8564.0,78.25292397660819,3958.0,3830.0,7788.0,71.16228070175438,4131.0,4023.0,8154.0,74.50657894736842,4175.0,3847.0,8022.0,73.30043859649122,3985.0,3930.0,7915.0,72.32273391812866,4602.0,4353.0,8955.0,81.82565789473685,5274.0,5007.0,10281.0,86.72290172922817,5233.0,4976.0,10209.0,86.11556305356389,215.0,165.0,380.0,3.8
CITY OF MAKATI,1380300000,NCR,,City,1st,2024,1624.0,1727.0,3351.0,79.86177311725453,2149.0,2216.0,4365.0,104.02764537654909,2123.0,2161.0,4284.0,102.09723546234508,2121.0,2076.0,4197.0,100.02383222116302,2101.0,1987.0,4088.0,97.42612011439466,2029.0,1927.0,3956.0,94.28026692087703,2108.0,2055.0,4163.0,99.21353670162058,2087.0,2007.0,4094.0,97.56911344137274,2123.0,2029.0,4152.0,98.95138226882746,2065.0,2005.0,4070.0,96.99714013346043,1952.0,1925.0,3877.0,92.39752144899904,2066.0,2004.0,4070.0,96.99714013346043,2011.0,1893.0,3904.0,93.04099142040037,1967.0,1873.0,3840.0,91.5157292659676,2180.0,2119.0,4299.0,102.45471877979027,4580.0,2112.0,4319.0,94.30131004366812,2202.0,2109.0,4311.0,94.12663755458516,56.0,47.0,103.0,2.4488825487398955
CITY OF MAKATI,1380300000,NCR,,City,1st,2025,1649.0,1620.0,3269.0,77.40942457968269,1915.0,1944.0,3859.0,83.74565972222221,1885.0,1885.0,3770.0,81.81423611111111,2029.0,1967.0,3996.0,86.71875,1881.0,1827.0,3708.0,80.46875,2012.0,1930.0,3942.0,85.546875,2052.0,1977.0,4029.0,87.43489583333334,1908.0,1857.0,3765.0,81.70572916666666,1979.0,1916.0,3895.0,84.52690972222221,1829.0,1756.0,3585.0,77.79947916666666,1913.0,1705.0,3618.0,78.515625,1835.0,1714.0,3549.0,77.01822916666666,1701.0,1684.0,3385.0,73.45920138888889,1768.0,1729.0,3497.0,75.88975694444444,2195.0,2113.0,4308.0,93.48958333333334,2253.0,2140.0,4393.0,95.33420138888889,2250.0,2134.0,4384.0,95.72052401746724,45.0,47.0,92.0,34.20074349442379
CITY OF MALABON,1380400000,NCR,,City,1st,2018,2417.0,2409.0,4826.0,106.53421633554083,2930.0,2774.0,5704.0,55.207508221118076,2352.0,2144.0,4496.0,43.51559554034833,3197.0,2999.0,6196.0,59.96944616725939,3150.0,3039.0,6189.0,59.901695017619176,3049.0,3048.0,6097.0,59.0112513366334,3176.0,2993.0,6169.0,59.70812030436139,3185.0,3064.0,6249.0,60.4824191573925,3078.0,2939.0,6017.0,58.23695248360229,0.0,0.0,0.0,0.0,0.0,0.0,0.0,0.0,0.0,0.0,0.0,0.0,0.0,0.0,0.0,0.0,0.0,0.0,0.0,0.0,3181.0,2792.0,5973.0,57.81108811443517,3099.0,2970.0,6069.0,58.74024673807251,3183.0,3032.0,6215.0,60.153342144854285,2797.0,2725.0,5522.0,53.4459783304723
CITY OF MALABON,1380400000,NCR,,City,1st,2019,2550.0,2431.0,4981.0,70.83165899580959,2817.0,2906.0,5723.0,81.38317294379006,2572.0,2673.0,5245.0,74.58583646517191,3097.0,2960.0,6057.0,86.13277625730149,3086.0,2902.0,5988.0,85.15157078235451,3009.0,2862.0,5871.0,83.48778758570529,3164.0,2963.0,6127.0,87.12820210145058,3013.0,2868.0,5881.0,83.6299912777266,2935.0,2846.0,5781.0,82.2079543575136,2364.0,2257.0,4621.0,65.71232608304278,0.0,0.0,0.0,0.0,1268.0,1230.0,2498.0,35.52248226692077,757.0,764.0,1521.0,21.629181556439747,212.0,199.0,411.0,5.844571742075435,3015.0,2799.0,5814.0,82.67722654118388,1976.0,1915.0,3891.0,55.33145656548788,2654.0,2665.0,5319.0,75.63814378612953,2503.0,2384.0,4887.0,69.49494429080937
CITY OF MALABON,1380400000,NCR,,City,1st,2020,2942.0,3008.0,5950.0,87.82287822878229,2672.0,2727.0,5399.0,79.690036900369,2520.0,2515.0,5035.0,74.31734317343174,3102.0,3028.0,6130.0,90.47970479704797,2906.0,2818.0,5724.0,84.4870848708487,2809.0,2641.0,5450.0,80.44280442804428,3118.0,3051.0,6169.0,91.05535055350553,2927.0,2806.0,5733.0,84.619926199262,2757.0,2698.0,5455.0,80.51660516605166,2840.0,2635.0,5475.0,80.81180811808119,0.0,0.0,0.0,0.0,3481.0,3294.0,6775.0,100.0,2732.0,2742.0,5474.0,80.79704797047971,1966.0,2159.0,4125.0,60.88560885608856,2427.0,2252.0,4679.0,69.06273062730627,2639.0,2536.0,5175.0,76.38376383763837,2427.0,2252.0,4679.0,69.06273062730627,2639.0,2536.0,5175.0,76.38376383763837
CITY OF MALABON,1380400000,NCR,,City,1st,2021,2670.0,2761.0,5431.0,80.37590646736717,2492.0,2534.0,5026.0,74.38212224359924,2547.0,2352.0,4899.0,72.50258990676336,3018.0,2953.0,5971.0,88.36761876572443,2770.0,2718.0,5488.0,81.21947609886044,2590.0,2495.0,5085.0,75.25529080953086,3029.0,2906.0,5935.0,87.83483794583395,2743.0,2690.0,5433.0,80.40550540180553,2550.0,2519.0,5069.0,75.01849933402399,2607.0,2534.0,5141.0,76.08406097380495,0.0,0.0,0.0,0.0,3497.0,3255.0,6752.0,99.9260026639041,2884.0,2895.0,5779.0,85.52612105964185,2078.0,2054.0,4132.0,61.151398549652214,2438.0,2282.0,4720.0,69.85348527453012,2460.0,2479.0,4939.0,73.09456859553056,2438.0,2282.0,4720.0,69.85348527453012,2460.0,2479.0,4939.0,73.09456859553056
CITY OF MALABON,1380400000,NCR,,City,1st,2022,2460.0,2578.0,5038.0,74.92563950029745,2297.0,2229.0,4526.0,67.3111243307555,2263.0,2168.0,4431.0,65.8982748364069,2662.0,2489.0,5151.0,76.60618679357525,2553.0,2481.0,5034.0,74.86615110053539,2547.0,2393.0,4940.0,73.4681737061273,2644.0,2506.0,5150.0,76.59131469363474,2550.0,2443.0,4993.0,74.25639500297441,2499.0,2388.0,4887.0,72.67995240928019,2497.0,2418.0,4915.0,73.09637120761452,1791.0,1711.0,3502.0,52.08209399167162,2739.0,2577.0,5316.0,79.06008328375967,2612.0,2581.0,5193.0,77.23081499107674,2550.0,2589.0,5139.0,76.42772159428911,2256.0,2077.0,4333.0,64.44080904223676,7280.0,1615.0,3445.0,47.32142857142857,2258.0,2014.0,4272.0,58.681318681318686,1851.0,1690.0,3541.0,58.08727034120735
CITY OF MALABON,1380400000,NCR,,City,1st,2023,2349.0,2248.0,4597.0,62.247799593771155,2232.0,2178.0,4410.0,59.71563981042654,2246.0,2198.0,4444.0,60.17603249830737,2658.0,2528.0,5186.0,70.22342586323629,2598.0,2466.0,5064.0,68.57142857142857,2549.0,2422.0,4971.0,67.3121191604604,2680.0,2574.0,5254.0,71.14421123899797,2592.0,2463.0,5055.0,68.44955991875423,2497.0,2367.0,4864.0,65.86323628977657,2562.0,2456.0,5018.0,67.9485443466486,2298.0,2170.0,4468.0,60.50101557210562,2671.0,2565.0,5236.0,70.9004739336493,2604.0,2472.0,5076.0,68.7339201083277,2489.0,2456.0,4945.0,66.96005416384563,2909.0,2805.0,5714.0,77.37305348679756,2872.0,2802.0,5674.0,70.93386673334166,2872.0,2802.0,5674.0,70.93386673334166,1820.0,1730.0,3550.0,52.48373743347132
CITY OF MALABON,1380400000,NCR,,City,1st,2024,1977.0,1855.0,3832.0,51.4569625352491,2040.0,1865.0,3905.0,52.437223042836045,1963.0,1805.0,3768.0,50.5975560628441,2717.0,2507.0,5224.0,70.14905331005774,2631.0,2426.0,5057.0,67.90653954612596,2221.0,2050.0,4271.0,57.35195380690211,2674.0,2399.0,5073.0,68.1213911642272,2687.0,2434.0,5121.0,68.76594601853095,2497.0,2317.0,4814.0,64.64348059621324,2602.0,2368.0,4970.0,66.73828387270042,2321.0,2175.0,4496.0,60.37330468645092,2498.0,2255.0,4753.0,63.82435880220223,1986.0,1776.0,3762.0,50.51698670605613,1967.0,1731.0,3698.0,49.65758023365113,2662.0,2409.0,5071.0,68.09453471196456,8070.0,3183.0,6371.0,78.94671623296159,3116.0,3148.0,6264.0,77.62081784386618,939.0,979.0,1918.0,28.119044128426918
CITY OF MALABON,1380400000,NCR,,City,1st,2025,1563.0,1472.0,3035.0,40.37514966076892,2312.0,2190.0,4502.0,55.2731737262124,2144.0,2057.0,4201.0,51.57765500306937,2389.0,2145.0,4534.0,55.66605279312462,2449.0,2244.0,4693.0,57.61817065684469,2556.0,2322.0,4878.0,59.889502762430936,2446.0,2205.0,4651.0,57.102516881522405,2419.0,2231.0,4650.0,57.0902394106814,2403.0,2223.0,4626.0,56.795580110497234,2330.0,2180.0,4510.0,55.371393492940456,2030.0,1949.0,3979.0,48.85205647636587,2564.0,2268.0,4832.0,59.324739103744626,2679.0,2498.0,5177.0,63.560466543891955,2618.0,2453.0,5071.0,62.25905463474525,2206.0,2136.0,4342.0,53.30877839165132,2397.0,2254.0,4651.0,57.102516881522405,2386.0,2225.0,4611.0,57.13754646840149,335.0,328.0,663.0,36.7109634551495
CITY OF MANDALUYONG,1380500000,NCR,,City,1st,2018,1903.0,1795.0,3698.0,63.267750213858,3345.0,3146.0,6491.0,59.44954175494571,3362.0,3143.0,6505.0,59.57776446093388,4737.0,4248.0,8985.0,82.29150095026763,4596.0,4249.0,8845.0,81.00927389038588,4760.0,4357.0,9117.0,83.50045789244184,4693.0,4285.0,8978.0,82.22738959727354,4686.0,4305.0,8991.0,82.34645353854827,4806.0,4329.0,9135.0,83.66531565728378,0.0,0.0,0.0,0.0,0.0,0.0,0.0,0.0,0.0,0.0,0.0,0.0,0.0,0.0,0.0,0.0,0.0,0.0,0.0,0.0,4762.0,4366.0,9128.0,83.6012043042897,4000.0,3877.0,7877.0,72.14358964777497,4727.0,4358.0,9085.0,83.20737742161172,67.0,54.0,121.0,1.1082105303263643
CITY OF MANDALUYONG,1380500000,NCR,,City,1st,2019,1872.0,1689.0,3561.0,45.44391518735701,2987.0,2811.0,5798.0,73.99152492454252,3015.0,2871.0,5886.0,75.11454220521857,4049.0,3544.0,7593.0,96.89852513833242,3806.0,3680.0,7486.0,95.5330382175104,4133.0,3851.0,7984.0,101.88829510133624,4064.0,3546.0,7610.0,97.11547165846301,3876.0,3674.0,7550.0,96.34977805800207,4127.0,3813.0,7940.0,101.32678646099819,2832.0,2704.0,5536.0,70.64799620252973,0.0,0.0,0.0,0.0,980.0,877.0,1857.0,23.698216934266203,757.0,766.0,1523.0,19.435855891700285,386.0,386.0,772.0,9.851924325930808,3682.0,3746.0,7428.0,94.79286773706481,3048.0,2816.0,5864.0,74.83378788504955,3755.0,3713.0,7468.0,95.30333013737211,99.0,85.0,184.0,2.3481270414135604
CITY OF MANDALUYONG,1380500000,NCR,,City,1st,2020,629.0,702.0,1331.0,18.589385474860336,1274.0,1244.0,2518.0,35.167597765363126,473.0,418.0,891.0,12.44413407821229,2141.0,2022.0,4163.0,58.142458100558656,2060.0,1997.0,4057.0,56.662011173184354,2140.0,1987.0,4127.0,57.63966480446927,2153.0,2036.0,4189.0,58.50558659217877,2071.0,2004.0,4075.0,56.91340782122904,2172.0,1986.0,4158.0,58.07262569832402,2035.0,1882.0,3917.0,54.70670391061453,0.0,0.0,0.0,0.0,2122.0,1950.0,4072.0,56.87150837988827,2095.0,1992.0,4087.0,57.081005586592184,2099.0,1996.0,4095.0,57.1927374301676,1972.0,1889.0,3861.0,53.92458100558659,1872.0,1828.0,3700.0,51.675977653631286,1972.0,1889.0,3861.0,53.92458100558659,1872.0,1828.0,3700.0,51.675977653631286
CITY OF MANDALUYONG,1380500000,NCR,,City,1st,2021,831.0,926.0,1757.0,24.61818691326888,1618.0,1623.0,3241.0,45.41123721451591,1388.0,1254.0,2642.0,37.01835505114194,2545.0,2490.0,5035.0,70.54784923637382,2459.0,2365.0,4824.0,67.59142496847414,2381.0,2504.0,4885.0,68.44612582317501,2543.0,2487.0,5030.0,70.4777917892672,2447.0,2364.0,4811.0,67.40927560599692,2394.0,2493.0,4887.0,68.47414880201765,2544.0,2663.0,5207.0,72.95782541684181,0.0,0.0,0.0,0.0,2273.0,2258.0,4531.0,63.48605856802578,2228.0,2158.0,4386.0,61.454392601933584,2197.0,2306.0,4503.0,63.09373686422867,2139.0,2109.0,4248.0,59.52080706179067,1989.0,1993.0,3982.0,55.79375087571808,2139.0,2109.0,4248.0,59.52080706179067,1989.0,1993.0,3982.0,55.79375087571808
CITY OF MANDALUYONG,1380500000,NCR,,City,1st,2022,1810.0,1851.0,3661.0,51.483616931514554,1954.0,1985.0,3939.0,55.393053016453386,1846.0,1714.0,3560.0,50.06328223878498,2296.0,2393.0,4689.0,65.94009281395022,2397.0,2469.0,4866.0,68.42919420615947,2449.0,2629.0,5078.0,71.41049078891858,2280.0,2372.0,4652.0,65.41977218394037,2384.0,2459.0,4843.0,68.10575165236958,2421.0,2615.0,5036.0,70.81985656025876,2837.0,3123.0,5960.0,83.81380959077485,1518.0,1581.0,3099.0,43.58036844325693,2505.0,2415.0,4920.0,69.18858107157925,2502.0,2581.0,5083.0,71.48080438756855,2584.0,2739.0,5323.0,74.85585712276755,2820.0,2924.0,5744.0,80.77626212909577,7690.0,3836.0,7613.0,98.99869960988296,3603.0,3698.0,7301.0,94.94148244473341,815.0,769.0,1584.0,24.588637069233158
CITY OF MANDALUYONG,1380500000,NCR,,City,1st,2023,3023.0,2892.0,5915.0,74.66548851300176,3116.0,2970.0,6086.0,76.82403433476395,3202.0,2916.0,6118.0,77.22797273415804,3151.0,3081.0,6232.0,78.6670032819995,3104.0,3151.0,6255.0,78.957334006564,3250.0,3276.0,6526.0,82.37818732643272,2961.0,2897.0,5858.0,73.94597323908104,2940.0,2973.0,5913.0,74.64024236303963,3080.0,3119.0,6199.0,78.25044180762434,3694.0,3632.0,7326.0,92.47664731128503,2662.0,2665.0,5327.0,67.24312042413531,3107.0,3044.0,6151.0,77.6445342085332,3054.0,3091.0,6145.0,77.5687957586468,3188.0,3262.0,6450.0,81.41883362787175,3248.0,3270.0,6518.0,82.27720272658419,4303.0,4244.0,8547.0,99.46468055393926,4272.0,4275.0,8547.0,99.46468055393926,280.0,251.0,531.0,7.171799027552674
CITY OF MANDALUYONG,1380500000,NCR,,City,1st,2024,2959.0,2962.0,5921.0,74.11440731005132,3195.0,3150.0,6345.0,79.42170484416073,2343.0,2327.0,4670.0,58.45537614219551,4336.0,4266.0,8602.0,107.673050444361,4384.0,4278.0,8662.0,108.42408311428213,4489.0,4363.0,8852.0,110.80235323569909,4475.0,4386.0,8861.0,110.91500813618727,4422.0,4319.0,8741.0,109.41294279634496,4449.0,4330.0,8779.0,109.88859682062836,4232.0,4132.0,8364.0,104.69395418700714,4338.0,4161.0,8499.0,106.3837776943297,4405.0,4336.0,8741.0,109.41294279634496,4234.0,4162.0,8396.0,105.09450494429842,4471.0,4200.0,8671.0,108.53673801477031,4479.0,4292.0,8771.0,109.78845913130554,8672.0,4474.0,8929.0,102.96356088560886,4190.0,4164.0,8354.0,96.33302583025831,271.0,304.0,575.0,7.708808151226706
CITY OF MANDALUYONG,1380500000,NCR,,City,1st,2025,3669.0,3589.0,7258.0,90.15029188920631,3688.0,3741.0,7429.0,84.99027571216108,3669.0,3589.0,7258.0,83.03397780574305,3844.0,3963.0,7807.0,89.31472371582198,3799.0,3935.0,7734.0,88.47957899553826,3946.0,3888.0,7834.0,89.62361285894063,3896.0,3991.0,7887.0,90.22995080654387,3816.0,3992.0,7808.0,89.32616405445602,3951.0,3892.0,7843.0,89.72657590664683,3833.0,3915.0,7748.0,88.6397437364146,3807.0,3791.0,7598.0,86.92369294131106,3888.0,3743.0,7631.0,87.30122411623384,3987.0,3875.0,7862.0,89.94394234069328,3904.0,3958.0,7862.0,89.94394234069328,4040.0,3961.0,8001.0,91.53414941082256,4194.0,4163.0,8357.0,95.60690996453495,4194.0,4163.0,8357.0,96.36761992619927,349.0,366.0,715.0,224.8427672955975
CITY OF MANILA,1380600000,NCR,,City,1st,2018,8388.0,7628.0,16016.0,28.23695345557123,23774.0,22103.0,45877.0,91.1748482464537,21082.0,19920.0,41002.0,81.48639030017428,15197.0,14103.0,29300.0,58.23011647712566,14442.0,13514.0,27956.0,55.55908314793599,14404.0,13519.0,27923.0,55.49349974029965,15240.0,14234.0,29474.0,58.57591989920824,14404.0,13540.0,27944.0,55.53523463606823,14351.0,13407.0,27758.0,55.165582702117874,0.0,0.0,0.0,0.0,0.0,0.0,0.0,0.0,0.0,0.0,0.0,0.0,0.0,0.0,0.0,0.0,0.0,0.0,0.0,0.0,13298.0,12489.0,25787.0,51.24846462783752,11333.0,10463.0,21796.0,43.31684705581675,12313.0,11482.0,23795.0,47.28961165778857,1741.0,1503.0,3244.0,6.447047708252411
CITY OF MANILA,1380600000,NCR,,City,1st,2019,9199.0,9041.0,18240.0,47.62069036548622,31501.0,28311.0,59812.0,156.15618049015688,28306.0,25730.0,54036.0,141.0762952077529,16844.0,15825.0,32669.0,85.29168495340292,16093.0,15175.0,31268.0,81.6339773217118,15759.0,14852.0,30611.0,79.9186925865076,16743.0,15768.0,32511.0,84.87918116624574,16052.0,15221.0,31273.0,81.64703123902689,15503.0,14931.0,30434.0,79.45658391355305,15067.0,14229.0,29296.0,76.48551233263619,0.0,0.0,0.0,0.0,5944.0,5563.0,11507.0,30.042285308972033,3323.0,3170.0,6493.0,16.951817025389364,1150.0,1147.0,2297.0,5.996969614557118,12692.0,12068.0,24760.0,64.64299854437712,11084.0,10477.0,21561.0,56.291102246175896,11772.0,11252.0,23024.0,60.11067845257428,1626.0,1527.0,3153.0,8.231800258902306
CITY OF MANILA,1380600000,NCR,,City,1st,2020,17052.0,15928.0,32980.0,100.0,17212.0,15768.0,32980.0,100.0,16924.0,16056.0,32980.0,100.0,11839.0,11610.0,23449.0,71.1006670709521,10528.0,10290.0,20818.0,63.123104912067916,9547.0,9546.0,19093.0,57.89266221952699,11839.0,11609.0,23448.0,71.09763493026077,10528.0,10289.0,20817.0,63.12007277137659,9547.0,9546.0,19093.0,57.89266221952699,9212.0,8993.0,18205.0,55.20012128562766,0.0,0.0,0.0,0.0,8940.0,8768.0,17708.0,53.6931473620376,7855.0,8033.0,15888.0,48.1746513038205,6848.0,7002.0,13850.0,41.995148574893875,9316.0,8913.0,18229.0,55.27289266221953,6970.0,6588.0,13558.0,41.10976349302607,9316.0,8913.0,18229.0,55.27289266221953,6970.0,6588.0,13558.0,41.10976349302607
CITY OF MANILA,1380600000,NCR,,City,1st,2021,11031.0,12050.0,23081.0,70.18274698209018,16105.0,16781.0,32886.0,99.99695928482379,16067.0,16819.0,32886.0,99.99695928482379,11436.0,12488.0,23924.0,72.74606987563475,10796.0,12222.0,23018.0,69.99118192598898,10450.0,11692.0,22142.0,67.32751543162951,11478.0,12542.0,24020.0,73.03797853255085,10797.0,12056.0,22853.0,69.48946392191444,10440.0,11685.0,22125.0,67.27582327363396,10299.0,11463.0,21762.0,66.17204366466993,0.0,0.0,0.0,0.0,10634.0,11804.0,22438.0,68.22756712378751,9759.0,10964.0,20723.0,63.012740596588316,8425.0,9483.0,17908.0,54.45312737555873,9373.0,9903.0,19276.0,58.61282573661325,8156.0,9165.0,17321.0,52.66822756712378,9373.0,9903.0,19276.0,58.61282573661325,8156.0,9165.0,17321.0,52.66822756712378
CITY OF MANILA,1380600000,NCR,,City,1st,2022,13178.0,12519.0,25697.0,78.48089668020646,14643.0,13914.0,28557.0,87.21558806462451,14328.0,13623.0,27951.0,85.3648107992548,14465.0,13697.0,28162.0,86.00922334544788,13545.0,13078.0,26623.0,81.30898207250404,13194.0,13022.0,26216.0,80.06596829856764,14476.0,13723.0,28199.0,86.12222459762393,13558.0,13087.0,26645.0,81.37617200623033,13196.0,13006.0,26202.0,80.02321106801453,13586.0,13367.0,26953.0,82.31683107839844,12878.0,12521.0,25399.0,77.57077848700486,14639.0,13922.0,28561.0,87.2278044162111,13847.0,13333.0,27180.0,83.01010903093791,13643.0,13268.0,26911.0,82.18855938673914,13419.0,12786.0,26205.0,80.03237333170449,35447.0,13217.0,26798.0,75.60019183569837,13598.0,13181.0,26779.0,75.54659068468418,6466.0,6426.0,12892.0,43.4264156027891
CITY OF MANILA,1380600000,NCR,,City,1st,2023,13097.0,12224.0,25321.0,74.19421003281764,14711.0,13708.0,28419.0,83.27180028129395,14589.0,13579.0,28168.0,82.53633380215659,14559.0,13628.0,28187.0,82.59200656352556,13947.0,13227.0,27174.0,79.62376933895922,14015.0,13637.0,27652.0,81.02437880918893,14458.0,13729.0,28187.0,82.59200656352556,13868.0,13336.0,27204.0,79.71167369901548,13947.0,13741.0,27688.0,81.12986404125645,14125.0,13589.0,27714.0,81.20604781997187,14384.0,13905.0,28289.0,82.89088138771683,14570.0,13620.0,28190.0,82.60079699953118,13930.0,13254.0,27184.0,79.6530707923113,14063.0,13561.0,27624.0,80.94233473980309,14375.0,13712.0,28087.0,82.2989920300047,15550.0,14982.0,30532.0,82.21671693235675,15552.0,14962.0,30514.0,82.16824644549763,1459.0,1278.0,2737.0,8.535520488991455
CITY OF MANILA,1380600000,NCR,,City,1st,2024,14361.0,13584.0,27945.0,81.54838333138788,16073.0,15118.0,31191.0,91.02077740165753,15819.0,14881.0,30700.0,89.58795377611766,15904.0,15084.0,30988.0,90.42838800046691,14844.0,14436.0,29280.0,85.44414614217347,14874.0,14104.0,28978.0,84.56285747636278,16011.0,15138.0,31149.0,90.89821407727325,14926.0,14578.0,29504.0,86.0978172055562,15053.0,14314.0,29367.0,85.6980273141123,15081.0,14344.0,29425.0,85.86728142873818,16611.0,15710.0,32321.0,94.31831446247227,8538.0,8066.0,16604.0,48.453367573246176,5901.0,5618.0,11519.0,33.61445079957978,5423.0,5182.0,10605.0,30.947239407026967,16799.0,15914.0,32713.0,95.46223882339208,37288.0,17433.0,35524.0,95.26925552456554,18085.0,17445.0,35530.0,95.28534649216907,342.0,332.0,674.0,2.09277774327765
CITY OF MANILA,1380600000,NCR,,City,1st,2025,12490.0,12216.0,24706.0,71.37986825378482,15566.0,14678.0,30244.0,80.3250823329438,15113.0,14278.0,29391.0,78.05959842770636,15565.0,14609.0,30174.0,80.13916923403804,14754.0,14284.0,29038.0,77.1220652289387,14488.0,13917.0,28405.0,75.44087963454797,15567.0,14607.0,30174.0,80.13916923403804,14754.0,14284.0,29038.0,77.1220652289387,14487.0,13918.0,28405.0,75.44087963454797,14485.0,13920.0,28405.0,75.44087963454797,17353.0,16656.0,34009.0,90.32455115266121,15239.0,14403.0,29642.0,78.72622968235419,15194.0,14595.0,29789.0,79.11664719005631,14230.0,13807.0,28037.0,74.46350791458622,17357.0,16652.0,34009.0,90.32455115266121,17121.0,16475.0,33596.0,89.22766386911718,17121.0,16475.0,33596.0,90.09869126796825,1209.0,1169.0,2378.0,135.26734926052333
CITY OF MARIKINA,1380700000,NCR,,City,1st,2018,3245.0,3056.0,6301.0,64.55281221186354,6432.0,6217.0,12649.0,99.28084375766495,6022.0,5803.0,11825.0,92.81334314446897,4242.0,3947.0,8189.0,64.2747117978906,3889.0,3599.0,7488.0,58.77262693156733,3684.0,3425.0,7109.0,55.79789060583763,4321.0,3992.0,8313.0,65.24797645327448,3940.0,3682.0,7622.0,59.824380672062794,3727.0,3471.0,7198.0,56.496443463330884,0.0,0.0,0.0,0.0,0.0,0.0,0.0,0.0,0.0,0.0,0.0,0.0,0.0,0.0,0.0,0.0,0.0,0.0,0.0,0.0,3273.0,2949.0,6222.0,48.835908756438556,2896.0,2608.0,5504.0,43.20039244542556,3556.0,3196.0,6752.0,52.99583026735345,377.0,324.0,701.0,5.502084866323277
CITY OF MARIKINA,1380700000,NCR,,City,1st,2019,3454.0,3207.0,6661.0,82.4321519418246,4942.0,4893.0,9835.0,121.71148691605538,4443.0,4339.0,8782.0,108.6802519671376,4308.0,4162.0,8470.0,104.8191453156064,4078.0,3732.0,7810.0,96.65141970659812,3775.0,3637.0,7412.0,91.72603365752948,4485.0,4345.0,8830.0,109.27426837506549,4135.0,3843.0,7978.0,98.73047713434569,3964.0,3815.0,7779.0,96.26778410981137,3606.0,3446.0,7052.0,87.27091059807042,0.0,0.0,0.0,0.0,2522.0,2396.0,4918.0,60.8619311289436,1974.0,1901.0,3875.0,47.95444959834414,1369.0,1285.0,2654.0,32.8441572216788,3591.0,3547.0,7138.0,88.33518999560786,2650.0,2650.0,5300.0,65.58931170870295,3608.0,3583.0,7191.0,88.9910831126949,176.0,144.0,320.0,3.9601093861858385
CITY OF MARIKINA,1380700000,NCR,,City,1st,2020,2783.0,2781.0,5564.0,66.60282499401484,4274.0,4080.0,8354.0,100.0,4061.0,3937.0,7998.0,95.73856835049078,3735.0,3581.0,7316.0,87.57481446013887,3360.0,3271.0,6631.0,79.37514962892028,3216.0,3133.0,6349.0,75.99952118745512,3736.0,3523.0,7259.0,86.89250658367249,3375.0,3277.0,6652.0,79.62652621498684,3221.0,3160.0,6381.0,76.38257122336604,3109.0,3060.0,6169.0,73.84486473545607,0.0,0.0,0.0,0.0,3444.0,3282.0,6726.0,80.51232942303088,3145.0,3020.0,6165.0,73.7969834809672,3141.0,3006.0,6147.0,73.5815178357673,2923.0,2728.0,5651.0,67.64424227914772,2415.0,2209.0,4624.0,55.35073018913096,2923.0,2728.0,5651.0,67.64424227914772,2415.0,2209.0,4624.0,55.35073018913096
CITY OF MARIKINA,1380700000,NCR,,City,1st,2021,2595.0,2313.0,4908.0,58.91956782713085,4071.0,3870.0,7941.0,95.33013205282113,3817.0,3773.0,7590.0,91.11644657863145,3319.0,2959.0,6278.0,75.36614645858344,3282.0,2808.0,6090.0,73.10924369747899,3116.0,2777.0,5893.0,70.74429771908764,3345.0,2958.0,6303.0,75.66626650660264,3260.0,2802.0,6062.0,72.77310924369748,3118.0,2765.0,5883.0,70.62424969987995,3051.0,2701.0,5752.0,69.0516206482593,0.0,0.0,0.0,0.0,3261.0,2926.0,6187.0,74.27370948379351,3192.0,2774.0,5966.0,71.62064825930372,3045.0,2683.0,5728.0,68.76350540216086,2696.0,2525.0,5221.0,62.677070828331324,2365.0,2209.0,4574.0,54.90996398559423,2696.0,2525.0,5221.0,62.677070828331324,2365.0,2209.0,4574.0,54.90996398559423
CITY OF MARIKINA,1380700000,NCR,,City,1st,2022,2050.0,2092.0,4142.0,49.93971545695683,3927.0,4016.0,7943.0,95.7680250783699,3579.0,3672.0,7251.0,87.42464432119604,3023.0,3075.0,6098.0,73.52302869544249,2906.0,2857.0,5763.0,69.48396431155052,2884.0,2806.0,5690.0,68.60380998312033,3051.0,3066.0,6117.0,73.7521099590065,2906.0,2861.0,5767.0,69.53219194598505,2891.0,2783.0,5674.0,68.4108994453822,2719.0,2625.0,5344.0,64.4321196045334,2486.0,2241.0,4727.0,56.993006993006986,2869.0,2879.0,5748.0,69.30311068242104,2765.0,2707.0,5472.0,65.97540390643839,2729.0,2664.0,5393.0,65.0229081263564,2757.0,2495.0,5252.0,63.322884012539184,8977.0,2144.0,4502.0,50.15038431547288,2151.0,1965.0,4116.0,45.850506850841036,406.0,370.0,776.0,10.321894120776802
CITY OF MARIKINA,1380700000,NCR,,City,1st,2023,2080.0,1933.0,4013.0,48.105969791416925,4673.0,4515.0,9188.0,110.14145288899545,4562.0,4343.0,8905.0,106.74898105969793,2970.0,2794.0,5764.0,69.09614001438504,2843.0,2739.0,5582.0,66.91440901462478,2870.0,2669.0,5539.0,66.39894509709902,2989.0,2798.0,5787.0,69.3718532725965,2871.0,2755.0,5626.0,67.44186046511628,2792.0,2678.0,5470.0,65.57180532246464,2741.0,2630.0,5371.0,64.3850395588588,2420.0,2349.0,4769.0,57.16854471349796,2934.0,2759.0,5693.0,68.24502517381923,2783.0,2695.0,5478.0,65.66770558619037,2735.0,2636.0,5371.0,64.3850395588588,2573.0,2497.0,5070.0,60.77679213617837,2196.0,2243.0,4439.0,48.9038228489589,1910.0,1954.0,3864.0,42.56913077007822,286.0,283.0,569.0,7.060429333664227
CITY OF MARIKINA,1380700000,NCR,,City,1st,2024,1455.0,1426.0,2881.0,34.30170258364091,4092.0,3956.0,8048.0,95.82093106322182,3955.0,3861.0,7816.0,93.0586974639838,2436.0,2455.0,4891.0,58.23312299083224,2392.0,2325.0,4717.0,56.16144779140374,2157.0,2075.0,4232.0,50.38695082747946,2527.0,2514.0,5041.0,60.019049886891295,2468.0,2432.0,4900.0,58.34027860459579,2392.0,2276.0,4668.0,55.57804500535778,2428.0,2313.0,4741.0,56.44719609477319,2298.0,2085.0,4383.0,52.18478390284558,2322.0,2230.0,4552.0,54.19692820573878,1696.0,1638.0,3334.0,39.69520180973925,1671.0,1544.0,3215.0,38.278366472199075,2302.0,2129.0,4431.0,52.75628050958447,9135.0,1970.0,4001.0,43.798576902025175,1698.0,1627.0,3325.0,36.39846743295019,346.0,327.0,673.0,8.292262198127156
CITY OF MARIKINA,1380700000,NCR,,City,1st,2025,1435.0,1386.0,2821.0,33.3451536643026,2298.0,2267.0,4565.0,49.6033901988482,2183.0,2108.0,4291.0,46.626100184722375,2366.0,2259.0,4625.0,50.25535151581006,2341.0,2276.0,4617.0,50.16842334021515,2481.0,2347.0,4828.0,52.461153971531026,2316.0,2267.0,4583.0,49.79897859393676,2357.0,2231.0,4588.0,49.85330870368358,2342.0,2234.0,4576.0,49.72291644029121,2291.0,2209.0,4500.0,48.89709877213952,1977.0,1936.0,3913.0,42.518743887862655,2405.0,2401.0,4806.0,52.22210148864501,2926.0,2799.0,5725.0,62.20797566011084,2843.0,2688.0,5531.0,60.09996740193415,1994.0,1952.0,3946.0,42.877322612191676,1525.0,1615.0,3140.0,34.11930892100402,1514.0,1608.0,3122.0,34.17624521072797,295.0,253.0,548.0,9.432013769363166
CITY OF MUNTINLUPA,1380800000,NCR,,City,1st,2018,3548.0,3413.0,6961.0,76.14307591336687,5755.0,5489.0,11244.0,78.84756334101614,5102.0,5010.0,10112.0,70.90951267381315,5664.0,5174.0,10838.0,76.00052396744333,5622.0,5023.0,10645.0,74.64712840315872,5544.0,5187.0,10731.0,75.25019585667415,5626.0,5150.0,10776.0,75.56575440793222,5495.0,4986.0,10481.0,73.49709279412933,5516.0,5120.0,10636.0,74.58401669290711,0.0,0.0,0.0,0.0,0.0,0.0,0.0,0.0,0.0,0.0,0.0,0.0,0.0,0.0,0.0,0.0,0.0,0.0,0.0,0.0,5204.0,4919.0,10123.0,70.98664920856514,4175.0,3957.0,8132.0,57.024936418458125,5067.0,4871.0,9938.0,69.68935294228196,328.0,331.0,659.0,4.621179672868164
CITY OF MUNTINLUPA,1380800000,NCR,,City,1st,2019,2626.0,2494.0,5120.0,51.41768549857287,4750.0,4354.0,9104.0,91.42707202714989,4329.0,4049.0,8378.0,84.13620490371943,5045.0,4686.0,9731.0,97.72372999738528,5031.0,4647.0,9678.0,97.19147661234146,5043.0,4748.0,9791.0,98.32628099932168,4984.0,4679.0,9663.0,97.04083886185735,5042.0,4688.0,9730.0,97.71368748068635,5052.0,4703.0,9755.0,97.96475039815984,4062.0,3857.0,7919.0,79.52668973890597,0.0,0.0,0.0,0.0,0.0,0.0,0.0,0.0,0.0,0.0,0.0,0.0,0.0,0.0,0.0,0.0,5192.0,4814.0,10006.0,100.48542208959378,4537.0,4167.0,8704.0,87.41006534757389,4998.0,4724.0,9722.0,97.63334734709483,1299.0,1166.0,2465.0,24.754803662887134
CITY OF MUNTINLUPA,1380800000,NCR,,City,1st,2020,2660.0,2695.0,5355.0,57.254356890837165,3750.0,3615.0,7365.0,78.74478776863039,2706.0,2561.0,5267.0,56.313482305142735,4088.0,3857.0,7945.0,84.94600662888912,3929.0,3705.0,7634.0,81.62087030899177,3737.0,3598.0,7335.0,78.42403506896183,4063.0,3894.0,7957.0,85.07430770875655,3899.0,3681.0,7580.0,81.04351544958837,3724.0,3562.0,7286.0,77.90013899283652,2871.0,2747.0,5618.0,60.06628889126483,0.0,0.0,0.0,0.0,3262.0,3138.0,6400.0,68.42724259595852,2898.0,2742.0,5640.0,60.30150753768844,2937.0,2768.0,5705.0,60.996471720303646,3872.0,3675.0,7547.0,80.69068747995296,3366.0,3150.0,6516.0,69.66748636801027,3872.0,3675.0,7547.0,80.69068747995296,3366.0,3150.0,6516.0,69.66748636801027
CITY OF MUNTINLUPA,1380800000,NCR,,City,1st,2021,2894.0,2832.0,5726.0,61.457550713749065,3298.0,3121.0,6419.0,68.89556724267469,2840.0,2693.0,5533.0,59.38606847697757,3624.0,3367.0,6991.0,75.034882472899,3633.0,3420.0,7053.0,75.70033272512612,3703.0,3495.0,7198.0,77.25662766985081,3568.0,3345.0,6913.0,74.19770312332295,3579.0,3385.0,6964.0,74.74508962112269,3656.0,3487.0,7143.0,76.66630889771385,3564.0,3401.0,6965.0,74.75582268970699,0.0,0.0,0.0,0.0,3143.0,2953.0,6096.0,65.42878608994312,3188.0,3019.0,6207.0,66.62015670280134,2945.0,2872.0,5817.0,62.43425995492111,3948.0,3599.0,7547.0,81.0024686057744,3349.0,3127.0,6476.0,69.50735215198026,3948.0,3599.0,7547.0,81.0024686057744,3349.0,3127.0,6476.0,69.50735215198026
CITY OF MUNTINLUPA,1380800000,NCR,,City,1st,2022,3341.0,3057.0,6398.0,68.93653701109794,3608.0,3338.0,6946.0,74.8410731602198,3043.0,2873.0,5916.0,63.743131128111195,3824.0,3529.0,7353.0,79.22637646805302,3743.0,3566.0,7309.0,78.75228962396294,3814.0,3616.0,7430.0,80.05602844521064,3767.0,3465.0,7232.0,77.9226376468053,3716.0,3530.0,7246.0,78.07348346083396,3766.0,3595.0,7361.0,79.31257407606938,3705.0,3494.0,7199.0,77.56707251373774,3546.0,3390.0,6936.0,74.73332615019933,3815.0,3541.0,7356.0,79.25870057105915,3908.0,3820.0,7728.0,83.26688934382071,3991.0,3895.0,7886.0,84.96929210214417,3978.0,3806.0,7784.0,83.87027259993535,10045.0,4119.0,8350.0,83.12593330014933,3112.0,2965.0,6077.0,60.497760079641616,956.0,952.0,1908.0,22.679186972542496
CITY OF MUNTINLUPA,1380800000,NCR,,City,1st,2023,2932.0,2871.0,5803.0,58.7288735957899,2998.0,2955.0,5953.0,60.246938568970755,2406.0,2365.0,4771.0,48.284586580305636,3794.0,3558.0,7352.0,74.40542455217083,3732.0,3437.0,7169.0,72.5533852848902,3744.0,3526.0,7270.0,73.57554903349863,3806.0,3562.0,7368.0,74.56735148264346,3714.0,3425.0,7139.0,72.24977229025401,3664.0,3509.0,7173.0,72.59386701750834,3494.0,3287.0,6781.0,68.62665722092906,3264.0,3063.0,6327.0,64.03198056876835,3681.0,3354.0,7035.0,71.19724724218196,3573.0,3322.0,6895.0,69.7803866005465,3622.0,3486.0,7108.0,71.93603886246332,3770.0,3549.0,7319.0,74.07145025807105,3654.0,3515.0,7169.0,66.9124509986933,3330.0,3129.0,6459.0,60.285607616203094,430.0,402.0,832.0,9.077023783547894
CITY OF MUNTINLUPA,1380800000,NCR,,City,1st,2024,2647.0,2686.0,5333.0,53.6033772238416,3656.0,3480.0,7136.0,71.7258015880993,3282.0,3029.0,6311.0,63.433510905618654,2967.0,2880.0,5847.0,58.76972560056287,2791.0,2768.0,5559.0,55.87496230776963,2381.0,2372.0,4753.0,47.77364559252186,3408.0,3201.0,6609.0,66.428786812745,4138.0,3250.0,7388.0,74.2587194692934,3387.0,3273.0,6660.0,66.9414011458438,3274.0,3277.0,6551.0,65.84581364961302,2961.0,2973.0,5934.0,59.64418534526082,2010.0,2080.0,4090.0,41.109659262237415,938.0,971.0,1909.0,19.18785807618856,893.0,877.0,1770.0,17.79073273695849,3358.0,3292.0,6650.0,66.8408885315107,10788.0,3153.0,6446.0,59.75157582499073,2962.0,2934.0,5896.0,54.653318502039305,566.0,534.0,1100.0,11.921534626639211
CITY OF MUNTINLUPA,1380800000,NCR,,City,1st,2025,1913.0,1978.0,3891.0,38.82458591099581,1760.0,1764.0,3524.0,32.422485969270404,1573.0,1653.0,3226.0,29.680743398656727,2780.0,2714.0,5494.0,50.547428466280245,2939.0,2864.0,5803.0,53.39037629956758,3167.0,3213.0,6380.0,58.69905235072223,2739.0,2627.0,5366.0,49.36976722789585,2816.0,2742.0,5558.0,51.136259085472446,2769.0,2810.0,5579.0,51.32946913239489,2799.0,2795.0,5594.0,51.467476308768056,2619.0,2538.0,5157.0,47.44686723709633,3252.0,3086.0,6338.0,58.312632256877365,3846.0,3792.0,7638.0,70.27325420921888,3605.0,3681.0,7286.0,67.03468580366179,2740.0,2655.0,5395.0,49.63658110221731,2550.0,2533.0,5083.0,46.766031833655354,2265.0,2224.0,4489.0,41.61104931405265,436.0,442.0,878.0,17.947669664758788
CITY OF NAVOTAS,1380900000,NCR,,City,1st,2018,2269.0,2341.0,4610.0,82.36555297480793,2437.0,2522.0,4959.0,70.32725787512125,2304.0,2395.0,4699.0,66.64000499197313,2721.0,2849.0,5570.0,78.99230215051934,2579.0,2692.0,5271.0,74.751961334899,2679.0,2682.0,5361.0,76.02831810214258,2720.0,2859.0,5579.0,79.11993782724369,2642.0,2743.0,5385.0,76.36867990674087,2655.0,2833.0,5488.0,77.82939931814185,0.0,0.0,0.0,0.0,0.0,0.0,0.0,0.0,0.0,0.0,0.0,0.0,0.0,0.0,0.0,0.0,0.0,0.0,0.0,0.0,2933.0,2949.0,5882.0,83.41700561029708,2606.0,2734.0,5340.0,75.73050152311907,2846.0,2800.0,5646.0,80.07011453174725,408.0,445.0,853.0,12.097025805097486
CITY OF NAVOTAS,1380900000,NCR,,City,1st,2019,1885.0,1883.0,3768.0,74.66915340903697,2203.0,2192.0,4395.0,87.09419565624138,2105.0,2121.0,4226.0,83.74518107924371,2564.0,2489.0,5053.0,100.13355418680038,2358.0,2373.0,4731.0,93.7525915016332,2367.0,2300.0,4667.0,92.48432562632047,2563.0,2482.0,5045.0,99.97502095238629,2413.0,2378.0,4791.0,94.94159075973889,2357.0,2282.0,4639.0,91.92945930587115,1644.0,1596.0,3240.0,64.20595993770695,0.0,0.0,0.0,0.0,0.0,0.0,0.0,0.0,0.0,0.0,0.0,0.0,0.0,0.0,0.0,0.0,2160.0,2116.0,4276.0,84.73601379433177,2409.0,2451.0,4860.0,96.30893990656043,2630.0,2454.0,5084.0,100.747870470155,162.0,161.0,323.0,6.400779339468935
CITY OF NAVOTAS,1380900000,NCR,,City,1st,2020,1940.0,1825.0,3765.0,81.47587102358797,2144.0,1979.0,4123.0,89.22311188054533,2093.0,1983.0,4076.0,88.20601601384982,2392.0,2229.0,4621.0,100.0,2290.0,2158.0,4448.0,96.2562215970569,2063.0,2056.0,4119.0,89.13655053018827,2389.0,2232.0,4621.0,100.0,2286.0,2165.0,4451.0,96.32114260982472,2044.0,2059.0,4103.0,88.79030512876001,1807.0,1823.0,3630.0,78.554425449037,0.0,0.0,0.0,0.0,2392.0,2229.0,4621.0,100.0,2322.0,2299.0,4621.0,100.0,1825.0,1801.0,3626.0,78.46786409867994,2330.0,2291.0,4621.0,100.0,2288.0,2333.0,4621.0,100,2330.0,2291.0,4621.0,100.0,2288.0,2333.0,4621.0,100
CITY OF NAVOTAS,1380900000,NCR,,City,1st,2021,1566.0,1536.0,3102.0,67.33232038202735,1717.0,1671.0,3388.0,73.54026481441285,1655.0,1614.0,3269.0,70.95723898415454,2189.0,2050.0,4239.0,92.0121554156718,2079.0,2028.0,4107.0,89.14695029303235,1988.0,1975.0,3963.0,86.02127197742566,2174.0,2038.0,4212.0,91.42609073149555,2044.0,2019.0,4063.0,88.19188191881919,1984.0,2143.0,4127.0,89.58107228131105,2017.0,1991.0,4008.0,86.99804645105274,0.0,0.0,0.0,0.0,2112.0,2052.0,4164.0,90.38419795962666,2092.0,2060.0,4152.0,90.12372476665944,2147.0,2076.0,4223.0,91.66485782504884,2060.0,1999.0,4059.0,88.10505752116345,2121.0,2056.0,4177.0,90.6663772520078,2060.0,1999.0,4059.0,88.10505752116345,2121.0,2056.0,4177.0,90.6663772520078
CITY OF NAVOTAS,1380900000,NCR,,City,1st,2022,1651.0,1615.0,3266.0,71.1391853626661,2111.0,2025.0,4136.0,90.08930516227402,1918.0,1812.0,3730.0,81.24591592245697,2356.0,2235.0,4591.0,100.0,2217.0,2070.0,4287.0,93.37834894358528,2121.0,2084.0,4205.0,91.59224569810499,2352.0,2239.0,4591.0,100.0,2216.0,2087.0,4303.0,93.7268568939229,2111.0,2066.0,4177.0,90.98235678501416,1873.0,1722.0,3595.0,78.30538009148333,2285.0,2177.0,4462.0,97.19015465040296,2366.0,2225.0,4591.0,100.0,2181.0,2056.0,4237.0,92.28926159878023,2063.0,2024.0,4087.0,89.02199956436506,2145.0,2076.0,4221.0,91.94075364844261,4969.0,2086.0,4360.0,87.7440128798551,1914.0,1779.0,3693.0,74.32078889112498,313.0,270.0,583.0,14.014423076923077
CITY OF NAVOTAS,1380900000,NCR,,City,1st,2023,1786.0,1827.0,3613.0,69.34740882917467,2155.0,2204.0,4359.0,83.66602687140116,2035.0,2062.0,4097.0,78.63723608445298,2403.0,2406.0,4809.0,92.30326295585412,2300.0,2332.0,4632.0,88.90595009596929,2357.0,2318.0,4675.0,89.73128598848369,2408.0,2398.0,4806.0,92.24568138195778,2310.0,2342.0,4652.0,89.28982725527831,2369.0,2318.0,4687.0,89.96161228406909,2154.0,2132.0,4286.0,82.26487523992323,1934.0,1879.0,3813.0,73.18618042226488,2384.0,2342.0,4726.0,90.71017274472169,2374.0,2308.0,4682.0,89.86564299424185,2253.0,2173.0,4426.0,84.95201535508637,2225.0,2154.0,4379.0,84.04990403071018,2684.0,2753.0,5437.0,96.09402615765288,2516.0,2591.0,5107.0,90.26157652880876,200.0,203.0,403.0,8.202727457765114
CITY OF NAVOTAS,1380900000,NCR,,City,1st,2024,2311.0,2410.0,4721.0,89.70169105073153,2733.0,2793.0,5526.0,104.99714991449744,2683.0,2746.0,5429.0,103.15409462283868,2791.0,2740.0,5531.0,105.09215276458295,2774.0,2772.0,5546.0,105.37716131483946,2688.0,2769.0,5457.0,103.68611058331749,2760.0,2720.0,5480.0,104.12312369371082,2742.0,2723.0,5465.0,103.83811514345432,2763.0,2802.0,5565.0,105.73817214516434,2291.0,2239.0,4530.0,86.07258217746534,2461.0,2429.0,4890.0,92.9127873836215,2219.0,2145.0,4364.0,82.91848755462664,1989.0,1987.0,3976.0,75.54626638799165,2061.0,2144.0,4205.0,79.89739692190766,2776.0,2693.0,5469.0,103.9141174235227,5718.0,2799.0,5568.0,97.37670514165792,2776.0,2666.0,5442.0,95.17313746065058,124.0,130.0,254.0,5.114780507450665
CITY OF NAVOTAS,1380900000,NCR,,City,1st,2025,2411.0,2407.0,4818.0,90.49586776859503,3341.0,3338.0,6679.0,115.51366309235559,2271.0,2330.0,4601.0,79.57454168107921,2900.0,2834.0,5734.0,99.16983742649602,2821.0,2786.0,5607.0,96.97336561743342,2758.0,2732.0,5490.0,94.94984434451746,2991.0,2902.0,5893.0,101.91975095122794,2926.0,2878.0,5804.0,100.38049117952266,2910.0,2872.0,5782.0,100.0,2602.0,2521.0,5123.0,88.60255966793497,2319.0,2284.0,4603.0,79.60913178830855,2542.0,2454.0,4996.0,86.40608785887235,2465.0,2352.0,4817.0,83.31027326184712,2368.0,2305.0,4673.0,80.81978554133518,2838.0,2805.0,5643.0,97.5959875475614,2727.0,2838.0,5565.0,96.24697336561744,2680.0,2791.0,5471.0,95.68030779993005,94.0,102.0,196.0,71.01449275362319
CITY OF PARAÑAQUE,1381000000,NCR,,City,1st,2018,3722.0,3558.0,7280.0,82.37157727992759,5679.0,5198.0,10877.0,57.7946533702301,5530.0,5055.0,10585.0,56.243119051566204,6868.0,6187.0,13055.0,69.36739907588067,6528.0,6049.0,12577.0,66.82755865012264,6254.0,5859.0,12113.0,64.36210685608138,6835.0,6170.0,13005.0,69.10172539117794,6526.0,6020.0,12546.0,66.66284096560695,6240.0,5873.0,12113.0,64.36210685608138,0.0,0.0,0.0,0.0,0.0,0.0,0.0,0.0,0.0,0.0,0.0,0.0,0.0,0.0,0.0,0.0,0.0,0.0,0.0,0.0,5940.0,5564.0,11504.0,61.126201376402236,4960.0,4778.0,9738.0,51.7426068327021,5730.0,5329.0,11059.0,58.761705582548004,324.0,292.0,616.0,3.2730997955375325
CITY OF PARAÑAQUE,1381000000,NCR,,City,1st,2019,3942.0,3636.0,7578.0,59.5589865411086,5069.0,4995.0,10064.0,79.09760366187874,5697.0,5605.0,11302.0,88.82761492314721,6366.0,6331.0,12697.0,99.7915613766767,6398.0,6254.0,12652.0,99.43788568462736,6078.0,6040.0,12118.0,95.2409341389752,6531.0,6430.0,12961.0,101.86645877003282,6448.0,6310.0,12758.0,100.27098842589912,6157.0,6164.0,12321.0,96.83640448310888,5911.0,5819.0,11730.0,92.19146372752758,0.0,0.0,0.0,0.0,0.0,0.0,0.0,0.0,0.0,0.0,0.0,0.0,0.0,0.0,0.0,0.0,6853.0,6709.0,13562.0,106.5899941238473,4362.0,4048.0,8410.0,66.09805711410971,5752.0,5649.0,11401.0,89.60570144565575,440.0,447.0,887.0,6.971340863283629
CITY OF PARAÑAQUE,1381000000,NCR,,City,1st,2020,2625.0,2289.0,4914.0,39.81203921250911,3938.0,3508.0,7446.0,60.325690674876455,3656.0,3331.0,6987.0,56.60698371546625,4554.0,4250.0,8804.0,71.32787814955846,4098.0,3772.0,7870.0,63.760836101434016,3711.0,3542.0,7253.0,58.76205136514624,4469.0,4179.0,8648.0,70.06400388884389,3991.0,3668.0,7659.0,62.05136514623673,3597.0,3457.0,7054.0,57.149801506927,3499.0,3302.0,6801.0,55.10005671230657,0.0,0.0,0.0,0.0,3572.0,3255.0,6827.0,55.31070242242566,3124.0,2829.0,5953.0,48.229765859191446,2592.0,2393.0,4985.0,40.387264036295875,3531.0,3375.0,6906.0,55.95074131086446,3277.0,3157.0,6434.0,52.12671149639472,3531.0,3375.0,6906.0,55.95074131086446,3277.0,3157.0,6434.0,52.12671149639472
CITY OF PARAÑAQUE,1381000000,NCR,,City,1st,2021,3164.0,2738.0,5902.0,47.99154334038055,3754.0,3300.0,7054.0,57.35892014961782,3334.0,2956.0,6290.0,51.146527890713934,4106.0,3743.0,7849.0,63.82338591640917,3911.0,3528.0,7439.0,60.48951048951049,3777.0,3486.0,7263.0,59.058383476988126,4125.0,3727.0,7852.0,63.8477801268499,3882.0,3614.0,7496.0,60.95300048788421,3793.0,3487.0,7280.0,59.19661733615222,4414.0,3954.0,8368.0,68.0435843226541,0.0,0.0,0.0,0.0,4170.0,3777.0,7947.0,64.62026345747276,4009.0,3634.0,7643.0,62.14831679947959,3815.0,3485.0,7300.0,59.35924540575704,3428.0,3133.0,6561.0,53.35013823385917,2970.0,2864.0,5834.0,47.43860790372418,3428.0,3133.0,6561.0,53.35013823385917,2970.0,2864.0,5834.0,47.43860790372418
CITY OF PARAÑAQUE,1381000000,NCR,,City,1st,2022,3441.0,3148.0,6589.0,53.79214629765695,4453.0,4054.0,8507.0,69.45056739325659,3934.0,3486.0,7420.0,60.57637358151686,4209.0,3842.0,8051.0,65.72781451547066,4078.0,3694.0,7772.0,63.45007755735163,4052.0,3575.0,7627.0,62.26630745366969,4212.0,3806.0,8018.0,65.45840476773614,4103.0,3674.0,7777.0,63.49089721609927,4290.0,3854.0,8144.0,66.487060168177,4008.0,3614.0,7622.0,62.22548779492203,4219.0,2860.0,7079.0,57.792472854926935,4245.0,3878.0,8123.0,66.31561760143686,4183.0,3893.0,8076.0,65.93191280920891,4754.0,4356.0,9110.0,74.37341823822354,4594.0,4202.0,8796.0,71.80994366887093,13256.0,3869.0,8000.0,60.35003017501509,5894.0,5521.0,11415.0,86.11194930597466,1121.0,995.0,2116.0,19.057912275961453
CITY OF PARAÑAQUE,1381000000,NCR,,City,1st,2023,3065.0,2880.0,5945.0,44.76656626506024,3853.0,3612.0,7465.0,56.212349397590366,3389.0,3194.0,6583.0,49.570783132530124,3914.0,3542.0,7456.0,56.144578313253014,3766.0,3460.0,7226.0,54.41265060240964,3705.0,3380.0,7085.0,53.350903614457835,3894.0,3562.0,7456.0,56.144578313253014,3743.0,3455.0,7198.0,54.20180722891567,3715.0,3468.0,7183.0,54.088855421686745,3574.0,3287.0,6861.0,51.66415662650602,2837.0,2560.0,5397.0,40.640060240963855,3885.0,3581.0,7466.0,56.21987951807229,3776.0,3429.0,7205.0,54.25451807228916,3581.0,3358.0,6939.0,52.251506024096386,5907.0,5264.0,11171.0,84.11897590361446,5745.0,5308.0,11053.0,76.75694444444444,5612.0,5230.0,10842.0,75.29166666666667,439.0,376.0,815.0,6.616333820425393
CITY OF PARAÑAQUE,1381000000,NCR,,City,1st,2024,2979.0,2862.0,5841.0,43.63840119536795,6935.0,6948.0,13883.0,103.72058274187523,6678.0,6667.0,13345.0,99.70115801270079,6672.0,6636.0,13308.0,99.42472917444901,6456.0,6487.0,12943.0,96.69779604034366,6126.0,6580.0,12706.0,94.92715726559582,6787.0,7031.0,13818.0,103.23496451251401,6880.0,6911.0,13791.0,103.03324617108704,6867.0,6896.0,13763.0,102.8240567799776,6726.0,6725.0,13451.0,100.4930892790437,6021.0,6008.0,12029.0,89.86925663055659,6196.0,6216.0,12412.0,92.73066865894658,5052.0,5145.0,10197.0,76.18229361225252,5037.0,5099.0,10136.0,75.72655958162122,6345.0,6446.0,12791.0,95.56219648860666,14517.0,6293.0,12692.0,87.42853206585383,6273.0,6191.0,12464.0,85.8579596335331,575.0,520.0,1095.0,8.8221076377699
CITY OF PARAÑAQUE,1381000000,NCR,,City,1st,2025,4793.0,4621.0,9414.0,69.75917006298629,7536.0,7395.0,14931.0,102.03649285860725,7210.0,6972.0,14182.0,96.91792523747694,7164.0,7015.0,14179.0,96.8974236315178,6999.0,6878.0,13877.0,94.83359529829836,6919.0,6864.0,13783.0,94.19121164491219,7123.0,6956.0,14079.0,96.21403676621335,6930.0,6808.0,13738.0,93.88368755552519,6800.0,6770.0,13570.0,92.73559762181371,6764.0,6728.0,13492.0,92.20255586687624,6597.0,6489.0,13086.0,89.42800519374018,7511.0,7246.0,14757.0,100.84739971297752,7996.0,7849.0,15845.0,108.28264880748992,7647.0,7635.0,15282.0,104.43518075582587,7276.0,7153.0,14429.0,98.60589079477893,7183.0,7169.0,14352.0,98.0796829084945,7178.0,7159.0,14337.0,98.76007439553626,247.0,242.0,489.0,23.818801753531417
CITY OF PASAY,1381100000,NCR,,City,1st,2018,3860.0,3398.0,7258.0,96.42619901687259,5709.0,5484.0,11193.0,95.07021079035425,4878.0,4567.0,9445.0,80.22318778834057,4282.0,4014.0,8296.0,70.46390321779495,3971.0,3849.0,7820.0,66.42089237742967,3882.0,3698.0,7580.0,64.3823995167413,4270.0,3998.0,8268.0,70.22607905071465,3951.0,3846.0,7797.0,66.2255368116137,3884.0,3697.0,7581.0,64.39089323699416,0.0,0.0,0.0,0.0,0.0,0.0,0.0,0.0,0.0,0.0,0.0,0.0,0.0,0.0,0.0,0.0,0.0,0.0,0.0,0.0,3964.0,3904.0,7868.0,66.82859094956734,3611.0,3445.0,7056.0,59.931690104238335,3887.0,3804.0,7691.0,65.32520246480966,98.0,110.0,208.0,1.7666938125965945
CITY OF PASAY,1381100000,NCR,,City,1st,2019,3705.0,3298.0,7003.0,91.73539473312566,4448.0,3958.0,8406.0,110.11391234137574,4047.0,3619.0,7666.0,100.42032500701718,4032.0,3598.0,7630.0,99.94874508264297,3771.0,3480.0,7251.0,94.98405643437015,3646.0,3420.0,7066.0,92.56065960078051,4027.0,3586.0,7613.0,99.7260545627996,3775.0,3467.0,7242.0,94.8661614532766,3975.0,3419.0,7394.0,96.85727668952322,3495.0,3209.0,6704.0,87.81866147235105,0.0,0.0,0.0,0.0,2076.0,1889.0,3965.0,51.939288892880654,1362.0,1228.0,2590.0,33.927555670254954,702.0,739.0,1441.0,18.876296417311732,3833.0,3466.0,7299.0,95.61282966686908,3636.0,3336.0,6972.0,91.3293120204701,3646.0,3369.0,7015.0,91.89258804125039,208.0,186.0,394.0,5.161180283428746
CITY OF PASAY,1381100000,NCR,,City,1st,2020,2128.0,1998.0,4126.0,53.39026915113871,2918.0,2922.0,5840.0,75.56935817805382,2803.0,2789.0,5592.0,72.36024844720497,2725.0,2739.0,5464.0,70.70393374741201,2256.0,2487.0,4743.0,61.37422360248447,2284.0,2238.0,4522.0,58.514492753623195,2719.0,2758.0,5477.0,70.87215320910974,2437.0,2476.0,4913.0,63.574016563147,2269.0,2208.0,4477.0,57.93219461697723,2146.0,2424.0,4570.0,59.135610766045545,0.0,0.0,0.0,0.0,2070.0,2055.0,4125.0,53.37732919254658,1970.0,1978.0,3948.0,51.08695652173913,2018.0,2240.0,4258.0,55.09834368530021,2280.0,2057.0,4337.0,56.120600414078666,1919.0,1788.0,3707.0,47.9684265010352,2280.0,2057.0,4337.0,56.120600414078666,1919.0,1788.0,3707.0,47.9684265010352
CITY OF PASAY,1381100000,NCR,,City,1st,2021,2032.0,2011.0,4043.0,52.5064935064935,3461.0,3406.0,6867.0,89.18181818181819,3263.0,3200.0,6463.0,83.93506493506494,3349.0,3211.0,6560.0,85.19480519480518,3118.0,3654.0,6772.0,87.94805194805195,3031.0,3148.0,6179.0,80.24675324675324,3318.0,3178.0,6496.0,84.36363636363636,3026.0,3194.0,6220.0,80.77922077922078,3041.0,3793.0,6834.0,88.75324675324676,2803.0,3016.0,5819.0,75.57142857142857,0.0,0.0,0.0,0.0,2972.0,2925.0,5897.0,76.5844155844156,2648.0,2742.0,5390.0,70.0,2777.0,2956.0,5733.0,74.45454545454545,3120.0,2982.0,6102.0,79.24675324675324,3084.0,2961.0,6045.0,78.5064935064935,3120.0,2982.0,6102.0,79.24675324675324,3084.0,2961.0,6045.0,78.5064935064935
CITY OF PASAY,1381100000,NCR,,City,1st,2022,3558.0,3236.0,6794.0,88.69451697127937,3998.0,3662.0,7660.0,100.0,3832.0,3518.0,7350.0,95.95300261096605,3543.0,3178.0,6721.0,87.74151436031332,3422.0,3218.0,6640.0,86.68407310704961,3294.0,3124.0,6418.0,83.78590078328982,3536.0,3183.0,6719.0,87.71540469973891,3356.0,3139.0,6495.0,84.7911227154047,3320.0,3154.0,6474.0,84.51697127937337,3464.0,3196.0,6660.0,86.94516971279373,3758.0,3433.0,7191.0,93.87728459530025,3309.0,2960.0,6269.0,81.84073107049609,3190.0,2945.0,6135.0,80.09138381201043,2924.0,2895.0,5819.0,75.96605744125327,3560.0,3262.0,6822.0,89.06005221932115,8301.0,3847.0,7830.0,94.32598482110589,2686.0,2533.0,5219.0,62.87194313938079,1311.0,1321.0,2632.0,37.85416367035812
CITY OF PASAY,1381100000,NCR,,City,1st,2023,3887.0,3745.0,7632.0,106.98065601345668,4349.0,4139.0,8488.0,118.97953462293242,4246.0,4125.0,8371.0,117.3395009812167,3183.0,3082.0,6265.0,87.81889543033361,3009.0,2950.0,5959.0,83.5295766750771,2939.0,2863.0,5802.0,81.32884777123634,3201.0,3101.0,6302.0,88.33753854779927,3039.0,2951.0,5990.0,83.96411550322401,2916.0,2851.0,5767.0,80.83823941687692,2891.0,2914.0,5805.0,81.3708999158957,2775.0,2565.0,5340.0,74.85281749369219,3014.0,2868.0,5882.0,82.4502382954864,2878.0,2828.0,5706.0,79.98317914213625,2718.0,2635.0,5353.0,75.0350434538828,2928.0,2701.0,5629.0,78.90384076254556,3244.0,3090.0,6334.0,82.31319038336582,3046.0,2905.0,5951.0,77.33593242365173,201.0,188.0,389.0,6.4974110572907975
CITY OF PASAY,1381100000,NCR,,City,1st,2024,4033.0,3760.0,7793.0,109.31406929443119,4586.0,4306.0,8892.0,124.72997615373825,4452.0,4218.0,8670.0,121.61593491373264,3451.0,3200.0,6651.0,93.29499228503296,3104.0,2916.0,6020.0,84.44382101276476,2952.0,2704.0,5656.0,79.33791555617898,3637.0,3329.0,6966.0,97.71356431477065,3379.0,3127.0,6506.0,91.26104643007434,3301.0,2983.0,6284.0,88.14700519006873,3400.0,3076.0,6476.0,90.8402300462898,3056.0,2766.0,5822.0,81.66643287978678,2863.0,2657.0,5520.0,77.43021461635573,2349.0,2176.0,4525.0,63.47313788750175,2188.0,2046.0,4234.0,59.39121896479169,3200.0,2931.0,6131.0,86.00084163276756,7684.0,3286.0,6860.0,89.27641853201457,3202.0,2975.0,6177.0,80.3878188443519,364.0,303.0,667.0,11.120373457819273
CITY OF PASAY,1381100000,NCR,,City,1st,2025,3918.0,3769.0,7687.0,107.01656689405542,4325.0,4097.0,8422.0,108.7551652892562,4241.0,4013.0,8254.0,106.58574380165288,3603.0,3344.0,6947.0,89.70816115702479,3360.0,3226.0,6586.0,85.04648760330579,3375.0,3154.0,6529.0,84.31043388429752,3462.0,3209.0,6671.0,86.14411157024794,3273.0,3082.0,6355.0,82.06353305785123,3329.0,3016.0,6345.0,81.93440082644628,3318.0,3094.0,6412.0,82.7995867768595,2969.0,2859.0,5828.0,75.25826446280992,3613.0,3423.0,7036.0,90.85743801652893,3694.0,3530.0,7224.0,93.28512396694215,3471.0,3252.0,6723.0,86.81559917355372,3150.0,3029.0,6179.0,79.79080578512396,3288.0,3085.0,6373.0,82.29597107438018,3288.0,3085.0,6373.0,82.93857365955232,291.0,265.0,556.0,36.894492368944924
CITY OF PASIG,1381200000,NCR,,City,1st,2018,6136.0,5307.0,11443.0,73.92118863049095,9784.0,9278.0,19062.0,89.28639179273416,8250.0,7783.0,16033.0,75.09855836810969,8417.0,7746.0,16163.0,75.70747825757856,8038.0,7735.0,15773.0,73.88071858917196,8050.0,7819.0,15869.0,74.33038250754898,8289.0,7757.0,16046.0,75.15945035705658,7895.0,7547.0,15442.0,72.33031487060126,8018.0,7958.0,15976.0,74.83157041657334,0.0,0.0,0.0,0.0,0.0,0.0,0.0,0.0,0.0,0.0,0.0,0.0,0.0,0.0,0.0,0.0,0.0,0.0,0.0,0.0,8300.0,8526.0,16826.0,78.81296969386975,7182.0,7159.0,14341.0,67.17323180671497,8444.0,8362.0,16806.0,78.71928971087453,927.0,895.0,1822.0,8.534246450863584
CITY OF PASIG,1381200000,NCR,,City,1st,2019,4894.0,4703.0,9597.0,59.75523988941491,10401.0,9966.0,20367.0,126.81410553586679,8656.0,8443.0,17099.0,106.46606719486356,7245.0,6994.0,14239.0,88.65842042152538,7119.0,6860.0,13979.0,87.03954344213099,6919.0,6774.0,13693.0,85.25877876479717,7281.0,7000.0,14281.0,88.91993131819677,7343.0,7132.0,14475.0,90.1278626028218,7396.0,7240.0,14636.0,91.13032104006219,5809.0,5805.0,11614.0,72.31398937956287,0.0,0.0,0.0,0.0,0.0,0.0,0.0,0.0,0.0,0.0,0.0,0.0,0.0,0.0,0.0,0.0,7334.0,7022.0,14356.0,89.38691506225285,6314.0,5749.0,12063.0,75.10966539397856,6843.0,6524.0,13367.0,83.22895609063345,1331.0,1131.0,2462.0,15.329519704880642
CITY OF PASIG,1381200000,NCR,,City,1st,2020,4085.0,3553.0,7638.0,54.57273506716205,6730.0,6285.0,13015.0,92.99085452986567,6173.0,5781.0,11954.0,85.4101171763361,5564.0,5086.0,10650.0,76.09316947699342,5195.0,4889.0,10084.0,72.04915690197198,5073.0,4810.0,9883.0,70.61303229494142,5492.0,5065.0,10557.0,75.42869391254644,5161.0,4868.0,10029.0,71.65618748213775,5015.0,4842.0,9857.0,70.42726493283796,4659.0,4466.0,9125.0,65.19719919977136,0.0,0.0,0.0,0.0,4305.0,3948.0,8253.0,58.96684767076308,3984.0,3712.0,7696.0,54.987139182623615,3569.0,3375.0,6944.0,49.6141754787082,5137.0,5096.0,10233.0,73.11374678479565,3873.0,3862.0,7735.0,55.2657902257788,5137.0,5096.0,10233.0,73.11374678479565,3873.0,3862.0,7735.0,55.2657902257788
CITY OF PASIG,1381200000,NCR,,City,1st,2021,2854.0,2692.0,5546.0,39.744876021212555,5203.0,5006.0,10209.0,73.16181740002867,3646.0,3382.0,7028.0,50.3654865988247,4647.0,4327.0,8974.0,64.31130858535187,4589.0,4291.0,8880.0,63.63766661889064,4397.0,4224.0,8621.0,61.78156800917299,4725.0,4319.0,9044.0,64.81295685824853,4596.0,4324.0,8920.0,63.92432277483159,4415.0,4220.0,8635.0,61.881897663752326,4471.0,4210.0,8681.0,62.21155224308442,0.0,0.0,0.0,0.0,4237.0,3903.0,8140.0,58.33452773398309,4086.0,3711.0,7797.0,55.87645119678945,3524.0,3447.0,6971.0,49.95700157660885,4270.0,4088.0,8358.0,59.896803783861266,3663.0,3562.0,7225.0,51.77726816683388,4270.0,4088.0,8358.0,59.896803783861266,3663.0,3562.0,7225.0,51.77726816683388
CITY OF PASIG,1381200000,NCR,,City,1st,2022,4951.0,5008.0,9959.0,71.67842234057866,7028.0,6866.0,13894.0,100.0,7003.0,6891.0,13894.0,100.0,6825.0,6439.0,13264.0,95.46566863394271,6777.0,6545.0,13322.0,95.88311501367497,6828.0,6595.0,13423.0,96.61004750251907,6796.0,6398.0,13194.0,94.96185403771412,6768.0,6496.0,13264.0,95.46566863394271,6724.0,6544.0,13268.0,95.49445803944148,6592.0,6288.0,12880.0,92.70188570606017,4915.0,5655.0,10570.0,76.07600403051677,6918.0,6594.0,13512.0,97.25061177486684,7010.0,6701.0,13711.0,98.68288469843097,7034.0,6860.0,13894.0,100.0,7145.0,6675.0,13820.0,99.46739599827264,15041.0,6770.0,14103.0,93.76371251911442,6721.0,5876.0,12597.0,83.75108038029386,2195.0,2239.0,4434.0,35.210037322321924
CITY OF PASIG,1381200000,NCR,,City,1st,2023,3417.0,3279.0,6696.0,37.86901934170343,8194.0,7847.0,16041.0,90.71937563624024,7602.0,7308.0,14910.0,84.32304038004752,6147.0,5952.0,12099.0,68.4255174753987,6067.0,5850.0,11917.0,67.39622214681597,6037.0,5819.0,11856.0,67.05123854767561,6077.0,5905.0,11982.0,67.7638276213098,6030.0,5817.0,11847.0,67.0003393281303,5865.0,5625.0,11490.0,64.98133695283339,5142.0,4849.0,9991.0,56.50378916412171,4269.0,4087.0,8356.0,47.257097613392155,5883.0,5653.0,11536.0,65.24148851939826,5845.0,5645.0,11490.0,64.98133695283339,5885.0,5679.0,11564.0,65.39984164687253,5135.0,4908.0,10043.0,56.79787354371677,7667.0,7368.0,15035.0,78.79979035639413,7610.0,7324.0,14934.0,78.27044025157232,1459.0,1402.0,2861.0,18.653018646498893
CITY OF PASIG,1381200000,NCR,,City,1st,2024,5009.0,4999.0,10008.0,56.048387096774185,9306.0,8903.0,18209.0,101.97692652329748,8969.0,8546.0,17515.0,98.09027777777779,7190.0,6839.0,14029.0,78.56742831541219,6931.0,6755.0,13686.0,76.64650537634408,6812.0,6673.0,13485.0,75.52083333333334,7024.0,6613.0,13637.0,76.37208781362007,6805.0,6700.0,13505.0,75.63284050179212,6877.0,6819.0,13696.0,76.70250896057348,6461.0,6247.0,12708.0,71.16935483870968,5940.0,5868.0,11808.0,66.12903225806451,5209.0,4914.0,10123.0,56.692428315412194,4128.0,4073.0,8201.0,45.928539426523294,4141.0,4107.0,8248.0,46.191756272401435,6582.0,6387.0,12969.0,72.63104838709677,19265.0,8177.0,16523.0,85.7669348559564,8317.0,8145.0,16462.0,85.45029846872568,859.0,786.0,1645.0,10.61427280939476
CITY OF PASIG,1381200000,NCR,,City,1st,2025,6659.0,6529.0,13188.0,73.0718085106383,9791.0,9760.0,19551.0,100.39024390243902,9377.0,9276.0,18653.0,95.77920410783055,10101.0,9853.0,19954.0,102.45956354300385,9759.0,9451.0,19210.0,98.6392811296534,9719.0,9392.0,19111.0,98.13093709884467,9976.0,9746.0,19722.0,101.26829268292683,9707.0,9359.0,19066.0,97.89987163029525,9581.0,9267.0,18848.0,96.78048780487805,9479.0,9181.0,18660.0,95.81514762516046,8784.0,8477.0,17261.0,88.63157894736841,10300.0,9992.0,20292.0,104.19512195121952,10878.0,10092.0,20970.0,107.67650834403082,10300.0,9964.0,20264.0,104.05134788189987,9415.0,9057.0,18472.0,94.84980744544288,9488.0,9195.0,18683.0,95.93324775353017,9442.0,9142.0,18584.0,96.46509213599792,513.0,468.0,981.0,34.99821619693186
CITY OF QUEZON,1381300000,NCR,,City,1st,2018,41295.0,41965.0,83260.0,122.8023598820059,45837.0,46043.0,91880.0,110.70927788210693,44079.0,44418.0,88497.0,106.6329882970485,37198.0,37226.0,74424.0,89.67596100454861,35059.0,35539.0,70598.0,85.06588593732025,35007.0,35007.0,70014.0,84.36220485021587,43093.0,43104.0,86197.0,103.86164154989083,41695.0,42133.0,83828.0,101.00715440031844,41416.0,41455.0,82871.0,99.85403316682721,0.0,0.0,0.0,0.0,0.0,0.0,0.0,0.0,0.0,0.0,0.0,0.0,0.0,0.0,0.0,0.0,0.0,0.0,0.0,0.0,43717.0,43332.0,87049.0,104.8882447797075,40997.0,40912.0,81909.0,98.6948872664943,42384.0,42138.0,84522.0,101.84337815793907,1657.0,1640.0,3297.0,3.9726653153820917
CITY OF QUEZON,1381300000,NCR,,City,1st,2019,39035.0,38497.0,77532.0,144.24492487563674,43994.0,40762.0,84756.0,157.68486370478598,41582.0,34688.0,76270.0,141.89702858516242,27619.0,24605.0,52224.0,97.16048801404908,25162.0,22841.0,48003.0,89.30750050050547,26031.0,24013.0,50044.0,93.10469252020282,41797.0,38340.0,80137.0,149.09141444511815,40215.0,36973.0,77188.0,143.60492778853438,39423.0,36151.0,75574.0,140.60215075776932,29199.0,27279.0,56478.0,105.07487059699494,0.0,0.0,0.0,0.0,4897.0,3529.0,8426.0,15.676207720710353,2380.0,1622.0,4002.0,7.445547507510423,575.0,480.0,1055.0,1.9627817642237624,36104.0,34453.0,70557.0,131.26823975197726,33801.0,32544.0,66345.0,123.43199634827064,33327.0,30892.0,64219.0,119.47666551344626,2101.0,2182.0,4283.0,7.968335825753909
CITY OF QUEZON,1381300000,NCR,,City,1st,2020,22442.0,22506.0,44948.0,82.60525977248085,25145.0,25165.0,50310.0,92.45952254056935,23721.0,23828.0,47549.0,87.38536746733317,16798.0,16422.0,33220.0,61.05158693694521,15064.0,14878.0,29942.0,55.02729127230626,14389.0,14223.0,28612.0,52.58302243949057,23806.0,23224.0,47030.0,86.43155128370059,21660.0,21555.0,43215.0,79.42035910536084,20400.0,20792.0,41192.0,75.70249756492015,18706.0,18999.0,37705.0,69.29410251226729,0.0,0.0,0.0,0.0,13940.0,13567.0,27507.0,50.55225773252715,11513.0,11462.0,22975.0,42.22336573980483,9578.0,9480.0,19058.0,35.02471835774539,20274.0,19576.0,39850.0,73.23617517872567,16627.0,16374.0,33001.0,60.649109587782334,20274.0,19576.0,39850.0,73.23617517872567,16627.0,16374.0,33001.0,60.649109587782334
CITY OF QUEZON,1381300000,NCR,,City,1st,2021,23386.0,23591.0,46977.0,86.59993363565978,24558.0,24540.0,49098.0,90.50989934741732,22940.0,23062.0,46002.0,84.80256608782214,23367.0,23120.0,46487.0,85.69664122700291,22204.0,22043.0,44247.0,81.5673045017144,21880.0,22108.0,43988.0,81.08984994285294,24266.0,23914.0,48180.0,88.81760867160712,23455.0,23415.0,46870.0,86.40268406887144,23304.0,23183.0,46487.0,85.69664122700291,20836.0,20638.0,41474.0,76.45540685027467,0.0,0.0,0.0,0.0,21198.0,21397.0,42595.0,78.52191866681414,19347.0,19521.0,38868.0,71.65136599933636,16834.0,17183.0,34017.0,62.70877115363345,22478.0,22059.0,44537.0,82.10190613132765,20647.0,20839.0,41486.0,76.4775282970173,22478.0,22059.0,44537.0,82.10190613132765,20647.0,20839.0,41486.0,76.4775282970173
CITY OF QUEZON,1381300000,NCR,,City,1st,2022,26675.0,27336.0,54011.0,100.0,26639.0,27372.0,54011.0,100.0,26687.0,27324.0,54011.0,100.0,26795.0,27216.0,54011.0,100.0,26755.0,27256.0,54011.0,100.0,26911.0,27100.0,54011.0,100.0,26998.0,27013.0,54011.0,100.0,26780.0,27231.0,54011.0,100.0,26785.0,27226.0,54011.0,100.0,25893.0,26205.0,52098.0,96.45812889966858,22331.0,23181.0,45512.0,84.26431652811465,26970.0,27041.0,54011.0,100.0,26877.0,27134.0,54011.0,100.0,27028.0,26983.0,54011.0,100.0,26752.0,27259.0,54011.0,100.0,58456.0,28690.0,56702.0,96.99945257971808,27938.0,28739.0,56677.0,96.95668537019296,5544.0,5652.0,11196.0,22.868114136318145
CITY OF QUEZON,1381300000,NCR,,City,1st,2023,33785.0,34093.0,67878.0,114.78287337662339,34946.0,35176.0,70122.0,118.57751623376625,34290.0,34603.0,68893.0,116.49925595238095,33286.0,33390.0,66676.0,112.75027056277057,32174.0,32368.0,64542.0,109.1416396103896,31888.0,31770.0,63658.0,107.6467803030303,34084.0,34091.0,68175.0,115.28510551948052,32992.0,33270.0,66262.0,112.0501893939394,32789.0,32698.0,65487.0,110.73965097402598,20591.0,20645.0,41236.0,69.73079004329004,10071.0,10057.0,20128.0,34.03679653679654,27575.0,27761.0,55336.0,93.57413419913419,29227.0,29618.0,58845.0,99.50791396103897,28176.0,28483.0,56659.0,95.81135010822511,32918.0,32782.0,65700.0,111.09983766233766,33809.0,34811.0,68620.0,106.84312962242117,33938.0,34023.0,67961.0,105.81704943557804,4445.0,4338.0,8783.0,15.739015124363846
CITY OF QUEZON,1381300000,NCR,,City,1st,2024,32534.0,32656.0,65190.0,109.36634958981328,33894.0,33747.0,67641.0,113.47828275202576,33348.0,33242.0,66590.0,111.71506702232958,26530.0,26288.0,52818.0,88.61039810760481,23170.0,22898.0,46068.0,77.2862247722583,21920.0,21607.0,43527.0,73.02330263224118,30362.0,29954.0,60316.0,101.18945761403862,28749.0,28279.0,57028.0,95.67332695824315,28418.0,27872.0,56290.0,94.43521734024527,26932.0,26636.0,53568.0,89.86863958930998,25319.0,25010.0,50329.0,84.43471404365259,15519.0,15190.0,30709.0,51.51911688224538,9804.0,10054.0,19858.0,33.31487912493499,9415.0,9467.0,18882.0,31.677487543409335,34065.0,33519.0,67584.0,113.38265639941618,64737.0,33776.0,67807.0,104.74226485626458,32933.0,32672.0,65605.0,101.34080973786243,1850.0,1827.0,3677.0,6.536191695108077
CITY OF QUEZON,1381300000,NCR,,City,1st,2025,28828.0,29613.0,58441.0,97.19593527034444,30944.0,30737.0,61681.0,94.4607798094888,30777.0,30613.0,61390.0,94.01513063187234,30993.0,30416.0,61409.0,94.04422800085761,30936.0,30101.0,61037.0,93.47453214493552,30443.0,30100.0,60543.0,92.71800055131857,29977.0,29438.0,59415.0,90.99053569787743,29442.0,29202.0,58644.0,89.80979509326473,29595.0,29302.0,58897.0,90.19724953291065,29597.0,29099.0,58696.0,89.88942999785598,28661.0,28511.0,57172.0,87.55551471714294,29961.0,29273.0,59234.0,90.71334497228094,30357.0,29871.0,60228.0,92.23559680235229,27329.0,27158.0,54487.0,83.44359704738277,31590.0,31275.0,62865.0,96.27400532941284,31620.0,31250.0,62870.0,96.28166253177739,31583.0,31168.0,62751.0,96.93220260438389,2044.0,1977.0,4021.0,-463.2488479262673
CITY OF SAN JUAN,1381400000,NCR,,City,1st,2018,642.0,602.0,1244.0,60.653339834227204,703.0,641.0,1344.0,38.917164641323595,699.0,645.0,1344.0,38.917164641323595,884.0,831.0,1715.0,49.65992363085564,894.0,858.0,1752.0,50.731303907439695,1000.0,867.0,1867.0,54.06126963195771,855.0,804.0,1659.0,48.03837510413382,869.0,857.0,1726.0,49.97844209146171,1007.0,858.0,1865.0,54.00335718457478,0.0,0.0,0.0,0.0,0.0,0.0,0.0,0.0,0.0,0.0,0.0,0.0,0.0,0.0,0.0,0.0,0.0,0.0,0.0,0.0,1452.0,1342.0,2794.0,80.90368899394207,800.0,877.0,1677.0,48.55958713058012,1465.0,1357.0,2822.0,81.71446325730297,48.0,53.0,101.0,2.9245785928375625
CITY OF SAN JUAN,1381400000,NCR,,City,1st,2019,438.0,387.0,825.0,46.59181194221631,533.0,499.0,1032.0,58.282121120445126,521.0,488.0,1009.0,56.98319787841971,859.0,747.0,1606.0,90.69872724751443,803.0,693.0,1496.0,84.48648565521891,829.0,751.0,1580.0,89.23037923479002,861.0,757.0,1618.0,91.3764263303103,803.0,693.0,1496.0,84.48648565521891,830.0,754.0,1584.0,89.45627892905532,815.0,741.0,1556.0,87.87498106919827,0.0,0.0,0.0,0.0,192.0,190.0,382.0,21.57342080233531,157.0,160.0,317.0,17.90255077052433,66.0,56.0,122.0,6.889940675091381,912.0,845.0,1757.0,99.22644070602917,769.0,620.0,1389.0,78.44366883362237,903.0,833.0,1736.0,98.04046731113638,19.0,22.0,41.0,2.3154718662192346
CITY OF SAN JUAN,1381400000,NCR,,City,1st,2020,350.0,360.0,710.0,31.40203449800973,43.0,46.0,89.0,3.9363113666519243,75.0,89.0,164.0,7.253427686864219,698.0,697.0,1395.0,61.698363555948696,681.0,708.0,1389.0,61.43299425033171,610.0,670.0,1280.0,56.61211853162318,698.0,697.0,1395.0,61.698363555948696,681.0,708.0,1389.0,61.43299425033171,610.0,670.0,1280.0,56.61211853162318,608.0,676.0,1284.0,56.789031402034496,0.0,0.0,0.0,0.0,646.0,619.0,1265.0,55.94869526758072,606.0,611.0,1217.0,53.82574082264485,573.0,617.0,1190.0,52.63157894736842,801.0,757.0,1558.0,68.90756302521008,529.0,586.0,1115.0,49.314462627156125,801.0,757.0,1558.0,68.90756302521008,529.0,586.0,1115.0,49.314462627156125
CITY OF SAN JUAN,1381400000,NCR,,City,1st,2021,667.0,697.0,1364.0,60.514640638864236,404.0,380.0,784.0,34.78260869565217,403.0,374.0,777.0,34.47204968944099,450.0,436.0,886.0,39.307897071872226,450.0,449.0,899.0,39.8846495119787,509.0,469.0,978.0,43.38952972493345,420.0,408.0,828.0,36.734693877551024,429.0,432.0,861.0,38.19875776397515,471.0,438.0,909.0,40.328305235137535,471.0,442.0,913.0,40.505767524401065,0.0,0.0,0.0,0.0,497.0,468.0,965.0,42.81277728482698,482.0,466.0,948.0,42.058562555456966,500.0,470.0,970.0,43.03460514640639,471.0,503.0,974.0,43.21206743566992,528.0,534.0,1062.0,47.11623779946761,471.0,503.0,974.0,43.21206743566992,528.0,534.0,1062.0,47.11623779946761
CITY OF SAN JUAN,1381400000,NCR,,City,1st,2022,330.0,362.0,692.0,30.81032947462155,581.0,526.0,1107.0,49.28762243989314,510.0,454.0,964.0,42.920747996438116,666.0,650.0,1316.0,58.59305431878896,673.0,633.0,1306.0,58.14781834372217,689.0,672.0,1361.0,60.596616206589495,650.0,653.0,1303.0,58.01424755120214,667.0,636.0,1303.0,58.01424755120214,657.0,636.0,1293.0,57.56901157613535,680.0,689.0,1369.0,60.95280498664292,801.0,825.0,1626.0,72.3953695458593,724.0,680.0,1404.0,62.51113089937667,695.0,669.0,1364.0,60.73018699910953,712.0,703.0,1415.0,63.000890471950136,694.0,672.0,1366.0,60.819234194122885,2434.0,804.0,1625.0,66.76253081347576,527.0,553.0,1080.0,44.37140509449466,294.0,251.0,545.0,26.728788621873466
CITY OF SAN JUAN,1381400000,NCR,,City,1st,2023,294.0,313.0,607.0,27.998154981549817,523.0,454.0,977.0,45.064575645756456,487.0,424.0,911.0,42.02029520295203,548.0,546.0,1094.0,50.46125461254613,527.0,524.0,1051.0,48.47785977859779,558.0,535.0,1093.0,50.41512915129152,573.0,539.0,1112.0,51.291512915129154,531.0,536.0,1067.0,49.215867158671585,547.0,539.0,1086.0,50.09225092250923,559.0,540.0,1099.0,50.69188191881919,520.0,462.0,982.0,45.29520295202952,545.0,546.0,1091.0,50.32287822878229,534.0,532.0,1066.0,49.169741697416974,529.0,472.0,1001.0,46.17158671586716,546.0,518.0,1064.0,49.07749077490775,629.0,561.0,1190.0,50.46649703138253,563.0,500.0,1063.0,45.08057675996607,66.0,61.0,127.0,6.141199226305609
CITY OF SAN JUAN,1381400000,NCR,,City,1st,2024,269.0,281.0,550.0,25.310630464795214,556.0,453.0,1009.0,46.433502070869764,532.0,438.0,970.0,44.638748274275194,654.0,596.0,1250.0,57.52416014726185,599.0,576.0,1175.0,54.072710538426136,574.0,556.0,1130.0,52.001840773124705,657.0,596.0,1253.0,57.66221813161528,607.0,588.0,1195.0,54.99309710078233,614.0,574.0,1188.0,54.67096180395766,585.0,554.0,1139.0,52.416014726185,527.0,548.0,1075.0,49.470777726645196,625.0,597.0,1222.0,56.23561895996318,528.0,521.0,1049.0,48.27427519558214,505.0,529.0,1034.0,47.583985273815,563.0,547.0,1110.0,51.08145421076852,2363.0,646.0,1272.0,53.82987727465087,535.0,562.0,1097.0,46.4240372407956,91.0,84.0,175.0,8.44187168355041
CITY OF SAN JUAN,1381400000,NCR,,City,1st,2025,229.0,242.0,471.0,21.58570119156737,326.0,320.0,646.0,27.211457455770848,322.0,316.0,638.0,26.87447346251053,479.0,482.0,961.0,40.48020219039596,481.0,488.0,969.0,40.817186183656275,528.0,530.0,1058.0,44.566133108677334,493.0,480.0,973.0,40.98567818028644,489.0,496.0,985.0,41.49115417017692,515.0,512.0,1027.0,43.260320134793595,545.0,532.0,1077.0,45.366470092670596,512.0,485.0,997.0,41.9966301600674,496.0,508.0,1004.0,42.291491154170174,537.0,545.0,1082.0,45.5770850884583,596.0,574.0,1170.0,49.28390901432182,554.0,535.0,1089.0,45.871946082561074,640.0,580.0,1220.0,51.390058972198815,640.0,580.0,1220.0,51.62928480744816,98.0,81.0,179.0,14.139020537124802
CITY OF TAGUIG,1381500000,NCR,,City,1st,2018,4386.0,4173.0,8559.0,69.62498983161149,8352.0,7680.0,16032.0,70.46502698346393,5104.0,4684.0,9788.0,43.02093838037331,8162.0,8067.0,16229.0,71.33089589038399,7954.0,7568.0,15522.0,68.22343742747799,7697.0,7257.0,14954.0,65.72692200041914,8124.0,7918.0,16042.0,70.50897971985582,7825.0,7686.0,15511.0,68.17508941744693,7697.0,7317.0,15014.0,65.99063841877042,0.0,0.0,0.0,0.0,0.0,0.0,0.0,0.0,0.0,0.0,0.0,0.0,0.0,0.0,0.0,0.0,0.0,0.0,0.0,0.0,7722.0,7683.0,15405.0,67.70919041169297,7109.0,7133.0,14242.0,62.59748716931719,7460.0,7490.0,14950.0,65.70934090586238,2016.0,1902.0,3918.0,17.220682118339052
CITY OF TAGUIG,1381500000,NCR,,City,1st,2019,4529.0,4548.0,9077.0,46.680978501363434,7069.0,6937.0,14006.0,72.02972181228338,5276.0,4810.0,10086.0,51.870039568662726,7823.0,7354.0,15177.0,78.0519126049568,8101.0,7753.0,15854.0,81.53357201284742,7978.0,7673.0,15651.0,80.48958846808848,7841.0,8102.0,15943.0,81.99127908419491,8110.0,7800.0,15910.0,81.82156747347055,8064.0,7683.0,15747.0,80.98329497201388,7509.0,7295.0,14804.0,76.1336571261633,0.0,0.0,0.0,0.0,1279.0,1206.0,2485.0,12.779798565152378,111.0,105.0,216.0,1.1108396338321584,31.0,43.0,74.0,0.3805654301091654,7620.0,7678.0,15298.0,78.67418851094611,6717.0,6310.0,13027.0,66.99494402746078,7444.0,7029.0,14473.0,74.43139824283716,2744.0,2621.0,5365.0,27.590993682914487
CITY OF TAGUIG,1381500000,NCR,,City,1st,2020,3818.0,3859.0,7677.0,51.46132189301515,7006.0,6967.0,13973.0,93.66537069312241,5901.0,5613.0,11514.0,77.18192787236895,7078.0,6708.0,13786.0,92.41185145461857,6599.0,6271.0,12870.0,86.27161817938061,6444.0,6069.0,12513.0,83.8785359967824,7346.0,7016.0,14362.0,96.27295884166779,6941.0,6235.0,13176.0,88.3228314787505,6674.0,6472.0,13146.0,88.12173213567502,6129.0,5974.0,12103.0,81.13017830808418,0.0,0.0,0.0,0.0,7595.0,7323.0,14918.0,100.0,6792.0,6484.0,13276.0,88.99316262233543,5529.0,5338.0,10867.0,72.84488537337445,6346.0,5884.0,12230.0,81.98149886043706,6022.0,5266.0,11288.0,75.666979487867,6346.0,5884.0,12230.0,81.98149886043706,6022.0,5266.0,11288.0,75.666979487867
CITY OF TAGUIG,1381500000,NCR,,City,1st,2021,2665.0,2866.0,5531.0,37.18569315584241,3266.0,3307.0,6573.0,44.19120613150464,2638.0,2652.0,5290.0,35.56541616243109,5182.0,4831.0,10013.0,67.3188113486621,5271.0,5002.0,10273.0,69.06682802205191,5116.0,4803.0,9919.0,66.68683608982117,5412.0,5245.0,10657.0,71.64851418582762,5494.0,5318.0,10812.0,72.69060104881,5502.0,5364.0,10866.0,73.05365066559096,5336.0,4936.0,10272.0,69.0601048810004,0.0,0.0,0.0,0.0,5112.0,4879.0,9991.0,67.1709022455291,4874.0,4644.0,9518.0,63.99085652816996,4867.0,4624.0,9491.0,63.809331719779486,4894.0,4827.0,9721.0,65.35565416162432,4665.0,4406.0,9071.0,60.98561247814979,4894.0,4827.0,9721.0,65.35565416162432,4665.0,4406.0,9071.0,60.98561247814979
CITY OF TAGUIG,1381500000,NCR,,City,1st,2022,4202.0,4610.0,8812.0,59.512392787195246,3484.0,3499.0,6983.0,47.16012696697508,2608.0,2556.0,5164.0,34.87539677179712,5957.0,5943.0,11900.0,80.36739380022962,6022.0,5934.0,11956.0,80.745593300466,6020.0,5937.0,11957.0,80.75234686297021,5983.0,5940.0,11923.0,80.5227257378267,6035.0,5954.0,11989.0,80.96846086310528,6043.0,5926.0,11969.0,80.83338961302087,6013.0,5765.0,11778.0,79.54345917471466,5812.0,5605.0,11417.0,77.10542311069088,6169.0,6075.0,12244.0,82.69061930168164,6160.0,6054.0,12214.0,82.48801242655502,6249.0,6106.0,12355.0,83.44026473965016,5875.0,5769.0,11644.0,78.63848179914905,16028.0,5691.0,11643.0,72.64162715248315,4911.0,4869.0,9780.0,61.018218118292985,2296.0,2140.0,4436.0,33.04775385532295
CITY OF TAGUIG,1381500000,NCR,,City,1st,2023,5737.0,5512.0,11249.0,59.23020219039595,3926.0,3511.0,7437.0,39.15859309182814,3232.0,2906.0,6138.0,32.31887110362258,6127.0,5471.0,11598.0,61.067818028643636,6145.0,5624.0,11769.0,61.96819713563606,6143.0,5585.0,11728.0,61.75231676495366,6137.0,5507.0,11644.0,61.310025273799496,6190.0,5666.0,11856.0,62.426284751474306,6196.0,5654.0,11850.0,62.39469250210615,5784.0,5225.0,11009.0,57.96651221566975,4507.0,4384.0,8891.0,46.81444818871104,4888.0,4439.0,9327.0,49.110151642796964,4655.0,4419.0,9074.0,47.77801179443976,4657.0,4349.0,9006.0,47.419966301600674,5887.0,5662.0,11549.0,60.80981465880371,5648.0,5420.0,11068.0,53.74380887637176,5189.0,5060.0,10249.0,49.76692240458386,1683.0,1665.0,3348.0,19.035706163293153
CITY OF TAGUIG,1381500000,NCR,,City,1st,2024,5547.0,5426.0,10973.0,42.169785942123674,4751.0,4638.0,9389.0,36.082394988663005,4005.0,3946.0,7951.0,30.556089312478385,5442.0,5267.0,10709.0,41.15522078321356,5019.0,4829.0,9848.0,37.84635486722262,4182.0,4072.0,8254.0,31.720533415318396,6132.0,6025.0,12157.0,46.71995695784174,5933.0,5755.0,11688.0,44.91756658083855,5786.0,5727.0,11513.0,44.245032858076165,5425.0,5288.0,10713.0,41.17059298259099,5043.0,4755.0,9798.0,37.6542023750048,4948.0,4815.0,9763.0,37.519695630452325,2965.0,2702.0,5667.0,21.77856346796818,2220.0,2025.0,4245.0,16.313746589293263,5458.0,5113.0,10571.0,40.624879904692364,28175.0,5495.0,11475.0,40.72759538598048,5321.0,4909.0,10230.0,36.308784383318546,1472.0,1360.0,2832.0,11.97311123324737
CITY OF TAGUIG,1381500000,NCR,,City,1st,2025,7665.0,7050.0,14715.0,55.93355633267447,9877.0,9096.0,18973.0,66.60230982553446,9347.0,8617.0,17964.0,63.060343314494325,11742.0,10787.0,22529.0,79.08519675641521,11653.0,10869.0,22522.0,79.06062414434655,12092.0,11298.0,23390.0,82.10762804086075,11554.0,10665.0,22219.0,77.99698107908871,11372.0,10672.0,22044.0,77.38266577737214,11554.0,10687.0,22241.0,78.07420928844736,11118.0,10390.0,21508.0,75.50110576754308,10072.0,9604.0,19676.0,69.07010215185875,12573.0,11569.0,24142.0,84.74742865166567,13588.0,12714.0,26302.0,92.32983466142451,12754.0,12388.0,25142.0,88.2578018043318,11010.0,10328.0,21338.0,74.90434233158985,10418.0,10081.0,20499.0,71.95913925650297,10072.0,9650.0,19722.0,69.99822537710736,1984.0,1960.0,3944.0,21.978266926720536
CITY OF VALENZUELA,1381600000,NCR,,City,1st,2018,4037.0,3897.0,7934.0,118.17098599940424,5088.0,5127.0,10215.0,58.24885965668584,3145.0,3226.0,6371.0,36.32926919948561,5941.0,5666.0,11607.0,66.18644288156167,6071.0,5894.0,11965.0,68.22786155577543,5969.0,5858.0,11827.0,67.44094597744723,5920.0,5642.0,11562.0,65.9298399755851,5904.0,5836.0,11740.0,66.94484702589249,5788.0,5657.0,11445.0,65.26267242004596,0.0,0.0,0.0,0.0,0.0,0.0,0.0,0.0,0.0,0.0,0.0,0.0,0.0,0.0,0.0,0.0,0.0,0.0,0.0,0.0,5587.0,5248.0,10835.0,61.78427747236329,6246.0,6182.0,12428.0,70.86802034393457,6996.0,6665.0,13661.0,77.89893996769312,970.0,916.0,1886.0,10.754512903818844
CITY OF VALENZUELA,1381600000,NCR,,City,1st,2019,4028.0,3969.0,7997.0,69.50203610830526,2659.0,2427.0,5086.0,44.20249539162693,1688.0,1558.0,3246.0,28.211030287302602,6057.0,5674.0,11731.0,101.95428105371127,5903.0,5626.0,11529.0,100.19869629769306,5784.0,5586.0,11370.0,98.816825128352,5990.0,5641.0,11631.0,101.08517968934582,5965.0,5686.0,11651.0,101.25899996221892,5789.0,5620.0,11409.0,99.15577466045451,2462.0,2421.0,4883.0,42.43821962196506,0.0,0.0,0.0,0.0,0.0,0.0,0.0,0.0,0.0,0.0,0.0,0.0,0.0,0.0,0.0,0.0,5619.0,5469.0,11088.0,96.36595928084141,5293.0,5151.0,10444.0,90.76894649432789,5517.0,5346.0,10863.0,94.41048121101913,1551.0,1465.0,3016.0,26.21209714926206
CITY OF VALENZUELA,1381600000,NCR,,City,1st,2020,2950.0,2858.0,5808.0,50.504347826086956,1582.0,1536.0,3118.0,27.113043478260867,1165.0,1170.0,2335.0,20.304347826086957,4744.0,4570.0,9314.0,80.99130434782609,4523.0,4371.0,8894.0,77.3391304347826,4155.0,4125.0,8280.0,72.0,4865.0,4687.0,9552.0,83.06086956521739,4699.0,4553.0,9252.0,80.45217391304348,4372.0,4378.0,8750.0,76.08695652173914,1855.0,1785.0,3640.0,31.65217391304348,0.0,0.0,0.0,0.0,4217.0,4147.0,8364.0,72.7304347826087,3794.0,3694.0,7488.0,65.11304347826086,3252.0,3246.0,6498.0,56.504347826086956,4363.0,4187.0,8550.0,74.34782608695653,4165.0,3960.0,8125.0,70.65217391304348,4363.0,4187.0,8550.0,74.34782608695653,4165.0,3960.0,8125.0,70.65217391304348
CITY OF VALENZUELA,1381600000,NCR,,City,1st,2021,2465.0,2632.0,5097.0,44.45704317488007,2159.0,2213.0,4372.0,38.13344962930659,1195.0,1251.0,2446.0,21.334496293065854,4323.0,4101.0,8424.0,73.47579590056694,4450.0,4223.0,8673.0,75.64762320104667,4470.0,4224.0,8694.0,75.83078935891845,4322.0,4112.0,8434.0,73.56301788050588,4458.0,4148.0,8606.0,75.06323593545574,4414.0,4255.0,8669.0,75.61273440907108,4945.0,4753.0,9698.0,84.58787614478848,0.0,0.0,0.0,0.0,3989.0,3825.0,7814.0,68.15525512429133,3738.0,3704.0,7442.0,64.91059747056258,3467.0,3602.0,7069.0,61.657217618839944,4175.0,3986.0,8161.0,71.1818578281727,4080.0,3795.0,7875.0,68.68730920191888,4175.0,3986.0,8161.0,71.1818578281727,4080.0,3795.0,7875.0,68.68730920191888
CITY OF VALENZUELA,1381600000,NCR,,City,1st,2022,2647.0,2706.0,5353.0,46.88211595726047,3226.0,3249.0,6475.0,56.70870555263618,2885.0,2932.0,5817.0,50.94587493431424,3956.0,3764.0,7720.0,67.6125416009809,3976.0,3831.0,7807.0,68.37449640917849,4090.0,3924.0,8014.0,70.18742336661413,3861.0,3698.0,7559.0,66.2024873007532,3957.0,3736.0,7693.0,67.37607286740234,4112.0,3868.0,7980.0,69.88964792433,4017.0,3712.0,7729.0,67.69136451217376,3569.0,3396.0,6965.0,61.000175162024874,4070.0,3827.0,7897.0,69.16272552110702,4184.0,3962.0,8146.0,71.34349273077596,4192.0,3949.0,8141.0,71.29970222455772,3761.0,3512.0,7273.0,63.69767034506919,12358.0,3479.0,7146.0,57.824890759022495,3144.0,3052.0,6196.0,50.13756271241301,960.0,842.0,1802.0,17.417359365938527
CITY OF VALENZUELA,1381600000,NCR,,City,1st,2023,3306.0,3232.0,6538.0,48.51228018104919,5050.0,4457.0,9507.0,70.54240557987683,4825.0,4784.0,9609.0,71.29925057505379,5071.0,4829.0,9900.0,73.45848482599985,5117.0,4899.0,10016.0,74.31921050678935,4979.0,4941.0,9920.0,73.60688580544632,4801.0,4560.0,9361.0,69.45907842991764,4919.0,4742.0,9661.0,71.68509312161461,4695.0,4523.0,9218.0,68.39801142687541,4755.0,4531.0,9286.0,68.9025747569934,4437.0,4141.0,8578.0,63.649180084588565,4923.0,4615.0,9538.0,70.77242709801884,4823.0,4839.0,9662.0,71.69251317058692,4813.0,4729.0,9542.0,70.80210729390815,4613.0,4271.0,8884.0,65.91971507011947,4671.0,4929.0,9600.0,65.40846221979969,4671.0,4929.0,9600.0,65.40846221979969,215.0,252.0,467.0,3.5483625864296027
CITY OF VALENZUELA,1381600000,NCR,,City,1st,2024,2836.0,2694.0,5530.0,40.658775090066904,3942.0,3819.0,7761.0,57.06198073671054,3749.0,3618.0,7367.0,54.16513491655025,3714.0,3438.0,7152.0,52.58436879641203,3614.0,3283.0,6897.0,50.70950665392251,3180.0,2984.0,6164.0,45.320197044334975,4125.0,3906.0,8031.0,59.04712888758179,4074.0,3791.0,7865.0,57.82663039482391,4165.0,3844.0,8009.0,58.88537607528859,4012.0,3627.0,7639.0,56.16498786853907,3941.0,3463.0,7404.0,54.43717373722521,3189.0,2982.0,6171.0,45.37166384824645,1697.0,1471.0,3168.0,23.292404970222776,1381.0,1242.0,2623.0,19.285346665686344,4371.0,3617.0,7988.0,58.730975663554155,14813.0,3902.0,8070.0,54.479173698778105,3795.0,3559.0,7354.0,49.64558158374401,468.0,396.0,864.0,6.505534221820645
CITY OF VALENZUELA,1381600000,NCR,,City,1st,2025,3042.0,2694.0,5736.0,41.77713037144938,3574.0,3213.0,6787.0,45.40406743377041,3346.0,3012.0,6358.0,42.53411827669253,4684.0,4237.0,8921.0,59.68022477923468,4772.0,4372.0,9144.0,61.17206315226117,5204.0,4677.0,9881.0,66.1024886272411,4555.0,4165.0,8720.0,58.33556328605833,4553.0,4155.0,8708.0,58.255284987958255,4685.0,4239.0,8924.0,59.700294353759695,4672.0,4302.0,8974.0,60.03478726251004,4339.0,3946.0,8285.0,55.42547497993042,5124.0,4679.0,9803.0,65.58067968959058,6446.0,5872.0,12318.0,82.4056729997324,6248.0,5644.0,11892.0,79.55579341717956,4540.0,4061.0,8601.0,57.539470163232544,4604.0,4221.0,8825.0,59.037998394434034,5425.0,5100.0,10525.0,71.05245392560589,170.0,161.0,331.0,4.437592170532243
PATEROS,1381701000,NCR,,Mun,1st,2018,502.0,481.0,983.0,77.70750988142292,756.0,661.0,1417.0,78.52629910595287,684.0,632.0,1316.0,72.92915287468877,782.0,731.0,1513.0,83.84635889012469,758.0,741.0,1499.0,83.0705168382663,776.0,751.0,1527.0,84.62220094198308,783.0,734.0,1517.0,84.06802804779852,756.0,745.0,1501.0,83.18135141710322,780.0,744.0,1524.0,84.45594907372772,0.0,0.0,0.0,0.0,0.0,0.0,0.0,0.0,0.0,0.0,0.0,0.0,0.0,0.0,0.0,0.0,0.0,0.0,0.0,0.0,755.0,710.0,1465.0,81.18632899803877,803.0,710.0,1513.0,83.84635889012469,615.0,584.0,1199.0,66.44533001272936,25.0,33.0,58.0,3.2142027862704774
PATEROS,1381701000,NCR,,Mun,1st,2019,490.0,469.0,959.0,88.30212178610024,562.0,540.0,1102.0,101.46917435691603,538.0,504.0,1042.0,95.9445369146157,577.0,568.0,1145.0,105.42849785723128,567.0,579.0,1146.0,105.52057514793627,595.0,566.0,1161.0,106.90173450851135,577.0,568.0,1145.0,105.42849785723128,567.0,580.0,1147.0,105.61265243864126,595.0,567.0,1162.0,106.99381179921636,595.0,567.0,1162.0,106.99381179921636,0.0,0.0,0.0,0.0,0.0,0.0,0.0,0.0,0.0,0.0,0.0,0.0,0.0,0.0,0.0,0.0,592.0,565.0,1157.0,106.53342534569133,624.0,565.0,1189.0,109.47989864825149,592.0,565.0,1157.0,106.53342534569133,17.0,16.0,33.0,3.038550593265181
PATEROS,1381701000,NCR,,Mun,1st,2020,441.0,449.0,890.0,75.16891891891892,470.0,483.0,953.0,80.48986486486487,430.0,448.0,878.0,74.1554054054054,539.0,496.0,1035.0,87.41554054054053,519.0,473.0,992.0,83.78378378378379,517.0,482.0,999.0,84.375,538.0,496.0,1034.0,87.33108108108108,522.0,473.0,995.0,84.03716216216216,519.0,477.0,996.0,84.12162162162163,520.0,456.0,976.0,82.43243243243244,0.0,0.0,0.0,0.0,179.0,234.0,413.0,34.88175675675676,93.0,116.0,209.0,17.652027027027025,15.0,16.0,31.0,2.6182432432432434,533.0,506.0,1039.0,87.75337837837837,515.0,514.0,1029.0,86.90878378378379,533.0,506.0,1039.0,87.75337837837837,515.0,514.0,1029.0,86.90878378378379
PATEROS,1381701000,NCR,,Mun,1st,2021,368.0,344.0,712.0,60.287891617273495,391.0,368.0,759.0,64.2675698560542,376.0,350.0,726.0,61.47332768839966,511.0,484.0,995.0,84.2506350550381,529.0,505.0,1034.0,87.55292125317527,540.0,525.0,1065.0,90.17781541066893,511.0,484.0,995.0,84.2506350550381,529.0,505.0,1034.0,87.55292125317527,540.0,525.0,1065.0,90.17781541066893,536.0,524.0,1060.0,89.75444538526672,0.0,0.0,0.0,0.0,575.0,518.0,1093.0,92.54868755292125,558.0,593.0,1151.0,97.45977984758679,592.0,588.0,1180.0,99.91532599491956,469.0,504.0,973.0,82.38780694326842,453.0,498.0,951.0,80.52497883149873,469.0,504.0,973.0,82.38780694326842,453.0,498.0,951.0,80.52497883149873
PATEROS,1381701000,NCR,,Mun,1st,2022,442.0,451.0,893.0,75.93537414965986,467.0,475.0,942.0,80.10204081632652,451.0,461.0,912.0,77.55102040816327,476.0,477.0,953.0,81.0374149659864,483.0,464.0,947.0,80.52721088435374,494.0,490.0,984.0,83.6734693877551,476.0,477.0,953.0,81.0374149659864,483.0,464.0,947.0,80.52721088435374,494.0,490.0,984.0,83.6734693877551,495.0,490.0,985.0,83.75850340136054,509.0,475.0,984.0,83.6734693877551,481.0,471.0,952.0,80.95238095238095,489.0,478.0,967.0,82.22789115646259,495.0,500.0,995.0,84.60884353741497,509.0,475.0,984.0,83.6734693877551,1271.0,460.0,941.0,74.03619197482297,479.0,454.0,933.0,73.40676632572777,44.0,43.0,87.0,8.169014084507042
PATEROS,1381701000,NCR,,Mun,1st,2023,399.0,372.0,771.0,69.08602150537635,394.0,385.0,779.0,69.80286738351255,395.0,376.0,771.0,69.08602150537635,398.0,399.0,797.0,71.415770609319,395.0,372.0,767.0,68.72759856630825,418.0,376.0,794.0,71.14695340501792,399.0,399.0,798.0,71.50537634408603,393.0,371.0,764.0,68.45878136200717,418.0,377.0,795.0,71.23655913978494,405.0,382.0,787.0,70.51971326164875,391.0,370.0,761.0,68.1899641577061,391.0,391.0,782.0,70.07168458781362,403.0,378.0,781.0,69.98207885304659,416.0,385.0,801.0,71.7741935483871,417.0,394.0,811.0,72.67025089605734,401.0,434.0,835.0,68.44262295081968,381.0,411.0,792.0,64.91803278688525,44.0,49.0,93.0,8.393501805054152
PATEROS,1381701000,NCR,,Mun,1st,2024,375.0,402.0,777.0,69.375,386.0,424.0,810.0,72.32142857142857,371.0,399.0,770.0,68.75,423.0,467.0,890.0,79.46428571428571,427.0,463.0,890.0,79.46428571428571,415.0,418.0,833.0,74.375,451.0,468.0,919.0,82.05357142857143,476.0,456.0,932.0,83.21428571428572,488.0,459.0,947.0,84.55357142857143,468.0,439.0,907.0,80.98214285714286,467.0,436.0,903.0,80.625,411.0,445.0,856.0,76.42857142857142,371.0,376.0,747.0,66.69642857142857,396.0,385.0,781.0,69.73214285714285,472.0,452.0,924.0,82.5,1221.0,427.0,914.0,74.85667485667486,458.0,395.0,853.0,69.86076986076985,49.0,35.0,84.0,7.5134168157423975
PATEROS,1381701000,NCR,,Mun,1st,2025,317.0,310.0,627.0,55.733333333333334,328.0,321.0,649.0,52.893235533822335,313.0,312.0,625.0,50.937245313773424,392.0,342.0,734.0,59.82070089649552,392.0,370.0,762.0,62.10268948655256,450.0,387.0,837.0,68.21515892420538,383.0,352.0,735.0,59.90220048899756,399.0,364.0,763.0,62.184189079054605,443.0,387.0,830.0,67.64466177669112,441.0,401.0,842.0,68.62265688671557,417.0,403.0,820.0,66.82966585167074,369.0,355.0,724.0,59.00570497147515,432.0,425.0,857.0,69.84515077424614,471.0,451.0,922.0,75.14262428687857,428.0,415.0,843.0,68.7041564792176,451.0,439.0,890.0,72.53463732681337,445.0,430.0,875.0,71.66257166257166,17.0,46.0,63.0,17.119565217391305
CAR,1400000000,CAR,,Region,,2018,10475.0,9841.0,20316.0,62.24264705882353,15778.0,14314.0,30092.0,62.47602286424786,14037.0,12841.0,26878.0,55.80322153878951,15518.0,14184.0,29702.0,61.666317662963245,15572.0,14317.0,29889.0,62.054560926143296,15493.0,14227.0,29720.0,61.7036886722533,15523.0,14198.0,29721.0,61.705764839436085,15579.0,14305.0,29884.0,62.044180090229396,15942.0,14658.0,30600.0,63.53071579310063,0.0,0.0,0.0,0.0,0.0,0.0,0.0,0.0,16938.0,15251.0,32189.0,66.82974544653976,15940.0,14612.0,30552.0,63.431059768327145,15711.0,14616.0,30327.0,62.96392215220141,15426.0,14152.0,29578.0,61.40887293229839,13280.0,12263.0,25543.0,53.03153834977679,15361.0,14148.0,29509.0,61.2656173966865,1281.0,1080.0,2361.0,4.9018307185460985
CAR,1400000000,CAR,,Region,,2019,14600.0,14064.0,28664.0,78.94352532479112,14539.0,14364.0,28903.0,79.60175524917798,14771.0,14317.0,29088.0,80.11126376805484,14600.0,14064.0,28664.0,78.94352532479112,14539.0,14364.0,28903.0,79.60175524917798,14771.0,14317.0,29088.0,80.11126376805484,14296.0,13358.0,27654.0,76.16188422173366,14245.0,13486.0,27731.0,76.37394992959051,14524.0,13473.0,27997.0,77.10654055673238,13035.0,12242.0,25277.0,69.6153882791915,0.0,0.0,0.0,0.0,14619.0,13684.0,28303.0,77.94929518795573,14849.0,13957.0,28806.0,79.33460753928038,14496.0,13751.0,28247.0,77.79506558224165,14207.0,13072.0,27279.0,75.12909668346975,12979.0,11904.0,24883.0,68.53027283898888,12672.0,11562.0,24234.0,66.74286187276681,1277.0,995.0,2272.0,6.257315431828266
CAR,1400000000,CAR,,Region,,2020,10411.0,10161.0,20572.0,58.611356448901674,11994.0,12276.0,24270.0,69.14726915296731,11340.0,11744.0,23084.0,65.76825550585487,13548.0,12725.0,26273.0,74.85398444400126,13374.0,12815.0,26189.0,74.61466138636429,13479.0,12780.0,26259.0,74.81409726772843,13508.0,12691.0,26199.0,74.64315222655917,13439.0,12804.0,26243.0,74.76851192341663,13594.0,12980.0,26574.0,75.71155873386705,12921.0,12281.0,25202.0,71.8026154591299,0.0,0.0,0.0,0.0,13463.0,12609.0,26072.0,74.28131855608422,13292.0,12635.0,25927.0,73.8682013732585,13411.0,12680.0,26091.0,74.3354511524545,13253.0,12335.0,25588.0,72.90236189065216,13070.0,12106.0,25176.0,71.7285392746232,13253.0,12335.0,25588.0,72.90236189065216,13070.0,12106.0,25176.0,71.7285392746232
CAR,1400000000,CAR,,Region,,2021,8604.0,8640.0,17244.0,49.06809321913326,10510.0,10450.0,20960.0,59.64203397547164,9845.0,9870.0,19715.0,56.09936544973394,11543.0,10778.0,22321.0,63.514782460233896,11597.0,11011.0,22608.0,64.33144580713086,11696.0,11104.0,22800.0,64.87778504965426,10546.0,9974.0,20520.0,58.390006544688845,10733.0,10216.0,20949.0,59.610733289702075,10680.0,10223.0,20903.0,59.47983951284751,10136.0,9701.0,19837.0,56.446518510087365,0.0,0.0,0.0,0.0,11705.0,10963.0,22668.0,64.50217682041944,11677.0,11153.0,22830.0,64.96315055629856,11554.0,11135.0,22689.0,64.56193267507042,12193.0,11371.0,23564.0,67.05175995219531,12911.0,12028.0,24939.0,70.96434567339158,12193.0,11371.0,23564.0,67.05175995219531,12911.0,12028.0,24939.0,70.96434567339158
CAR,1400000000,CAR,,Region,,2022,9254.0,9019.0,18273.0,51.942920492339184,12283.0,11527.0,23810.0,67.68242417351262,11867.0,11135.0,23002.0,65.38559936325649,12497.0,11665.0,24162.0,68.68302112055488,12455.0,11730.0,24185.0,68.74840103470821,12276.0,11559.0,23835.0,67.75348929759232,12538.0,11724.0,24262.0,68.9672816168737,12501.0,11737.0,24238.0,68.89905909775719,12457.0,11658.0,24115.0,68.54941868728503,12140.0,11415.0,23555.0,66.9575599078996,7686.0,7456.0,15142.0,43.042724352596714,12466.0,11639.0,24105.0,68.52099263765314,12387.0,11631.0,24018.0,68.27368600585577,12350.0,11459.0,23809.0,67.67958156854942,11625.0,10810.0,22435.0,63.77384234912874,38179.0,10778.0,22286.0,58.37240367741428,10986.0,10307.0,21293.0,55.771497420047666,433.0,380.0,813.0,2.468948343405509
CAR,1400000000,CAR,,Region,,2023,8642.0,8327.0,16969.0,54.18116798109773,12639.0,11838.0,24477.0,78.15383632938472,12352.0,11407.0,23759.0,75.86129825345637,12741.0,11769.0,24510.0,78.25920367827837,12636.0,11833.0,24469.0,78.12829272965293,12581.0,11894.0,24475.0,78.14745042945177,11513.0,10741.0,22254.0,71.05590855391296,10109.0,9536.0,19645.0,62.725502091382225,9316.0,8902.0,18218.0,58.169162489223794,11506.0,10907.0,22413.0,71.56358759858233,10021.0,9448.0,19469.0,62.163542897282795,12612.0,11674.0,24286.0,77.54398288578818,12639.0,11915.0,24554.0,78.39969347680322,12789.0,12081.0,24870.0,79.408665666209,12189.0,11347.0,23536.0,75.14927041093266,12081.0,11336.0,23417.0,68.85327844751544,11391.0,10725.0,22116.0,65.02793296089385,647.0,589.0,1236.0,4.15811606391926
CAR,1400000000,CAR,,Region,,2024,8116.0,7727.0,15843.0,50.31120990790727,11832.0,11275.0,23107.0,73.37885042870754,11170.0,10594.0,21764.0,69.11400444585583,11711.0,11003.0,22714.0,72.13083518577325,11510.0,10811.0,22321.0,70.88281994283899,10961.0,10166.0,21127.0,67.09114004445857,12292.0,11505.0,23797.0,75.57002222927913,13311.0,12485.0,25796.0,81.91806922832644,13802.0,12933.0,26735.0,84.89996824388695,11667.0,10894.0,22561.0,71.6449666560813,9693.0,8873.0,18566.0,58.95839949190219,10430.0,9770.0,20200.0,64.14734836456017,9119.0,8581.0,17700.0,56.208320101619556,9053.0,8336.0,17389.0,55.220704985709745,11945.0,11026.0,22971.0,72.94696729120356,34199.0,11740.0,24591.0,71.90561127518349,11838.0,10830.0,22668.0,66.28263984327027,1006.0,912.0,1918.0,6.413857677902622
CAR,1400000000,CAR,,Region,,2025,8558.0,8392.0,16950.0,53.158125823245314,11755.0,11057.0,22812.0,65.87732470832852,9857.0,9311.0,19168.0,55.354048746678984,11225.0,10569.0,21794.0,62.93750721959108,11390.0,10782.0,22172.0,64.02910939124408,12071.0,11365.0,23436.0,67.67933464248584,7202.0,6741.0,13943.0,40.2651033845443,7302.0,6959.0,14261.0,41.18343537022063,7731.0,7139.0,14870.0,42.94212775788379,10843.0,10160.0,21003.0,60.653228601132035,9722.0,9050.0,18772.0,54.21046551923298,11246.0,10511.0,21757.0,62.83065727157214,12520.0,11660.0,24180.0,69.8278849485965,11975.0,11233.0,23208.0,67.02090793577452,11346.0,10380.0,21726.0,62.741134342150865,10981.0,10180.0,21161.0,61.10950675753726,10580.0,9836.0,20416.0,59.69765197812802,779.0,706.0,1485.0,12.878327985430579
ABRA,1400100000,CAR,Abra,Province,1st,2018,1031.0,1029.0,2060.0,61.291282356441535,1782.0,1581.0,3363.0,50.88053740014524,1443.0,1362.0,2805.0,42.43827160493827,1864.0,1659.0,3523.0,53.30125877511498,1837.0,1697.0,3534.0,53.46768336964415,1900.0,1698.0,3598.0,54.435971919632046,1875.0,1661.0,3536.0,53.49794238683128,1855.0,1712.0,3567.0,53.96695715323167,1960.0,1745.0,3705.0,56.05482933914306,0.0,0.0,0.0,0.0,0.0,0.0,0.0,0.0,1862.0,1669.0,3531.0,53.42229484386347,1856.0,1702.0,3558.0,53.83079157588961,1945.0,1712.0,3657.0,55.32861292665214,1867.0,1791.0,3658.0,55.3437424352457,1732.0,1588.0,3320.0,50.22996853062212,1851.0,1764.0,3615.0,54.69317356572259,433.0,365.0,798.0,12.073347857661583
ABRA,1400100000,CAR,Abra,Province,1st,2019,1865.0,1804.0,3669.0,82.00476718202168,1872.0,1687.0,3559.0,79.54618871649363,1967.0,1686.0,3653.0,81.64715576885396,1865.0,1804.0,3669.0,82.00476718202168,1872.0,1687.0,3559.0,79.54618871649363,1967.0,1686.0,3653.0,81.64715576885396,1850.0,1682.0,3532.0,78.94271945677312,1879.0,1692.0,3571.0,79.81439727636943,2237.0,1699.0,3936.0,87.97240763925794,1879.0,1701.0,3580.0,80.01555369627627,0.0,0.0,0.0,0.0,1858.0,1729.0,3587.0,80.17200868953715,1926.0,1747.0,3673.0,82.09417003531361,1982.0,1734.0,3716.0,83.05525070820184,1862.0,1687.0,3549.0,79.32268158326382,1693.0,1582.0,3275.0,73.19858613276669,1699.0,1579.0,3278.0,73.26563827273564,107.0,106.0,213.0,4.760701937795208
ABRA,1400100000,CAR,Abra,Province,1st,2020,1160.0,1241.0,2401.0,55.720584822464616,1099.0,1795.0,2894.0,67.16175446739383,1060.0,1752.0,2812.0,65.25876073334881,1579.0,1533.0,3112.0,72.2209329310745,1652.0,1602.0,3254.0,75.51636110466465,1638.0,1652.0,3290.0,76.35182176839173,1571.0,1541.0,3112.0,72.2209329310745,1643.0,1605.0,3248.0,75.37711766071014,1654.0,1662.0,3316.0,76.95521002552796,1643.0,1646.0,3289.0,76.32861452773265,0.0,0.0,0.0,0.0,1552.0,1501.0,3053.0,70.85170573218844,1644.0,1588.0,3232.0,75.00580181016477,1642.0,1642.0,3284.0,76.21257832443722,1629.0,1581.0,3210.0,74.49524251566488,1707.0,1609.0,3316.0,76.95521002552796,1629.0,1581.0,3210.0,74.49524251566488,1707.0,1609.0,3316.0,76.95521002552796
ABRA,1400100000,CAR,Abra,Province,1st,2021,815.0,975.0,1790.0,41.7541404245393,912.0,1240.0,2152.0,50.19827385117798,868.0,1195.0,2063.0,48.12222999766737,1255.0,1252.0,2507.0,58.47912292978773,1284.0,1269.0,2553.0,59.55213435969209,1357.0,1317.0,2674.0,62.37462094704922,1253.0,1248.0,2501.0,58.33916491719151,1288.0,1274.0,2562.0,59.76207137858643,1359.0,1334.0,2693.0,62.81782132027058,1358.0,1336.0,2694.0,62.84114765570329,0.0,0.0,0.0,0.0,1262.0,1254.0,2516.0,58.689059948682065,1280.0,1274.0,2554.0,59.5754606951248,1359.0,1315.0,2674.0,62.37462094704922,1328.0,1271.0,2599.0,60.62514578959646,1424.0,1392.0,2816.0,65.68696057849311,1328.0,1271.0,2599.0,60.62514578959646,1424.0,1392.0,2816.0,65.68696057849311
ABRA,1400100000,CAR,Abra,Province,1st,2022,1215.0,1300.0,2515.0,58.83040935672514,1440.0,1357.0,2797.0,65.42690058479532,1417.0,1328.0,2745.0,64.21052631578948,1397.0,1314.0,2711.0,63.41520467836257,1374.0,1331.0,2705.0,63.2748538011696,1384.0,1333.0,2717.0,63.55555555555556,1390.0,1316.0,2706.0,63.29824561403509,1361.0,1328.0,2689.0,62.900584795321635,1399.0,1332.0,2731.0,63.88304093567252,1302.0,1227.0,2529.0,59.15789473684211,1140.0,1093.0,2233.0,52.23391812865496,1425.0,1328.0,2753.0,64.39766081871345,1391.0,1344.0,2735.0,63.976608187134495,1417.0,1331.0,2748.0,64.28070175438596,1296.0,1181.0,2477.0,57.94152046783626,4649.0,1202.0,2472.0,53.17272531727253,1238.0,1185.0,2423.0,52.11873521187352,36.0,21.0,57.0,1.4168530947054436
ABRA,1400100000,CAR,Abra,Province,1st,2023,1297.0,1193.0,2490.0,68.0327868852459,1394.0,1343.0,2737.0,74.78142076502732,1371.0,1307.0,2678.0,73.16939890710383,1610.0,1536.0,3146.0,85.95628415300547,1628.0,1522.0,3150.0,86.0655737704918,1608.0,1579.0,3187.0,87.07650273224044,1388.0,1329.0,2717.0,74.23497267759562,1207.0,1199.0,2406.0,65.73770491803279,1137.0,1102.0,2239.0,61.17486338797814,1551.0,1505.0,3056.0,83.49726775956285,1285.0,1266.0,2551.0,69.69945355191257,1588.0,1518.0,3106.0,84.86338797814209,1608.0,1507.0,3115.0,85.10928961748634,1597.0,1565.0,3162.0,86.39344262295083,1394.0,1382.0,2776.0,75.84699453551913,1449.0,1404.0,2853.0,72.00908632004038,1425.0,1390.0,2815.0,71.04997476022211,27.0,19.0,46.0,1.2296177492649023
ABRA,1400100000,CAR,Abra,Province,1st,2024,1196.0,1071.0,2267.0,62.29733443253641,1005.0,934.0,1939.0,53.28386919483374,1380.0,1313.0,2693.0,74.0038472107722,1473.0,1322.0,2795.0,76.80681505908217,1497.0,1366.0,2863.0,78.67546029128881,1492.0,1356.0,2848.0,78.26325913712559,1554.0,1422.0,2976.0,81.78070898598516,1748.0,1625.0,3373.0,92.6902995328387,1752.0,1661.0,3413.0,93.78950261060731,1529.0,1454.0,2983.0,81.97306952459466,1415.0,1324.0,2739.0,75.2679307502061,1224.0,1103.0,2327.0,63.946139049189334,972.0,937.0,1909.0,52.45946688650728,913.0,815.0,1728.0,47.48557295960429,1499.0,1420.0,2919.0,80.21434460016488,3951.0,1564.0,3236.0,81.90331561629966,1651.0,1542.0,3193.0,80.81498354846875,23.0,24.0,47.0,1.2730227518959913
ABRA,1400100000,CAR,Abra,Province,1st,2025,1162.0,1111.0,2273.0,62.41076331685886,1669.0,1530.0,3199.0,80.84407379327774,1415.0,1310.0,2725.0,68.86530199646197,1450.0,1368.0,2818.0,71.21556734900177,1428.0,1361.0,2789.0,70.48268890573667,1500.0,1429.0,2929.0,74.02072276977508,837.0,751.0,1588.0,40.13141268637857,833.0,769.0,1602.0,40.48521607278241,938.0,853.0,1791.0,45.261561789234264,1434.0,1342.0,2776.0,70.15415718979024,1371.0,1201.0,2572.0,64.99873641647713,1591.0,1478.0,3069.0,77.5587566338135,1803.0,1669.0,3472.0,87.74323982815264,1848.0,1741.0,3589.0,90.70002527167046,1481.0,1332.0,2813.0,71.08920899671467,1605.0,1445.0,3050.0,77.07859489512256,1574.0,1413.0,2987.0,75.60111364211592,12.0,17.0,29.0,3.825857519788918
BENGUET,1401100000,CAR,Benguet,Province,1st,2018,2953.0,2751.0,5704.0,91.23480486244402,2943.0,2547.0,5490.0,43.321309894374124,2917.0,2498.0,5415.0,42.72948872095371,3494.0,3281.0,6775.0,53.461179332310515,3610.0,3403.0,7013.0,55.33922518929795,3602.0,3330.0,6932.0,54.70005832200391,3410.0,3242.0,6652.0,52.490592607901036,3597.0,3312.0,6909.0,54.51856649548831,3623.0,3338.0,6961.0,54.92889584239313,0.0,0.0,0.0,0.0,0.0,0.0,0.0,0.0,4003.0,3603.0,7606.0,60.01855793380867,3986.0,3684.0,7670.0,60.52357866846075,3933.0,3733.0,7666.0,60.492014872545,3746.0,3364.0,7110.0,56.10464724025501,3306.0,3017.0,6323.0,49.89447039383016,3736.0,3386.0,7122.0,56.19933862800228,400.0,309.0,709.0,5.594682826067624
BENGUET,1401100000,CAR,Benguet,Province,1st,2019,3438.0,3224.0,6662.0,66.95142456105118,3552.0,3375.0,6927.0,69.61460791570121,3551.0,3443.0,6994.0,70.28794106574482,3438.0,3224.0,6662.0,66.95142456105118,3552.0,3375.0,6927.0,69.61460791570121,3551.0,3443.0,6994.0,70.28794106574482,3421.0,3215.0,6636.0,66.69013109984024,3545.0,3354.0,6899.0,69.33321495747406,3513.0,3389.0,6902.0,69.36336420299838,3228.0,3077.0,6305.0,63.36366434365471,0.0,0.0,0.0,0.0,3539.0,3400.0,6939.0,69.73520489779858,3693.0,3515.0,7208.0,72.43858724648108,3587.0,3491.0,7078.0,71.13211994042634,3439.0,3233.0,6672.0,67.05192204613232,3183.0,2899.0,6082.0,61.12257042634543,3416.0,3152.0,6568.0,66.00674820128853,257.0,233.0,490.0,4.924376768975545
BENGUET,1401100000,CAR,Benguet,Province,1st,2020,3079.0,3020.0,6099.0,66.380060949064,2454.0,2219.0,4673.0,50.859817152808006,2424.0,2152.0,4576.0,49.80409229429691,3276.0,3055.0,6331.0,68.90509360034828,3167.0,3117.0,6284.0,68.39355681323465,3239.0,3136.0,6375.0,69.38397910317806,3277.0,3054.0,6331.0,68.90509360034828,3179.0,3119.0,6298.0,68.54592947322594,3257.0,3105.0,6362.0,69.24249020461471,3197.0,3029.0,6226.0,67.76229865041358,0.0,0.0,0.0,0.0,3307.0,3088.0,6395.0,69.60165433173705,3214.0,3106.0,6320.0,68.78537222464084,3320.0,3120.0,6440.0,70.09142359599477,3242.0,3069.0,6311.0,68.68741837178929,3185.0,2976.0,6161.0,67.05485415759686,3242.0,3069.0,6311.0,68.68741837178929,3185.0,2976.0,6161.0,67.05485415759686
BENGUET,1401100000,CAR,Benguet,Province,1st,2021,2395.0,2380.0,4775.0,52.24288840262582,2332.0,2156.0,4488.0,49.10284463894967,2261.0,2086.0,4347.0,47.560175054704594,2882.0,2655.0,5537.0,60.57986870897155,2941.0,2720.0,5661.0,61.93654266958425,2993.0,2787.0,5780.0,63.23851203501094,2873.0,2674.0,5547.0,60.689277899343544,2978.0,2725.0,5703.0,62.39606126914661,3020.0,2851.0,5871.0,64.23413566739606,2892.0,2705.0,5597.0,61.2363238512035,0.0,0.0,0.0,0.0,2955.0,2716.0,5671.0,62.04595185995624,2992.0,2788.0,5780.0,63.23851203501094,2896.0,2811.0,5707.0,62.439824945295406,3216.0,3005.0,6221.0,68.06345733041576,3326.0,3059.0,6385.0,69.8577680525164,3216.0,3005.0,6221.0,68.06345733041576,3326.0,3059.0,6385.0,69.8577680525164
BENGUET,1401100000,CAR,Benguet,Province,1st,2022,2175.0,2054.0,4229.0,46.544133832269424,2247.0,2094.0,4341.0,47.776799471714725,2186.0,2055.0,4241.0,46.67620515078143,3037.0,2798.0,5835.0,64.21967862645829,3042.0,2846.0,5888.0,64.80299361655294,2935.0,2825.0,5760.0,63.394232885758306,3028.0,2817.0,5845.0,64.32973805855163,3085.0,2845.0,5930.0,65.26524323134493,2960.0,2857.0,5817.0,64.02157164869028,2902.0,2823.0,5725.0,63.00902487343165,1943.0,1831.0,3774.0,41.53642967202289,3012.0,2742.0,5754.0,63.32819722650231,2957.0,2830.0,5787.0,63.691393352410294,3006.0,2804.0,5810.0,63.944530046224955,2851.0,2627.0,5478.0,60.290556900726386,9860.0,2589.0,5271.0,53.458417849898574,2541.0,2465.0,5006.0,50.77079107505072,132.0,108.0,240.0,2.844950213371266
BENGUET,1401100000,CAR,Benguet,Province,1st,2023,2057.0,1994.0,4051.0,46.00272541449012,2191.0,2135.0,4326.0,49.12559618441971,2149.0,1950.0,4099.0,46.54780831251419,3031.0,2902.0,5933.0,67.37451737451737,3046.0,2926.0,5972.0,67.81739722916194,3069.0,2937.0,6006.0,68.20349761526232,2762.0,2626.0,5388.0,61.185555303202364,2421.0,2350.0,4771.0,54.178968884851244,2305.0,2246.0,4551.0,51.68067226890757,2843.0,2712.0,5555.0,63.08198955257779,2673.0,2499.0,5172.0,58.73268226209403,3015.0,2855.0,5870.0,66.65909607086078,3037.0,2929.0,5966.0,67.74926186690892,3124.0,3014.0,6138.0,69.70247558482853,3183.0,2922.0,6105.0,69.32773109243698,3096.0,2896.0,5992.0,62.57309941520468,2887.0,2714.0,5601.0,58.48997493734336,197.0,171.0,368.0,4.450356754141977
BENGUET,1401100000,CAR,Benguet,Province,1st,2024,1996.0,1962.0,3958.0,44.47191011235955,2002.0,1930.0,3932.0,44.17977528089887,1799.0,1736.0,3535.0,39.71910112359551,2682.0,2449.0,5131.0,57.651685393258425,2601.0,2450.0,5051.0,56.752808988764045,2435.0,2289.0,4724.0,53.07865168539326,2856.0,2684.0,5540.0,62.247191011235955,3190.0,2966.0,6156.0,69.16853932584269,3308.0,3071.0,6379.0,71.67415730337079,2708.0,2513.0,5221.0,58.66292134831461,2419.0,2232.0,4651.0,52.258426966292134,2225.0,2070.0,4295.0,48.258426966292134,1898.0,1773.0,3671.0,41.247191011235955,1930.0,1799.0,3729.0,41.89887640449438,2868.0,2682.0,5550.0,62.35955056179775,9666.0,2740.0,5673.0,58.69025450031037,2570.0,2410.0,4980.0,51.520794537554316,342.0,328.0,670.0,8.021070274152999
BENGUET,1401100000,CAR,Benguet,Province,1st,2025,2692.0,2653.0,5345.0,59.448337226115,1950.0,1868.0,3818.0,39.10683191641913,1865.0,1780.0,3645.0,37.334835603810305,2581.0,2426.0,5007.0,51.28546553313531,2649.0,2520.0,5169.0,52.944791559971314,2904.0,2727.0,5631.0,57.676943562429585,1839.0,1772.0,3611.0,36.98658199323978,1853.0,1826.0,3679.0,37.68308921438083,1951.0,1851.0,3802.0,38.94294786438594,2464.0,2310.0,4774.0,48.89890402540203,2229.0,2187.0,4416.0,45.231998361159484,2623.0,2423.0,5046.0,51.6849329099662,2962.0,2752.0,5714.0,58.52709208235174,2813.0,2603.0,5416.0,55.47475161323364,2642.0,2422.0,5064.0,51.869302468503534,2378.0,2256.0,4634.0,47.46491857011165,2319.0,2186.0,4505.0,46.60666252845024,301.0,274.0,575.0,12.27059325650875
IFUGAO,1402700000,CAR,Ifugao,Province,2nd,2018,1422.0,1337.0,2759.0,90.10450685826258,1581.0,1425.0,3006.0,53.1142608609917,1187.0,1079.0,2266.0,40.03889391583739,1884.0,1672.0,3556.0,62.83243899590369,1856.0,1654.0,3510.0,62.01964591552924,1799.0,1672.0,3471.0,61.330538738690024,1868.0,1673.0,3541.0,62.567397774042455,1782.0,1673.0,3455.0,61.04782810203804,1804.0,1690.0,3494.0,61.73693527887726,0.0,0.0,0.0,0.0,0.0,0.0,0.0,0.0,1808.0,1639.0,3447.0,60.906472783712054,1805.0,1669.0,3474.0,61.383546983062274,1752.0,1715.0,3467.0,61.259861079527035,1856.0,1641.0,3497.0,61.789943523249505,1616.0,1473.0,3089.0,54.58082228862388,1806.0,1603.0,3409.0,60.235035021663585,157.0,145.0,302.0,5.33616326680622
IFUGAO,1402700000,CAR,Ifugao,Province,2nd,2019,1817.0,1734.0,3551.0,81.01406618652594,1807.0,1901.0,3708.0,84.59593281319013,1767.0,1675.0,3442.0,78.52729254126226,1817.0,1734.0,3551.0,81.01406618652594,1807.0,1901.0,3708.0,84.59593281319013,1767.0,1675.0,3442.0,78.52729254126226,1799.0,1695.0,3494.0,79.71364327111282,1721.0,1726.0,3447.0,78.64136472682482,1688.0,1621.0,3309.0,75.49297240529832,1341.0,1320.0,2661.0,60.709217156391304,0.0,0.0,0.0,0.0,1826.0,1738.0,3564.0,81.31065386898858,1875.0,1765.0,3640.0,83.0445510895394,1757.0,1691.0,3448.0,78.66417916393732,1801.0,1639.0,3440.0,78.48166366703724,1636.0,1413.0,3049.0,69.5612187560455,1486.0,1341.0,2827.0,64.49641371706811,181.0,185.0,366.0,8.350083983178962
IFUGAO,1402700000,CAR,Ifugao,Province,2nd,2020,1272.0,1186.0,2458.0,55.91446769790719,1494.0,1419.0,2913.0,66.26478616924477,1195.0,1137.0,2332.0,53.04822565969063,1795.0,1561.0,3356.0,76.34212920837125,1747.0,1526.0,3273.0,74.45404913557779,1792.0,1519.0,3311.0,75.31847133757962,1826.0,1548.0,3374.0,76.75159235668791,1839.0,1547.0,3386.0,77.024567788899,1900.0,1690.0,3590.0,81.66515013648772,1606.0,1434.0,3040.0,69.15377616014558,0.0,0.0,0.0,0.0,1785.0,1524.0,3309.0,75.2729754322111,1715.0,1512.0,3227.0,73.40764331210191,1759.0,1561.0,3320.0,75.52320291173794,1774.0,1501.0,3275.0,74.49954504094632,1784.0,1584.0,3368.0,76.61510464058235,1774.0,1501.0,3275.0,74.49954504094632,1784.0,1584.0,3368.0,76.61510464058235
IFUGAO,1402700000,CAR,Ifugao,Province,2nd,2021,1018.0,973.0,1991.0,44.85244424419915,1457.0,1363.0,2820.0,63.52782158143726,1214.0,1117.0,2331.0,52.51182698806037,1626.0,1386.0,3012.0,67.85312007208832,1631.0,1456.0,3087.0,69.54268979499886,1603.0,1405.0,3008.0,67.76300968686641,1561.0,1365.0,2926.0,65.91574678981753,1608.0,1454.0,3062.0,68.97949988736201,1568.0,1401.0,2969.0,66.88443343095291,1368.0,1256.0,2624.0,59.112412705564324,0.0,0.0,0.0,0.0,1589.0,1386.0,2975.0,67.01959900878576,1617.0,1454.0,3071.0,69.18224825411129,1548.0,1403.0,2951.0,66.47893669745439,1593.0,1407.0,3000.0,67.58278891642261,1601.0,1488.0,3089.0,69.58774498760982,1593.0,1407.0,3000.0,67.58278891642261,1601.0,1488.0,3089.0,69.58774498760982
IFUGAO,1402700000,CAR,Ifugao,Province,2nd,2022,1011.0,1043.0,2054.0,45.786892554614354,1441.0,1372.0,2813.0,62.706197057512256,1295.0,1193.0,2488.0,55.46143557735176,1617.0,1478.0,3095.0,68.99242086491306,1623.0,1528.0,3151.0,70.24074899687918,1612.0,1501.0,3113.0,69.39366919304503,1599.0,1446.0,3045.0,67.8778421756576,1558.0,1459.0,3017.0,67.25367810967454,1593.0,1457.0,3050.0,67.98930004458315,1475.0,1304.0,2779.0,61.94828354881855,231.0,260.0,491.0,10.945162728488631,1605.0,1460.0,3065.0,68.32367365135978,1655.0,1504.0,3159.0,70.41908158716005,1610.0,1478.0,3088.0,68.8363798484173,1528.0,1437.0,2965.0,66.09451627284886,4869.0,1385.0,2901.0,59.58102279728897,1416.0,1331.0,2747.0,56.418155678784146,81.0,71.0,152.0,3.4711121260561772
IFUGAO,1402700000,CAR,Ifugao,Province,2nd,2023,851.0,787.0,1638.0,39.97071742313324,1249.0,1097.0,2346.0,57.24743777452416,1118.0,1003.0,2121.0,51.756954612005856,1723.0,1472.0,3195.0,77.96486090775988,1649.0,1519.0,3168.0,77.30600292825768,1656.0,1509.0,3165.0,77.23279648609078,1487.0,1383.0,2870.0,70.03416300634456,1224.0,1117.0,2341.0,57.1254270375793,1115.0,1031.0,2146.0,52.36700829673011,1303.0,1251.0,2554.0,62.32308443142996,722.0,621.0,1343.0,32.77208394338702,1682.0,1466.0,3148.0,76.81795998047828,1638.0,1480.0,3118.0,76.08589555880918,1688.0,1529.0,3217.0,78.50170815031723,1594.0,1406.0,3000.0,73.20644216691069,1532.0,1434.0,2966.0,66.63671085149404,1430.0,1356.0,2786.0,62.59267580319029,90.0,69.0,159.0,4.114906832298137
IFUGAO,1402700000,CAR,Ifugao,Province,2nd,2024,923.0,856.0,1779.0,42.91917973462002,902.0,925.0,1827.0,44.077201447527145,838.0,797.0,1635.0,39.44511459589867,1419.0,1329.0,2748.0,66.29674306393245,1470.0,1334.0,2804.0,67.64776839565741,1345.0,1251.0,2596.0,62.62967430639325,1519.0,1444.0,2963.0,71.48371531966224,1663.0,1504.0,3167.0,76.40530759951749,1638.0,1548.0,3186.0,76.86369119420989,1335.0,1252.0,2587.0,62.41254523522316,865.0,799.0,1664.0,40.14475271411339,1299.0,1167.0,2466.0,59.49336550060313,1224.0,1082.0,2306.0,55.63329312424607,1152.0,1062.0,2214.0,53.413751507840765,1521.0,1342.0,2863.0,69.07117008443907,4502.0,1530.0,3240.0,71.96801421590405,1584.0,1402.0,2986.0,66.32607729897823,108.0,102.0,210.0,5.368098159509203
IFUGAO,1402700000,CAR,Ifugao,Province,2nd,2025,888.0,840.0,1728.0,40.909090909090914,907.0,816.0,1723.0,37.55448997384481,788.0,723.0,1511.0,32.9337401918047,1396.0,1296.0,2692.0,58.674803836094156,1438.0,1303.0,2741.0,59.74280732345248,1520.0,1448.0,2968.0,64.69049694856146,690.0,577.0,1267.0,27.615518744551004,683.0,650.0,1333.0,29.054054054054053,779.0,691.0,1470.0,32.04010462074978,1255.0,1127.0,2382.0,51.918047079337406,917.0,819.0,1736.0,37.83783783783784,1220.0,1112.0,2332.0,50.828247602441145,1348.0,1212.0,2560.0,55.79773321708805,1267.0,1144.0,2411.0,52.550130775937234,1418.0,1235.0,2653.0,57.82476024411508,1322.0,1239.0,2561.0,55.81952920662599,1228.0,1159.0,2387.0,53.020879609062646,96.0,88.0,184.0,12.137203166226913
KALINGA,1403200000,CAR,Kalinga,Province,2nd,2018,1883.0,1673.0,3556.0,88.70042404589672,2180.0,1934.0,4114.0,69.55137503440376,1917.0,1749.0,3666.0,61.97747712108026,2218.0,1962.0,4180.0,70.66717249484874,2250.0,1993.0,4243.0,71.73225188890986,2224.0,1984.0,4208.0,71.14054111443146,2360.0,2073.0,4433.0,74.94439609322117,2419.0,2105.0,4524.0,76.482844106865,2406.0,2163.0,4569.0,77.24361510262294,0.0,0.0,0.0,0.0,0.0,0.0,0.0,0.0,2212.0,1987.0,4199.0,70.98838691527986,2096.0,1887.0,3983.0,67.33668613564176,2008.0,1753.0,3761.0,63.58354922323591,2293.0,2089.0,4382.0,74.08218896469549,1977.0,1844.0,3821.0,64.59791055091316,2230.0,2042.0,4272.0,72.22252653062054,107.0,90.0,197.0,3.3304863592069864
KALINGA,1403200000,CAR,Kalinga,Province,2nd,2019,2100.0,2019.0,4119.0,90.0625389496868,2144.0,2029.0,4173.0,91.24325686745401,2224.0,2080.0,4304.0,94.10759107537072,2100.0,2019.0,4119.0,90.0625389496868,2144.0,2029.0,4173.0,91.24325686745401,2224.0,2080.0,4304.0,94.10759107537072,2149.0,2021.0,4170.0,91.17766142757804,2231.0,2034.0,4265.0,93.2548503569833,2206.0,2070.0,4276.0,93.4953669698618,1465.0,1393.0,2858.0,62.49058905516021,0.0,0.0,0.0,0.0,2258.0,2009.0,4267.0,93.29858065023394,2293.0,2050.0,4343.0,94.96033179375814,2143.0,2007.0,4150.0,90.74035849507167,2263.0,1944.0,4207.0,91.98667185271484,2028.0,1754.0,3782.0,82.69398453695447,1969.0,1615.0,3584.0,78.36468550514142,244.0,28.0,272.0,5.947319882086625
KALINGA,1403200000,CAR,Kalinga,Province,2nd,2020,1639.0,1596.0,3235.0,70.06714316655838,1484.0,1425.0,2909.0,63.0062811349361,1355.0,1305.0,2660.0,57.61316872427984,2183.0,1963.0,4146.0,89.79857050032489,2145.0,1983.0,4128.0,89.4087069525666,2116.0,1987.0,4103.0,88.86722980290232,2155.0,1945.0,4100.0,88.8022525449426,2147.0,1979.0,4126.0,89.36538878059346,2108.0,2023.0,4131.0,89.47368421052632,1874.0,1787.0,3661.0,79.29391379683778,0.0,0.0,0.0,0.0,2052.0,1853.0,3905.0,84.57873077756119,2044.0,1885.0,3929.0,85.0985488412389,2052.0,1857.0,3909.0,84.66536712150747,2236.0,2017.0,4253.0,92.11609270088802,2286.0,2059.0,4345.0,94.1087286116526,2236.0,2017.0,4253.0,92.11609270088802,2286.0,2059.0,4345.0,94.1087286116526
KALINGA,1403200000,CAR,Kalinga,Province,2nd,2021,1507.0,1377.0,2884.0,61.88841201716738,1170.0,1179.0,2349.0,50.40772532188841,1018.0,1041.0,2059.0,44.18454935622317,1749.0,1659.0,3408.0,73.13304721030043,1766.0,1683.0,3449.0,74.01287553648068,1794.0,1711.0,3505.0,75.21459227467811,877.0,871.0,1748.0,37.51072961373391,969.0,876.0,1845.0,39.592274678111586,880.0,869.0,1749.0,37.532188841201716,675.0,666.0,1341.0,28.776824034334762,0.0,0.0,0.0,0.0,1864.0,1736.0,3600.0,77.25321888412017,1840.0,1737.0,3577.0,76.75965665236052,1805.0,1748.0,3553.0,76.24463519313305,1977.0,1842.0,3819.0,81.95278969957081,2125.0,1872.0,3997.0,85.7725321888412,1977.0,1842.0,3819.0,81.95278969957081,2125.0,1872.0,3997.0,85.7725321888412
KALINGA,1403200000,CAR,Kalinga,Province,2nd,2022,1496.0,1437.0,2933.0,62.39098064241651,1367.0,1328.0,2695.0,57.32822803658796,1302.0,1269.0,2571.0,54.69049138481174,1997.0,1817.0,3814.0,81.13167411189109,1996.0,1798.0,3794.0,80.70623271644331,2003.0,1803.0,3806.0,80.96149755371198,2037.0,1858.0,3895.0,82.85471176345457,2011.0,1793.0,3804.0,80.91895341416719,2060.0,1836.0,3896.0,82.87598383322697,2020.0,1775.0,3795.0,80.7275047862157,995.0,990.0,1985.0,42.22505849819188,1994.0,1841.0,3835.0,81.57838757711126,1997.0,1785.0,3782.0,80.45096787917464,1995.0,1785.0,3780.0,80.40842373962987,1896.0,1678.0,3574.0,76.02637736651776,5105.0,1679.0,3605.0,70.61704211557297,1925.0,1677.0,3602.0,70.55827619980411,0.0,3.0,3.0,0.06813536225300931
KALINGA,1403200000,CAR,Kalinga,Province,2nd,2023,1286.0,1226.0,2512.0,55.2209276764124,1242.0,1179.0,2421.0,53.22048801934491,1214.0,1147.0,2361.0,51.90151681688283,1930.0,1762.0,3692.0,81.16069465816663,1906.0,1801.0,3707.0,81.49043745878215,1890.0,1828.0,3718.0,81.7322488459002,1634.0,1491.0,3125.0,68.69641679489997,1354.0,1302.0,2656.0,58.38645856232139,1264.0,1242.0,2506.0,55.089030556166186,1650.0,1593.0,3243.0,71.2903934930754,1490.0,1383.0,2873.0,63.156737744559244,1904.0,1766.0,3670.0,80.67707188393052,1898.0,1793.0,3691.0,81.13871180479227,1907.0,1789.0,3696.0,81.24862607166409,1894.0,1718.0,3612.0,79.40206638821718,1957.0,1812.0,3769.0,76.26467017401862,1926.0,1797.0,3723.0,75.33387292594091,34.0,24.0,58.0,1.3721315353678731
KALINGA,1403200000,CAR,Kalinga,Province,2nd,2024,1227.0,1122.0,2349.0,51.26582278481012,1141.0,1077.0,2218.0,48.40680925360105,1159.0,1079.0,2238.0,48.843299869052814,1866.0,1723.0,3589.0,78.32824094281973,1925.0,1724.0,3649.0,79.63771278917503,1834.0,1602.0,3436.0,74.9890877346137,1932.0,1705.0,3637.0,79.37581841990398,2219.0,1973.0,4192.0,91.48843299869053,2366.0,2075.0,4441.0,96.92274116106503,1908.0,1669.0,3577.0,78.06634657354867,1568.0,1362.0,2930.0,63.945875163683986,1650.0,1504.0,3154.0,68.83457005674379,1570.0,1383.0,2953.0,64.44783937145353,1612.0,1365.0,2977.0,64.97162810999563,1986.0,1764.0,3750.0,81.84199039720646,4979.0,1966.0,4152.0,83.39023900381602,2146.0,1927.0,4073.0,81.80357501506327,29.0,29.0,58.0,1.3589503280224928
KALINGA,1403200000,CAR,Kalinga,Province,2nd,2025,1128.0,1148.0,2276.0,48.82024882024882,1087.0,999.0,2086.0,41.19273301737757,1067.0,998.0,2065.0,40.77804107424961,1819.0,1642.0,3461.0,68.34518167456555,1803.0,1658.0,3461.0,68.34518167456555,1935.0,1758.0,3693.0,72.92654028436019,1153.0,1050.0,2203.0,43.50315955766193,1196.0,1060.0,2256.0,44.54976303317535,1251.0,1096.0,2347.0,46.346761453396525,1657.0,1572.0,3229.0,63.76382306477093,1565.0,1359.0,2924.0,57.74091627172196,1810.0,1667.0,3477.0,68.6611374407583,1886.0,1732.0,3618.0,71.44549763033176,1804.0,1617.0,3421.0,67.55529225908373,1877.0,1628.0,3505.0,69.21406003159558,2018.0,1730.0,3748.0,74.01263823064771,1982.0,1715.0,3697.0,74.25185780277164,7.0,8.0,15.0,1.6556291390728477
MOUNTAIN PROVINCE,1404400000,CAR,Mountain Province,Province,2nd,2018,1141.0,1121.0,2262.0,69.53581309560406,1155.0,1134.0,2289.0,54.76105376631168,1093.0,1073.0,2166.0,51.81845454688996,1191.0,1138.0,2329.0,55.71799660189599,1237.0,1178.0,2415.0,57.77542369840224,1257.0,1147.0,2404.0,57.51226441861655,1140.0,1085.0,2225.0,53.22994522937681,1151.0,1107.0,2258.0,54.01942306873385,1398.0,1278.0,2676.0,64.01947570058981,0.0,0.0,0.0,0.0,0.0,0.0,0.0,0.0,1914.0,1703.0,3617.0,86.53155590771053,1245.0,1154.0,2399.0,57.392646564168516,1231.0,1138.0,2369.0,56.67493943748029,1252.0,1118.0,2370.0,56.698863008369905,1203.0,1072.0,2275.0,54.426123773857185,1247.0,1110.0,2357.0,56.38785658680499,8.0,15.0,23.0,0.5502421304609737
MOUNTAIN PROVINCE,1404400000,CAR,Mountain Province,Province,2nd,2019,1312.0,1064.0,2376.0,83.55829073427425,1185.0,1089.0,2274.0,79.97119239467158,1174.0,1093.0,2267.0,79.72501897920866,1312.0,1064.0,2376.0,83.55829073427425,1185.0,1089.0,2274.0,79.97119239467158,1174.0,1093.0,2267.0,79.72501897920866,1199.0,1052.0,2251.0,79.16233688672195,1248.0,1124.0,2372.0,83.41762021115258,1222.0,1121.0,2343.0,82.39775891852045,1425.0,1110.0,2535.0,89.14994402836079,0.0,0.0,0.0,0.0,1216.0,1096.0,2312.0,81.30756236432748,1238.0,1141.0,2379.0,83.66379362661552,1192.0,1131.0,2323.0,81.69440630291209,1201.0,1100.0,2301.0,80.92071842574288,1110.0,1056.0,2166.0,76.17308827038639,1088.0,996.0,2084.0,73.28934254639206,11.0,13.0,24.0,0.8440231387300431
MOUNTAIN PROVINCE,1404400000,CAR,Mountain Province,Province,2nd,2020,1167.0,1065.0,2232.0,73.83393979490572,1344.0,1401.0,2745.0,90.80383724776712,1335.0,1399.0,2734.0,90.43996030433344,1180.0,1116.0,2296.0,75.95104201124711,1208.0,1108.0,2316.0,76.61263645385378,1212.0,1113.0,2325.0,76.9103539530268,1185.0,1092.0,2277.0,75.32252729077075,1185.0,1085.0,2270.0,75.09096923585842,1188.0,1089.0,2277.0,75.32252729077075,1188.0,1052.0,2240.0,74.0985775719484,0.0,0.0,0.0,0.0,1199.0,1108.0,2307.0,76.31491895468078,1178.0,1091.0,2269.0,75.05788951372809,1156.0,1052.0,2208.0,73.0400264637777,1221.0,1056.0,2277.0,75.32252729077075,1190.0,1044.0,2234.0,73.9000992391664,1221.0,1056.0,2277.0,75.32252729077075,1190.0,1044.0,2234.0,73.9000992391664
MOUNTAIN PROVINCE,1404400000,CAR,Mountain Province,Province,2nd,2021,892.0,872.0,1764.0,57.534246575342465,1170.0,1227.0,2397.0,78.18003913894324,1141.0,1267.0,2408.0,78.53881278538812,1031.0,981.0,2012.0,65.62296151337247,1061.0,973.0,2034.0,66.34050880626224,1066.0,1004.0,2070.0,67.5146771037182,1020.0,985.0,2005.0,65.39465101108937,1051.0,987.0,2038.0,66.470971950424,1039.0,969.0,2008.0,65.4924983692107,1053.0,964.0,2017.0,65.78604044357469,0.0,0.0,0.0,0.0,1031.0,960.0,1991.0,64.93803000652316,1074.0,1004.0,2078.0,67.77560339204175,1069.0,967.0,2036.0,66.40574037834311,1041.0,951.0,1992.0,64.9706457925636,1097.0,1007.0,2104.0,68.62361382909327,1041.0,951.0,1992.0,64.9706457925636,1097.0,1007.0,2104.0,68.62361382909327
MOUNTAIN PROVINCE,1404400000,CAR,Mountain Province,Province,2nd,2022,1103.0,1024.0,2127.0,68.54656783757655,1634.0,1510.0,3144.0,101.32130196583951,1624.0,1515.0,3139.0,101.16016757976152,1135.0,1071.0,2206.0,71.09249113760877,1112.0,1088.0,2200.0,70.89912987431518,1118.0,1032.0,2150.0,69.2877860135353,1132.0,1084.0,2216.0,71.41475990976474,1113.0,1090.0,2203.0,70.99581050596197,1128.0,1069.0,2197.0,70.80244924266839,1101.0,1040.0,2141.0,68.99774411859491,653.0,620.0,1273.0,41.02481469545601,1135.0,1083.0,2218.0,71.47921366419594,1126.0,1075.0,2201.0,70.93135675153077,1120.0,1016.0,2136.0,68.83660973251692,1022.0,962.0,1984.0,63.93812439574605,3357.0,877.0,1807.0,53.82782246053024,893.0,825.0,1718.0,51.17664581471551,40.0,43.0,83.0,2.920478536242083
MOUNTAIN PROVINCE,1404400000,CAR,Mountain Province,Province,2nd,2023,943.0,832.0,1775.0,67.77395952653684,1802.0,1532.0,3334.0,127.30049637266131,1813.0,1542.0,3355.0,128.10232913325697,1183.0,1035.0,2218.0,84.68881252386407,1210.0,1060.0,2270.0,86.67430316914853,1229.0,1010.0,2239.0,85.49064528445972,1139.0,1022.0,2161.0,82.51240931653302,1076.0,910.0,1986.0,75.83046964490264,1015.0,878.0,1893.0,72.2794959908362,1133.0,971.0,2104.0,80.33600610920199,980.0,919.0,1899.0,72.5085910652921,1209.0,1041.0,2250.0,85.91065292096219,1229.0,1061.0,2290.0,87.43795341733485,1248.0,1067.0,2315.0,88.39251622756777,1120.0,1029.0,2149.0,82.05421916762123,1125.0,1033.0,2158.0,75.8790436005626,1087.0,988.0,2075.0,72.96061884669479,38.0,45.0,83.0,3.2638615808100666
MOUNTAIN PROVINCE,1404400000,CAR,Mountain Province,Province,2nd,2024,872.0,833.0,1705.0,65.20076481835564,1586.0,1545.0,3131.0,119.73231357552581,1572.0,1571.0,3143.0,120.19120458891013,1014.0,972.0,1986.0,75.94646271510517,986.0,952.0,1938.0,74.11089866156789,937.0,888.0,1825.0,69.78967495219885,1084.0,1024.0,2108.0,80.61185468451242,1151.0,1116.0,2267.0,86.69216061185469,1188.0,1120.0,2308.0,88.26003824091778,1034.0,980.0,2014.0,77.01720841300191,876.0,802.0,1678.0,64.16826003824092,882.0,848.0,1730.0,66.1567877629063,576.0,545.0,1121.0,42.868068833652,594.0,527.0,1121.0,42.868068833652,1069.0,982.0,2051.0,78.43212237093691,2838.0,997.0,2165.0,76.2861169837914,1079.0,939.0,2018.0,71.10641296687808,86.0,48.0,134.0,5.28391167192429
MOUNTAIN PROVINCE,1404400000,CAR,Mountain Province,Province,2nd,2025,725.0,695.0,1420.0,53.747161241483724,1434.0,1315.0,2749.0,95.91765526866713,1321.0,1224.0,2545.0,88.79972086531751,1024.0,916.0,1940.0,67.69016050244244,1053.0,979.0,2032.0,70.90020935101187,1106.0,1041.0,2147.0,74.91277041172366,643.0,575.0,1218.0,42.49825540823448,658.0,622.0,1280.0,44.66154919748779,744.0,661.0,1405.0,49.02302861130495,955.0,827.0,1782.0,62.17725052337752,931.0,848.0,1779.0,62.07257501744592,920.0,879.0,1799.0,62.77041172365666,1222.0,1173.0,2395.0,83.56594556873691,1090.0,1112.0,2202.0,76.8318213538032,1016.0,922.0,1938.0,67.62037683182135,974.0,889.0,1863.0,65.00348918353104,971.0,882.0,1853.0,65.29245947850599,32.0,23.0,55.0,6.707317073170732
APAYAO,1408100000,CAR,Apayao,Province,2nd,2018,850.0,756.0,1606.0,51.392,1612.0,1502.0,3114.0,93.78371199184679,968.0,902.0,1870.0,56.318414073459685,1157.0,992.0,2149.0,64.721000986024,1194.0,1004.0,2198.0,66.19672413554247,1153.0,996.0,2149.0,64.721000986024,1134.0,967.0,2101.0,63.2753946354753,1173.0,994.0,2167.0,65.26310336747976,1187.0,1052.0,2239.0,67.43151289330281,0.0,0.0,0.0,0.0,0.0,0.0,0.0,0.0,1191.0,1008.0,2199.0,66.22684093451223,1194.0,1018.0,2212.0,66.61835932111917,1136.0,1015.0,2151.0,64.78123458396354,1140.0,995.0,2135.0,64.29936580044729,914.0,892.0,1806.0,54.390938939394765,1110.0,974.0,2084.0,62.7634090529893,40.0,32.0,72.0,2.168409525823047
APAYAO,1408100000,CAR,Apayao,Province,2nd,2019,931.0,898.0,1829.0,76.74428563566998,935.0,901.0,1836.0,77.0380035139913,935.0,880.0,1815.0,76.15684987902735,931.0,898.0,1829.0,76.74428563566998,935.0,901.0,1836.0,77.0380035139913,935.0,880.0,1815.0,76.15684987902735,1027.0,994.0,2021.0,84.8005474410547,1001.0,966.0,1967.0,82.53472380829024,986.0,925.0,1911.0,80.1849807817197,979.0,952.0,1931.0,81.0241747197806,0.0,0.0,0.0,0.0,1054.0,994.0,2048.0,85.93345925743692,1046.0,991.0,2037.0,85.47190259150341,1041.0,961.0,2002.0,84.00331319989684,1020.0,971.0,1991.0,83.54175653396332,1016.0,899.0,1915.0,80.35281956933188,799.0,749.0,1548.0,64.95361080591422,21.0,24.0,45.0,1.8881863606370417
APAYAO,1408100000,CAR,Apayao,Province,2nd,2020,754.0,691.0,1445.0,58.955528355773154,587.0,551.0,1138.0,46.43002855977152,428.0,530.0,958.0,39.08608731130151,908.0,873.0,1781.0,72.66421868625052,935.0,945.0,1880.0,76.70338637290902,951.0,945.0,1896.0,77.3561811505508,885.0,895.0,1780.0,72.6234190126479,945.0,939.0,1884.0,76.86658506731946,989.0,969.0,1958.0,79.88576091391269,933.0,916.0,1849.0,75.43859649122807,0.0,0.0,0.0,0.0,918.0,883.0,1801.0,73.48021215830273,939.0,914.0,1853.0,75.60179518563851,937.0,923.0,1860.0,75.8873929008568,937.0,890.0,1827.0,74.54100367197063,977.0,898.0,1875.0,76.49938800489596,937.0,890.0,1827.0,74.54100367197063,977.0,898.0,1875.0,76.49938800489596
APAYAO,1408100000,CAR,Apayao,Province,2nd,2021,678.0,731.0,1409.0,56.90630048465266,487.0,520.0,1007.0,40.67043618739903,410.0,463.0,873.0,35.25848142164782,868.0,795.0,1663.0,67.16478190630049,831.0,807.0,1638.0,66.15508885298868,806.0,823.0,1629.0,65.79159935379644,833.0,794.0,1627.0,65.7108239095315,792.0,801.0,1593.0,64.33764135702747,739.0,736.0,1475.0,59.5718901453958,760.0,756.0,1516.0,61.22778675282714,0.0,0.0,0.0,0.0,849.0,801.0,1650.0,66.63974151857836,835.0,825.0,1660.0,67.04361873990307,795.0,795.0,1590.0,64.21647819063004,896.0,816.0,1712.0,69.1437802907916,877.0,837.0,1714.0,69.22455573505655,896.0,816.0,1712.0,69.1437802907916,877.0,837.0,1714.0,69.22455573505655
APAYAO,1408100000,CAR,Apayao,Province,2nd,2022,809.0,705.0,1514.0,60.51159072741806,604.0,557.0,1161.0,46.402877697841724,504.0,488.0,992.0,39.64828137490008,995.0,895.0,1890.0,75.53956834532374,1041.0,941.0,1982.0,79.2166266986411,1017.0,906.0,1923.0,76.85851318944844,1038.0,913.0,1951.0,77.97761790567546,1058.0,981.0,2039.0,81.49480415667466,1088.0,977.0,2065.0,82.53397282174261,1079.0,992.0,2071.0,82.77378097521982,836.0,732.0,1568.0,62.66986410871303,1016.0,907.0,1923.0,76.85851318944844,1043.0,920.0,1963.0,78.4572342126299,1002.0,900.0,1902.0,76.01918465227818,924.0,892.0,1816.0,72.58193445243805,2715.0,828.0,1732.0,63.79373848987109,874.0,797.0,1671.0,61.546961325966855,37.0,25.0,62.0,2.675873974967631
APAYAO,1408100000,CAR,Apayao,Province,2nd,2023,696.0,803.0,1499.0,66.97944593386953,1100.0,1165.0,2265.0,101.20643431635388,1022.0,1070.0,2092.0,93.4763181411975,993.0,934.0,1927.0,86.10366398570152,964.0,912.0,1876.0,83.8248436103664,957.0,945.0,1902.0,84.98659517426273,908.0,852.0,1760.0,78.64164432529044,764.0,718.0,1482.0,66.21983914209115,660.0,624.0,1284.0,57.37265415549599,872.0,826.0,1698.0,75.87131367292224,749.0,716.0,1465.0,65.46023235031278,965.0,926.0,1891.0,84.49508489722966,971.0,1006.0,1977.0,88.3378016085791,992.0,973.0,1965.0,87.80160857908848,961.0,926.0,1887.0,84.31635388739946,989.0,872.0,1861.0,76.71063478977742,952.0,846.0,1798.0,74.11376751854905,27.0,17.0,44.0,2.1558059774620286
APAYAO,1408100000,CAR,Apayao,Province,2nd,2024,623.0,681.0,1304.0,58.68586858685868,1789.0,1664.0,3453.0,155.4005400540054,1108.0,1015.0,2123.0,95.54455445544554,893.0,857.0,1750.0,78.75787578757875,796.0,756.0,1552.0,69.84698469846985,770.0,702.0,1472.0,66.24662466246625,930.0,841.0,1771.0,79.70297029702971,936.0,877.0,1813.0,81.5931593159316,1045.0,973.0,2018.0,90.81908190819082,941.0,858.0,1799.0,80.96309630963097,763.0,658.0,1421.0,63.951395139513956,719.0,656.0,1375.0,61.88118811881188,589.0,588.0,1177.0,52.97029702970298,634.0,561.0,1195.0,53.78037803780378,914.0,825.0,1739.0,78.26282628262827,2416.0,858.0,1775.0,73.46854304635761,892.0,835.0,1727.0,71.48178807947019,13.0,17.0,30.0,1.466275659824047
APAYAO,1408100000,CAR,Apayao,Province,2nd,2025,654.0,687.0,1341.0,59.283819628647215,1145.0,1271.0,2416.0,98.33129833129833,971.0,1112.0,2083.0,84.77818477818477,802.0,828.0,1630.0,66.34106634106635,871.0,843.0,1714.0,69.75986975986976,829.0,795.0,1624.0,66.0968660968661,376.0,430.0,806.0,32.804232804232804,419.0,461.0,880.0,35.81603581603582,447.0,459.0,906.0,36.87423687423688,832.0,821.0,1653.0,67.27716727716728,686.0,677.0,1363.0,55.474155474155474,888.0,883.0,1771.0,72.07977207977207,1043.0,988.0,2031.0,82.66178266178265,905.0,867.0,1772.0,72.12047212047213,835.0,835.0,1670.0,67.96906796906796,800.0,795.0,1595.0,64.91656491656491,743.0,768.0,1511.0,62.54139072847682,34.0,31.0,65.0,9.433962264150944
CITY OF BAGUIO,1430300000,CAR,Benguet,City,1st,2018,1195.0,1174.0,2369.0,24.73376487784506,4525.0,4191.0,8716.0,88.86262568056476,4512.0,4178.0,8690.0,88.59754671456032,3710.0,3480.0,7190.0,73.30452944507351,3588.0,3388.0,6976.0,71.12272564796005,3558.0,3400.0,6958.0,70.9392094407262,3736.0,3497.0,7233.0,73.74292927346546,3602.0,3402.0,7004.0,71.40819530365714,3564.0,3392.0,6956.0,70.91881875103357,0.0,0.0,0.0,0.0,0.0,0.0,0.0,0.0,3948.0,3642.0,7590.0,77.38266738360332,3758.0,3498.0,7256.0,73.97742220493092,3706.0,3550.0,7256.0,73.97742220493092,3272.0,3154.0,6426.0,65.51528598248156,2532.0,2377.0,4909.0,50.048947850607206,3381.0,3269.0,6650.0,67.79904322805824,136.0,124.0,260.0,2.6507896600443828
CITY OF BAGUIO,1430300000,CAR,Benguet,City,1st,2019,3137.0,3321.0,6458.0,83.85453959498182,3044.0,3382.0,6426.0,83.43903243068335,3153.0,3460.0,6613.0,85.86715242205246,3137.0,3321.0,6458.0,83.85453959498182,3044.0,3382.0,6426.0,83.43903243068335,3153.0,3460.0,6613.0,85.86715242205246,2851.0,2699.0,5550.0,72.06452380801316,2620.0,2590.0,5210.0,67.6497601873421,2672.0,2648.0,5320.0,69.07806606461803,2718.0,2689.0,5407.0,70.20772616755445,0.0,0.0,0.0,0.0,2868.0,2718.0,5586.0,72.53196936784893,2778.0,2748.0,5526.0,71.75289343478933,2794.0,2736.0,5530.0,71.80483183032663,2621.0,2498.0,5119.0,66.46816168886836,2313.0,2301.0,4614.0,59.91093925228338,2215.0,2130.0,4345.0,56.41808215239949,456.0,406.0,862.0,11.192724238289612
CITY OF BAGUIO,1430300000,CAR,Benguet,City,1st,2020,1340.0,1362.0,2702.0,37.97610681658468,3532.0,3466.0,6998.0,98.35558678847505,3543.0,3469.0,7012.0,98.5523541813071,2627.0,2624.0,5251.0,73.80182712579058,2520.0,2534.0,5054.0,71.03302881236824,2531.0,2428.0,4959.0,69.69782150386507,2609.0,2616.0,5225.0,73.43640196767393,2501.0,2530.0,5031.0,70.70976809557273,2498.0,2442.0,4940.0,69.43078004216444,2480.0,2417.0,4897.0,68.82642304989459,0.0,0.0,0.0,0.0,2650.0,2652.0,5302.0,74.51862262825017,2558.0,2539.0,5097.0,71.63738580463809,2545.0,2525.0,5070.0,71.25790583274771,2214.0,2221.0,4435.0,62.3330990864371,1941.0,1936.0,3877.0,54.49051300070275,2214.0,2221.0,4435.0,62.3330990864371,1941.0,1936.0,3877.0,54.49051300070275
CITY OF BAGUIO,1430300000,CAR,Benguet,City,1st,2021,1299.0,1332.0,2631.0,37.187279151943464,2982.0,2765.0,5747.0,81.22968197879858,2933.0,2701.0,5634.0,79.63250883392227,2132.0,2050.0,4182.0,59.109540636042404,2083.0,2103.0,4186.0,59.166077738515895,2077.0,2057.0,4134.0,58.43109540636042,2129.0,2037.0,4166.0,58.88339222614841,2047.0,2099.0,4146.0,58.600706713780916,2075.0,2063.0,4138.0,58.48763250883392,2030.0,2018.0,4048.0,57.21554770318021,0.0,0.0,0.0,0.0,2155.0,2110.0,4265.0,60.28268551236749,2039.0,2071.0,4110.0,58.091872791519435,2082.0,2096.0,4178.0,59.053003533568905,2142.0,2079.0,4221.0,59.660777385159015,2461.0,2373.0,4834.0,68.32508833922262,2142.0,2079.0,4221.0,59.660777385159015,2461.0,2373.0,4834.0,68.32508833922262
CITY OF BAGUIO,1430300000,CAR,Benguet,City,1st,2022,1445.0,1456.0,2901.0,41.28949615713066,3550.0,3309.0,6859.0,97.62311414745231,3539.0,3287.0,6826.0,97.15343011670936,2319.0,2292.0,4611.0,65.62766865926558,2267.0,2198.0,4465.0,63.54967264446342,2207.0,2159.0,4366.0,62.14062055223456,2314.0,2290.0,4604.0,65.52803871335041,2315.0,2241.0,4556.0,64.84486194136066,2229.0,2130.0,4359.0,62.04099060631939,2261.0,2254.0,4515.0,64.26131511528608,1888.0,1930.0,3818.0,54.34101907201821,2279.0,2278.0,4557.0,64.85909479077712,2218.0,2173.0,4391.0,62.496441787645885,2200.0,2145.0,4345.0,61.84173071448904,2108.0,2033.0,4141.0,58.9382294335326,7624.0,2218.0,4498.0,58.997901364113325,2099.0,2027.0,4126.0,54.118572927597064,107.0,109.0,216.0,3.3083167406953593
CITY OF BAGUIO,1430300000,CAR,Benguet,City,1st,2023,1512.0,1492.0,3004.0,56.16002991213311,3661.0,3387.0,7048.0,131.76294634511123,3665.0,3388.0,7053.0,131.85642176107683,2271.0,2128.0,4399.0,82.23967096653581,2233.0,2093.0,4326.0,80.87492989343804,2172.0,2086.0,4258.0,79.60366423630585,2195.0,2038.0,4233.0,79.13628715647785,2063.0,1940.0,4003.0,74.8364180220602,1820.0,1779.0,3599.0,67.28360441203964,2154.0,2049.0,4203.0,78.57543466068424,2122.0,2044.0,4166.0,77.8837165825388,2249.0,2102.0,4351.0,81.34230697326603,2258.0,2139.0,4397.0,82.20228080014957,2233.0,2144.0,4377.0,81.82837913628715,2043.0,1964.0,4007.0,74.91119835483268,1933.0,1885.0,3818.0,65.72559820967464,1684.0,1634.0,3318.0,57.11826476157687,234.0,244.0,478.0,9.484126984126984
CITY OF BAGUIO,1430300000,CAR,Benguet,City,1st,2024,1279.0,1202.0,2481.0,46.05531835901244,3407.0,3200.0,6607.0,122.64711342119918,3314.0,3083.0,6397.0,118.74883979951736,2364.0,2351.0,4715.0,87.52552441061815,2235.0,2229.0,4464.0,82.86615927232226,2148.0,2078.0,4226.0,78.44811583441619,2417.0,2385.0,4802.0,89.14052348245777,2404.0,2424.0,4828.0,89.62316688323743,2505.0,2485.0,4990.0,92.63040653424912,2212.0,2168.0,4380.0,81.30684982364953,1787.0,1696.0,3483.0,64.65565249675144,2431.0,2422.0,4853.0,90.08724707629479,2290.0,2273.0,4563.0,84.7039168368294,2218.0,2207.0,4425.0,82.14219417115277,2088.0,2011.0,4099.0,76.09058845368479,5847.0,2085.0,4350.0,74.39712673165727,1916.0,1775.0,3691.0,63.12638960150505,405.0,364.0,769.0,15.08730625858348
CITY OF BAGUIO,1430300000,CAR,Benguet,City,1st,2025,1309.0,1258.0,2567.0,46.98883397400696,3563.0,3258.0,6821.0,114.96713298499917,2430.0,2164.0,4594.0,77.43131636608798,2153.0,2093.0,4246.0,71.56581830439912,2148.0,2118.0,4266.0,71.90291589415135,2277.0,2167.0,4444.0,74.90308444294624,1664.0,1586.0,3250.0,54.77835833473791,1660.0,1571.0,3231.0,54.45811562447328,1621.0,1528.0,3149.0,53.07601550648913,2246.0,2161.0,4407.0,74.2794539019046,2023.0,1959.0,3982.0,67.11613011966965,2194.0,2069.0,4263.0,71.85235125568852,2256.0,2134.0,4390.0,73.9929209506152,2248.0,2149.0,4397.0,74.11090510702849,2077.0,2006.0,4083.0,68.81847294791842,1884.0,1826.0,3710.0,62.53160289903927,1763.0,1713.0,3476.0,59.449290234308194,297.0,265.0,562.0,26.066790352504636
REGION 13,1600000000,REGION 13,,Region,,2018,20038.0,18932.0,38970.0,95.20203254018665,22358.0,20993.0,43351.0,59.5779575602533,17243.0,16260.0,33503.0,46.043697080601746,26745.0,25017.0,51762.0,71.13732645691752,26118.0,24600.0,50718.0,69.70254092272212,25149.0,24152.0,49301.0,67.75513565265041,26659.0,24978.0,51637.0,70.96553700119489,26072.0,24613.0,50685.0,69.65718850641134,25476.0,24210.0,49686.0,68.2842471762761,0.0,0.0,0.0,0.0,0.0,0.0,0.0,0.0,26646.0,24667.0,51313.0,70.52025873196183,26133.0,24588.0,50721.0,69.70666386965947,25606.0,24015.0,49621.0,68.19491665930035,27715.0,25985.0,53700.0,73.80075017844115,23207.0,21586.0,44793.0,61.55972072146953,27934.0,26131.0,54065.0,74.30237538915122,2121.0,2012.0,4133.0,5.680046564012984
REGION 13,1600000000,REGION 13,,Region,,2019,16710.0,17042.0,33752.0,55.021846632702896,18242.0,17734.0,35976.0,58.64736769548825,13254.0,13256.0,26510.0,43.216080653974686,23755.0,22817.0,46572.0,75.92075851440623,23225.0,22637.0,45862.0,74.76333047727601,22105.0,21539.0,43644.0,71.14759049649459,25010.0,23892.0,48902.0,79.71907869259412,23904.0,23355.0,47259.0,77.04069240385476,22595.0,22579.0,45174.0,73.64176640749349,19889.0,19385.0,39274.0,64.02370243697479,0.0,0.0,0.0,0.0,25325.0,24754.0,50079.0,81.6378009456959,24776.0,24308.0,49084.0,80.01577151337962,23680.0,23626.0,47306.0,77.11731087955212,23231.0,22102.0,45333.0,73.9009650805973,22745.0,22030.0,44775.0,72.991324454233,22126.0,21324.0,43450.0,70.83133551170125,2388.0,2543.0,4931.0,8.038419226886049
REGION 13,1600000000,REGION 13,,Region,,2020,17764.0,18275.0,36039.0,60.03598260840594,22369.0,21443.0,43812.0,72.98472405004249,12708.0,12702.0,25410.0,42.32954072198438,24511.0,22955.0,47466.0,79.07178197204684,23964.0,22815.0,46779.0,77.92733512135801,23386.0,22343.0,45729.0,76.1781805460694,24306.0,22832.0,47138.0,78.52537939995669,22176.0,22715.0,44891.0,74.78218860883906,21698.0,22668.0,44366.0,73.90761132119475,21592.0,20867.0,42459.0,70.73081344017058,0.0,0.0,0.0,0.0,24136.0,22705.0,46841.0,78.03061853437505,23730.0,22395.0,46125.0,76.83786170017825,23167.0,22289.0,45456.0,75.72340035649437,23685.0,22581.0,46266.0,77.072748171717,23388.0,22621.0,46009.0,76.64462176614636,23685.0,22581.0,46266.0,77.072748171717,23388.0,22621.0,46009.0,76.64462176614636
REGION 13,1600000000,REGION 13,,Region,,2021,16078.0,16737.0,32815.0,54.381691027808166,18331.0,17717.0,36048.0,59.73948493586556,12294.0,12270.0,24564.0,40.707964601769916,21514.0,20410.0,41924.0,69.47731265122137,20821.0,19973.0,40794.0,67.60465347519141,20145.0,19310.0,39455.0,65.3856352126214,20965.0,19817.0,40782.0,67.58476682907427,20262.0,19449.0,39711.0,65.80988366312022,19541.0,18728.0,38269.0,63.42017168804481,18533.0,17568.0,36101.0,59.8273176228829,0.0,0.0,0.0,0.0,20583.0,19276.0,39859.0,66.05515229856485,19802.0,18712.0,38514.0,63.82619071293626,18677.0,17971.0,36648.0,60.733817241722186,21320.0,19843.0,41163.0,68.21616784329323,23347.0,22466.0,45813.0,75.92224321368202,21320.0,19843.0,41163.0,68.21616784329323,23347.0,22466.0,45813.0,75.92224321368202
REGION 13,1600000000,REGION 13,,Region,,2022,16882.0,17316.0,34198.0,56.455633512174984,21001.0,20269.0,41270.0,68.1304168386298,16396.0,16461.0,32857.0,54.24184894758564,24689.0,23371.0,48060.0,79.33966157655799,23736.0,22568.0,46304.0,76.44077589764754,22934.0,21970.0,44904.0,74.12959141560049,24886.0,23292.0,48178.0,79.53446141147337,24113.0,22992.0,47105.0,77.76310359059018,23003.0,22172.0,45175.0,74.57697069748247,22143.0,21183.0,43326.0,71.52455633512174,11323.0,10832.0,22155.0,36.57449442839455,24862.0,23255.0,48117.0,79.43375980189847,23875.0,22887.0,46762.0,77.19686339248865,22639.0,21875.0,44514.0,73.48576145274454,20366.0,19093.0,39459.0,65.14073462649608,65802.0,20541.0,41904.0,63.68195495577642,22685.0,21831.0,44516.0,67.6514391659828,1397.0,1265.0,2662.0,4.671568713475949
REGION 13,1600000000,REGION 13,,Region,,2023,17760.0,17505.0,35265.0,64.04249523290656,21937.0,20550.0,42487.0,77.15790429492418,16327.0,16344.0,32671.0,59.331698901298466,24667.0,22876.0,47543.0,86.33978025969309,24397.0,23167.0,47564.0,86.37791700717334,24027.0,22754.0,46781.0,84.95596113683828,22879.0,21373.0,44252.0,80.36320711885952,20722.0,19534.0,40256.0,73.10632888404612,19324.0,18439.0,37763.0,68.57895214746209,22527.0,21598.0,44125.0,80.13257059838372,16940.0,16139.0,33079.0,60.07264142377191,24599.0,24057.0,48656.0,88.36102787614637,24355.0,23161.0,47516.0,86.29074729864705,24243.0,23162.0,47405.0,86.08916734768002,23558.0,22016.0,45574.0,82.76400617452101,25432.0,24392.0,49824.0,83.2064128256513,24200.0,23310.0,47510.0,79.34201736806948,1201.0,1082.0,2283.0,4.398335452548839
REGION 13,1600000000,REGION 13,,Region,,2024,16067.0,15638.0,31705.0,57.25921511260407,19031.0,18252.0,37283.0,67.33308049339907,17119.0,16515.0,33634.0,60.74298820682307,20010.0,18888.0,38898.0,70.24976973505986,18065.0,17229.0,35294.0,63.74094742735367,15176.0,14435.0,29611.0,53.47745209586245,21837.0,20285.0,42122.0,76.07231222119883,23495.0,22194.0,45689.0,82.51431254627873,23514.0,22293.0,45807.0,82.72742049087067,21841.0,20347.0,42188.0,76.19150819020787,19359.0,17886.0,37245.0,67.26445251124234,20122.0,18665.0,38787.0,70.04930378718102,19249.0,18131.0,37380.0,67.50826244785176,18829.0,18063.0,36892.0,66.62693467699698,22404.0,20807.0,43211.0,78.03904570984812,60237.0,24343.0,49968.0,82.95233826385775,24635.0,23504.0,48139.0,79.9159984726995,928.0,789.0,1717.0,3.286879283280371
REGION 13,1600000000,REGION 13,,Region,,2025,16407.0,15888.0,32295.0,57.73253007740574,19155.0,18088.0,37243.0,61.215667581649925,17942.0,16939.0,34881.0,57.33328950179983,22083.0,20426.0,42509.0,69.87129965975772,23447.0,21932.0,45379.0,74.58866845280166,25787.0,24216.0,50003.0,82.18905636187314,14537.0,13245.0,27782.0,45.66478738966781,14836.0,13647.0,28483.0,46.817008826575055,15130.0,14256.0,29386.0,48.301254129752294,19610.0,18543.0,38153.0,62.71141866237117,18072.0,17514.0,35586.0,58.49208566873223,21764.0,20138.0,41902.0,68.87358437844145,22699.0,20925.0,43624.0,71.70400565426782,21126.0,19988.0,41114.0,67.57836256348723,21204.0,19957.0,41161.0,67.65561564128274,23284.0,22049.0,45333.0,74.51305905751245,22668.0,21495.0,44163.0,73.3154041535933,1045.0,883.0,1928.0,15.93651843279881
AGUSAN DEL NORTE,1600200000,REGION 13,Agusan Del Norte,Province,1st,2018,1913.0,1756.0,3669.0,100.0,3261.0,2935.0,6196.0,62.12848001209681,1869.0,1731.0,3600.0,36.09789025880383,3512.0,3223.0,6735.0,67.53313635917883,3467.0,3187.0,6654.0,66.72093382835573,3404.0,3131.0,6535.0,65.5276980114675,3525.0,3204.0,6729.0,67.47297320874749,3414.0,3203.0,6617.0,66.34992773402915,3383.0,3122.0,6505.0,65.2268822593108,0.0,0.0,0.0,0.0,0.0,0.0,0.0,0.0,3553.0,3208.0,6761.0,67.7938433443813,3503.0,3248.0,6751.0,67.69357142699573,3450.0,3187.0,6637.0,66.55047156880028,3473.0,3313.0,6786.0,68.04452313784522,2800.0,2690.0,5490.0,55.049282644675834,3391.0,3224.0,6615.0,66.32987335055202,238.0,221.0,459.0,4.602481007997488
AGUSAN DEL NORTE,1600200000,REGION 13,Agusan Del Norte,Province,1st,2019,1720.0,1894.0,3614.0,42.7500182228278,2939.0,3189.0,6128.0,72.48813272537043,1183.0,1292.0,2475.0,29.276783370641617,1953.0,1915.0,3868.0,45.75458508187546,1927.0,1939.0,3866.0,45.73092707511131,1773.0,1768.0,3541.0,41.886500975936144,3601.0,3618.0,7219.0,85.3935754152169,3362.0,3539.0,6901.0,81.63195233971628,3177.0,3427.0,6604.0,78.11873833523929,2598.0,2656.0,5254.0,62.14958376943477,0.0,0.0,0.0,0.0,3493.0,3599.0,7092.0,83.89129198569306,3379.0,3560.0,6939.0,82.08145446823522,3163.0,3451.0,6614.0,78.23702836906006,3362.0,3418.0,6780.0,80.20064293048492,3188.0,3268.0,6456.0,76.36804583469183,2995.0,3081.0,6076.0,71.8730245495024,531.0,524.0,1055.0,12.47959856809168
AGUSAN DEL NORTE,1600200000,REGION 13,Agusan Del Norte,Province,1st,2020,2159.0,2210.0,4369.0,53.951592985922446,3247.0,3108.0,6355.0,78.47616695480365,1276.0,1241.0,2517.0,31.081748579896274,3356.0,3061.0,6417.0,79.24178809582612,3306.0,3060.0,6366.0,78.61200296369474,3221.0,3053.0,6274.0,77.47591998024204,3055.0,2811.0,5866.0,72.43763892319092,3042.0,2751.0,5793.0,71.53618177327735,3077.0,2847.0,5924.0,73.15386515188935,2973.0,2798.0,5771.0,71.26450975549518,0.0,0.0,0.0,0.0,3246.0,3010.0,6256.0,77.2536428747839,3244.0,2985.0,6229.0,76.92022721659669,3176.0,3024.0,6200.0,76.56211410224746,3135.0,3028.0,6163.0,76.10521116325019,3223.0,3152.0,6375.0,78.72314151642381,3135.0,3028.0,6163.0,76.10521116325019,3223.0,3152.0,6375.0,78.72314151642381
AGUSAN DEL NORTE,1600200000,REGION 13,Agusan Del Norte,Province,1st,2021,1893.0,1873.0,3766.0,46.402168555938886,2370.0,2306.0,4676.0,57.61458846722524,836.0,906.0,1742.0,21.463775258748154,2843.0,2633.0,5476.0,67.47166091670775,2793.0,2567.0,5360.0,66.04238541153278,2621.0,2513.0,5134.0,63.25776244455397,2753.0,2544.0,5297.0,65.26614095613603,2708.0,2463.0,5171.0,63.71365204534253,2548.0,2414.0,4962.0,61.138491867915235,2559.0,2399.0,4958.0,61.08920650566782,0.0,0.0,0.0,0.0,2803.0,2620.0,5423.0,66.81862986692953,2763.0,2510.0,5273.0,64.97042878265155,2550.0,2469.0,5019.0,61.84080827994086,2717.0,2581.0,5298.0,65.27846229669788,3046.0,2850.0,5896.0,72.64662395268606,2717.0,2581.0,5298.0,65.27846229669788,3046.0,2850.0,5896.0,72.64662395268606
AGUSAN DEL NORTE,1600200000,REGION 13,Agusan Del Norte,Province,1st,2022,2471.0,2338.0,4809.0,59.17312661498708,2523.0,2518.0,5041.0,62.02780853943645,1727.0,1669.0,3396.0,41.78663713547435,3137.0,3054.0,6191.0,76.17817152700873,3007.0,2897.0,5904.0,72.64673311184939,2879.0,2764.0,5643.0,69.43521594684385,3165.0,2979.0,6144.0,75.59985234403838,3021.0,2883.0,5904.0,72.64673311184939,2849.0,2749.0,5598.0,68.88150609080841,2762.0,2622.0,5384.0,66.24830810877323,1900.0,1828.0,3728.0,45.87178540666913,3165.0,3034.0,6199.0,76.27660883474837,3015.0,2949.0,5964.0,73.38501291989664,2885.0,2807.0,5692.0,70.03814445674911,2884.0,2667.0,5551.0,68.30318690783808,8821.0,2892.0,5983.0,67.82677700940937,2918.0,2718.0,5636.0,63.89298265502777,213.0,185.0,398.0,5.2792147499668385
AGUSAN DEL NORTE,1600200000,REGION 13,Agusan Del Norte,Province,1st,2023,2379.0,2233.0,4612.0,63.29947845182542,3449.0,3115.0,6564.0,90.09058468295362,2875.0,2540.0,5415.0,74.32061487784793,3226.0,2938.0,6164.0,84.60060389788636,3149.0,2910.0,6059.0,83.1594839418062,3138.0,2868.0,6006.0,82.4320614877848,3033.0,2823.0,5856.0,80.37331869338458,2726.0,2454.0,5180.0,71.09525116662093,2409.0,2231.0,4640.0,63.68377710678013,2698.0,2629.0,5327.0,73.11281910513313,2229.0,2154.0,4383.0,60.156464452374415,3249.0,2952.0,6201.0,85.10842712050508,3179.0,2927.0,6106.0,83.8045566840516,3174.0,2928.0,6102.0,83.74965687620093,2916.0,2802.0,5718.0,78.47927532253637,3651.0,3472.0,7123.0,89.93686868686869,3449.0,3304.0,6753.0,85.26515151515152,203.0,166.0,369.0,5.368053535059645
AGUSAN DEL NORTE,1600200000,REGION 13,Agusan Del Norte,Province,1st,2024,1857.0,1894.0,3751.0,51.166280180057285,3063.0,2914.0,5977.0,81.53048697312781,2799.0,2640.0,5439.0,74.19178829627609,2803.0,2672.0,5475.0,74.68285363524758,2740.0,2619.0,5359.0,73.10053198745055,2505.0,2468.0,4973.0,67.83522029736734,2966.0,2747.0,5713.0,77.92934115400355,3215.0,2977.0,6192.0,84.46323830309645,3352.0,3199.0,6551.0,89.36025098895102,3152.0,2927.0,6079.0,82.92183876688037,2775.0,2473.0,5248.0,71.58641385895513,2891.0,2667.0,5558.0,75.81503205565407,2918.0,2807.0,5725.0,78.09302960032738,2869.0,2779.0,5648.0,77.04269540308279,3231.0,2816.0,6047.0,82.48533624335016,7979.0,3598.0,7438.0,93.21970171700714,3722.0,3523.0,7245.0,90.80085223712244,116.0,73.0,189.0,2.7323984386294637
AGUSAN DEL NORTE,1600200000,REGION 13,Agusan Del Norte,Province,1st,2025,1918.0,1837.0,3755.0,50.67476383265856,2870.0,2651.0,5521.0,68.46478174603175,2427.0,2268.0,4695.0,58.22172619047619,2908.0,2696.0,5604.0,69.49404761904762,2985.0,2834.0,5819.0,72.16021825396825,3146.0,3099.0,6245.0,77.44295634920636,1642.0,1585.0,3227.0,40.01736111111111,1729.0,1636.0,3365.0,41.72867063492063,1818.0,1761.0,3579.0,44.382440476190474,2641.0,2477.0,5118.0,63.467261904761905,2605.0,2517.0,5122.0,63.51686507936508,2821.0,2629.0,5450.0,67.58432539682539,2789.0,2651.0,5440.0,67.46031746031747,2800.0,2702.0,5502.0,68.22916666666666,2986.0,2860.0,5846.0,72.49503968253968,3649.0,3476.0,7125.0,88.35565476190477,3643.0,3463.0,7106.0,89.05877929565108,51.0,33.0,84.0,11.444141689373296
AGUSAN DEL SUR,1600300000,REGION 13,Agusan Del Sur,Province,1st,2018,6150.0,5907.0,12057.0,89.43035157988429,6886.0,6543.0,13429.0,68.46540671760403,5393.0,5121.0,10514.0,53.6037892790892,7569.0,7135.0,14704.0,74.96577112038496,7362.0,6933.0,14295.0,72.88055618647327,7106.0,6845.0,13951.0,71.12673237897788,7696.0,7183.0,14879.0,75.85797799919803,7513.0,7035.0,14548.0,74.17043241698589,7331.0,6953.0,14284.0,72.8244746112336,0.0,0.0,0.0,0.0,0.0,0.0,0.0,0.0,7595.0,7119.0,14714.0,75.01675437060285,7362.0,6835.0,14197.0,72.38092033433796,7195.0,6737.0,13932.0,71.02986420356389,7865.0,7350.0,15215.0,77.57101520651912,6642.0,6140.0,12782.0,65.16679042850657,8200.0,7631.0,15831.0,80.71158341994114,863.0,769.0,1632.0,8.320466435559593
AGUSAN DEL SUR,1600300000,REGION 13,Agusan Del Sur,Province,1st,2019,4816.0,4753.0,9569.0,53.15936173848205,5389.0,4988.0,10377.0,57.64810291150886,5190.0,4886.0,10076.0,55.9759357171016,7235.0,6894.0,14129.0,78.49186142784124,6871.0,6609.0,13480.0,74.88642452029868,6432.0,6117.0,12549.0,69.71437250038784,7011.0,6645.0,13656.0,75.86417012234412,6580.0,6155.0,12735.0,70.74767182982224,6180.0,6101.0,12281.0,68.2255326063641,5686.0,5405.0,11091.0,61.61463904707958,0.0,0.0,0.0,0.0,6998.0,7011.0,14009.0,77.82521669917391,6915.0,6652.0,13567.0,75.3697419485825,6579.0,6410.0,12989.0,72.15873650550145,6222.0,5880.0,12102.0,67.23112088610196,6343.0,5876.0,12219.0,67.88109949655264,6570.0,6000.0,12570.0,69.83103532790463,631.0,613.0,1244.0,6.910883687184834
AGUSAN DEL SUR,1600300000,REGION 13,Agusan Del Sur,Province,1st,2020,4823.0,4764.0,9587.0,54.49636198271942,6941.0,6697.0,13638.0,77.52387448840382,4026.0,3899.0,7925.0,45.04888585720782,6950.0,6367.0,13317.0,75.69918144611188,6689.0,6376.0,13065.0,74.26671214188268,6587.0,6222.0,12809.0,72.81150522964984,6865.0,6395.0,13260.0,75.37517053206003,4940.0,6349.0,11289.0,64.17121418826738,4762.0,6339.0,11101.0,63.10254661209641,5905.0,5711.0,11616.0,66.0300136425648,0.0,0.0,0.0,0.0,6641.0,6202.0,12843.0,73.00477489768078,6466.0,6069.0,12535.0,71.25397908140063,6241.0,6107.0,12348.0,70.19099590723056,6342.0,6012.0,12354.0,70.22510231923602,6062.0,5954.0,12016.0,68.3037744429286,6342.0,6012.0,12354.0,70.22510231923602,6062.0,5954.0,12016.0,68.3037744429286
AGUSAN DEL SUR,1600300000,REGION 13,Agusan Del Sur,Province,1st,2021,4872.0,5109.0,9981.0,56.52395514780836,6041.0,5943.0,11984.0,67.86725563483972,3987.0,3916.0,7903.0,44.75591799750821,6423.0,6222.0,12645.0,71.61060142711518,6092.0,6048.0,12140.0,68.75070789443878,5917.0,5760.0,11677.0,66.12866689319289,6214.0,6086.0,12300.0,69.65681277607884,5957.0,5887.0,11844.0,67.07441386340469,5765.0,5536.0,11301.0,63.999320421338766,5003.0,4928.0,9931.0,56.240797372295845,0.0,0.0,0.0,0.0,6078.0,5934.0,12012.0,68.02582398912675,5774.0,5635.0,11409.0,64.61094121644581,5615.0,5491.0,11106.0,62.89500509683996,6001.0,5565.0,11566.0,65.5000566315551,6891.0,6783.0,13674.0,77.43798844716277,6001.0,5565.0,11566.0,65.5000566315551,6891.0,6783.0,13674.0,77.43798844716277
AGUSAN DEL SUR,1600300000,REGION 13,Agusan Del Sur,Province,1st,2022,5117.0,4973.0,10090.0,56.976678525043766,6627.0,6184.0,12811.0,72.34174713422553,5216.0,5109.0,10325.0,58.30368739059235,7321.0,6901.0,14222.0,80.30944717375345,6986.0,6599.0,13585.0,76.71240612118132,6845.0,6499.0,13344.0,75.35151617821447,7297.0,6794.0,14091.0,79.56971031678808,7058.0,6676.0,13734.0,77.55378621040148,6852.0,6481.0,13333.0,75.28940086961433,6792.0,6456.0,13248.0,74.80941893952227,1616.0,1547.0,3163.0,17.8609746456604,7323.0,6840.0,14163.0,79.97628324580721,6952.0,6614.0,13566.0,76.60511604269016,6679.0,6339.0,13018.0,73.51064430515557,4637.0,4370.0,9007.0,50.86114405104749,19262.0,4651.0,9309.0,48.32831481673762,7037.0,6884.0,13921.0,72.27183054719136,133.0,154.0,287.0,1.6886326194398682
AGUSAN DEL SUR,1600300000,REGION 13,Agusan Del Sur,Province,1st,2023,4692.0,4844.0,9536.0,59.45878538471131,5909.0,5744.0,11653.0,72.65868562164859,3317.0,3587.0,6904.0,43.04776156628009,6841.0,6661.0,13502.0,84.18755455792493,6739.0,6653.0,13392.0,83.5016835016835,6558.0,6462.0,13020.0,81.1821922933034,6068.0,5798.0,11866.0,73.98678139418881,5345.0,5219.0,10564.0,65.86856216485846,5026.0,4963.0,9989.0,62.28332709814192,6109.0,5900.0,12009.0,74.87841376730266,4291.0,4007.0,8298.0,51.73961840628507,6803.0,6600.0,13403.0,83.57027060730763,6779.0,6626.0,13405.0,83.5827409901484,6876.0,6611.0,13487.0,84.09402668661929,6740.0,6287.0,13027.0,81.22583863324604,7422.0,7293.0,14715.0,84.60300120738228,7208.0,7115.0,14323.0,82.34922095095727,146.0,137.0,283.0,1.929370057267521
AGUSAN DEL SUR,1600300000,REGION 13,Agusan Del Sur,Province,1st,2024,4011.0,3918.0,7929.0,49.00494437577256,4755.0,4686.0,9441.0,58.34981458590853,3233.0,3214.0,6447.0,39.84548825710754,5732.0,5511.0,11243.0,69.48702101359703,5284.0,5062.0,10346.0,63.94313967861558,4662.0,4462.0,9124.0,56.39060568603214,6359.0,5988.0,12347.0,76.31025957972805,6909.0,6778.0,13687.0,84.5920889987639,6539.0,6380.0,12919.0,79.84548825710755,6303.0,6014.0,12317.0,76.12484548825711,5237.0,4977.0,10214.0,63.12731767614339,5338.0,5003.0,10341.0,63.91223733003708,4665.0,4514.0,9179.0,56.73053152039556,4526.0,4487.0,9013.0,55.70457354758962,6216.0,5918.0,12134.0,74.9938195302843,17563.0,7203.0,14601.0,83.1349997153106,7268.0,7066.0,14334.0,81.61475829869612,147.0,169.0,316.0,2.1345582275060795
AGUSAN DEL SUR,1600300000,REGION 13,Agusan Del Sur,Province,1st,2025,4575.0,4452.0,9027.0,55.18063451311205,5149.0,4782.0,9931.0,55.95244802524086,4309.0,4122.0,8431.0,47.501267677052226,6138.0,5654.0,11792.0,66.43754577722689,6402.0,5893.0,12295.0,69.27150825398614,6843.0,6305.0,13148.0,74.0774128119894,3622.0,3306.0,6928.0,39.03318496816722,3758.0,3442.0,7200.0,40.565665671305425,3768.0,3470.0,7238.0,40.7797622401262,5334.0,4933.0,10267.0,57.845512423235114,4485.0,4466.0,8951.0,50.43101019775762,6052.0,5508.0,11560.0,65.13042988337371,6441.0,5997.0,12438.0,70.07718744718012,6018.0,5549.0,11567.0,65.1698687249986,5622.0,5330.0,10952.0,61.70488478224125,6605.0,6273.0,12878.0,72.55620034931546,6535.0,6180.0,12715.0,72.39651540169675,207.0,176.0,383.0,11.861257355218333
SURIGAO DEL NORTE,1606700000,REGION 13,Surigao Del Norte,Province,1st,2018,2205.0,2024.0,4229.0,100.0,2207.0,2055.0,4262.0,45.33185106051217,1446.0,1367.0,2813.0,29.919872602820448,3257.0,3074.0,6331.0,67.33832685689876,3195.0,3024.0,6219.0,66.14706282152163,3060.0,2891.0,5951.0,63.296538165440616,3192.0,3067.0,6259.0,66.57251426272775,3165.0,2993.0,6158.0,65.4982493736823,3054.0,2919.0,5973.0,63.530536458103995,0.0,0.0,0.0,0.0,0.0,0.0,0.0,0.0,3199.0,2930.0,6129.0,65.18979707880786,3189.0,3022.0,6211.0,66.06197253328041,3120.0,2911.0,6031.0,64.14744104785287,3338.0,3117.0,6455.0,68.65722632463775,2474.0,2332.0,4806.0,51.11799066091541,3330.0,3084.0,6414.0,68.22113859740146,402.0,432.0,834.0,8.87066254914762
SURIGAO DEL NORTE,1606700000,REGION 13,Surigao Del Norte,Province,1st,2019,2417.0,2506.0,4923.0,69.27143374446595,2129.0,2158.0,4287.0,60.322290567240614,1300.0,1399.0,2699.0,37.977574583854064,3056.0,3038.0,6094.0,85.74855113523776,3195.0,3075.0,6270.0,88.22504358679697,3040.0,2997.0,6037.0,84.94650528444869,3101.0,2862.0,5963.0,83.90525277640674,2978.0,2934.0,5912.0,83.18763280464812,2810.0,2781.0,5591.0,78.67084827652023,2428.0,2436.0,4864.0,68.44124593400008,0.0,0.0,0.0,0.0,3258.0,3101.0,6359.0,89.47736079241498,3199.0,3094.0,6293.0,88.54867612308027,3078.0,3081.0,6159.0,86.66316482473405,2931.0,2647.0,5578.0,78.48792553862097,2845.0,2655.0,5500.0,77.39038911122542,2652.0,2574.0,5226.0,73.53494063550255,256.0,310.0,566.0,7.964174588537015
SURIGAO DEL NORTE,1606700000,REGION 13,Surigao Del Norte,Province,1st,2020,2204.0,2397.0,4601.0,64.90337142051065,2602.0,2508.0,5110.0,72.08350966285795,1424.0,1437.0,2861.0,40.358301594018904,3060.0,2938.0,5998.0,84.6099590915503,3126.0,2962.0,6088.0,85.87953166878262,3091.0,2958.0,6049.0,85.32938355198195,3121.0,2993.0,6114.0,86.24629707998307,3230.0,3055.0,6285.0,88.65848497672451,3132.0,3073.0,6205.0,87.52997601918466,2825.0,2761.0,5586.0,78.79813796022006,0.0,0.0,0.0,0.0,3193.0,3072.0,6265.0,88.37635773733953,3179.0,3004.0,6183.0,87.21963605586119,3173.0,2978.0,6151.0,86.76823247284526,3136.0,2944.0,6080.0,85.76668077302864,2994.0,2923.0,5917.0,83.46734377204119,3136.0,2944.0,6080.0,85.76668077302864,2994.0,2923.0,5917.0,83.46734377204119
SURIGAO DEL NORTE,1606700000,REGION 13,Surigao Del Norte,Province,1st,2021,1769.0,1793.0,3562.0,49.50660180681029,2165.0,2078.0,4243.0,58.97150799166088,1345.0,1469.0,2814.0,39.11049339819319,2569.0,2389.0,4958.0,68.90896455872134,2589.0,2419.0,5008.0,69.6038915913829,2429.0,2397.0,4826.0,67.07435719249479,2529.0,2367.0,4896.0,68.04725503822098,2544.0,2375.0,4919.0,68.36692147324531,2470.0,2437.0,4907.0,68.20013898540654,2441.0,2286.0,4727.0,65.69840166782488,0.0,0.0,0.0,0.0,2544.0,2343.0,4887.0,67.9221681723419,2585.0,2413.0,4998.0,69.46490618485059,2367.0,2330.0,4697.0,65.28144544822794,2730.0,2524.0,5254.0,73.02293259207782,2874.0,2786.0,5660.0,78.66574009728978,2730.0,2524.0,5254.0,73.02293259207782,2874.0,2786.0,5660.0,78.66574009728978
SURIGAO DEL NORTE,1606700000,REGION 13,Surigao Del Norte,Province,1st,2022,1722.0,1907.0,3629.0,49.8489010989011,2197.0,2174.0,4371.0,60.04120879120879,1259.0,1273.0,2532.0,34.78021978021978,3108.0,2959.0,6067.0,83.33791208791209,3006.0,2952.0,5958.0,81.84065934065934,2973.0,2793.0,5766.0,79.2032967032967,3171.0,2948.0,6119.0,84.05219780219781,3020.0,2983.0,6003.0,82.45879120879121,2869.0,2817.0,5686.0,78.1043956043956,2744.0,2730.0,5474.0,75.1923076923077,1379.0,1342.0,2721.0,37.37637362637363,3130.0,2918.0,6048.0,83.07692307692308,3067.0,2953.0,6020.0,82.6923076923077,2843.0,2801.0,5644.0,77.52747252747253,2786.0,2610.0,5396.0,74.12087912087912,7951.0,2731.0,5600.0,70.43139227770092,2744.0,2599.0,5343.0,67.19909445352786,143.0,143.0,286.0,4.049844236760125
SURIGAO DEL NORTE,1606700000,REGION 13,Surigao Del Norte,Province,1st,2023,3052.0,2989.0,6041.0,59.30689181229138,3941.0,3730.0,7671.0,75.30924798743374,2716.0,2616.0,5332.0,52.34635774592577,4799.0,4184.0,8983.0,88.18967209895936,4756.0,4570.0,9326.0,91.55703907323777,4858.0,4380.0,9238.0,90.69310818770862,4334.0,3995.0,8329.0,81.76909483604948,3884.0,3685.0,7569.0,74.30787355193402,3673.0,3355.0,7028.0,68.996662085215,4240.0,4020.0,8260.0,81.09169448262321,3304.0,3136.0,6440.0,63.224032986451995,4601.0,5327.0,9928.0,97.46711172197134,4605.0,4417.0,9022.0,88.5725505595916,4580.0,4379.0,8959.0,87.95405458472413,4385.0,4041.0,8426.0,82.72138228941685,4397.0,4204.0,8601.0,77.57034632034632,4108.0,3932.0,8040.0,72.51082251082252,285.0,266.0,551.0,5.697445972495088
SURIGAO DEL NORTE,1606700000,REGION 13,Surigao Del Norte,Province,1st,2024,3013.0,2973.0,5986.0,58.87096774193549,3972.0,3648.0,7620.0,74.94099134539732,3882.0,3637.0,7519.0,73.94767899291897,3718.0,3363.0,7081.0,69.64004720692368,3368.0,3145.0,6513.0,64.05389457120377,2738.0,2564.0,5302.0,52.14398111723053,3981.0,3684.0,7665.0,75.38355625491738,4305.0,4023.0,8328.0,81.90401258851298,4521.0,4224.0,8745.0,86.00511408339891,3963.0,3634.0,7597.0,74.71479150275374,3706.0,3353.0,7059.0,69.4236821400472,3864.0,3574.0,7438.0,73.15106215578285,3948.0,3620.0,7568.0,74.42958300550747,3769.0,3639.0,7408.0,72.85601888276946,4090.0,3797.0,7887.0,77.56687647521636,11072.0,4313.0,8845.0,79.88619942196532,4356.0,4163.0,8519.0,76.94183526011561,156.0,138.0,294.0,3.039073806078148
SURIGAO DEL NORTE,1606700000,REGION 13,Surigao Del Norte,Province,1st,2025,80.0,64.0,144.0,47.368421052631575,83.0,72.0,155.0,46.82779456193353,13.0,9.0,22.0,6.646525679758309,138.0,116.0,254.0,76.73716012084593,153.0,141.0,294.0,88.82175226586104,167.0,150.0,317.0,95.77039274924472,105.0,73.0,178.0,53.776435045317214,107.0,72.0,179.0,54.0785498489426,104.0,90.0,194.0,58.610271903323266,128.0,122.0,250.0,75.52870090634441,110.0,98.0,208.0,62.839879154078545,135.0,106.0,241.0,72.80966767371602,130.0,110.0,240.0,72.50755287009063,133.0,122.0,255.0,77.0392749244713,145.0,129.0,274.0,82.77945619335347,159.0,132.0,291.0,87.91540785498489,3857.0,3545.0,7402.0,66.85332369942196,179.0,141.0,320.0,12.534273403838622
SURIGAO DEL SUR,1606800000,REGION 13,Surigao Del Sur,Province,1st,2018,4310.0,3965.0,8275.0,95.8864426419467,4353.0,4063.0,8416.0,60.785601901687954,3915.0,3603.0,7518.0,54.299685729193214,5276.0,4901.0,10177.0,73.50464241367376,5142.0,4934.0,10076.0,72.7751574098631,4842.0,4800.0,9642.0,69.64053868061731,5219.0,4877.0,10096.0,72.91960988586521,5080.0,4911.0,9991.0,72.16123438685413,4882.0,4739.0,9621.0,69.48886358081509,0.0,0.0,0.0,0.0,0.0,0.0,0.0,0.0,5289.0,4853.0,10142.0,73.25185058067007,5148.0,4957.0,10105.0,72.98461350006616,5050.0,4852.0,9902.0,71.51842086864474,5122.0,4888.0,10010.0,72.29846423905613,4431.0,4052.0,8483.0,61.269517696295026,5176.0,4940.0,10116.0,73.06406236186731,187.0,152.0,339.0,2.4484694682357673
SURIGAO DEL SUR,1606800000,REGION 13,Surigao Del Sur,Province,1st,2019,3496.0,3477.0,6973.0,59.759838575906976,2826.0,2604.0,5430.0,46.53605671406494,2871.0,2865.0,5736.0,49.15853062833821,4904.0,4717.0,9621.0,82.45366512818026,4782.0,4737.0,9519.0,81.57950715675584,4731.0,4590.0,9321.0,79.8826122710496,4719.0,4524.0,9243.0,79.21413852819563,4465.0,4403.0,8868.0,76.00032245678231,4190.0,4144.0,8334.0,71.42384837108973,3707.0,3563.0,7270.0,62.305180904466326,0.0,0.0,0.0,0.0,4998.0,4788.0,9786.0,83.86774419960213,4802.0,4756.0,9558.0,81.91374402818282,4742.0,4483.0,9225.0,79.05987535676779,4238.0,4042.0,8280.0,70.96105885680622,4036.0,4006.0,8042.0,68.92135692348256,3704.0,3606.0,7310.0,62.64798795208375,487.0,597.0,1084.0,9.290070990432117
SURIGAO DEL SUR,1606800000,REGION 13,Surigao Del Sur,Province,1st,2020,3209.0,3185.0,6394.0,55.68716251524125,3915.0,3816.0,7731.0,67.33147535272602,2681.0,2677.0,5358.0,46.66434419090751,4598.0,4325.0,8923.0,77.71294199616791,4397.0,4324.0,8721.0,75.95366660860478,4247.0,4213.0,8460.0,73.68054345932764,4604.0,4368.0,8972.0,78.13969691691342,4569.0,4540.0,9109.0,79.3328688381815,4594.0,4481.0,9075.0,79.0367531788887,4091.0,4027.0,8118.0,70.70196829820588,0.0,0.0,0.0,0.0,4570.0,4281.0,8851.0,77.08587354119491,4423.0,4349.0,8772.0,76.39784009754398,4355.0,4301.0,8656.0,75.3875631423097,4664.0,4439.0,9103.0,79.28061313360043,4322.0,4183.0,8505.0,74.07246124368577,4664.0,4439.0,9103.0,79.28061313360043,4322.0,4183.0,8505.0,74.07246124368577
SURIGAO DEL SUR,1606800000,REGION 13,Surigao Del Sur,Province,1st,2021,2944.0,3024.0,5968.0,51.75164758931668,3053.0,2973.0,6026.0,52.25459590704128,2627.0,2610.0,5237.0,45.41276448144294,4034.0,3822.0,7856.0,68.12348248352411,3885.0,3682.0,7567.0,65.61741241762053,3658.0,3471.0,7129.0,61.819285466527916,4047.0,3747.0,7794.0,67.58584807492196,3801.0,3666.0,7467.0,64.75026014568158,3512.0,3344.0,6856.0,59.45195976413458,3173.0,2941.0,6114.0,53.017689906347556,0.0,0.0,0.0,0.0,4048.0,3804.0,7852.0,68.08879639264654,3847.0,3629.0,7476.0,64.82830385015609,3628.0,3364.0,6992.0,60.63128685397155,3780.0,3474.0,7254.0,62.903225806451616,3803.0,3598.0,7401.0,64.17793964620188,3780.0,3474.0,7254.0,62.903225806451616,3803.0,3598.0,7401.0,64.17793964620188
SURIGAO DEL SUR,1606800000,REGION 13,Surigao Del Sur,Province,1st,2022,2544.0,2794.0,5338.0,46.204449060849996,3555.0,3419.0,6974.0,60.36527308924089,2778.0,2932.0,5710.0,49.4243919328313,4745.0,4526.0,9271.0,80.24755474768457,4569.0,4298.0,8867.0,76.75062754262963,4340.0,4192.0,8532.0,73.85094780576473,4843.0,4603.0,9446.0,81.76231281918116,4714.0,4555.0,9269.0,80.23024322686749,4443.0,4297.0,8740.0,75.65134597074353,4117.0,3962.0,8079.0,69.92988834069072,1967.0,1831.0,3798.0,32.87457803168009,4774.0,4542.0,9316.0,80.63706396606942,4549.0,4380.0,8929.0,77.28728468795984,4285.0,4191.0,8476.0,73.36622522288583,4182.0,3855.0,8037.0,69.56634640353155,12510.0,3837.0,7971.0,63.71702637889688,3687.0,3469.0,7156.0,57.20223820943245,538.0,466.0,1004.0,9.564637515480614
SURIGAO DEL SUR,1606800000,REGION 13,Surigao Del Sur,Province,1st,2023,4220.0,4052.0,8272.0,64.9497487437186,5260.0,4874.0,10134.0,79.56972361809045,4668.0,4773.0,9441.0,74.12845477386935,5704.0,5193.0,10897.0,85.56061557788944,5633.0,5164.0,10797.0,84.77543969849246,5466.0,5134.0,10600.0,83.2286432160804,5413.0,4948.0,10361.0,81.35207286432161,4736.0,4374.0,9110.0,71.52952261306532,4229.0,4050.0,8279.0,65.00471105527639,5330.0,5018.0,10348.0,81.25,3586.0,3405.0,6991.0,54.89164572864321,5849.0,5293.0,11142.0,87.48429648241206,5694.0,5270.0,10964.0,86.08668341708542,5439.0,5172.0,10611.0,83.31501256281408,5225.0,4766.0,9991.0,78.44692211055276,5148.0,4826.0,9974.0,71.86396714460696,4700.0,4437.0,9137.0,65.8332732905829,460.0,429.0,889.0,7.25773532533268
SURIGAO DEL SUR,1606800000,REGION 13,Surigao Del Sur,Province,1st,2024,4141.0,3924.0,8065.0,62.84089138226585,4449.0,4317.0,8766.0,68.30294530154278,4501.0,4369.0,8870.0,69.11329281595762,4481.0,4244.0,8725.0,67.98348137759078,3692.0,3586.0,7278.0,56.70874240299205,2792.0,2564.0,5356.0,41.73289699236403,5038.0,4661.0,9699.0,75.57269752220664,5457.0,5107.0,10564.0,82.31260713729156,5418.0,5122.0,10540.0,82.1256038647343,4751.0,4453.0,9204.0,71.71575502571295,4196.0,3889.0,8085.0,62.99672744273025,4686.0,4362.0,9048.0,70.5002337540907,4480.0,4227.0,8707.0,67.84322892317283,4394.0,4166.0,8560.0,66.69783387875955,4888.0,4536.0,9424.0,73.42995169082126,13988.0,4720.0,9842.0,70.36030883614526,4672.0,4341.0,9013.0,64.43380040034316,383.0,310.0,693.0,5.6086112010359335
SURIGAO DEL SUR,1606800000,REGION 13,Surigao Del Sur,Province,1st,2025,4140.0,3958.0,8098.0,62.31148045552478,4765.0,4612.0,9377.0,66.22642842008617,4794.0,4434.0,9228.0,65.1740942156932,5924.0,5355.0,11279.0,79.65958047884737,6422.0,5987.0,12409.0,87.64037008263296,7326.0,6741.0,14067.0,99.35023659862985,4185.0,3721.0,7906.0,55.837276643830776,4226.0,3789.0,8015.0,56.607105021541074,4293.0,4012.0,8305.0,58.655272264990465,4979.0,4762.0,9741.0,68.79723144289851,4286.0,4316.0,8602.0,60.75287802810932,6048.0,5563.0,11611.0,82.00437884031359,6324.0,5639.0,11963.0,84.49043011512113,5465.0,5199.0,10664.0,75.31605339360125,5154.0,4935.0,10089.0,71.2550321350378,4941.0,4754.0,9695.0,68.47234974221344,4479.0,4380.0,8859.0,63.33285673434372,505.0,450.0,955.0,19.195979899497488
DINAGAT ISLANDS,1608500000,REGION 13,Dinagat Islands,Province,2nd,2018,506.0,488.0,994.0,100.0,582.0,555.0,1137.0,33.06826371547682,412.0,398.0,810.0,23.557865971447868,895.0,911.0,1806.0,52.52531598078376,965.0,944.0,1909.0,55.52094585122713,945.0,927.0,1872.0,54.44484580067951,918.0,914.0,1832.0,53.281494394682085,958.0,924.0,1882.0,54.73568365217887,969.0,897.0,1866.0,54.27034308977989,0.0,0.0,0.0,0.0,0.0,0.0,0.0,0.0,914.0,899.0,1813.0,52.728902476833305,1034.0,959.0,1993.0,57.963983803821726,1048.0,932.0,1980.0,57.585894596872556,1095.0,1000.0,2095.0,60.93052988911516,909.0,853.0,1762.0,51.24562943418659,1087.0,983.0,2070.0,60.20343526036677,106.0,120.0,226.0,6.572935443885454
DINAGAT ISLANDS,1608500000,REGION 13,Dinagat Islands,Province,2nd,2019,512.0,545.0,1057.0,41.46375857906074,567.0,573.0,1140.0,44.71966393578926,420.0,394.0,814.0,31.931409161168823,802.0,806.0,1608.0,63.07826281469221,858.0,811.0,1669.0,65.47115711301076,793.0,799.0,1592.0,62.45061840857588,827.0,811.0,1638.0,64.25509607616036,849.0,820.0,1669.0,65.47115711301076,865.0,800.0,1665.0,65.31424601148169,794.0,731.0,1525.0,59.82235745796369,0.0,0.0,0.0,0.0,812.0,811.0,1623.0,63.66667944542629,846.0,824.0,1670.0,65.51038488839303,793.0,851.0,1644.0,64.49046272845398,844.0,838.0,1682.0,65.98111819298029,776.0,796.0,1572.0,61.66606290093045,747.0,766.0,1513.0,59.35162415337645,87.0,84.0,171.0,6.707949590368388
DINAGAT ISLANDS,1608500000,REGION 13,Dinagat Islands,Province,2nd,2020,487.0,570.0,1057.0,41.080450835600466,659.0,634.0,1293.0,50.25262339681306,391.0,424.0,815.0,31.675087446560436,817.0,805.0,1622.0,63.03925378935096,806.0,802.0,1608.0,62.4951418577536,815.0,810.0,1625.0,63.155849203264665,781.0,813.0,1594.0,61.951029926156245,813.0,803.0,1616.0,62.80606296152351,804.0,828.0,1632.0,63.42790516906335,775.0,814.0,1589.0,61.75670423630004,0.0,0.0,0.0,0.0,806.0,806.0,1612.0,62.65060240963856,821.0,821.0,1642.0,63.81655654877575,852.0,842.0,1694.0,65.83754372328022,802.0,776.0,1578.0,61.329187718616396,816.0,776.0,1592.0,61.87329965021375,802.0,776.0,1578.0,61.329187718616396,816.0,776.0,1592.0,61.87329965021375
DINAGAT ISLANDS,1608500000,REGION 13,Dinagat Islands,Province,2nd,2021,468.0,530.0,998.0,38.77233877233877,542.0,533.0,1075.0,41.763791763791765,381.0,412.0,793.0,30.808080808080806,659.0,651.0,1310.0,50.893550893550895,697.0,657.0,1354.0,52.6029526029526,710.0,671.0,1381.0,53.65190365190365,657.0,644.0,1301.0,50.54390054390054,656.0,661.0,1317.0,51.16550116550117,668.0,658.0,1326.0,51.515151515151516,682.0,643.0,1325.0,51.47630147630148,0.0,0.0,0.0,0.0,652.0,624.0,1276.0,49.572649572649574,692.0,672.0,1364.0,52.991452991452995,681.0,684.0,1365.0,53.03030303030303,774.0,684.0,1458.0,56.64335664335665,817.0,760.0,1577.0,61.26651126651127,774.0,684.0,1458.0,56.64335664335665,817.0,760.0,1577.0,61.26651126651127
DINAGAT ISLANDS,1608500000,REGION 13,Dinagat Islands,Province,2nd,2022,524.0,499.0,1023.0,39.712732919254655,708.0,695.0,1403.0,54.46428571428571,436.0,399.0,835.0,32.41459627329192,887.0,788.0,1675.0,65.02329192546584,811.0,776.0,1587.0,61.60714285714286,781.0,754.0,1535.0,59.588509316770185,856.0,782.0,1638.0,63.58695652173913,826.0,755.0,1581.0,61.37422360248447,733.0,720.0,1453.0,56.40527950310559,786.0,735.0,1521.0,59.04503105590062,446.0,400.0,846.0,32.8416149068323,906.0,757.0,1663.0,64.55745341614907,826.0,785.0,1611.0,62.5388198757764,730.0,763.0,1493.0,57.95807453416148,716.0,704.0,1420.0,55.12422360248447,2794.0,730.0,1484.0,53.11381531853973,681.0,691.0,1372.0,49.10522548317824,93.0,62.0,155.0,6.368118323746918
DINAGAT ISLANDS,1608500000,REGION 13,Dinagat Islands,Province,2nd,2023,446.0,417.0,863.0,40.440487347703844,546.0,493.0,1039.0,48.687910028116214,460.0,444.0,904.0,42.36176194939081,869.0,846.0,1715.0,80.36551077788191,912.0,869.0,1781.0,83.45829428303655,932.0,881.0,1813.0,84.95782567947516,884.0,836.0,1720.0,80.59981255857545,885.0,868.0,1753.0,82.14620431115276,937.0,889.0,1826.0,85.56701030927834,967.0,918.0,1885.0,88.33177132146204,638.0,614.0,1252.0,58.66916588566073,862.0,852.0,1714.0,80.31865042174321,929.0,881.0,1810.0,84.81724461105904,959.0,919.0,1878.0,88.0037488284911,858.0,814.0,1672.0,78.35051546391753,875.0,813.0,1688.0,71.95225916453538,811.0,750.0,1561.0,66.53878942881501,92.0,72.0,164.0,7.370786516853933
DINAGAT ISLANDS,1608500000,REGION 13,Dinagat Islands,Province,2nd,2024,510.0,463.0,973.0,45.961265942371284,478.0,457.0,935.0,44.16627302786963,399.0,416.0,815.0,38.497874350495984,735.0,666.0,1401.0,66.17855455833727,663.0,618.0,1281.0,60.51015588096362,583.0,529.0,1112.0,52.52716107699575,766.0,664.0,1430.0,67.5484175720359,856.0,780.0,1636.0,77.27916863486065,855.0,803.0,1658.0,78.31837505904582,854.0,795.0,1649.0,77.89324515824279,783.0,692.0,1475.0,69.67406707605102,787.0,735.0,1522.0,71.89418989135568,805.0,794.0,1599.0,75.53141237600379,830.0,779.0,1609.0,76.00377893245158,856.0,736.0,1592.0,75.20075578649032,2322.0,860.0,1805.0,77.73471145564169,857.0,788.0,1645.0,70.84409991386735,95.0,75.0,170.0,7.654209815398469
DINAGAT ISLANDS,1608500000,REGION 13,Dinagat Islands,Province,2nd,2025,457.0,488.0,945.0,44.53345900094251,330.0,342.0,672.0,28.853585229712326,346.0,365.0,711.0,30.528123658222412,693.0,667.0,1360.0,58.3941605839416,785.0,736.0,1521.0,65.30699871189351,863.0,797.0,1660.0,71.2752254186346,459.0,436.0,895.0,38.42851009016746,484.0,396.0,880.0,37.784456848432804,463.0,415.0,878.0,37.69858308286818,656.0,615.0,1271.0,54.572778016316015,677.0,641.0,1318.0,56.59081150708458,677.0,634.0,1311.0,56.29025332760842,687.0,614.0,1301.0,55.860884499785314,709.0,637.0,1346.0,57.793044224989266,746.0,667.0,1413.0,60.669815371404034,735.0,715.0,1450.0,62.2584800343495,699.0,670.0,1369.0,58.95779500430663,87.0,72.0,159.0,23.485967503692763
CITY OF BUTUAN,1630400000,REGION 13,Agusan Del Norte,City,1st,2018,3403.0,3355.0,6758.0,97.39155497910362,3562.0,3412.0,6974.0,73.54782849878167,2854.0,2763.0,5617.0,59.236901731811976,3587.0,3356.0,6943.0,73.2209023898826,3447.0,3293.0,6740.0,71.08006367676921,3421.0,3244.0,6665.0,70.28911341330368,3470.0,3289.0,6759.0,71.28043774351382,3404.0,3248.0,6652.0,70.15201536763632,3488.0,3276.0,6764.0,71.33316776107819,0.0,0.0,0.0,0.0,0.0,0.0,0.0,0.0,3467.0,3300.0,6767.0,71.3648057716168,3364.0,3220.0,6584.0,69.4348871287609,3315.0,3096.0,6411.0,67.61042852103375,4124.0,3757.0,7881.0,83.11305368495819,3720.0,3444.0,7164.0,75.5515691662277,4053.0,3715.0,7768.0,81.92135528800345,123.0,139.0,262.0,2.763052920372928
CITY OF BUTUAN,1630400000,REGION 13,Agusan Del Norte,City,1st,2019,2300.0,2471.0,4771.0,59.35624317768162,2537.0,2311.0,4848.0,60.31420392483767,474.0,597.0,1071.0,13.324363119534063,3329.0,3137.0,6466.0,80.44382066377895,3231.0,3125.0,6356.0,79.07530531069888,3066.0,3079.0,6145.0,76.45024404251805,3301.0,3143.0,6444.0,80.17011759316294,3243.0,3120.0,6363.0,79.16239265134944,3050.0,3036.0,6086.0,75.71622217132055,2743.0,2779.0,5522.0,68.69947072461913,0.0,0.0,0.0,0.0,3335.0,3144.0,6479.0,80.60555429641568,3282.0,3169.0,6451.0,80.25720493381348,3067.0,3085.0,6152.0,76.53733138316859,3390.0,3131.0,6521.0,81.128078340319,3417.0,3450.0,6867.0,85.432681178189,3344.0,3296.0,6640.0,82.60856313137832,227.0,257.0,484.0,6.0214675535522755
CITY OF BUTUAN,1630400000,REGION 13,Agusan Del Norte,City,1st,2020,3097.0,3299.0,6396.0,82.90343486714194,3259.0,2937.0,6196.0,80.31108230719379,1856.0,1961.0,3817.0,49.4750486066105,3329.0,3106.0,6435.0,83.40894361633183,3270.0,3020.0,6290.0,81.5294880103694,3073.0,2865.0,5938.0,76.96694750486066,3284.0,3112.0,6396.0,82.90343486714194,3257.0,2964.0,6221.0,80.63512637718729,2973.0,2802.0,5775.0,74.85418016850292,2715.0,2566.0,5281.0,68.45106934543098,0.0,0.0,0.0,0.0,3313.0,3065.0,6378.0,82.6701231367466,3293.0,2944.0,6237.0,80.84251458198315,3021.0,2817.0,5838.0,75.67077122488658,3352.0,3203.0,6555.0,84.96435515230071,3684.0,3507.0,7191.0,93.20803629293583,3352.0,3203.0,6555.0,84.96435515230071,3684.0,3507.0,7191.0,93.20803629293583
CITY OF BUTUAN,1630400000,REGION 13,Agusan Del Norte,City,1st,2021,2524.0,2835.0,5359.0,69.30936368339368,2623.0,2494.0,5117.0,66.17951370926022,2128.0,2045.0,4173.0,53.97051215726849,2866.0,2744.0,5610.0,72.55561303673048,2738.0,2622.0,5360.0,69.3222969477496,2726.0,2556.0,5282.0,68.31350232798758,2665.0,2488.0,5153.0,66.64511122607347,2564.0,2444.0,5008.0,64.76978789446456,2501.0,2367.0,4868.0,62.959130884635286,2694.0,2485.0,5179.0,66.98137609932748,0.0,0.0,0.0,0.0,2532.0,2226.0,4758.0,61.53647180548371,2276.0,2132.0,4408.0,57.00982928091051,2061.0,1973.0,4034.0,52.17278841179513,3206.0,3056.0,6262.0,80.98810139679256,3673.0,3629.0,7302.0,94.43869632695292,3206.0,3056.0,6262.0,80.98810139679256,3673.0,3629.0,7302.0,94.43869632695292
CITY OF BUTUAN,1630400000,REGION 13,Agusan Del Norte,City,1st,2022,2808.0,3052.0,5860.0,75.68126049334883,2813.0,2739.0,5552.0,71.7034741056438,2386.0,2547.0,4933.0,63.709156657626245,3214.0,3009.0,6223.0,80.36936587885832,3131.0,2957.0,6088.0,78.62585561152008,3010.0,2938.0,5948.0,76.81777088983598,3261.0,3077.0,6338.0,81.85457832881312,3274.0,3050.0,6324.0,81.67376985664471,3150.0,3084.0,6234.0,80.51142967841922,3002.0,2909.0,5911.0,76.33991992767662,2390.0,2288.0,4678.0,60.41585948598735,3245.0,3075.0,6320.0,81.62211029316802,3215.0,3068.0,6283.0,81.14425933100866,3021.0,2887.0,5908.0,76.3011752550691,3231.0,3089.0,6320.0,81.62211029316802,8383.0,3754.0,7536.0,89.8962185375164,3709.0,3685.0,7394.0,88.20231420732435,73.0,69.0,142.0,1.9801980198019802
CITY OF BUTUAN,1630400000,REGION 13,Agusan Del Norte,City,1st,2023,2971.0,2970.0,5941.0,88.87060583395662,2832.0,2594.0,5426.0,81.16679132385939,2291.0,2384.0,4675.0,69.93268511593119,3228.0,3054.0,6282.0,93.97157816005983,3208.0,3001.0,6209.0,92.87958115183245,3075.0,3029.0,6104.0,91.30890052356021,3147.0,2973.0,6120.0,91.54824233358265,3146.0,2934.0,6080.0,90.94988780852655,3050.0,2951.0,6001.0,89.76813762154077,3183.0,3113.0,6296.0,94.18100224382947,2892.0,2823.0,5715.0,85.48990276738968,3235.0,3033.0,6268.0,93.7621540762902,3169.0,3040.0,6209.0,92.87958115183245,3215.0,3153.0,6368.0,95.25804038893044,3434.0,3306.0,6740.0,100.82273747195214,3939.0,3784.0,7723.0,106.46539840088226,3924.0,3772.0,7696.0,106.0931899641577,15.0,12.0,27.0,0.43415340086830684
CITY OF BUTUAN,1630400000,REGION 13,Agusan Del Norte,City,1st,2024,2535.0,2466.0,5001.0,74.1878059635069,2314.0,2230.0,4544.0,67.408396380359,2305.0,2239.0,4544.0,67.408396380359,2541.0,2432.0,4973.0,73.77243732383918,2318.0,2199.0,4517.0,67.00786233496514,1896.0,1848.0,3744.0,55.54072096128171,2727.0,2541.0,5268.0,78.14864263462394,2753.0,2529.0,5282.0,78.3563269544578,2829.0,2565.0,5394.0,80.01780151312862,2818.0,2524.0,5342.0,79.2464026108886,2662.0,2502.0,5164.0,76.6058448301439,2556.0,2324.0,4880.0,72.39282005637145,2433.0,2169.0,4602.0,68.2688028482421,2441.0,2213.0,4654.0,69.04020175048213,3123.0,3004.0,6127.0,90.89155911585817,7313.0,3649.0,7437.0,101.69561055654314,3760.0,3623.0,7383.0,100.95719950772597,31.0,24.0,55.0,0.8777529524417491
CITY OF BUTUAN,1630400000,REGION 13,Agusan Del Norte,City,1st,2025,2456.0,2345.0,4801.0,70.5821817112614,2141.0,1995.0,4136.0,56.05095541401274,2735.0,2654.0,5389.0,73.03157609432172,2769.0,2495.0,5264.0,71.3375796178344,3006.0,2748.0,5754.0,77.97804580566472,3318.0,3051.0,6369.0,86.31250846998239,2428.0,2095.0,4523.0,61.29556850521751,2398.0,2174.0,4572.0,61.95961512400054,2431.0,2240.0,4671.0,63.30126033337851,2657.0,2433.0,5090.0,68.97953652256403,2873.0,2626.0,5499.0,74.52229299363057,2621.0,2397.0,5018.0,68.00379455210734,2827.0,2585.0,5412.0,73.3432714459954,2699.0,2480.0,5179.0,70.18566201382302,3051.0,2802.0,5853.0,79.3196910150427,3470.0,3269.0,6739.0,91.32673804038488,3455.0,3257.0,6712.0,91.78175851223848,16.0,11.0,27.0,-38.57142857142858
REGION 4B,1700000000,REGION 4B,,Region,,2018,22911.0,21325.0,44236.0,86.54719048364376,25386.0,23575.0,48961.0,58.628394219521255,18776.0,17324.0,36100.0,43.22797800953243,29088.0,26867.0,55955.0,67.00336591477526,28493.0,27913.0,56406.0,67.54341627716582,27900.0,26140.0,54040.0,64.71024741371558,29152.0,26845.0,55997.0,67.05365885317971,28754.0,26532.0,55286.0,66.20227125304736,28679.0,26652.0,55331.0,66.25615654419498,0.0,0.0,0.0,0.0,0.0,0.0,0.0,0.0,170.0,176.0,346.0,0.41431801637945204,1.0,0.0,1.0,0.00119745091439148,18.0,14.0,32.0,0.03831842926052736,28695.0,26267.0,54962.0,65.81429715678452,22689.0,20886.0,43575.0,52.17892359460874,27781.0,25439.0,53220.0,63.72833766391456,3149.0,2885.0,6034.0,7.2254188174381895
REGION 4B,1700000000,REGION 4B,,Region,,2019,22382.0,20175.0,42557.0,60.4897445157775,23911.0,22136.0,46047.0,65.45036693653233,18423.0,16798.0,35221.0,50.06248775971519,29869.0,27140.0,57009.0,81.03155403576285,28879.0,26426.0,55305.0,78.60951947846594,26964.0,24916.0,51880.0,73.74128687357043,30211.0,27386.0,57597.0,81.86732652384418,29354.0,26882.0,56236.0,79.93282591792804,27354.0,25673.0,53027.0,75.37161177804201,20547.0,18731.0,39278.0,55.82903365111987,0.0,0.0,0.0,0.0,2426.0,2273.0,4699.0,6.679072995738386,1214.0,1240.0,2454.0,3.4880708941353475,598.0,568.0,1166.0,1.6573311583381483,27368.0,25478.0,52846.0,75.11434167541833,23593.0,22077.0,45670.0,64.91450600454823,25161.0,23656.0,48817.0,69.38759447392228,3087.0,2806.0,5893.0,8.376202843985169
REGION 4B,1700000000,REGION 4B,,Region,,2020,15356.0,14890.0,30246.0,42.452909637032256,18039.0,16495.0,34534.0,48.471493136456786,13920.0,12806.0,26726.0,37.512281391235994,22546.0,20944.0,43490.0,61.04202341184066,21807.0,20415.0,42222.0,59.262274373298155,21641.0,20164.0,41805.0,58.676978356679676,21891.0,20330.0,42221.0,59.26087078572833,21062.0,19663.0,40725.0,57.16110378126491,20907.0,19518.0,40425.0,56.740027510316374,19493.0,18204.0,37697.0,52.91104061982427,0.0,0.0,0.0,0.0,22034.0,20299.0,42333.0,59.41807259354911,19222.0,18147.0,37369.0,52.450663896920524,16126.0,15443.0,31569.0,44.309855991915335,20957.0,19354.0,40311.0,56.580018527355925,20410.0,18923.0,39333.0,55.20730988406367,20957.0,19354.0,40311.0,56.580018527355925,20410.0,18923.0,39333.0,55.20730988406367
REGION 4B,1700000000,REGION 4B,,Region,,2021,17374.0,16443.0,33817.0,46.9452349552301,18559.0,17804.0,36363.0,50.47962795863123,13556.0,12906.0,26462.0,36.73492052474492,23153.0,21947.0,45100.0,62.60845422364129,22627.0,21649.0,44276.0,61.46456583605192,22018.0,20305.0,42323.0,58.753383771777614,23085.0,21752.0,44837.0,62.243353925175256,22734.0,21681.0,44415.0,61.65752759075449,22261.0,21098.0,43359.0,60.191573540639965,20617.0,19317.0,39934.0,55.43694037620601,0.0,0.0,0.0,0.0,19493.0,18476.0,37969.0,52.709099743180396,18086.0,17210.0,35296.0,48.998403553828,16603.0,15629.0,32232.0,44.7449156659957,22910.0,21266.0,44176.0,61.32574442979107,23345.0,22082.0,45427.0,63.06240022211425,22910.0,21266.0,44176.0,61.32574442979107,23345.0,22082.0,45427.0,63.06240022211425
REGION 4B,1700000000,REGION 4B,,Region,,2022,17625.0,16923.0,34548.0,47.46191150004808,21873.0,20556.0,42429.0,58.28879943949114,15499.0,14572.0,30071.0,41.31142586308747,25816.0,24076.0,49892.0,68.54144056270692,24957.0,23756.0,48713.0,66.92173482985534,24227.0,22992.0,47219.0,64.86928329051669,25810.0,23967.0,49777.0,68.38345399843388,25015.0,23657.0,48672.0,66.86540918520146,24552.0,23315.0,47867.0,65.75950323529007,23378.0,22126.0,45504.0,62.51322278853155,7779.0,7518.0,15297.0,21.014960640738554,25058.0,23414.0,48472.0,66.59064994298745,24092.0,22922.0,47014.0,64.58765506724733,22633.0,21563.0,44196.0,60.71629734445192,23624.0,22331.0,45955.0,63.13280487972415,78852.0,21671.0,44946.0,57.00045655151423,20911.0,19585.0,40496.0,51.356972556181205,3274.0,3100.0,6374.0,9.554073296859777
REGION 4B,1700000000,REGION 4B,,Region,,2023,17768.0,16739.0,34507.0,52.18765596406588,22773.0,21389.0,44162.0,66.78967347741262,16305.0,15264.0,31569.0,47.744286989005005,27968.0,26062.0,54030.0,81.71382767955717,27352.0,25938.0,53290.0,80.5946673522784,26520.0,25187.0,51707.0,78.20057167919421,26298.0,24540.0,50838.0,76.88631448405197,23696.0,22565.0,46261.0,69.96415662195066,21686.0,20434.0,42120.0,63.70139592565146,23526.0,21869.0,45395.0,68.65443656327037,16027.0,15167.0,31194.0,47.17714493126238,27946.0,25866.0,53812.0,81.38412909665614,27019.0,25642.0,52661.0,79.64338107409144,25737.0,24747.0,50484.0,76.35093238154292,25367.0,23867.0,49234.0,74.46045885573417,24584.0,23158.0,47742.0,66.52824614698586,21546.0,20366.0,41912.0,58.404169337532394,3429.0,3266.0,6695.0,10.891137428422697
REGION 4B,1700000000,REGION 4B,,Region,,2024,17381.0,16781.0,34162.0,51.365249293318094,21339.0,20492.0,41831.0,62.89619293919528,16122.0,15589.0,31711.0,47.67997834846936,23177.0,21588.0,44765.0,67.3076923076923,20570.0,19280.0,39850.0,59.91760389727552,16820.0,16008.0,32828.0,49.35947555181331,26409.0,24704.0,51113.0,76.85240873278403,27861.0,25987.0,53848.0,80.96469597642388,28584.0,27003.0,55587.0,83.57941901726107,26992.0,25097.0,52089.0,78.3199013652493,18710.0,17553.0,36263.0,54.52426775726228,17016.0,15991.0,33007.0,49.62861610633308,12674.0,11865.0,24539.0,36.89631322547663,11812.0,11117.0,22929.0,34.47555181331569,25304.0,23306.0,48610.0,73.08895170505804,72212.0,23855.0,49857.0,69.04254140586052,22176.0,20336.0,42512.0,58.871101755940835,3057.0,2697.0,5754.0,9.307968552848685
REGION 4B,1700000000,REGION 4B,,Region,,2025,16400.0,19880.0,36280.0,54.04197637525508,19941.0,19502.0,39443.0,54.117501783656216,15350.0,18134.0,33484.0,45.94149607595631,24470.0,22234.0,46704.0,64.07990779869381,25991.0,23845.0,49836.0,68.37714724768125,28146.0,25958.0,54104.0,74.23302782503704,20127.0,18471.0,38598.0,52.95812524010757,19961.0,18444.0,38405.0,52.693320893474564,20494.0,18778.0,39272.0,53.88288238845288,21331.0,19593.0,40924.0,56.14949783217167,18686.0,17590.0,36276.0,49.77224082103068,26473.0,25711.0,52184.0,71.59870479117501,28321.0,27908.0,56229.0,77.14861972449371,25176.0,25123.0,50299.0,69.0124032709511,23638.0,23502.0,47140.0,64.6781186543,23124.0,22937.0,46061.0,63.1976839909994,21284.0,21431.0,42715.0,59.152218467844676,2738.0,2522.0,5260.0,17.71043771043771
MARINDUQUE,1704000000,REGION 4B,Marinduque,Province,2nd,2018,1686.0,1537.0,3223.0,90.4320987654321,1760.0,1690.0,3450.0,53.61672804616446,1648.0,1532.0,3180.0,49.420636286029854,1984.0,1852.0,3836.0,59.61558515509765,1988.0,1840.0,3828.0,59.49125651035292,1956.0,1852.0,3808.0,59.1804348984911,1951.0,1798.0,3749.0,58.263511143498725,1956.0,1800.0,3756.0,58.37229870765036,1948.0,1837.0,3785.0,58.82299004485,0.0,0.0,0.0,0.0,0.0,0.0,0.0,0.0,0.0,0.0,0.0,0.0,0.0,0.0,0.0,0.0,0.0,0.0,0.0,0.0,1967.0,1762.0,3729.0,57.952689531636906,1598.0,1424.0,3022.0,46.96514555232146,1949.0,1740.0,3689.0,57.33104630791325,221.0,190.0,411.0,6.387384123760463
MARINDUQUE,1704000000,REGION 4B,Marinduque,Province,2nd,2019,1639.0,1530.0,3169.0,68.88891845904728,1795.0,1688.0,3483.0,75.71476901005416,1648.0,1507.0,3155.0,68.58458117333359,2061.0,1887.0,3948.0,85.82311457125864,2132.0,1933.0,4065.0,88.366504744723,2136.0,1883.0,4019.0,87.36653937737803,2058.0,1892.0,3950.0,85.86659132636059,2126.0,1951.0,4077.0,88.62736527533472,2132.0,1895.0,4027.0,87.54044639778586,2060.0,1841.0,3901.0,84.8014108263627,0.0,0.0,0.0,0.0,122.0,124.0,246.0,5.347640877540432,41.0,39.0,80.0,1.7390702040781894,1.0,0.0,1.0,0.021738377550977368,2069.0,1880.0,3949.0,85.84485294880962,1831.0,1694.0,3525.0,76.62778086719521,1921.0,1794.0,3715.0,80.75807260188091,54.0,51.0,105.0,2.2825296428526234
MARINDUQUE,1704000000,REGION 4B,Marinduque,Province,2nd,2020,1331.0,1299.0,2630.0,54.38378825475599,1432.0,1362.0,2794.0,57.77502067824648,1424.0,1305.0,2729.0,56.43093465674111,1758.0,1529.0,3287.0,67.96939619520265,1838.0,1568.0,3406.0,70.43010752688173,1748.0,1523.0,3271.0,67.63854425144747,1747.0,1519.0,3266.0,67.53515301902398,1826.0,1571.0,3397.0,70.24400330851944,1714.0,1539.0,3253.0,67.26633581472291,1628.0,1471.0,3099.0,64.0818858560794,0.0,0.0,0.0,0.0,2108.0,1844.0,3952.0,81.72043010752688,1603.0,1437.0,3040.0,62.861869313482224,1325.0,1208.0,2533.0,52.37799834574028,1611.0,1603.0,3214.0,66.45988420181969,1691.0,1574.0,3265.0,67.51447477253929,1611.0,1603.0,3214.0,66.45988420181969,1691.0,1574.0,3265.0,67.51447477253929
MARINDUQUE,1704000000,REGION 4B,Marinduque,Province,2nd,2021,1369.0,1273.0,2642.0,53.85242560130452,1372.0,1275.0,2647.0,53.95434162250305,1339.0,1263.0,2602.0,53.03709743171626,1532.0,1364.0,2896.0,59.029759478189966,1533.0,1421.0,2954.0,60.21198532409294,1532.0,1396.0,2928.0,59.68202201386058,1524.0,1364.0,2888.0,58.86669384427232,1534.0,1455.0,2989.0,60.92539747248268,1539.0,1409.0,2948.0,60.0896860986547,1526.0,1375.0,2901.0,59.1316754993885,0.0,0.0,0.0,0.0,1520.0,1343.0,2863.0,58.35711373827965,1509.0,1408.0,2917.0,59.45780676722381,1541.0,1366.0,2907.0,59.25397472482674,1635.0,1374.0,3009.0,61.3330615572768,1725.0,1532.0,3257.0,66.38809620872401,1635.0,1374.0,3009.0,61.3330615572768,1725.0,1532.0,3257.0,66.38809620872401
MARINDUQUE,1704000000,REGION 4B,Marinduque,Province,2nd,2022,1483.0,1354.0,2837.0,56.85370741482966,1569.0,1399.0,2968.0,59.478957915831664,1565.0,1388.0,2953.0,59.17835671342685,1591.0,1481.0,3072.0,61.56312625250501,1616.0,1512.0,3128.0,62.68537074148297,1574.0,1453.0,3027.0,60.66132264529058,1596.0,1485.0,3081.0,61.743486973947896,1610.0,1506.0,3116.0,62.44488977955912,1601.0,1484.0,3085.0,61.82364729458918,1589.0,1493.0,3082.0,61.763527054108216,1088.0,1067.0,2155.0,43.18637274549098,1603.0,1496.0,3099.0,62.10420841683367,1600.0,1502.0,3102.0,62.16432865731463,1580.0,1473.0,3053.0,61.18236472945892,1478.0,1431.0,2909.0,58.296593186372746,5400.0,1372.0,2824.0,52.2962962962963,1326.0,1257.0,2583.0,47.833333333333336,104.0,117.0,221.0,4.774249297904515
MARINDUQUE,1704000000,REGION 4B,Marinduque,Province,2nd,2023,1384.0,1149.0,2533.0,61.124517374517374,1421.0,1200.0,2621.0,63.248069498069505,1494.0,1234.0,2728.0,65.83011583011583,1703.0,1448.0,3151.0,76.03764478764478,1740.0,1487.0,3227.0,77.87162162162163,1703.0,1454.0,3157.0,76.18243243243244,1665.0,1441.0,3106.0,74.95173745173746,1628.0,1423.0,3051.0,73.62451737451737,1585.0,1353.0,2938.0,70.8976833976834,1719.0,1490.0,3209.0,77.43725868725869,1437.0,1230.0,2667.0,64.3581081081081,1711.0,1465.0,3176.0,76.64092664092664,1746.0,1503.0,3249.0,78.40250965250965,1656.0,1501.0,3157.0,76.18243243243244,1686.0,1420.0,3106.0,74.95173745173746,1593.0,1408.0,3001.0,65.91258510871953,1451.0,1281.0,2732.0,60.00439270810455,144.0,127.0,271.0,6.018210082167444
MARINDUQUE,1704000000,REGION 4B,Marinduque,Province,2nd,2024,1409.0,1332.0,2741.0,66.46459747817653,1373.0,1371.0,2744.0,66.53734238603299,1391.0,1368.0,2759.0,66.90106692531523,1537.0,1448.0,2985.0,72.3811833171678,1430.0,1433.0,2863.0,69.42289039767216,1357.0,1319.0,2676.0,64.88845780795344,1563.0,1444.0,3007.0,72.91464597478176,1530.0,1535.0,3065.0,74.32104752667314,1528.0,1500.0,3028.0,73.42386032977691,1474.0,1390.0,2864.0,69.44713870029098,1344.0,1200.0,2544.0,61.68768186226964,1451.0,1360.0,2811.0,68.16197866149369,1212.0,1188.0,2400.0,58.19592628516004,1143.0,1090.0,2233.0,54.14645974781765,1468.0,1364.0,2832.0,68.67119301648884,4531.0,1380.0,2977.0,65.70293533436327,1491.0,1274.0,2765.0,61.024056499668944,106.0,106.0,212.0,4.740608228980322
MARINDUQUE,1704000000,REGION 4B,Marinduque,Province,2nd,2025,1125.0,1055.0,2180.0,52.65700483091788,1283.0,1204.0,2487.0,54.64733025708636,1286.0,1215.0,2501.0,54.95495495495496,1394.0,1228.0,2622.0,57.613711272247855,1363.0,1234.0,2597.0,57.064381454625355,1451.0,1337.0,2788.0,61.261261261261254,1322.0,1172.0,2494.0,54.80114260602066,1321.0,1211.0,2532.0,55.63612392880686,1373.0,1223.0,2596.0,57.04240826192045,1459.0,1345.0,2804.0,61.61283234453966,1300.0,1249.0,2549.0,56.00966820479015,1161.0,2457.0,3618.0,79.49901120632829,1367.0,2879.0,4246.0,93.29817622500549,1391.0,2882.0,4273.0,93.8914524280378,1296.0,2718.0,4014.0,88.20039551746869,1304.0,2683.0,3987.0,87.60711931443639,1288.0,2660.0,3948.0,87.1330832045906,49.0,107.0,156.0,8.833522083805208
OCCIDENTAL MINDORO,1705100000,REGION 4B,Occidental Mindoro,Province,1st,2018,3688.0,3433.0,7121.0,115.92055998697705,4082.0,3861.0,7943.0,57.95267915315981,2775.0,2574.0,5349.0,39.026675159291436,4682.0,4428.0,9110.0,66.46719212958403,4542.0,4345.0,8887.0,64.84016865593999,4444.0,4193.0,8637.0,63.016151308805405,4739.0,4389.0,9128.0,66.59852137857771,4679.0,4452.0,9131.0,66.62040958674334,4705.0,4472.0,9177.0,66.9560287786161,0.0,0.0,0.0,0.0,0.0,0.0,0.0,0.0,1.0,1.0,2.0,0.014592138777076626,0.0,0.0,0.0,0.0,0.0,0.0,0.0,0.0,4750.0,4327.0,9077.0,66.22642183976227,3622.0,3279.0,6901.0,50.3501748503029,4378.0,4013.0,8391.0,61.221318239224985,649.0,593.0,1242.0,9.061718180564585
OCCIDENTAL MINDORO,1705100000,REGION 4B,Occidental Mindoro,Province,1st,2019,4575.0,4082.0,8657.0,67.85077228026663,5183.0,4716.0,9899.0,77.58516747168296,3988.0,3511.0,7499.0,58.77474198102338,5889.0,5303.0,11192.0,87.7192842047758,5700.0,5288.0,10988.0,86.12039803806974,5515.0,5090.0,10605.0,83.11856763685198,5895.0,5295.0,11190.0,87.70360885020025,5759.0,5313.0,11072.0,86.77876293024282,5214.0,4902.0,10116.0,79.2859434431301,4331.0,3886.0,8217.0,64.4021942736457,0.0,0.0,0.0,0.0,9.0,2.0,11.0,0.08621445016552304,3.0,1.0,4.0,0.03135070915109929,5.0,1.0,6.0,0.04702606372664893,5441.0,4965.0,10406.0,81.55886985658479,4253.0,3956.0,8209.0,64.33949285534351,4612.0,4269.0,8881.0,69.60641199272818,459.0,456.0,915.0,7.171474718313961
OCCIDENTAL MINDORO,1705100000,REGION 4B,Occidental Mindoro,Province,1st,2020,3701.0,3515.0,7216.0,58.16071572499395,4174.0,3959.0,8133.0,65.55170468284032,3239.0,2936.0,6175.0,49.77029096477795,4856.0,4465.0,9321.0,75.12694446683324,4603.0,4363.0,8966.0,72.26565648424277,4568.0,4241.0,8809.0,71.00024179898445,4648.0,4360.0,9008.0,72.60417506246473,4330.0,4011.0,8341.0,67.22817764165391,4281.0,3999.0,8280.0,66.73651970661723,4076.0,3761.0,7837.0,63.16595470299025,0.0,0.0,0.0,0.0,3599.0,3394.0,6993.0,56.36334327395824,2821.0,2686.0,5507.0,44.38623357781897,2231.0,2184.0,4415.0,35.584750544047715,4679.0,4363.0,9042.0,72.87821391150158,4742.0,4299.0,9041.0,72.87015394535344,4679.0,4363.0,9042.0,72.87821391150158,4742.0,4299.0,9041.0,72.87015394535344
OCCIDENTAL MINDORO,1705100000,REGION 4B,Occidental Mindoro,Province,1st,2021,3508.0,3299.0,6807.0,54.679090690015265,4042.0,3763.0,7805.0,62.69579885934613,2877.0,2651.0,5528.0,44.4051731062736,4587.0,4249.0,8836.0,70.97758856133024,4461.0,4152.0,8613.0,69.18628002249176,4168.0,3843.0,8011.0,64.3505502449996,4619.0,4191.0,8810.0,70.76873644469435,4533.0,4178.0,8711.0,69.97349184673467,4421.0,4128.0,8549.0,68.67218250461885,4166.0,3841.0,8007.0,64.31841915013254,0.0,0.0,0.0,0.0,3597.0,3255.0,6852.0,55.040565507269655,3332.0,3002.0,6334.0,50.879588721985705,3046.0,2761.0,5807.0,46.64631697325086,4266.0,3927.0,8193.0,65.81251506145071,4388.0,4136.0,8524.0,68.47136316169974,4266.0,3927.0,8193.0,65.81251506145071,4388.0,4136.0,8524.0,68.47136316169974
OCCIDENTAL MINDORO,1705100000,REGION 4B,Occidental Mindoro,Province,1st,2022,3230.0,3017.0,6247.0,50.06010096962898,4158.0,3998.0,8156.0,65.35780110585783,2907.0,2635.0,5542.0,44.41060982450517,4722.0,4491.0,9213.0,73.82803109223495,4554.0,4332.0,8886.0,71.20762881641157,4363.0,4154.0,8517.0,68.25066111066592,4752.0,4430.0,9182.0,73.57961375110185,4634.0,4397.0,9031.0,72.36958089590512,4487.0,4259.0,8746.0,70.08574405000401,4150.0,4023.0,8173.0,65.49402997035018,1052.0,997.0,2049.0,16.41958490263643,4368.0,4193.0,8561.0,68.60325346582258,4049.0,3947.0,7996.0,64.07564708710633,3710.0,3593.0,7303.0,58.5223174933889,4246.0,3969.0,8215.0,65.83059540027246,13530.0,3619.0,7622.0,56.33407243163341,3197.0,2886.0,6083.0,44.959349593495936,676.0,629.0,1305.0,11.335997220291869
OCCIDENTAL MINDORO,1705100000,REGION 4B,Occidental Mindoro,Province,1st,2023,3126.0,2949.0,6075.0,52.19072164948454,4365.0,4078.0,8443.0,72.53436426116838,3073.0,2867.0,5940.0,51.03092783505154,5124.0,4824.0,9948.0,85.4639175257732,5011.0,4816.0,9827.0,84.42439862542955,4911.0,4746.0,9657.0,82.9639175257732,4690.0,4438.0,9128.0,78.4192439862543,4079.0,3882.0,7961.0,68.393470790378,3647.0,3447.0,7094.0,60.94501718213059,3890.0,3607.0,7497.0,64.40721649484537,2353.0,2202.0,4555.0,39.13230240549828,5259.0,4930.0,10189.0,87.53436426116838,5108.0,4806.0,9914.0,85.17182130584192,4813.0,4576.0,9389.0,80.66151202749141,4776.0,4463.0,9239.0,79.37285223367697,4564.0,4258.0,8822.0,69.89383615908731,3680.0,3480.0,7160.0,56.7263508160355,855.0,795.0,1650.0,15.277777777777779
OCCIDENTAL MINDORO,1705100000,REGION 4B,Occidental Mindoro,Province,1st,2024,3157.0,2929.0,6086.0,51.80456247871979,4262.0,3894.0,8156.0,69.42458290772898,3311.0,2945.0,6256.0,53.251617296561115,4439.0,4006.0,8445.0,71.88457609805926,4041.0,3550.0,7591.0,64.61525366019748,3609.0,3304.0,6913.0,58.844058563159685,5209.0,4739.0,9948.0,84.67824310520939,5621.0,5103.0,10724.0,91.2836227442969,5872.0,5415.0,11287.0,96.07592781750085,5533.0,5091.0,10624.0,90.43241402791965,3610.0,3261.0,6871.0,58.486550902281245,3217.0,2984.0,6201.0,52.78345250255363,3089.0,2750.0,5839.0,49.70207694926796,3018.0,2805.0,5823.0,49.5658835546476,4934.0,4453.0,9387.0,79.902962206333,12749.0,4604.0,9613.0,75.4019923131226,4248.0,3947.0,8195.0,64.27955133735979,719.0,615.0,1334.0,12.2407781244265
OCCIDENTAL MINDORO,1705100000,REGION 4B,Occidental Mindoro,Province,1st,2025,2948.0,2746.0,5694.0,47.96563052817791,3857.0,3675.0,7532.0,58.469181804067695,3099.0,2795.0,5894.0,45.75376494333178,4665.0,4162.0,8827.0,68.52196863841019,4916.0,4537.0,9453.0,73.38146250582209,5125.0,4814.0,9939.0,77.15416860735911,3507.0,3216.0,6723.0,52.18910107126222,3462.0,3200.0,6662.0,51.715572116131035,3569.0,3331.0,6900.0,53.5631113181183,3693.0,3446.0,7139.0,55.418413289861824,3656.0,3344.0,7000.0,54.339388293743205,5370.0,4875.0,10245.0,79.52957615277131,5130.0,4707.0,9837.0,76.3623660922217,4549.0,4209.0,8758.0,67.986337525229,4350.0,4039.0,8389.0,65.1218754851731,4180.0,3827.0,8007.0,62.15649743828598,3978.0,3669.0,7647.0,59.98117499411718,452.0,445.0,897.0,19.696969696969695
ORIENTAL MINDORO,1705200000,REGION 4B,Oriental Mindoro,Province,1st,2018,5750.0,5608.0,11358.0,71.95438707633829,6878.0,6384.0,13262.0,55.92262420561579,5109.0,4658.0,9767.0,41.18506036919389,7860.0,7394.0,15254.0,64.3224030789069,7820.0,8813.0,16633.0,70.13731024068825,7655.0,7404.0,15059.0,63.500135568720275,8029.0,7357.0,15386.0,64.87901493195632,7948.0,7336.0,15284.0,64.44890577278176,7962.0,7409.0,15371.0,64.81576358501889,0.0,0.0,0.0,0.0,0.0,0.0,0.0,0.0,0.0,0.0,0.0,0.0,0.0,0.0,0.0,0.0,0.0,0.0,0.0,0.0,8037.0,7503.0,15540.0,65.52839542718061,6209.0,5711.0,11920.0,50.263737032946786,7909.0,7337.0,15246.0,64.28866902720694,933.0,882.0,1815.0,7.6534129794293975
ORIENTAL MINDORO,1705200000,REGION 4B,Oriental Mindoro,Province,1st,2019,4895.0,4179.0,9074.0,46.08406201259753,6294.0,5700.0,11994.0,60.913846129501295,4833.0,4294.0,9127.0,46.35323275170571,8025.0,7132.0,15157.0,76.97775269175014,7738.0,7100.0,14838.0,75.3576495639103,6906.0,6421.0,13327.0,67.68374415273168,8275.0,7326.0,15601.0,79.23269246843002,7955.0,7159.0,15114.0,76.75936888454915,7009.0,6596.0,13605.0,69.09562085975197,5527.0,5069.0,10596.0,53.81383304887408,0.0,0.0,0.0,0.0,0.0,0.0,0.0,0.0,0.0,0.0,0.0,0.0,0.0,0.0,0.0,0.0,7287.0,6698.0,13985.0,71.02552427222575,5899.0,5584.0,11483.0,58.318633909043136,6618.0,6608.0,13226.0,67.17079614046891,1080.0,949.0,2029.0,10.30466848397183
ORIENTAL MINDORO,1705200000,REGION 4B,Oriental Mindoro,Province,1st,2020,4445.0,4461.0,8906.0,44.95936190620425,5575.0,4679.0,10254.0,51.76434953808875,4242.0,3948.0,8190.0,41.344843253066784,7454.0,6911.0,14365.0,72.5175425311727,7133.0,6705.0,13838.0,69.8571356454137,7138.0,6616.0,13754.0,69.43308597102327,7342.0,6792.0,14134.0,71.35140592659901,7062.0,6644.0,13706.0,69.19077187137161,7123.0,6573.0,13696.0,69.1402897672775,6772.0,6303.0,13075.0,66.00535110303397,0.0,0.0,0.0,0.0,7876.0,7236.0,15112.0,76.28855570700188,6940.0,6467.0,13407.0,67.68135695895805,5863.0,5509.0,11372.0,57.40824877580898,6825.0,6085.0,12910.0,65.17239638548135,6485.0,6054.0,12539.0,63.29951032359029,6825.0,6085.0,12910.0,65.17239638548135,6485.0,6054.0,12539.0,63.29951032359029
ORIENTAL MINDORO,1705200000,REGION 4B,Oriental Mindoro,Province,1st,2021,3949.0,3775.0,7724.0,38.59877067612813,4445.0,4048.0,8493.0,42.44165708860127,3238.0,3007.0,6245.0,31.207835690370295,5970.0,5643.0,11613.0,58.03308180500725,5912.0,5723.0,11635.0,58.14302133826396,5705.0,5105.0,10810.0,54.02028884113738,5824.0,5572.0,11396.0,56.94867822697517,5772.0,5574.0,11346.0,56.69881565139173,5627.0,5376.0,11003.0,54.98475838288941,5070.0,4865.0,9935.0,49.64769376842737,0.0,0.0,0.0,0.0,5316.0,5003.0,10319.0,51.5666383489081,4973.0,4853.0,9826.0,49.10299335365549,4582.0,4419.0,9001.0,44.98026085652891,5965.0,5529.0,11494.0,57.43840887511868,6090.0,5680.0,11770.0,58.817650292339216,5965.0,5529.0,11494.0,57.43840887511868,6090.0,5680.0,11770.0,58.817650292339216
ORIENTAL MINDORO,1705200000,REGION 4B,Oriental Mindoro,Province,1st,2022,4232.0,4211.0,8443.0,41.81980286294517,5672.0,5493.0,11165.0,55.30239239189658,4166.0,4114.0,8280.0,41.01243251275447,6796.0,6446.0,13242.0,65.5901728664124,6613.0,6265.0,12878.0,63.78721085739759,6444.0,5988.0,12432.0,61.578087077121204,6691.0,6291.0,12982.0,64.30234285997325,6522.0,6137.0,12659.0,62.702461736589235,6432.0,6044.0,12476.0,61.79602753974937,6308.0,5874.0,12182.0,60.33978899400664,1849.0,1764.0,3613.0,17.89588389717173,6644.0,6155.0,12799.0,63.39590866313339,6383.0,6034.0,12417.0,61.50378919213433,5917.0,5644.0,11561.0,57.26385655555005,6209.0,5685.0,11894.0,58.91326960225866,21869.0,6222.0,13024.0,59.55462069596232,6540.0,6036.0,12576.0,57.50605880470072,816.0,742.0,1558.0,8.515522518583298
ORIENTAL MINDORO,1705200000,REGION 4B,Oriental Mindoro,Province,1st,2023,4217.0,4062.0,8279.0,43.70479860634535,6038.0,5657.0,11695.0,61.73784511429024,4547.0,4341.0,8888.0,46.9197064878847,7180.0,6669.0,13849.0,73.10880008446392,6987.0,6782.0,13769.0,72.68648049411392,6901.0,6640.0,13541.0,71.48286966161643,6933.0,6424.0,13357.0,70.51153460381143,6409.0,6229.0,12638.0,66.71593728554083,6045.0,5846.0,11891.0,62.77252811064773,6303.0,5998.0,12301.0,64.93691601119147,4563.0,4566.0,9129.0,48.19194425381407,7236.0,6677.0,13913.0,73.44665575674392,6983.0,6700.0,13683.0,72.23248693448767,6707.0,6692.0,13399.0,70.73325238874519,6625.0,6452.0,13077.0,69.03341603758645,6865.0,6621.0,13486.0,65.72765376742372,6444.0,6280.0,12724.0,62.01384150501998,720.0,711.0,1431.0,8.364018937401367
ORIENTAL MINDORO,1705200000,REGION 4B,Oriental Mindoro,Province,1st,2024,4276.0,4098.0,8374.0,44.05745251749356,5546.0,5366.0,10912.0,57.41042773714947,4364.0,4359.0,8723.0,45.893618140685014,6347.0,6012.0,12359.0,65.02341242700058,6091.0,5693.0,11784.0,61.99821118535277,5122.0,4920.0,10042.0,52.833166728047566,6650.0,6247.0,12897.0,67.85394854527279,6953.0,6444.0,13397.0,70.48455832061872,6917.0,6576.0,13493.0,70.98963539748515,6750.0,6219.0,12969.0,68.2327563529226,4930.0,4807.0,9737.0,51.22849476508655,5004.0,4721.0,9725.0,51.16536013047824,3739.0,3470.0,7209.0,37.92813174093755,3526.0,3254.0,6780.0,35.671068553690745,6493.0,5986.0,12479.0,65.6547587730836,20606.0,6394.0,13412.0,65.08783849364262,6565.0,6007.0,12572.0,61.011355915752695,466.0,398.0,864.0,5.030274802049371
ORIENTAL MINDORO,1705200000,REGION 4B,Oriental Mindoro,Province,1st,2025,4399.0,3795.0,8194.0,42.77064411734001,5358.0,4776.0,10134.0,48.77743550250288,4171.0,3708.0,7879.0,37.92356565267617,6333.0,5787.0,12120.0,58.33654216403542,6517.0,6305.0,12822.0,61.71544089333847,7315.0,6882.0,14197.0,68.33365421640354,5504.0,5055.0,10559.0,50.82306507508664,5413.0,5211.0,10624.0,51.13592606854063,5708.0,5326.0,11034.0,53.1093569503273,5881.0,5509.0,11390.0,54.822872545244515,5013.0,4779.0,9792.0,47.13130535232961,6729.0,6267.0,12996.0,62.55294570658452,7591.0,7291.0,14882.0,71.63072776280323,7019.0,6579.0,13598.0,65.45051983057374,6379.0,6090.0,12469.0,60.016365036580666,6517.0,5963.0,12480.0,60.0693107431652,6226.0,5772.0,11998.0,58.22575948752791,283.0,252.0,535.0,6.659198406771222
PALAWAN,1705300000,REGION 4B,Palawan,Province,1st,2018,7581.0,6829.0,14410.0,87.11686113294238,8364.0,7668.0,16032.0,65.94072639435517,5516.0,5034.0,10550.0,43.3928807048682,9043.0,8248.0,17291.0,71.11908059411147,8796.0,8088.0,16884.0,69.44506140483362,8646.0,7993.0,16639.0,68.437359435858,8888.0,8332.0,17220.0,70.8270526765716,8798.0,8080.0,16878.0,69.42038298926687,8748.0,8080.0,16828.0,69.21472952621062,0.0,0.0,0.0,0.0,0.0,0.0,0.0,0.0,16.0,16.0,32.0,0.13161821635599832,0.0,0.0,0.0,0.0,14.0,11.0,25.0,0.10282673152812369,8819.0,8108.0,16927.0,69.62192338306198,7207.0,6617.0,13824.0,56.85906946579128,8646.0,7931.0,16577.0,68.18234914166825,801.0,721.0,1522.0,6.2600914154321705
PALAWAN,1705300000,REGION 4B,Palawan,Province,1st,2019,8001.0,7342.0,15343.0,73.41532714948974,7588.0,7164.0,14752.0,70.58742788954393,5526.0,5251.0,10777.0,51.5672932731572,9473.0,8691.0,18164.0,86.91364155271664,8976.0,8137.0,17113.0,81.88467011074874,8346.0,7722.0,16068.0,76.88440830593764,9497.0,8732.0,18229.0,87.22466262191543,9114.0,8445.0,17559.0,84.01875313940495,8763.0,8278.0,17041.0,81.54015446486702,5044.0,4777.0,9821.0,46.992891086172115,0.0,0.0,0.0,0.0,1607.0,1464.0,3071.0,14.694549284760672,1009.0,1044.0,2053.0,9.823480847155212,575.0,550.0,1125.0,5.383056966901907,8707.0,8055.0,16762.0,80.20515633707535,8239.0,7757.0,15996.0,76.53989266005591,8269.0,7524.0,15793.0,75.56854993625049,908.0,859.0,1767.0,8.454988142680595
PALAWAN,1705300000,REGION 4B,Palawan,Province,1st,2020,3282.0,3152.0,6434.0,30.100584795321637,3964.0,3742.0,7706.0,36.0514619883041,3001.0,2776.0,5777.0,27.02690058479532,4506.0,4312.0,8818.0,41.253801169590645,4424.0,4176.0,8600.0,40.23391812865497,4456.0,4237.0,8693.0,40.669005847953215,4330.0,4108.0,8438.0,39.476023391812866,4163.0,3965.0,8128.0,38.02573099415205,4267.0,4049.0,8316.0,38.90526315789474,3963.0,3748.0,7711.0,36.074853801169596,0.0,0.0,0.0,0.0,4186.0,3834.0,8020.0,37.52046783625731,4019.0,3823.0,7842.0,36.68771929824561,3717.0,3625.0,7342.0,34.34853801169591,4270.0,4080.0,8350.0,39.06432748538012,4331.0,4070.0,8401.0,39.30292397660819,4270.0,4080.0,8350.0,39.06432748538012,4331.0,4070.0,8401.0,39.30292397660819
PALAWAN,1705300000,REGION 4B,Palawan,Province,1st,2021,5415.0,5140.0,10555.0,48.694408562465405,5534.0,5637.0,11171.0,51.53626130282339,3615.0,3610.0,7225.0,33.331795534231404,6595.0,6438.0,13033.0,60.126407086178254,6400.0,6311.0,12711.0,58.6408931537184,6263.0,6004.0,12267.0,56.592544749953866,6667.0,6472.0,13139.0,60.61542720059051,6610.0,6482.0,13092.0,60.398597527219046,6454.0,6271.0,12725.0,58.70548071599926,5769.0,5487.0,11256.0,51.92840007381435,0.0,0.0,0.0,0.0,5739.0,5778.0,11517.0,53.132496770621884,5265.0,5193.0,10458.0,48.24690902380513,4832.0,4663.0,9495.0,43.80420741834287,6544.0,6262.0,12806.0,59.07916589776712,6671.0,6488.0,13159.0,60.70769514670603,6544.0,6262.0,12806.0,59.07916589776712,6671.0,6488.0,13159.0,60.70769514670603
PALAWAN,1705300000,REGION 4B,Palawan,Province,1st,2022,5189.0,5135.0,10324.0,47.006328825752405,6900.0,6369.0,13269.0,60.41524381915039,3964.0,3804.0,7768.0,35.36857442061649,7947.0,7276.0,15223.0,69.31202476892956,7555.0,7188.0,14743.0,67.12653098392751,7279.0,7005.0,14284.0,65.0366525520193,7962.0,7326.0,15288.0,69.60797705231526,7540.0,7116.0,14656.0,66.7304102353959,7332.0,7026.0,14358.0,65.37358284387379,6753.0,6348.0,13101.0,59.65032099439968,1419.0,1331.0,2750.0,12.521058143240904,7553.0,7004.0,14557.0,66.27965214223921,7240.0,6821.0,14061.0,64.02130856440377,6851.0,6463.0,13314.0,60.62013386149433,7214.0,7017.0,14231.0,64.79533761325867,23795.0,6388.0,13120.0,55.13763395671359,6085.0,5763.0,11848.0,49.79197310359319,975.0,981.0,1956.0,9.735217997212821
PALAWAN,1705300000,REGION 4B,Palawan,Province,1st,2023,5176.0,4900.0,10076.0,49.59393611261505,7209.0,6853.0,14062.0,69.21297435645026,4057.0,3776.0,7833.0,38.55392036225821,8912.0,8284.0,17196.0,84.63848009056456,8615.0,8031.0,16646.0,81.93138750799824,8156.0,7747.0,15903.0,78.27435152827681,8015.0,7457.0,15472.0,76.15297534084756,6739.0,6366.0,13105.0,64.50263326278485,5684.0,5366.0,11050.0,54.38795097701432,6830.0,6312.0,13142.0,64.68474676379387,3886.0,3574.0,7460.0,36.718019392626864,8843.0,8104.0,16947.0,83.41290544863908,8360.0,7898.0,16258.0,80.02165674066053,7866.0,7450.0,15316.0,75.38514544470148,7676.0,7155.0,14831.0,72.99798198552936,7111.0,6744.0,13855.0,62.81737395719985,6321.0,5981.0,12302.0,55.77620602103735,923.0,866.0,1789.0,9.479652395082661
PALAWAN,1705300000,REGION 4B,Palawan,Province,1st,2024,4968.0,4924.0,9892.0,48.24659805882066,6513.0,6275.0,12788.0,62.37136028873823,3753.0,3677.0,7430.0,36.238599229381066,6742.0,6275.0,13017.0,63.488270009266934,5353.0,5172.0,10525.0,51.33395112910306,3843.0,3653.0,7496.0,36.56050334097449,8481.0,7981.0,16462.0,80.29068916743891,9167.0,8559.0,17726.0,86.45564063795543,9627.0,9123.0,18750.0,91.45003170267766,8682.0,8078.0,16760.0,81.74413500463346,4999.0,4603.0,9602.0,46.83217090181925,3865.0,3643.0,7508.0,36.619031361264206,2117.0,2066.0,4183.0,20.401892405989365,1728.0,1720.0,3448.0,16.817051163244404,7919.0,7308.0,15227.0,74.26718041262255,22257.0,7192.0,15014.0,67.45742912342185,6062.0,5538.0,11600.0,52.11843464977311,1137.0,1005.0,2142.0,11.244684760354874
PALAWAN,1705300000,REGION 4B,Palawan,Province,1st,2025,4552.0,9038.0,13590.0,65.52871401706929,6016.0,6477.0,12493.0,55.51704217215483,3564.0,7275.0,10839.0,48.16691107852286,7537.0,6766.0,14303.0,63.560414166999955,8327.0,7358.0,15685.0,69.70181753543972,9157.0,8243.0,17400.0,77.32302359685376,6122.0,5549.0,11671.0,51.864195884993116,6092.0,5403.0,11495.0,51.082077945162865,6095.0,5447.0,11542.0,51.290938985912994,6241.0,5554.0,11795.0,52.415233524418966,5128.0,4876.0,10004.0,44.456294716260054,8370.0,7616.0,15986.0,71.03941696662666,8780.0,7914.0,16694.0,74.18566413367107,7352.0,6771.0,14123.0,62.7605208194463,7299.0,6644.0,13943.0,61.960627471892636,7200.0,6668.0,13868.0,61.62733857707862,6341.0,5959.0,12300.0,55.26351260277666,1318.0,1125.0,2443.0,22.92389978417941
ROMBLON,1705900000,REGION 4B,Romblon,Province,2nd,2018,2299.0,2119.0,4418.0,90.20008166598612,2328.0,2154.0,4482.0,55.740611400633966,2266.0,2131.0,4397.0,54.683504758721,2617.0,2449.0,5066.0,63.00355585801242,2611.0,2434.0,5045.0,62.74238833471628,2534.0,2381.0,4915.0,61.12563700002587,2597.0,2437.0,5034.0,62.60558629870402,2611.0,2423.0,5034.0,62.60558629870402,2545.0,2432.0,4977.0,61.89670302118591,0.0,0.0,0.0,0.0,0.0,0.0,0.0,0.0,152.0,159.0,311.0,3.8677666545285954,0.0,0.0,0.0,0.0,4.0,3.0,7.0,0.08705584109871436,2470.0,2261.0,4731.0,58.83731203400252,1815.0,1748.0,3563.0,44.31142311924561,2358.0,2183.0,4541.0,56.47436777560885,44.0,49.0,93.0,1.1565990317400623
ROMBLON,1705900000,REGION 4B,Romblon,Province,2nd,2019,1474.0,1316.0,2790.0,45.51699778927418,1487.0,1325.0,2812.0,45.87591318402831,1296.0,1138.0,2434.0,39.70909412870729,1655.0,1436.0,3091.0,50.42761296295573,1657.0,1437.0,3094.0,50.476555971331294,1620.0,1475.0,3095.0,50.492870307456485,1645.0,1415.0,3060.0,49.92186854307491,1677.0,1448.0,3125.0,50.98230039121212,1649.0,1489.0,3138.0,51.19438676083956,1072.0,1048.0,2120.0,34.5863925853983,0.0,0.0,0.0,0.0,202.0,200.0,402.0,6.5583631223255265,81.0,85.0,166.0,2.7081797967811876,3.0,4.0,7.0,0.11420035287631515,1274.0,1428.0,2702.0,44.081336210257646,983.0,957.0,1940.0,31.649812082864482,1388.0,1347.0,2735.0,44.61970930238884,155.0,110.0,265.0,4.323299073174788
ROMBLON,1705900000,REGION 4B,Romblon,Province,2nd,2020,1120.0,1043.0,2163.0,33.796875,1255.0,1180.0,2435.0,38.046875,1034.0,935.0,1969.0,30.765625000000004,1276.0,1224.0,2500.0,39.0625,1276.0,1222.0,2498.0,39.03125,1243.0,1237.0,2480.0,38.75,1269.0,1172.0,2441.0,38.140625,1268.0,1216.0,2484.0,38.8125,1250.0,1226.0,2476.0,38.6875,1215.0,1179.0,2394.0,37.40625,0.0,0.0,0.0,0.0,1803.0,1698.0,3501.0,54.703125,1792.0,1751.0,3543.0,55.359375,1585.0,1502.0,3087.0,48.234375,1335.0,1171.0,2506.0,39.15625,1283.0,1200.0,2483.0,38.796875,1335.0,1171.0,2506.0,39.15625,1283.0,1200.0,2483.0,38.796875
ROMBLON,1705900000,REGION 4B,Romblon,Province,2nd,2021,1880.0,1812.0,3692.0,56.957729095958044,1778.0,1709.0,3487.0,53.79512496143166,1795.0,1764.0,3559.0,54.90589324282629,2050.0,1960.0,4010.0,61.86362233878433,2098.0,1962.0,4060.0,62.634989200863934,2120.0,1901.0,4021.0,62.03332304844184,2044.0,1931.0,3975.0,61.3236655353286,2096.0,1942.0,4038.0,62.2955877815489,2116.0,1912.0,4028.0,62.14131440913299,2104.0,1970.0,4074.0,62.850971922246224,0.0,0.0,0.0,0.0,1955.0,1824.0,3779.0,58.29990743597655,1991.0,1811.0,3802.0,58.654736192533164,1908.0,1774.0,3682.0,56.803455723542115,2287.0,2130.0,4417.0,68.1425485961123,2410.0,2225.0,4635.0,71.50570811477938,2287.0,2130.0,4417.0,68.1425485961123,2410.0,2225.0,4635.0,71.50570811477938
ROMBLON,1705900000,REGION 4B,Romblon,Province,2nd,2022,1852.0,1696.0,3548.0,54.01126503272948,1923.0,1775.0,3698.0,56.2947176130309,1765.0,1617.0,3382.0,51.48424417719591,2136.0,2024.0,4160.0,63.32775156035926,2080.0,2013.0,4093.0,62.307809407824635,2048.0,2001.0,4049.0,61.63799665093621,2131.0,2021.0,4152.0,63.20596742274319,2081.0,1998.0,4079.0,62.0946871669965,2080.0,2035.0,4115.0,62.642715786268845,2019.0,1960.0,3979.0,60.57238544679555,1086.0,1091.0,2177.0,33.14050844877455,2270.0,2099.0,4369.0,66.50936215557923,2186.0,2074.0,4260.0,64.8500532805602,2084.0,2009.0,4093.0,62.307809407824635,1989.0,1904.0,3893.0,59.263205967422735,7110.0,1849.0,3742.0,52.63009845288327,1778.0,1769.0,3547.0,49.887482419127984,104.0,77.0,181.0,2.944046844502277
ROMBLON,1705900000,REGION 4B,Romblon,Province,2nd,2023,2003.0,1901.0,3904.0,71.12406631444708,2077.0,1963.0,4040.0,73.60174895245035,1924.0,1855.0,3779.0,68.84678447804701,2348.0,2204.0,4552.0,82.92949535434505,2353.0,2276.0,4629.0,84.3323009655675,2279.0,2138.0,4417.0,80.47003097103298,2312.0,2184.0,4496.0,81.90927309163783,2277.0,2190.0,4467.0,81.380943705593,2146.0,1992.0,4138.0,75.38713791218801,2240.0,2083.0,4323.0,78.75751503006012,1940.0,1856.0,3796.0,69.15649480779742,2336.0,2202.0,4538.0,82.67443978866824,2392.0,2308.0,4700.0,85.62579704864274,2326.0,2219.0,4545.0,82.80196757150665,2117.0,2030.0,4147.0,75.55110220440882,1983.0,1847.0,3830.0,64.13261888814468,1800.0,1664.0,3464.0,58.004018754186205,146.0,141.0,287.0,5.525606469002695
ROMBLON,1705900000,REGION 4B,Romblon,Province,2nd,2024,1808.0,1715.0,3523.0,64.19460641399417,1906.0,1827.0,3733.0,68.02113702623906,1807.0,1682.0,3489.0,63.57507288629738,2115.0,1998.0,4113.0,74.94533527696792,2036.0,1890.0,3926.0,71.53790087463557,1742.0,1695.0,3437.0,62.62755102040817,2145.0,2021.0,4166.0,75.91107871720116,2216.0,2089.0,4305.0,78.4438775510204,2246.0,2082.0,4328.0,78.86297376093295,2194.0,2032.0,4226.0,77.00437317784257,1887.0,1791.0,3678.0,67.01895043731778,1701.0,1576.0,3277.0,59.712099125364425,1179.0,1147.0,2326.0,42.38338192419825,1128.0,1087.0,2215.0,40.36078717201166,2169.0,2010.0,4179.0,76.14795918367348,5966.0,2044.0,4269.0,71.55548105933623,2128.0,1950.0,4078.0,68.35400603419376,74.0,64.0,138.0,2.6548672566371683
ROMBLON,1705900000,REGION 4B,Romblon,Province,2nd,2025,1632.0,1654.0,3286.0,59.45359146010494,1654.0,1724.0,3378.0,56.23439320792409,1644.0,1669.0,3313.0,55.15232229066089,2030.0,2005.0,4035.0,67.17163309472282,2123.0,2033.0,4156.0,69.18594972532046,2204.0,2086.0,4290.0,71.41668053937073,1525.0,1492.0,3017.0,50.22473780589313,1561.0,1510.0,3071.0,51.12368902946562,1635.0,1568.0,3203.0,53.32112535375395,1981.0,1890.0,3871.0,64.44148493424339,1718.0,1612.0,3330.0,55.43532545363742,2147.0,2126.0,4273.0,71.13367737639422,2584.0,2458.0,5042.0,83.93540868986182,2391.0,2354.0,4745.0,78.99117696021308,2077.0,1963.0,4040.0,67.25486931912769,1948.0,1923.0,3871.0,64.44148493424339,1934.0,1928.0,3862.0,64.7334897753939,61.0,50.0,111.0,5.879237288135593
CITY OF PUERTO PRINCESA,1731500000,REGION 4B,Palawan,City,1st,2018,1907.0,1799.0,3706.0,88.63908155943554,1974.0,1818.0,3792.0,51.93317547948825,1462.0,1395.0,2857.0,39.12792255930852,2902.0,2496.0,5398.0,73.92808049532636,2736.0,2393.0,5129.0,70.24400238246183,2665.0,2317.0,4982.0,68.23077010517153,2948.0,2532.0,5480.0,75.05110802415496,2762.0,2441.0,5203.0,71.25746624994129,2771.0,2422.0,5193.0,71.12051167325487,0.0,0.0,0.0,0.0,0.0,0.0,0.0,0.0,1.0,0.0,1.0,0.013695457668641414,1.0,0.0,1.0,0.013695457668641414,0.0,0.0,0.0,0.0,2652.0,2306.0,4958.0,67.90207912112413,2238.0,2107.0,4345.0,59.506763570246946,2541.0,2235.0,4776.0,65.4095058254314,501.0,450.0,951.0,13.024380242877987
CITY OF PUERTO PRINCESA,1731500000,REGION 4B,Palawan,City,1st,2019,1798.0,1726.0,3524.0,56.14643561049177,1564.0,1543.0,3107.0,49.50254694716173,1132.0,1097.0,2229.0,35.513735804706634,2766.0,2691.0,5457.0,86.94412574530466,2676.0,2531.0,5207.0,82.96097906465116,2441.0,2325.0,4766.0,75.93470831997837,2841.0,2726.0,5567.0,88.69671028479219,2723.0,2566.0,5289.0,84.2674511759055,2587.0,2513.0,5100.0,81.25619228533145,2513.0,2110.0,4623.0,73.65634841864457,0.0,0.0,0.0,0.0,486.0,483.0,969.0,15.438676534212975,80.0,71.0,151.0,2.4058205951147156,14.0,13.0,27.0,0.4301798415105783,2590.0,2452.0,5042.0,80.33210225541984,2388.0,2129.0,4517.0,71.96749422604748,2353.0,2114.0,4467.0,71.17086488991679,431.0,381.0,812.0,12.937260418762575
CITY OF PUERTO PRINCESA,1731500000,REGION 4B,Palawan,City,1st,2020,1477.0,1420.0,2897.0,45.13164044243651,1639.0,1573.0,3212.0,50.038946876460514,980.0,906.0,1886.0,29.381523601807135,2696.0,2503.0,5199.0,80.99392428727215,2533.0,2381.0,4914.0,76.55398037077427,2488.0,2310.0,4798.0,74.74684530300671,2555.0,2379.0,4934.0,76.86555538245833,2413.0,2256.0,4669.0,72.73718647764449,2272.0,2132.0,4404.0,68.60881757283066,1839.0,1742.0,3581.0,55.78750584203147,0.0,0.0,0.0,0.0,2462.0,2293.0,4755.0,74.07695902788596,2047.0,1983.0,4030.0,62.78236485433868,1405.0,1415.0,2820.0,43.932076647452874,2237.0,2052.0,4289.0,66.8172612556473,1878.0,1726.0,3604.0,56.14581710546814,2237.0,2052.0,4289.0,66.8172612556473,1878.0,1726.0,3604.0,56.14581710546814
CITY OF PUERTO PRINCESA,1731500000,REGION 4B,Palawan,City,1st,2021,1253.0,1144.0,2397.0,36.81462140992167,1388.0,1372.0,2760.0,42.38980187375211,692.0,611.0,1303.0,20.01228689909384,2419.0,2293.0,4712.0,72.36983566272463,2223.0,2080.0,4303.0,66.0881585009983,2230.0,2056.0,4286.0,65.82706189525418,2407.0,2222.0,4629.0,71.0950698817386,2189.0,2050.0,4239.0,65.10520657349102,2104.0,2002.0,4106.0,63.062509599139915,1982.0,1779.0,3761.0,57.7637843649209,0.0,0.0,0.0,0.0,1366.0,1273.0,2639.0,40.53140838580863,1016.0,943.0,1959.0,30.087544156043617,694.0,646.0,1340.0,20.580555982183995,2213.0,2044.0,4257.0,65.38166180310245,2061.0,2021.0,4082.0,62.693902626324686,2213.0,2044.0,4257.0,65.38166180310245,2061.0,2021.0,4082.0,62.693902626324686
CITY OF PUERTO PRINCESA,1731500000,REGION 4B,Palawan,City,1st,2022,1639.0,1510.0,3149.0,47.704893198000306,1651.0,1522.0,3173.0,48.068474473564606,1132.0,1014.0,2146.0,32.51022572337525,2624.0,2358.0,4982.0,75.47341311922436,2539.0,2446.0,4985.0,75.51886077866989,2519.0,2391.0,4910.0,74.38266929253143,2678.0,2414.0,5092.0,77.1398272988941,2628.0,2503.0,5131.0,77.7306468716861,2620.0,2467.0,5087.0,77.06408119981822,2559.0,2428.0,4987.0,75.54915921830026,1285.0,1268.0,2553.0,38.67595818815331,2620.0,2467.0,5087.0,77.06408119981822,2634.0,2544.0,5178.0,78.44266020299955,2491.0,2381.0,4872.0,73.80699893955462,2488.0,2325.0,4813.0,72.91319497045902,7148.0,2221.0,4614.0,64.54952434247342,1985.0,1874.0,3859.0,53.987129266927816,599.0,554.0,1153.0,19.09572706194104
CITY OF PUERTO PRINCESA,1731500000,REGION 4B,Palawan,City,1st,2023,1862.0,1778.0,3640.0,65.1395848246242,1663.0,1638.0,3301.0,59.07301360057266,1210.0,1191.0,2401.0,42.96707229778096,2701.0,2633.0,5334.0,95.45454545454545,2646.0,2546.0,5192.0,92.91338582677166,2570.0,2462.0,5032.0,90.05010737294202,2683.0,2596.0,5279.0,94.47029348604151,2564.0,2475.0,5039.0,90.17537580529707,2579.0,2430.0,5009.0,89.63851109520401,2544.0,2379.0,4923.0,88.09949892627058,1848.0,1739.0,3587.0,64.19112383679312,2561.0,2488.0,5049.0,90.35433070866141,2430.0,2427.0,4857.0,86.91839656406586,2369.0,2309.0,4678.0,83.71510379384395,2487.0,2347.0,4834.0,86.50680028632785,2468.0,2280.0,4748.0,78.59625889753352,1850.0,1680.0,3530.0,58.43403410031451,641.0,626.0,1267.0,25.37044453344013
CITY OF PUERTO PRINCESA,1731500000,REGION 4B,Palawan,City,1st,2024,1763.0,1783.0,3546.0,62.8946434905995,1739.0,1759.0,3498.0,62.04327775807024,1496.0,1558.0,3054.0,54.168144732174525,1997.0,1849.0,3846.0,68.21567931890742,1619.0,1542.0,3161.0,56.06598084427101,1147.0,1117.0,2264.0,40.156083717630366,2361.0,2272.0,4633.0,82.1745299751685,2374.0,2257.0,4631.0,82.13905640297978,2394.0,2307.0,4701.0,83.38063142958497,2359.0,2287.0,4646.0,82.40510819439517,1940.0,1891.0,3831.0,67.94962752749201,1778.0,1707.0,3485.0,61.81269953884356,1338.0,1244.0,2582.0,45.796381695636754,1269.0,1161.0,2430.0,43.100390209294076,2321.0,2185.0,4506.0,79.92195814118482,6103.0,2241.0,4572.0,74.91397673275438,1682.0,1620.0,3302.0,54.104538751433715,555.0,509.0,1064.0,21.17412935323383
CITY OF PUERTO PRINCESA,1731500000,REGION 4B,Palawan,City,1st,2025,1744.0,1592.0,3336.0,58.54685854685855,1773.0,1646.0,3419.0,55.45823195458232,1586.0,1472.0,3058.0,49.60259529602595,2511.0,2286.0,4797.0,77.81021897810218,2745.0,2378.0,5123.0,83.09813463098135,2894.0,2596.0,5490.0,89.05109489051095,2147.0,1987.0,4134.0,67.0559610705596,2112.0,1909.0,4021.0,65.22303325223034,2114.0,1883.0,3997.0,64.83373884833739,2076.0,1849.0,3925.0,63.665855636658556,1871.0,1730.0,3601.0,58.41038118410381,2696.0,2370.0,5066.0,82.1735604217356,2869.0,2659.0,5528.0,89.66747769667478,2474.0,2328.0,4802.0,77.89132197891323,2237.0,2048.0,4285.0,69.50527169505271,1975.0,1873.0,3848.0,62.416869424168695,1517.0,1443.0,2960.0,48.50073734229068,575.0,543.0,1118.0,39.914316315601575
NEGROS ISLAND REGION (NIR),1800000000,NEGROS ISLAND REGION (NIR),,Region,,2018,34370.0,31505.0,65875.0,1.0452699057471995,40751.0,37948.0,78699.0,0.6282317124892887,34035.0,31921.0,65956.0,0.526507971244152,43819.0,40676.0,84495.0,0.6744995304487026,43326.0,40328.0,83654.0,0.6677860668697054,42952.0,40034.0,82986.0,0.6624536130400146,43691.0,40610.0,84301.0,0.6729508836778043,43197.0,40414.0,83611.0,0.6674428101112074,43298.0,40424.0,83722.0,0.6683288915110513,0.0,0.0,0.0,0.0,0.0,0.0,0.0,0.0,44109.0,40873.0,84982.0,0.6783871128065762,43745.0,40790.0,84535.0,0.6748188390612588,43144.0,40721.0,83865.0,0.6694704198009401,43378.0,40302.0,83680.0,0.6679936174678671,38795.0,36116.0,74911.0,0.5979931868802031,43111.0,40063.0,83174.0,0.6639543635190294,2967.0,2779.0,5746.0,0.0458686821937185
NEGROS ISLAND REGION (NIR),1800000000,NEGROS ISLAND REGION (NIR),,Region,,2019,31028.0,30404.0,61432.0,0.6578668548027865,35742.0,33981.0,69723.0,0.7466540356396452,29388.0,27993.0,57381.0,0.614485251911686,42351.0,39808.0,82159.0,0.8798294524635717,41586.0,39893.0,81479.0,0.8725474258118935,40486.0,38683.0,79169.0,0.8478099529216337,42028.0,39382.0,81410.0,0.8718085142840026,41416.0,39174.0,80590.0,0.8630272468510966,40750.0,39076.0,79826.0,0.8548456757306816,39407.0,37649.0,77056.0,0.825182125987816,0.0,0.0,0.0,0.0,42494.0,39583.0,82077.0,0.8789513257202811,41195.0,39026.0,80221.0,0.8590756765062888,39369.0,38209.0,77578.0,0.8307721523292514,38459.0,36312.0,74771.0,0.8007123746656327,37412.0,35409.0,72821.0,0.7798300923556732,33701.0,31999.0,65700.0,0.7035722809047902,4789.0,4181.0,8970.0,0.09605849862581384
NEGROS ISLAND REGION (NIR),1800000000,NEGROS ISLAND REGION (NIR),,Region,,2020,27802.0,27342.0,55144.0,0.6124797298798231,31357.0,30140.0,61497.0,0.6830419619254948,24784.0,24027.0,48811.0,0.5421396361374592,39220.0,37157.0,76377.0,0.8483128595863785,38970.0,36965.0,75935.0,0.8434036030832797,38449.0,37085.0,75534.0,0.8389497301019615,39311.0,37416.0,76727.0,0.8522002798942622,39099.0,37410.0,76509.0,0.8497789723882089,39157.0,37828.0,76985.0,0.8550658640069307,38695.0,37316.0,76011.0,0.8442477286358486,0.0,0.0,0.0,0.0,38971.0,36928.0,75899.0,0.8430037541373259,38856.0,36831.0,75687.0,0.8406490881222649,37554.0,36047.0,73601.0,0.8174800630872783,38965.0,36976.0,75941.0,0.8434702445742719,38440.0,36381.0,74821.0,0.8310304995890442,38965.0,36976.0,75941.0,0.8434702445742719,38440.0,36381.0,74821.0,0.8310304995890442
NEGROS ISLAND REGION (NIR),1800000000,NEGROS ISLAND REGION (NIR),,Region,,2021,24302.0,24559.0,48861.0,0.5430568830995621,28333.0,27764.0,56097.0,0.6234801164780936,22181.0,21992.0,44173.0,0.49095294196101097,34594.0,33294.0,67888.0,0.7545290861804521,33741.0,33049.0,66790.0,0.7423255607175406,33141.0,32165.0,65306.0,0.7258319069953542,33930.0,32471.0,66401.0,0.7380020894925201,32938.0,32190.0,65128.0,0.723853557694445,32867.0,31710.0,64577.0,0.7177295663191589,32515.0,31456.0,63971.0,0.7109942872385355,0.0,0.0,0.0,0.0,32966.0,31507.0,64473.0,0.7165736768399759,31895.0,30971.0,62866.0,0.6987129615222175,30582.0,30176.0,60758.0,0.6752839709249339,32949.0,31548.0,64497.0,0.7168404205659412,33120.0,31833.0,64953.0,0.7219085513592816,32949.0,31548.0,64497.0,0.7168404205659412,33120.0,31833.0,64953.0,0.7219085513592816
NEGROS ISLAND REGION (NIR),1800000000,NEGROS ISLAND REGION (NIR),,Region,,2022,26833.0,26826.0,53659.0,0.5971200605365946,31458.0,31491.0,62949.0,0.70049964946641,25602.0,25182.0,50784.0,0.5651269154156884,36438.0,35840.0,72278.0,0.804313232364822,35611.0,34988.0,70599.0,0.7856292356142127,35031.0,34758.0,69789.0,0.7766155147279749,36398.0,35712.0,72110.0,0.8024437198847134,35885.0,35238.0,71123.0,0.7914603340640753,35246.0,35067.0,70313.0,0.7824466131778374,34709.0,34432.0,69141.0,0.7694045380189843,24582.0,24133.0,48715.0,0.5421029789791125,36607.0,35907.0,72514.0,0.8069394522773555,36101.0,35133.0,71234.0,0.7926955476670043,34709.0,34302.0,69011.0,0.7679578914569957,33765.0,32713.0,66478.0,0.7397705395991676,97416.0,32441.0,66055.0,0.6780713640469738,28194.0,27302.0,55496.0,0.5696805452903014,6029.0,5742.0,11771.0,0.14220992606195332
NEGROS ISLAND REGION (NIR),1800000000,NEGROS ISLAND REGION (NIR),,Region,,2023,25439.0,25143.0,50582.0,0.5436294266215271,31771.0,29995.0,61766.0,0.6638293298941371,27082.0,25200.0,52282.0,0.5619001558385728,37374.0,35343.0,72717.0,0.7815250685152344,37254.0,35455.0,72709.0,0.7814390886130367,37114.0,34271.0,71385.0,0.7672094147992906,35318.0,33469.0,68787.0,0.7392874415605354,32683.0,30872.0,63555.0,0.6830565855231339,28997.0,27535.0,56532.0,0.6075769788811866,34063.0,32196.0,66259.0,0.7121177924660111,30377.0,28288.0,58665.0,0.6305013703046912,37398.0,35072.0,72470.0,0.7788704390348756,37084.0,35057.0,72141.0,0.7753345155569885,36881.0,35051.0,71932.0,0.7730882906120694,35249.0,33096.0,68345.0,0.7345370519641035,34223.0,32500.0,66723.0,0.6593703059530399,28451.0,27352.0,55803.0,0.5514566368882916,6007.0,5509.0,11516.0,0.13008754589099125
NEGROS ISLAND REGION (NIR),1800000000,NEGROS ISLAND REGION (NIR),,Region,,2024,24317.0,23919.0,48236.0,0.5161304129171704,28597.0,26624.0,55221.0,0.5908706677937448,25043.0,23320.0,48363.0,0.517489326642199,32307.0,30352.0,62659.0,0.6704580716265234,30377.0,28449.0,58826.0,0.6294445573900297,26438.0,25056.0,51494.0,0.5509913650127867,35356.0,33120.0,68476.0,0.7327006002760628,37386.0,35334.0,72720.0,0.7781118589297752,40162.0,37717.0,77879.0,0.8333137164685364,37025.0,34777.0,71802.0,0.7682891597205131,31194.0,29270.0,60464.0,0.6469713344104775,32135.0,30012.0,62147.0,0.6649796162941246,27757.0,26219.0,53976.0,0.5775490332452358,25879.0,24605.0,50484.0,0.5401842558609842,34354.0,32033.0,66387.0,0.7103480745155526,101625.0,33267.0,68465.0,0.6737023370233702,31094.0,29461.0,60555.0,0.5958671586715868,4232.0,3894.0,8126.0,0.09133929073231047
NEGROS ISLAND REGION (NIR),1800000000,NEGROS ISLAND REGION (NIR),,Region,,2025,21204.0,20668.0,41872.0,0.4455036813210197,21861.0,20302.0,42163.0,0.4125901498174986,20381.0,19361.0,39742.0,0.3888992181307552,29354.0,27702.0,57056.0,0.5583270542415674,30535.0,28947.0,59482.0,0.5820669139160983,33160.0,31755.0,64915.0,0.6352320654460765,24324.0,23071.0,47395.0,0.4637883962384162,24832.0,23513.0,48345.0,0.4730847139180554,25230.0,24332.0,49562.0,0.484993786145551,25883.0,24932.0,50815.0,0.4972551398851171,25027.0,23511.0,48538.0,0.4749733342466558,30809.0,29156.0,59965.0,0.586793357536378,34384.0,32629.0,67013.0,0.6557622491217426,34490.0,32714.0,67204.0,0.6576312982552279,30614.0,28922.0,59536.0,0.5825953361842042,29979.0,28620.0,58599.0,0.5734262312728127,27491.0,26256.0,53747.0,0.5288757687576876,3228.0,2896.0,6124.0,0.14911127343559777
NEGROS OCCIDENTAL,1804500000,NEGROS ISLAND REGION (NIR),Negros Occidental,Province,1st,2018,20389.0,18772.0,39161.0,139.65123742956993,22175.0,20447.0,42622.0,61.45994699580659,20545.0,19206.0,39751.0,57.32003080639828,24818.0,23304.0,48122.0,69.39082092187614,24737.0,23284.0,48021.0,69.24518123705195,24704.0,23164.0,47868.0,69.02455874419947,24754.0,23355.0,48109.0,69.37207521986906,24695.0,23279.0,47974.0,69.177408314411,24940.0,23371.0,48311.0,69.66335458951744,0.0,0.0,0.0,0.0,0.0,0.0,0.0,0.0,25621.0,23926.0,49547.0,71.44563825726689,25724.0,24118.0,49842.0,71.8710214951197,25852.0,24433.0,50285.0,72.50981734043766,24906.0,23441.0,48347.0,69.71526576430625,22293.0,20781.0,43074.0,62.111720634821765,24383.0,23026.0,47409.0,68.36269126564203,901.0,849.0,1750.0,2.523459885567583
NEGROS OCCIDENTAL,1804500000,NEGROS ISLAND REGION (NIR),Negros Occidental,Province,1st,2019,17338.0,17704.0,35042.0,68.34008781468748,19661.0,18862.0,38523.0,75.12885117530979,18300.0,17689.0,35989.0,70.18695908803116,23648.0,22381.0,46029.0,89.76730500605701,23228.0,22396.0,45624.0,88.9774603749016,22713.0,21916.0,44629.0,87.03697788601357,23355.0,21978.0,45333.0,88.40994238066399,23102.0,22002.0,45104.0,87.96333887317117,22852.0,22154.0,45006.0,87.77221597476813,22548.0,21791.0,44339.0,86.47141012543315,0.0,0.0,0.0,0.0,23322.0,21921.0,45243.0,88.23442135151835,22660.0,21498.0,44158.0,86.11841783348467,21785.0,21435.0,43220.0,84.28909866305557,21095.0,20229.0,41324.0,80.59145564905387,20013.0,19391.0,39404.0,76.84700702727999,18744.0,18116.0,36860.0,71.88561260342962,2004.0,1773.0,3777.0,7.366032523145785
NEGROS OCCIDENTAL,1804500000,NEGROS ISLAND REGION (NIR),Negros Occidental,Province,1st,2020,16585.0,15994.0,32579.0,65.99214065791605,18202.0,17395.0,35597.0,72.10541241289904,16766.0,15965.0,32731.0,66.30003240965809,21703.0,20211.0,41914.0,84.90115054286177,21682.0,20175.0,41857.0,84.78569113595852,21741.0,20682.0,42423.0,85.93218279047156,21732.0,20548.0,42280.0,85.64252147139848,21676.0,20568.0,42244.0,85.56959974072274,21795.0,20804.0,42599.0,86.28868902933074,21665.0,20589.0,42254.0,85.58985577702155,0.0,0.0,0.0,0.0,21721.0,20311.0,42032.0,85.14017177118781,21754.0,20148.0,41902.0,84.87684329930319,21325.0,20059.0,41384.0,83.82758061902447,22166.0,20378.0,42544.0,86.17728082968725,22129.0,20255.0,42384.0,85.85318424890617,22166.0,20378.0,42544.0,86.17728082968725,22129.0,20255.0,42384.0,85.85318424890617
NEGROS OCCIDENTAL,1804500000,NEGROS ISLAND REGION (NIR),Negros Occidental,Province,1st,2021,14355.0,14382.0,28737.0,58.273512592772846,16609.0,15885.0,32494.0,65.89203877195116,14711.0,14480.0,29191.0,59.19414365089022,18849.0,17857.0,36706.0,74.43322383096078,18664.0,18017.0,36681.0,74.38252828811291,18565.0,17911.0,36476.0,73.96682483676035,18721.0,17668.0,36389.0,73.79040434764975,18328.0,17675.0,36003.0,73.0076651660786,18516.0,17772.0,36288.0,73.58559435454436,18339.0,17663.0,36002.0,73.00563734436469,0.0,0.0,0.0,0.0,18596.0,17674.0,36270.0,73.54909356369387,18437.0,17635.0,36072.0,73.14758486433874,18059.0,17565.0,35624.0,72.23912073650484,18774.0,17418.0,36192.0,73.39092347000852,19262.0,18108.0,37370.0,75.77969744900028,18774.0,17418.0,36192.0,73.39092347000852,19262.0,18108.0,37370.0,75.77969744900028
NEGROS OCCIDENTAL,1804500000,NEGROS ISLAND REGION (NIR),Negros Occidental,Province,1st,2022,15799.0,15395.0,31194.0,63.36380255941499,18543.0,17751.0,36294.0,73.72333942717854,16906.0,16063.0,32969.0,66.96932764574447,20023.0,19146.0,39169.0,79.5632744261629,19752.0,18805.0,38557.0,78.32013000203129,19476.0,18587.0,38063.0,77.31667682307535,20035.0,19012.0,39047.0,79.31545805403209,19752.0,18665.0,38417.0,78.03575055860247,19511.0,18504.0,38015.0,77.21917529961405,19219.0,18323.0,37542.0,76.25837903717245,13700.0,12872.0,26572.0,53.97521836278691,20254.0,19201.0,39455.0,80.14422100345317,19801.0,18719.0,38520.0,78.24497257769653,19142.0,18362.0,37504.0,76.18119033109892,18895.0,17741.0,36636.0,74.41803778184034,53380.0,18182.0,37615.0,70.46646684151368,17154.0,16263.0,33417.0,62.602098164106415,2412.0,2096.0,4508.0,9.916191900750093
NEGROS OCCIDENTAL,1804500000,NEGROS ISLAND REGION (NIR),Negros Occidental,Province,1st,2023,15268.0,15165.0,30433.0,58.222689879471965,18229.0,17181.0,35410.0,67.74440405586378,17144.0,15916.0,33060.0,63.24851731394682,20856.0,19860.0,40716.0,77.89554237612397,20859.0,19945.0,40804.0,78.06389898603405,20929.0,19865.0,40794.0,78.04476755308973,19718.0,18854.0,38572.0,73.79376315286015,18399.0,17515.0,35914.0,68.70862827625788,16897.0,16097.0,32994.0,63.12224985651426,19378.0,18466.0,37844.0,72.40099483451311,17639.0,16460.0,34099.0,65.23627319686244,20863.0,19817.0,40680.0,77.8266692175244,20774.0,19753.0,40527.0,77.53395829347618,20771.0,19864.0,40635.0,77.74057776927492,19960.0,18972.0,38932.0,74.48249473885595,19938.0,18997.0,38935.0,68.39701361440493,17821.0,17137.0,34958.0,61.410628019323674,2368.0,2119.0,4487.0,8.842076222756473
NEGROS OCCIDENTAL,1804500000,NEGROS ISLAND REGION (NIR),Negros Occidental,Province,1st,2024,14687.0,14258.0,28945.0,55.191152636094955,16360.0,15213.0,31573.0,60.20211650300315,15435.0,14343.0,29778.0,56.779483268185714,17501.0,16517.0,34018.0,64.86414338831156,16122.0,15070.0,31192.0,59.4756411478692,13470.0,12909.0,26379.0,50.29840785584898,19631.0,18394.0,38025.0,72.50452855372295,20579.0,19372.0,39951.0,76.17694727810087,21953.0,20584.0,42537.0,81.10782724759271,20025.0,18781.0,38806.0,73.99370769377444,17412.0,16513.0,33925.0,64.68681475831823,17267.0,16018.0,33285.0,63.466488702450185,13892.0,13105.0,26997.0,51.47678520354657,12720.0,12016.0,24736.0,47.16560205930022,19413.0,18118.0,37531.0,71.56258937934979,57118.0,19518.0,40029.0,70.08123533737177,18811.0,17959.0,36770.0,64.37550334395462,1713.0,1598.0,3311.0,6.498783072937113
NEGROS OCCIDENTAL,1804500000,NEGROS ISLAND REGION (NIR),Negros Occidental,Province,1st,2025,13723.0,13164.0,26887.0,51.040282470860696,15552.0,14441.0,29993.0,52.28267122213119,15403.0,14588.0,29991.0,52.27918489724057,16393.0,15338.0,31731.0,55.31228755207698,17091.0,16064.0,33155.0,57.79455087419597,18833.0,17857.0,36690.0,63.956630118360735,12849.0,11997.0,24846.0,43.31061411612948,13173.0,12336.0,25509.0,44.46633081736887,13426.0,12909.0,26335.0,45.906182997193504,13634.0,13100.0,26734.0,46.60170481287152,13586.0,12589.0,26175.0,45.62727700594419,18210.0,17091.0,35301.0,61.53537748182754,21088.0,19758.0,40846.0,71.20121324106194,21283.0,19945.0,41228.0,71.8671012951697,17938.0,16825.0,34763.0,60.59755608625168,18009.0,17244.0,35253.0,61.451705684452726,16993.0,16273.0,33266.0,58.24083476312196,1284.0,1152.0,2436.0,11.971692549636328
NEGROS ORIENTAL,1804600000,NEGROS ISLAND REGION (NIR),Negros Oriental,Province,1st,2018,10228.0,9245.0,19473.0,80.43370508054522,12450.0,11483.0,23933.0,63.567358850476495,7508.0,6925.0,14433.0,38.334838519572436,13519.0,12342.0,25861.0,68.68823245026418,13115.0,11908.0,25023.0,66.46245855160127,12683.0,11790.0,24473.0,65.00162842718052,13424.0,12262.0,25686.0,68.22342286522121,13060.0,12036.0,25096.0,66.65635054993348,12989.0,11979.0,24968.0,66.3163755391592,0.0,0.0,0.0,0.0,0.0,0.0,0.0,0.0,13013.0,11963.0,24976.0,66.3376239773326,12873.0,11822.0,24695.0,65.59127258649217,12097.0,11316.0,23413.0,62.18621036920595,13268.0,11928.0,25196.0,66.92195602710089,11797.0,10932.0,22729.0,60.36946890538086,12558.0,11321.0,23879.0,63.42393189280608,1487.0,1362.0,2849.0,7.567100044499542
NEGROS ORIENTAL,1804600000,NEGROS ISLAND REGION (NIR),Negros Oriental,Province,1st,2019,10058.0,9299.0,19357.0,66.70868585807628,11621.0,10943.0,22564.0,77.76074741445643,6885.0,6444.0,13329.0,45.93480775958561,13348.0,12429.0,25777.0,88.83348635447808,13131.0,12456.0,25587.0,88.17870253916401,12645.0,11842.0,24487.0,84.38784887155623,13330.0,12426.0,25756.0,88.76111551173284,13059.0,12279.0,25338.0,87.32059111804188,12733.0,11980.0,24713.0,85.16669698871928,11740.0,10996.0,22736.0,78.35349907884601,0.0,0.0,0.0,0.0,13537.0,12598.0,26135.0,90.06723691175407,13073.0,12384.0,25457.0,87.73069256026491,12364.0,11680.0,24044.0,82.86116871269236,12306.0,11354.0,23660.0,81.53781615963655,11895.0,11012.0,22907.0,78.94280451262867,9866.0,9141.0,19007.0,65.50250514565562,2105.0,1841.0,3946.0,13.598825974891202
NEGROS ORIENTAL,1804600000,NEGROS ISLAND REGION (NIR),Negros Oriental,Province,1st,2020,7964.0,8424.0,16388.0,58.65845801417424,11153.0,10999.0,22152.0,79.28985610995777,6541.0,6775.0,13316.0,47.662681652229935,12372.0,12401.0,24773.0,88.67134368959839,12209.0,12288.0,24497.0,87.68344190707997,11877.0,12089.0,23966.0,85.78280478201732,12409.0,12314.0,24723.0,88.49237597537403,12375.0,12333.0,24708.0,88.43868566110675,12482.0,12673.0,25155.0,90.03865702627246,12201.0,12401.0,24602.0,88.05927410695111,0.0,0.0,0.0,0.0,12078.0,12043.0,24121.0,86.33760469611282,12042.0,12194.0,24236.0,86.74923043882885,11365.0,11651.0,23016.0,82.38241821175461,12001.0,12112.0,24113.0,86.30896986183693,11359.0,11606.0,22965.0,82.19987114324576,12001.0,12112.0,24113.0,86.30896986183693,11359.0,11606.0,22965.0,82.19987114324576
NEGROS ORIENTAL,1804600000,NEGROS ISLAND REGION (NIR),Negros Oriental,Province,1st,2021,7045.0,7467.0,14512.0,51.97335434424468,10099.0,10402.0,20501.0,73.4223909462073,5924.0,6090.0,12014.0,43.02700379628966,11122.0,11236.0,22358.0,80.07306066900651,10624.0,10957.0,21581.0,77.2903087171406,10121.0,10249.0,20370.0,72.95322684621446,10765.0,10777.0,21542.0,77.15063390874579,10163.0,10479.0,20642.0,73.9273690996347,9992.0,10050.0,20042.0,71.77852589356063,9763.0,9867.0,19630.0,70.30298689205644,0.0,0.0,0.0,0.0,9708.0,9687.0,19395.0,69.46135663634409,9137.0,9385.0,18522.0,66.33478977150634,8402.0,8919.0,17321.0,62.03352195401476,9901.0,10203.0,20104.0,72.00057302485496,9253.0,9596.0,18849.0,67.5059093188167,9901.0,10203.0,20104.0,72.00057302485496,9253.0,9596.0,18849.0,67.5059093188167
NEGROS ORIENTAL,1804600000,NEGROS ISLAND REGION (NIR),Negros Oriental,Province,1st,2022,7444.0,7889.0,15333.0,54.97669415561133,10192.0,10742.0,20934.0,75.059160989602,6109.0,6296.0,12405.0,44.47830763714593,11788.0,12430.0,24218.0,86.83399067766224,11483.0,12111.0,23594.0,84.59662961634994,11207.0,12046.0,23253.0,83.37396916457512,11882.0,12494.0,24376.0,87.40050197203298,11716.0,12450.0,24166.0,86.64754392255288,11328.0,12405.0,23733.0,85.09501613481535,11019.0,11850.0,22869.0,81.99713158838293,6406.0,7113.0,13519.0,48.472570813911794,11899.0,12578.0,24477.0,87.7626389386877,11796.0,12209.0,24005.0,86.07027608461814,10971.0,11581.0,22552.0,80.86052348512011,10756.0,11090.0,21846.0,78.32915023305844,30202.0,10474.0,20530.0,67.97563075293027,8016.0,8187.0,16203.0,53.64876498245149,2383.0,2537.0,4920.0,19.324430479183032
NEGROS ORIENTAL,1804600000,NEGROS ISLAND REGION (NIR),Negros Oriental,Province,1st,2023,7009.0,6946.0,13955.0,48.58644941160086,9824.0,9327.0,19151.0,66.67711162175335,6476.0,6128.0,12604.0,43.882737970893395,11762.0,11112.0,22874.0,79.63930088433952,11677.0,11112.0,22789.0,79.34336049021657,11539.0,10859.0,22398.0,77.9820346772509,11091.0,10402.0,21493.0,74.83113989276514,9996.0,9386.0,19382.0,67.48137316342873,8537.0,8041.0,16578.0,57.71882180906622,10384.0,9730.0,20114.0,70.02994220458186,8931.0,8200.0,17131.0,59.64417519671332,11775.0,10925.0,22700.0,79.03349348931133,11570.0,10912.0,22482.0,78.2744934196783,11414.0,10830.0,22244.0,77.44586031613397,11116.0,10233.0,21349.0,74.32978204860386,10245.0,9678.0,19923.0,63.9110768934655,7793.0,7530.0,15323.0,49.15471722323806,2486.0,2292.0,4778.0,18.204678808199347
NEGROS ORIENTAL,1804600000,NEGROS ISLAND REGION (NIR),Negros Oriental,Province,1st,2024,6975.0,6997.0,13972.0,48.21256038647343,8550.0,8062.0,16612.0,57.32229123533471,5859.0,5560.0,11419.0,39.40303657694962,10758.0,10060.0,20818.0,71.83574879227052,10382.0,9749.0,20131.0,69.46514837819186,9280.0,8764.0,18044.0,62.26363008971705,11422.0,10732.0,22154.0,76.44582470669428,12263.0,11693.0,23956.0,82.66390614216701,13106.0,12451.0,25557.0,88.18840579710145,12520.0,11818.0,24338.0,83.98205659075224,9796.0,9051.0,18847.0,65.03450655624569,10724.0,10173.0,20897.0,72.10835058661146,10444.0,9929.0,20373.0,70.30020703933747,9897.0,9494.0,19391.0,66.91166321601104,10683.0,10040.0,20723.0,71.5079365079365,31449.0,10022.0,20660.0,65.69366275557252,8971.0,8482.0,17453.0,55.49620019714459,1779.0,1607.0,3386.0,12.78169944509456
NEGROS ORIENTAL,1804600000,NEGROS ISLAND REGION (NIR),Negros Oriental,Province,1st,2025,4415.0,4544.0,8959.0,30.58305455041988,3882.0,3660.0,7542.0,23.7296668030079,2616.0,2663.0,5279.0,16.60950822766888,8800.0,8460.0,17260.0,54.30576094138376,9172.0,8897.0,18069.0,56.8511468395054,9812.0,9626.0,19438.0,61.158480948934965,7438.0,7189.0,14627.0,46.021458012144855,7589.0,7333.0,14922.0,46.94962715917314,7733.0,7556.0,15289.0,48.104332504798165,8244.0,8037.0,16281.0,51.2254979076865,7460.0,7135.0,14595.0,45.92077525721297,8637.0,8299.0,16936.0,53.28634804769845,8775.0,8588.0,17363.0,54.62983355882075,8567.0,8422.0,16989.0,53.453103860554386,8575.0,8275.0,16850.0,53.01576314381903,7959.0,7667.0,15626.0,49.16464776767454,7046.0,6863.0,13909.0,44.22716143597571,1273.0,1197.0,2470.0,17.647899399828525
SIQUIJOR,1806100000,NEGROS ISLAND REGION (NIR),Siquijor,Province,3rd,2018,531.0,473.0,1004.0,83.87635756056808,671.0,591.0,1262.0,47.29647431392941,621.0,570.0,1191.0,44.63557916631532,712.0,624.0,1336.0,50.069801650879306,733.0,659.0,1392.0,52.16853585181437,726.0,662.0,1388.0,52.018626266033294,712.0,619.0,1331.0,49.88241466865297,731.0,659.0,1390.0,52.09358105892383,731.0,665.0,1396.0,52.31844543759545,0.0,0.0,0.0,0.0,0.0,0.0,0.0,0.0,720.0,634.0,1354.0,50.744394786894155,735.0,662.0,1397.0,52.35592283404071,709.0,670.0,1379.0,51.68132969802588,706.0,701.0,1407.0,52.730696798493405,681.0,710.0,1391.0,52.13105845536911,694.0,694.0,1388.0,52.018626266033294,6.0,4.0,10.0,0.37477396445268946
SIQUIJOR,1806100000,NEGROS ISLAND REGION (NIR),Siquijor,Province,3rd,2019,574.0,540.0,1114.0,71.84410383699422,605.0,653.0,1258.0,81.13095388414608,635.0,603.0,1238.0,79.84111359981944,615.0,611.0,1226.0,79.06720942922345,615.0,600.0,1215.0,78.35779727284378,617.0,593.0,1210.0,78.03533720176212,620.0,593.0,1213.0,78.22881324441113,611.0,594.0,1205.0,77.71287713068047,597.0,576.0,1173.0,75.64913267575784,599.0,546.0,1145.0,73.84335627770052,0.0,0.0,0.0,0.0,767.0,619.0,1386.0,89.38593170383662,620.0,607.0,1227.0,79.13170144343977,619.0,589.0,1208.0,77.90635317332946,644.0,577.0,1221.0,78.74474935814179,617.0,562.0,1179.0,76.03608476105582,507.0,464.0,971.0,62.621745804058705,110.0,98.0,208.0,13.414338956997126
SIQUIJOR,1806100000,NEGROS ISLAND REGION (NIR),Siquijor,Province,3rd,2020,595.0,548.0,1143.0,70.86174829510229,668.0,586.0,1254.0,77.74333539987602,664.0,583.0,1247.0,77.3093614383137,716.0,632.0,1348.0,83.57098574085555,745.0,673.0,1418.0,87.91072535647861,730.0,696.0,1426.0,88.40669559826411,719.0,633.0,1352.0,83.8189708617483,735.0,670.0,1405.0,87.10477371357719,731.0,701.0,1432.0,88.77867327960323,727.0,696.0,1423.0,88.22070675759454,0.0,0.0,0.0,0.0,710.0,625.0,1335.0,82.76503409795413,728.0,662.0,1390.0,86.17482951022939,706.0,671.0,1377.0,85.36887786732797,710.0,688.0,1398.0,86.67079975201489,718.0,673.0,1391.0,86.23682579045257,710.0,688.0,1398.0,86.67079975201489,718.0,673.0,1391.0,86.23682579045257
SIQUIJOR,1806100000,NEGROS ISLAND REGION (NIR),Siquijor,Province,3rd,2021,540.0,529.0,1069.0,65.34229828850856,611.0,547.0,1158.0,70.78239608801957,589.0,544.0,1133.0,69.25427872860635,636.0,556.0,1192.0,72.86063569682152,645.0,616.0,1261.0,77.07823960880195,675.0,602.0,1277.0,78.0562347188264,601.0,527.0,1128.0,68.94865525672371,617.0,571.0,1188.0,72.6161369193154,576.0,513.0,1089.0,66.56479217603912,646.0,582.0,1228.0,75.06112469437653,0.0,0.0,0.0,0.0,628.0,551.0,1179.0,72.06601466992664,635.0,610.0,1245.0,76.1002444987775,659.0,586.0,1245.0,76.1002444987775,642.0,620.0,1262.0,77.13936430317848,688.0,627.0,1315.0,80.37897310513448,642.0,620.0,1262.0,77.13936430317848,688.0,627.0,1315.0,80.37897310513448
SIQUIJOR,1806100000,NEGROS ISLAND REGION (NIR),Siquijor,Province,3rd,2022,490.0,512.0,1002.0,60.32510535821795,542.0,512.0,1054.0,63.45574954846478,507.0,464.0,971.0,58.45875978326309,560.0,551.0,1111.0,66.88741721854305,553.0,548.0,1101.0,66.28537025888019,589.0,562.0,1151.0,69.29560505719446,567.0,557.0,1124.0,67.67007826610477,558.0,550.0,1108.0,66.70680313064419,603.0,569.0,1172.0,70.55990367248646,602.0,577.0,1179.0,70.98133654425045,597.0,582.0,1179.0,70.98133654425045,489.0,490.0,979.0,58.94039735099338,473.0,483.0,956.0,57.55568934376881,498.0,497.0,995.0,59.90367248645394,470.0,494.0,964.0,58.0373269114991,1827.0,458.0,903.0,49.42528735632184,417.0,423.0,840.0,45.97701149425287,28.0,35.0,63.0,3.872157344806392
SIQUIJOR,1806100000,NEGROS ISLAND REGION (NIR),Siquijor,Province,3rd,2023,457.0,419.0,876.0,52.142857142857146,516.0,493.0,1009.0,60.05952380952381,314.0,310.0,624.0,37.142857142857146,588.0,548.0,1136.0,67.61904761904762,580.0,566.0,1146.0,68.21428571428572,567.0,567.0,1134.0,67.5,585.0,552.0,1137.0,67.67857142857143,574.0,559.0,1133.0,67.44047619047619,560.0,574.0,1134.0,67.5,567.0,573.0,1140.0,67.85714285714286,514.0,492.0,1006.0,59.88095238095238,560.0,525.0,1085.0,64.58333333333334,581.0,562.0,1143.0,68.03571428571429,573.0,559.0,1132.0,67.38095238095238,524.0,518.0,1042.0,62.023809523809526,565.0,532.0,1097.0,61.08017817371938,509.0,467.0,976.0,54.342984409799556,49.0,54.0,103.0,7.463768115942029
SIQUIJOR,1806100000,NEGROS ISLAND REGION (NIR),Siquijor,Province,3rd,2024,491.0,448.0,939.0,56.193895870736085,510.0,443.0,953.0,57.03171753441053,597.0,521.0,1118.0,66.90604428485936,550.0,501.0,1051.0,62.89646918013165,546.0,513.0,1059.0,63.37522441651705,540.0,498.0,1038.0,62.11849192100538,551.0,495.0,1046.0,62.597247157390775,541.0,506.0,1047.0,62.65709156193896,552.0,522.0,1074.0,64.27289048473968,560.0,525.0,1085.0,64.93117893476959,558.0,519.0,1077.0,64.4524236983842,551.0,491.0,1042.0,62.357869539198084,543.0,509.0,1052.0,62.95631358467983,538.0,520.0,1058.0,63.315380011968884,566.0,515.0,1081.0,64.6918013165769,1778.0,522.0,1102.0,61.97975253093363,565.0,499.0,1064.0,59.84251968503938,15.0,23.0,38.0,2.7737226277372264
SIQUIJOR,1806100000,NEGROS ISLAND REGION (NIR),Siquijor,Province,3rd,2025,463.0,438.0,901.0,53.91980849790544,461.0,444.0,905.0,50.89988751406074,426.0,387.0,813.0,45.72553430821147,536.0,528.0,1064.0,59.84251968503938,546.0,500.0,1046.0,58.83014623172104,509.0,501.0,1010.0,56.80539932508436,532.0,530.0,1062.0,59.730033745781775,542.0,500.0,1042.0,58.60517435320585,505.0,495.0,1000.0,56.2429696287964,510.0,492.0,1002.0,56.35545556805399,508.0,490.0,998.0,56.13048368953881,534.0,527.0,1061.0,59.67379077615298,548.0,505.0,1053.0,59.22384701912261,503.0,485.0,988.0,55.56805399325084,519.0,492.0,1011.0,56.861642294713164,525.0,483.0,1008.0,56.69291338582677,513.0,479.0,992.0,55.793025871766034,10.0,7.0,17.0,2.380952380952381
CITY OF BACOLOD,1830200000,NEGROS ISLAND REGION (NIR),Negros Occidental,City,1st,2018,3222.0,3015.0,6237.0,65.15198997179567,5455.0,5427.0,10882.0,69.7415365325613,5361.0,5220.0,10581.0,67.81246076557905,4770.0,4406.0,9176.0,58.80797088979806,4741.0,4477.0,9218.0,59.077144252632785,4839.0,4418.0,9257.0,59.327090946693616,4801.0,4374.0,9175.0,58.80156200020675,4711.0,4440.0,9151.0,58.64774865001547,4638.0,4409.0,9047.0,57.98122413251995,0.0,0.0,0.0,0.0,0.0,0.0,0.0,0.0,4755.0,4350.0,9105.0,58.352939728815535,4413.0,4188.0,8601.0,55.12285937479873,4486.0,4302.0,8788.0,56.32132172837242,4498.0,4232.0,8730.0,55.94960613207684,4024.0,3693.0,7717.0,49.45740097608671,5476.0,5022.0,10498.0,67.28052292950088,573.0,564.0,1137.0,7.2869074653117245
CITY OF BACOLOD,1830200000,NEGROS ISLAND REGION (NIR),Negros Occidental,City,1st,2019,3058.0,2861.0,5919.0,51.30494341089673,3855.0,3523.0,7378.0,63.95132158905154,3568.0,3257.0,6825.0,59.158006213781064,4740.0,4387.0,9127.0,79.11137329130841,4612.0,4441.0,9053.0,78.46995315067547,4511.0,4332.0,8843.0,76.64970680563604,4723.0,4385.0,9108.0,78.94668433628102,4644.0,4299.0,8943.0,77.51649077946435,4568.0,4366.0,8934.0,77.43848022181979,4520.0,4316.0,8836.0,76.58903192746807,0.0,0.0,0.0,0.0,4868.0,4445.0,9313.0,80.72359148262903,4842.0,4537.0,9379.0,81.2956689053557,4601.0,4505.0,9106.0,78.92934865680445,4414.0,4152.0,8566.0,74.24871519813168,4887.0,4444.0,9331.0,80.87961259791813,4584.0,4278.0,8862.0,76.81439576066342,570.0,469.0,1039.0,9.005885488075975
CITY OF BACOLOD,1830200000,NEGROS ISLAND REGION (NIR),Negros Occidental,City,1st,2020,2658.0,2376.0,5034.0,45.29014844804318,1334.0,1160.0,2494.0,22.438146648672966,813.0,704.0,1517.0,13.648223121907332,4429.0,3913.0,8342.0,75.05173189383716,4334.0,3829.0,8163.0,73.4412955465587,4101.0,3618.0,7719.0,69.44669365721997,4451.0,3921.0,8372.0,75.3216374269006,4313.0,3839.0,8152.0,73.34233018443544,4149.0,3650.0,7799.0,70.16644174538912,4102.0,3630.0,7732.0,69.56365272154746,0.0,0.0,0.0,0.0,4462.0,3949.0,8411.0,75.67251461988303,4332.0,3827.0,8159.0,73.40530814215025,4158.0,3666.0,7824.0,70.39136302294196,4088.0,3798.0,7886.0,70.94916779127306,4234.0,3847.0,8081.0,72.70355375618533,4088.0,3798.0,7886.0,70.94916779127306,4234.0,3847.0,8081.0,72.70355375618533
CITY OF BACOLOD,1830200000,NEGROS ISLAND REGION (NIR),Negros Occidental,City,1st,2021,2362.0,2181.0,4543.0,40.920554854981084,1014.0,930.0,1944.0,17.51035849396505,957.0,878.0,1835.0,16.528553413799315,3987.0,3645.0,7632.0,68.74437038371465,3808.0,3459.0,7267.0,65.4566744730679,3780.0,3403.0,7183.0,64.70005404431633,3843.0,3499.0,7342.0,66.1322284273104,3830.0,3465.0,7295.0,65.70888128265177,3783.0,3375.0,7158.0,64.47486939290218,3767.0,3344.0,7111.0,64.05152224824356,0.0,0.0,0.0,0.0,4034.0,3595.0,7629.0,68.71734822554495,3686.0,3341.0,7027.0,63.29490181949199,3462.0,3106.0,6568.0,59.16051161952801,3632.0,3307.0,6939.0,62.50225184651414,3917.0,3502.0,7419.0,66.82579715366602,3632.0,3307.0,6939.0,62.50225184651414,3917.0,3502.0,7419.0,66.82579715366602
CITY OF BACOLOD,1830200000,NEGROS ISLAND REGION (NIR),Negros Occidental,City,1st,2022,3100.0,3030.0,6130.0,55.314925103771884,2181.0,2486.0,4667.0,42.113336942790106,2080.0,2359.0,4439.0,40.0559465800397,4067.0,3713.0,7780.0,70.20393430788666,3823.0,3524.0,7347.0,66.29669734704927,3759.0,3563.0,7322.0,66.07110629850209,3914.0,3649.0,7563.0,68.24580400649702,3859.0,3573.0,7432.0,67.06370691210974,3804.0,3589.0,7393.0,66.7117848763761,3869.0,3682.0,7551.0,68.13752030319436,3879.0,3566.0,7445.0,67.18101425735426,3965.0,3638.0,7603.0,68.60674968417253,4031.0,3722.0,7753.0,69.9602959754557,4098.0,3862.0,7960.0,71.82818985742647,3644.0,3388.0,7032.0,63.45425013535463,12007.0,3327.0,7007.0,58.35762471891397,2607.0,2429.0,5036.0,41.94220038310985,1206.0,1074.0,2280.0,22.300469483568076
CITY OF BACOLOD,1830200000,NEGROS ISLAND REGION (NIR),Negros Occidental,City,1st,2023,2705.0,2613.0,5318.0,51.26771425817025,3202.0,2994.0,6196.0,59.73199652945146,3148.0,2846.0,5994.0,57.784633182300205,4168.0,3823.0,7991.0,77.03653716379061,4138.0,3832.0,7970.0,76.83408849898775,4079.0,2980.0,7059.0,68.05167261158778,3924.0,3661.0,7585.0,73.12252964426878,3714.0,3412.0,7126.0,68.69758025643497,3003.0,2823.0,5826.0,56.16504386387737,3734.0,3427.0,7161.0,69.03499469777307,3293.0,3136.0,6429.0,61.97821266750216,4200.0,3805.0,8005.0,77.17150294032584,4159.0,3830.0,7989.0,77.0172563385713,4123.0,3798.0,7921.0,76.36170828111443,3649.0,3373.0,7022.0,67.69497734503037,3475.0,3293.0,6768.0,59.90440785979819,2328.0,2218.0,4546.0,40.23721012568596,1104.0,1044.0,2148.0,21.156308480252143
CITY OF BACOLOD,1830200000,NEGROS ISLAND REGION (NIR),Negros Occidental,City,1st,2024,2164.0,2216.0,4380.0,42.27391178457678,3177.0,2906.0,6083.0,58.71054917479008,3152.0,2896.0,6048.0,58.37274394363479,3498.0,3274.0,6772.0,65.36048643953286,3327.0,3117.0,6444.0,62.194768844706104,3148.0,2885.0,6033.0,58.22797027313966,3752.0,3499.0,7251.0,69.98359231734389,4003.0,3763.0,7766.0,74.95415500434322,4551.0,4160.0,8711.0,84.07489624553615,3920.0,3653.0,7573.0,73.09140044397259,3428.0,3187.0,6615.0,63.84518868835054,3593.0,3330.0,6923.0,66.81787472251713,2878.0,2676.0,5554.0,53.60486439532863,2724.0,2575.0,5299.0,51.14371199691149,3692.0,3360.0,7052.0,68.06292828877521,11280.0,3205.0,6674.0,59.166666666666664,2747.0,2521.0,5268.0,46.702127659574465,725.0,666.0,1391.0,13.696337140606538
CITY OF BACOLOD,1830200000,NEGROS ISLAND REGION (NIR),Negros Occidental,City,1st,2025,2603.0,2522.0,5125.0,49.54084098598357,1966.0,1757.0,3723.0,33.05513628695729,1936.0,1723.0,3659.0,32.486904022019,3625.0,3376.0,7001.0,62.15928260676552,3726.0,3486.0,7212.0,64.03267335523395,4006.0,3771.0,7777.0,69.04909881914233,3505.0,3355.0,6860.0,60.90739589807333,3528.0,3344.0,6872.0,61.013939447749266,3566.0,3372.0,6938.0,61.59992897096688,3495.0,3303.0,6798.0,60.35692089141437,3473.0,3297.0,6770.0,60.10831927550386,3428.0,3239.0,6667.0,59.193820474118795,3973.0,3778.0,7751.0,68.81825446151115,4137.0,3862.0,7999.0,71.02015448814703,3582.0,3330.0,6912.0,61.3690846133357,3486.0,3226.0,6712.0,59.59335878540354,2939.0,2641.0,5580.0,49.46808510638298,661.0,540.0,1201.0,19.976713240186296
BARMM,1900000000,BARMM,,Region,,2018,34074.0,35060.0,69134.0,88.71636274975297,38362.0,39425.0,77787.0,70.04719980179634,22010.0,22441.0,44451.0,40.02812910113064,40683.0,40749.0,81432.0,73.32952259709049,40165.0,40272.0,80437.0,72.43352501648206,39164.0,39203.0,78367.0,70.56948984878414,38791.0,39087.0,77878.0,70.12914530916855,38262.0,38374.0,76636.0,69.0107242085498,37374.0,38240.0,75614.0,68.09041312575401,0.0,0.0,0.0,0.0,0.0,0.0,0.0,0.0,34552.0,34595.0,69147.0,62.26687910183978,39540.62405099678,39868.24810199357,79408.87215299036,71.50769580695766,32048.0,33131.0,65179.0,58.693694780378245,36920.0,37336.0,74256.0,66.86753401573769,30588.0,31179.0,61767.0,55.62118850396022,34633.0,35061.0,69694.0,62.75945264615416,8896.0,9291.0,18187.0,16.377394973392338
BARMM,1900000000,BARMM,,Region,,2019,30486.0,31612.0,62098.0,64.02689568951362,33568.0,34276.0,67844.0,69.95137864600089,22255.0,22952.0,45207.0,46.61122537659575,0.0,0.0,0.0,0.0,0.0,0.0,0.0,0.0,0.0,0.0,0.0,0.0,30556.0,30853.0,61409.0,63.31649388703892,30779.0,28177.0,58956.0,60.78729850028931,25943.0,26384.0,52327.0,53.952387689542014,14989.0,15349.0,30338.0,31.280362675584794,0.0,0.0,0.0,0.0,24135.0,24085.0,48220.0,49.71781555200405,26612.176665054,26884.353330108,53496.529995161996,55.15824576880374,20538.0,20738.0,41276.0,42.55812017263623,25635.0,25959.0,51594.0,53.196619153672685,23949.0,24687.0,48636.0,50.14673739500765,27552.0,27985.0,55537.0,57.26209710310346,6209.0,6524.0,12733.0,13.128514007127077
BARMM,1900000000,BARMM,,Region,,2020,29069.0,31718.0,60787.0,65.50393862002824,35257.0,37398.0,72655.0,78.29286953523206,24068.0,26233.0,50301.0,54.20424789060226,28867.0,29238.0,58105.0,62.613821269625745,27264.0,28307.0,55571.0,59.88318839642669,26262.0,30093.0,56355.0,60.728025086477224,35558.0,36462.0,72020.0,77.60859492020387,35010.0,36851.0,71861.0,77.4372568669921,33799.0,35522.0,69321.0,74.70015840687938,28591.0,30130.0,58721.0,63.27762152609403,0.0,0.0,0.0,0.0,33771.0,35045.0,68816.0,74.15597150831367,37401.78140262254,39731.56280524507,77133.3442078676,83.11872348610179,30610.0,32374.0,62984.0,67.87142102824384,34167.0,34620.0,68787.0,74.12472117156435,30261.0,31243.0,61504.0,66.27657625620967,34167.0,34620.0,68787.0,74.12472117156435,30261.0,31243.0,61504.0,66.27657625620967
BARMM,1900000000,BARMM,,Region,,2021,28753.0,30613.0,59366.0,63.0560394272847,31914.0,33063.0,64977.0,69.0158049029188,23886.0,24797.0,48683.0,51.70901134384162,32935.0,33697.0,66632.0,70.77367548965458,32343.0,30445.0,62788.0,66.690742235629,31581.0,32736.0,64317.0,68.31478098313293,32491.0,33123.0,65614.0,69.69239920125759,32018.0,33157.0,65175.0,69.22611207885457,31815.0,32855.0,64670.0,68.68972256447296,28363.0,29632.0,57995.0,61.5998215575477,0.0,0.0,0.0,0.0,30004.0,30891.0,60895.0,64.68007817478863,28601.0,29787.0,58388.0,62.017249437056556,27563.0,27933.0,55496.0,58.94549007944938,30650.0,31812.0,62462.0,66.34447890555296,29685.0,30667.0,60352.0,64.10332667714663,30650.0,31812.0,62462.0,66.34447890555296,29685.0,30667.0,60352.0,64.10332667714663
BARMM,1900000000,BARMM,,Region,,2022,30478.0,32556.0,63034.0,62.19867183722605,35356.0,37103.0,72459.0,71.49877149877149,25285.0,27151.0,52436.0,51.74111680135777,36669.0,37718.0,74387.0,73.40122159399269,35925.0,37177.0,73102.0,72.13325044650347,35086.0,36366.0,71452.0,70.50511628824881,37094.0,38197.0,75291.0,74.29324176312127,36193.0,37447.0,73640.0,72.66412085689194,35051.0,36354.0,71405.0,70.45873913343793,32253.0,33268.0,65521.0,64.65271405030441,12630.0,12416.0,25046.0,24.714089774330738,33528.0,34698.0,68226.0,67.32186732186733,32486.0,33774.0,66260.0,65.38192080360756,30972.0,32498.0,63470.0,62.62889395419516,34575.0,34967.0,69542.0,68.62042765657223,110934.0,33811.0,66699.0,60.12493915300989,31582.0,32074.0,63656.0,57.38186669551265,4694.0,4746.0,9440.0,8.950412439556272
BARMM,1900000000,BARMM,,Region,,2023,25739.0,26824.0,52563.0,39.56835615510272,42700.0,43150.0,85850.0,64.62613199238187,27594.0,27414.0,55008.0,41.40890237200864,44556.0,44451.0,89007.0,67.00265731212502,42949.0,43249.0,86198.0,64.88809930668995,41584.0,41861.0,83445.0,62.8156969610286,39020.0,38945.0,77965.0,58.69046454031511,33207.0,33865.0,67072.0,50.49043593468884,27767.0,28374.0,56141.0,42.261801702787544,45121.0,39238.0,84359.0,63.50373755090673,29364.0,29424.0,58788.0,44.25440940673437,42827.0,43766.0,86593.0,65.1854472640224,41443.0,41952.0,83395.0,62.778057979087784,39226.0,40050.0,79276.0,59.67735864680333,38049.0,38517.0,76566.0,57.63732582561107,35979.0,36742.0,72721.0,50.01306704079668,31519.0,32143.0,63662.0,43.78283953673902,5231.0,5178.0,10409.0,7.69304676875776
BARMM,1900000000,BARMM,,Region,,2024,24266.0,26882.0,51148.0,38.00423524166883,38288.0,38504.0,76792.0,57.05836460229595,23561.0,23747.0,47308.0,35.151019801612364,44270.0,44242.0,88512.0,65.76661589330163,44506.0,44524.0,89030.0,66.15150276776758,43947.0,44447.0,88394.0,65.67893896050822,47908.0,47324.0,95232.0,70.75974291340046,50789.0,51231.0,102020.0,75.80339562358361,53371.0,53838.0,107209.0,79.65895159193074,43874.0,43790.0,87664.0,65.13653081695583,35643.0,35421.0,71064.0,52.802318237545045,35369.0,34969.0,70338.0,52.26288219340937,29850.0,30328.0,60178.0,44.71374967492663,27050.0,27412.0,54462.0,40.4666196084259,43057.0,42550.0,85607.0,63.60812869190474,147247.0,43273.0,86531.0,58.765883175888135,38075.0,38026.0,76101.0,51.68254701284236,6331.0,6445.0,12776.0,9.32793049319169
BARMM,1900000000,BARMM,,Region,,2025,31397.0,31348.0,62745.0,46.288509206798864,44331.0,44422.0,88753.0,59.84612479939583,25495.0,25368.0,50863.0,34.29690766139365,46782.0,46606.0,93388.0,62.97150409299942,46591.0,46314.0,92905.0,62.64581731871451,46305.0,45905.0,92210.0,62.177178999608905,45486.0,45267.0,90753.0,61.19472427883643,45102.0,44710.0,89812.0,60.56020822375962,44708.0,44413.0,89121.0,60.0942671036129,43053.0,42729.0,85782.0,57.84278027268681,38187.0,38316.0,76503.0,51.58595298782215,46801.0,46407.0,93208.0,62.85013013984977,46659.0,46687.0,93346.0,62.94318350393117,44498.0,44652.0,89150.0,60.113821796064784,44791.0,44595.0,89386.0,60.27295653463878,44678.0,44946.0,89624.0,60.433439872692205,43477.0,43812.0,87289.0,59.28066446175474,3450.0,3436.0,6886.0,9.678688893261743
BASILAN,1900700000,BARMM,Basilan,Province,1st,2018,1224.0,1221.0,2445.0,82.46205733558179,1368.0,1392.0,2760.0,34.2863063101338,458.0,466.0,924.0,11.478459069044796,1838.0,1800.0,3638.0,45.193326940676364,1712.0,1693.0,3405.0,42.29886702391507,1482.0,1553.0,3035.0,37.70251436639713,1547.0,1531.0,3078.0,38.23668508064922,1393.0,1390.0,2783.0,34.572025529384916,1206.0,1308.0,2514.0,31.23035292162188,0.0,0.0,0.0,0.0,0.0,0.0,0.0,0.0,1391.0,1372.0,2763.0,34.323574034383945,1218.0,1273.0,2491.0,30.944633702370762,1062.0,1181.0,2243.0,27.86383516435874,1405.0,1412.0,2817.0,34.99439307088657,1043.0,1080.0,2123.0,26.37312619435292,1171.0,1200.0,2371.0,29.453924732364946,399.0,456.0,855.0,10.62130141129145
BASILAN,1900700000,BARMM,Basilan,Province,1st,2019,1022.0,1101.0,2123.0,27.260337313330403,1967.0,1922.0,3889.0,49.93662355701457,393.0,404.0,797.0,10.23386191178725,0.0,0.0,0.0,0.0,0.0,0.0,0.0,0.0,0.0,0.0,0.0,0.0,1861.0,2117.0,3978.0,51.07942620462946,1529.0,1499.0,3028.0,38.88097097727954,1373.0,1349.0,2722.0,34.9517843461542,0.0,0.0,0.0,0.0,0.0,0.0,0.0,0.0,1210.0,1037.0,2247.0,28.852556732479233,1010.0,981.0,1991.0,25.565394060688096,943.0,930.0,1873.0,24.05021751665937,1407.0,1369.0,2776.0,35.64517022223514,1083.0,1009.0,2092.0,26.862282458543195,1244.0,1235.0,2479.0,31.831547903789954,333.0,338.0,671.0,8.61596153426505
BASILAN,1900700000,BARMM,Basilan,Province,1st,2020,1032.0,1128.0,2160.0,28.643415992573928,1731.0,1911.0,3642.0,48.295981965256594,590.0,721.0,1311.0,17.3849622066039,1793.0,1825.0,3618.0,47.977721787561336,1599.0,1678.0,3277.0,43.455775096141096,1379.0,1485.0,2864.0,37.97904787163506,1248.0,1216.0,2464.0,32.67471157671397,1075.0,1106.0,2181.0,28.921893648057285,965.0,958.0,1923.0,25.50059673783318,617.0,670.0,1287.0,17.066702028908633,0.0,0.0,0.0,0.0,1597.0,1598.0,3195.0,42.368386155682266,1319.0,1318.0,2637.0,34.968837024267344,1107.0,1115.0,2222.0,29.4655881182867,1233.0,1292.0,2525.0,33.48362286168943,899.0,895.0,1794.0,23.789948282721124,1233.0,1292.0,2525.0,33.48362286168943,899.0,895.0,1794.0,23.789948282721124
BASILAN,1900700000,BARMM,Basilan,Province,1st,2021,1079.0,1093.0,2172.0,28.310740354535973,1526.0,1554.0,3080.0,40.14598540145985,706.0,741.0,1447.0,18.860792492179353,1692.0,1692.0,3384.0,44.10844629822732,1589.0,1556.0,3145.0,40.9932221063608,1369.0,1427.0,2796.0,36.44421272158498,1640.0,1496.0,3136.0,40.87591240875913,1482.0,1434.0,2916.0,38.00834202294056,1292.0,1286.0,2578.0,33.60271115745569,934.0,971.0,1905.0,24.830552659019812,0.0,0.0,0.0,0.0,1561.0,1549.0,3110.0,40.537017726798744,1396.0,1448.0,2844.0,37.06986444212721,1255.0,1296.0,2551.0,33.25078206465068,1127.0,1181.0,2308.0,30.083420229405633,1003.0,1037.0,2040.0,26.59019812304484,1127.0,1181.0,2308.0,30.083420229405633,1003.0,1037.0,2040.0,26.59019812304484
BASILAN,1900700000,BARMM,Basilan,Province,1st,2022,989.0,1120.0,2109.0,26.958967148152883,1781.0,1843.0,3624.0,46.32493928160552,835.0,870.0,1705.0,21.79470791256551,2005.0,2008.0,4013.0,51.29745621884187,1736.0,1820.0,3556.0,45.45570752908091,1643.0,1602.0,3245.0,41.48025054326985,1915.0,1953.0,3868.0,49.44394733478205,1717.0,1743.0,3460.0,44.22855681963441,1544.0,1563.0,3107.0,39.716221398440496,1152.0,1125.0,2277.0,29.106480889684267,83.0,86.0,169.0,2.1602965614214495,1674.0,1688.0,3362.0,42.975840470407775,1429.0,1469.0,2898.0,37.044612041416336,1222.0,1299.0,2521.0,32.2254889428608,1404.0,1392.0,2796.0,35.740764412629424,8503.0,1194.0,2335.0,27.46089615429848,1036.0,1032.0,2068.0,24.320827943078914,367.0,381.0,748.0,9.993319973279894
BASILAN,1900700000,BARMM,Basilan,Province,1st,2023,1410.0,1383.0,2793.0,24.003093846682706,3004.0,3032.0,6036.0,51.87349604675147,1214.0,1126.0,2340.0,20.110003437607425,3333.0,3199.0,6532.0,56.13612925403919,2964.0,3106.0,6070.0,52.16569267789618,2732.0,2735.0,5467.0,46.98349948435889,2768.0,2754.0,5522.0,47.456170505328295,2006.0,2080.0,4086.0,35.11515984874528,1536.0,1549.0,3085.0,26.5125472671021,1479.0,1554.0,3033.0,26.06565830182193,476.0,497.0,973.0,8.361980061876933,3230.0,3224.0,6454.0,55.46579580611895,2921.0,2962.0,5883.0,50.558611206600204,2523.0,2675.0,5198.0,44.67170849089034,2169.0,2117.0,4286.0,36.833963561361294,1782.0,1822.0,3604.0,28.32665251905997,1638.0,1552.0,3190.0,25.072702978857187,414.0,417.0,831.0,7.054928262161473
BASILAN,1900700000,BARMM,Basilan,Province,1st,2024,1423.0,1408.0,2831.0,24.29417317428988,2435.0,2425.0,4860.0,41.70599845533339,1726.0,1649.0,3375.0,28.962498927314854,3065.0,2902.0,5967.0,51.20569810349266,3114.0,2873.0,5987.0,51.37732772676564,2671.0,2637.0,5308.0,45.550502016648075,3242.0,3133.0,6375.0,54.70694241826139,3596.0,3586.0,7182.0,61.63219771732601,3577.0,3563.0,7140.0,61.27177550845276,2835.0,2705.0,5540.0,47.541405646614606,1663.0,1556.0,3219.0,27.623787865785637,1658.0,1628.0,3286.0,28.198747103750105,1055.0,1055.0,2110.0,18.106925255299064,861.0,913.0,1774.0,15.223547584313051,2386.0,2474.0,4860.0,41.70599845533339,12747.0,2338.0,4817.0,37.78928375303993,1985.0,1968.0,3953.0,31.011218325880602,555.0,535.0,1090.0,9.241987451246397
BASILAN,1900700000,BARMM,Basilan,Province,1st,2025,1408.0,1347.0,2755.0,23.557075673364686,2596.0,2509.0,5105.0,39.91087483386757,1138.0,1151.0,2289.0,17.895395199749824,2827.0,2706.0,5533.0,43.256977562348524,2769.0,2739.0,5508.0,43.061527636619495,2455.0,2317.0,4772.0,37.307481823156905,2745.0,2716.0,5461.0,42.69408177624893,2583.0,2544.0,5127.0,40.08287076850911,2354.0,2317.0,4671.0,36.51786412321164,2274.0,2179.0,4453.0,34.81354077085451,1683.0,1670.0,3353.0,26.213744038777264,3074.0,2915.0,5989.0,46.821984207646,3024.0,2909.0,5933.0,46.384176374012974,2592.0,2593.0,5185.0,40.53631459620045,2234.0,2171.0,4405.0,34.43827691345477,2013.0,1963.0,3976.0,31.08435618794465,1867.0,1844.0,3711.0,29.112732407625323,389.0,421.0,810.0,9.210825562883784
LANAO DEL SUR,1903600000,BARMM,Lanao Del Sur,Province,1st,2018,10079.0,10780.0,20859.0,94.15455448226055,10906.0,11761.0,22667.0,93.4408651485525,8070.0,8472.0,16542.0,68.19159091575222,10933.0,11160.0,22093.0,91.07464744902151,10906.0,11231.0,22137.0,91.25602999044898,10966.0,10995.0,21961.0,90.53049982473912,11037.0,11279.0,22316.0,91.99392714761979,11038.0,11249.0,22287.0,91.87437956349714,10845.0,11150.0,21995.0,90.6706590612967,0.0,0.0,0.0,0.0,0.0,0.0,0.0,0.0,9925.0,10019.0,19944.0,82.21575923248471,9829.0,10001.0,19830.0,81.74581355696812,9541.0,9754.0,19295.0,79.54036674642964,10639.0,10731.0,21370.0,88.09420250692934,9527.0,9871.0,19398.0,79.96496678658939,10437.0,10551.0,20988.0,86.51947226089999,4214.0,4476.0,8690.0,35.823051931924
LANAO DEL SUR,1903600000,BARMM,Lanao Del Sur,Province,1st,2019,10358.0,11053.0,21411.0,98.4576296157122,10333.0,11190.0,21523.0,98.97265714908102,8354.0,8910.0,17264.0,79.38781550070783,0.0,0.0,0.0,0.0,0.0,0.0,0.0,0.0,0.0,0.0,0.0,0.0,8719.0,8778.0,17497.0,80.45925670851975,11601.0,8944.0,20545.0,94.47536315234258,8208.0,8584.0,16792.0,77.2173423243678,5212.0,5422.0,10634.0,48.900024909321544,0.0,0.0,0.0,0.0,8331.0,8582.0,16913.0,77.77375599881091,7979.0,8388.0,16367.0,75.26299677363792,7751.0,8245.0,15996.0,73.55696806935372,6170.0,6341.0,12511.0,57.53133455336861,9310.0,9864.0,19174.0,88.17087432869393,10293.0,10619.0,20912.0,96.16299801614933,3451.0,3690.0,7141.0,32.83760371238152
LANAO DEL SUR,1903600000,BARMM,Lanao Del Sur,Province,1st,2020,8571.0,9960.0,18531.0,87.69580237565661,9653.0,10993.0,20646.0,97.7047939046898,8364.0,9641.0,18005.0,85.20656854857792,9874.0,10762.0,20636.0,97.65747006767309,9855.0,10806.0,20661.0,97.77577966021485,9755.0,13502.0,23257.0,110.06104774975154,9983.0,10899.0,20882.0,98.82163645828403,9898.0,10876.0,20774.0,98.31053901850362,9694.0,10816.0,20510.0,97.0611897212626,8997.0,10015.0,19012.0,89.97207893616014,0.0,0.0,0.0,0.0,9960.0,10888.0,20848.0,98.66073541242724,9897.0,10864.0,20761.0,98.2490180303819,9776.0,10956.0,20732.0,98.11177890303345,9799.0,10429.0,20228.0,95.72665751739152,9630.0,10174.0,19804.0,93.7201268278832,9799.0,10429.0,20228.0,95.72665751739152,9630.0,10174.0,19804.0,93.7201268278832
LANAO DEL SUR,1903600000,BARMM,Lanao Del Sur,Province,1st,2021,8385.0,9025.0,17410.0,81.38936936094619,8521.0,9077.0,17598.0,82.26824365387311,7749.0,8285.0,16034.0,74.95675751484269,8417.0,8814.0,17231.0,80.5525688373615,8204.0,8873.0,17077.0,79.83263989528307,8015.0,8780.0,16795.0,78.51432845589267,8557.0,8964.0,17521.0,81.9082791828339,8443.0,9098.0,17541.0,82.0017764480389,8489.0,9153.0,17642.0,82.47393763732411,8347.0,8995.0,17342.0,81.07147865924922,0.0,0.0,0.0,0.0,8513.0,8955.0,17468.0,81.66051143004067,8338.0,9014.0,17352.0,81.11822729185172,8248.0,8222.0,16470.0,76.99499789631153,8219.0,8879.0,17098.0,79.93081202374832,8535.0,9090.0,17625.0,82.39446496189986,8219.0,8879.0,17098.0,79.93081202374832,8535.0,9090.0,17625.0,82.39446496189986
LANAO DEL SUR,1903600000,BARMM,Lanao Del Sur,Province,1st,2022,9397.0,10847.0,20244.0,93.55330652987661,8713.0,9949.0,18662.0,86.24243264476176,8312.0,9585.0,17897.0,82.70714912888766,9555.0,10602.0,20157.0,93.1512546790517,9596.0,10613.0,20209.0,93.39156153241832,9600.0,10599.0,20199.0,93.34534867600166,9765.0,10847.0,20612.0,95.25393964600953,9704.0,10743.0,20447.0,94.4914275151347,9583.0,10595.0,20178.0,93.24830167752668,8664.0,9773.0,18437.0,85.20264337538703,2982.0,3021.0,6003.0,27.741577706918065,9541.0,10569.0,20110.0,92.93405425389342,9515.0,10529.0,20044.0,92.62904940154351,9481.0,10503.0,19984.0,92.35177226304357,9788.0,10395.0,20183.0,93.27140810573502,23729.0,10180.0,19946.0,84.05748240549539,9761.0,10176.0,19937.0,84.01955413207467,284.0,330.0,614.0,2.6447277739490005
LANAO DEL SUR,1903600000,BARMM,Lanao Del Sur,Province,1st,2023,10174.0,10673.0,20847.0,62.464792952597826,12861.0,13454.0,26315.0,78.84880445856055,11644.0,11425.0,23069.0,69.12267034218253,13431.0,13977.0,27408.0,82.12380895307724,13544.0,14205.0,27749.0,83.1455624138551,13716.0,14225.0,27941.0,83.72086055012883,12532.0,12971.0,25503.0,76.41577275723617,12491.0,13027.0,25518.0,76.46071792413255,12014.0,12802.0,24816.0,74.35728411338167,11642.0,12290.0,23932.0,71.70851561095463,11060.0,11568.0,22628.0,67.80128243542877,13440.0,13942.0,27382.0,82.0459039971235,13551.0,14240.0,27791.0,83.27140888116497,13504.0,14131.0,27635.0,82.80397914544257,13024.0,13773.0,26797.0,80.29304248816443,12923.0,13700.0,26623.0,72.78816710411199,11767.0,12507.0,24274.0,66.3659230096238,1501.0,1568.0,3069.0,9.068612966136753
LANAO DEL SUR,1903600000,BARMM,Lanao Del Sur,Province,1st,2024,7261.0,7334.0,14595.0,43.77755781517142,9710.0,9533.0,19243.0,57.71918773808452,8204.0,8182.0,16386.0,49.149644560424726,11504.0,11409.0,22913.0,68.72731635621945,11607.0,11477.0,23084.0,69.24022916104262,11535.0,11545.0,23080.0,69.22823120069587,11965.0,11830.0,23795.0,71.37286661267585,12114.0,11955.0,24069.0,72.19472689642761,12298.0,12107.0,24405.0,73.20255556555385,11036.0,11138.0,22174.0,66.51069318215903,9984.0,9987.0,19971.0,59.90281652119139,8949.0,8855.0,17804.0,53.40292150334444,8400.0,8261.0,16661.0,49.97450433426317,7995.0,7983.0,15978.0,47.92585260505714,11700.0,11747.0,23447.0,70.32904406250937,36535.0,11742.0,23421.0,64.10565211441084,10256.0,10256.0,20512.0,56.14342411386342,1596.0,1733.0,3329.0,9.841832963784183
LANAO DEL SUR,1903600000,BARMM,Lanao Del Sur,Province,1st,2025,8926.0,9032.0,17958.0,53.58837396675719,11020.0,11129.0,22149.0,60.32191295822212,8880.0,8903.0,17783.0,48.43128710714091,11873.0,11876.0,23749.0,64.67944877171959,11606.0,11715.0,23321.0,63.51380794160902,11575.0,11627.0,23202.0,63.18971621548014,11422.0,11343.0,22765.0,61.99956424641865,11068.0,11061.0,22129.0,60.267443760553405,10917.0,10833.0,21750.0,59.23525246473119,10650.0,10677.0,21327.0,58.0832289340378,10032.0,9921.0,19953.0,54.34119505419686,11860.0,11855.0,23715.0,64.58685113568278,12118.0,12212.0,24330.0,66.26177896399587,12209.0,12194.0,24403.0,66.46059153548669,12192.0,11917.0,24109.0,65.65989432975653,11615.0,11629.0,23244.0,63.304101530584454,11459.0,11478.0,22937.0,62.78089503216094,1237.0,1149.0,2386.0,14.891094052299819
SULU,1906600000,BARMM,Sulu,Province,1st,2018,5574.0,5972.0,11546.0,81.88652482269504,7086.0,7213.0,14299.0,59.47718559731187,4177.0,4227.0,8404.0,34.95672898523037,6396.0,6538.0,12934.0,53.79942083471795,6142.0,6361.0,12503.0,52.00666141151062,6031.0,6250.0,12281.0,51.083244724847,6447.0,6649.0,13096.0,54.473265443904914,6124.0,6377.0,12501.0,51.9983423422614,6000.0,6322.0,12322.0,51.25378564445604,0.0,0.0,0.0,0.0,0.0,0.0,0.0,0.0,5525.0,5780.0,11305.0,47.02353893122672,11352.624050996781,11400.248101993571,22752.872152990352,94.64135952970952,4964.0,5471.0,10435.0,43.404743807815194,5454.0,5734.0,11188.0,46.536873380147235,4582.0,4830.0,9412.0,39.1495398868382,5246.0,5491.0,10737.0,44.660923264447696,1896.0,2020.0,3916.0,16.288737589976453
SULU,1906600000,BARMM,Sulu,Province,1st,2019,4997.0,5173.0,10170.0,59.69544674420273,5013.0,5041.0,10054.0,59.014554726274746,3219.0,3224.0,6443.0,37.81885578887888,0.0,0.0,0.0,0.0,0.0,0.0,0.0,0.0,0.0,0.0,0.0,0.0,3918.0,4194.0,8112.0,47.61548318475639,3196.0,3357.0,6553.0,38.46452925415541,2745.0,2921.0,5666.0,33.25805322051648,2958.0,3194.0,6152.0,36.110755985283696,0.0,0.0,0.0,0.0,4162.0,4388.0,8550.0,50.18643752831202,8600.176665054001,8650.353330107999,17250.529995162,101.25644981666322,3728.0,3748.0,7476.0,43.882316603703,3400.0,3657.0,7057.0,41.422887676876954,2335.0,2648.0,4983.0,29.249007977026764,3062.0,3258.0,6320.0,37.096875459524206,925.0,1030.0,1955.0,11.475378405596492
SULU,1906600000,BARMM,Sulu,Province,1st,2020,4046.0,4295.0,8341.0,50.207668693192076,4687.0,4927.0,9614.0,57.87034250285921,3083.0,2935.0,6018.0,36.22464335159213,831.0,853.0,1684.0,10.136639980737975,70.0,81.0,151.0,0.9089267441160537,0.0,0.0,0.0,0.0,4493.0,4573.0,9066.0,54.57172094143141,4199.0,4445.0,8644.0,52.031541563835546,4021.0,4287.0,8308.0,50.00902907361705,3174.0,3522.0,6696.0,40.30578462649732,0.0,0.0,0.0,0.0,4685.0,4956.0,9641.0,58.03286582796605,9696.78140262254,9753.56280524507,19450.34420786761,117.07905981982549,4407.0,4717.0,9124.0,54.920845121290554,4109.0,4292.0,8401.0,50.568831637873956,3648.0,3944.0,7592.0,45.69915126708,4109.0,4292.0,8401.0,50.568831637873956,3648.0,3944.0,7592.0,45.69915126708
SULU,1906600000,BARMM,Sulu,Province,1st,2021,4187.0,4470.0,8657.0,51.25214611331478,4947.0,5336.0,10283.0,60.87857438872773,3435.0,3696.0,7131.0,42.21774909715233,4940.0,5220.0,10160.0,60.150375939849624,4696.0,5014.0,9710.0,57.486235273222434,4562.0,4757.0,9319.0,55.17139304955302,4660.0,4939.0,9599.0,56.829080575454384,4412.0,4855.0,9267.0,54.863536794742764,4515.0,4790.0,9305.0,55.088508673257955,3348.0,3683.0,7031.0,41.625717837901846,0.0,0.0,0.0,0.0,4858.0,5182.0,10040.0,59.43993842874904,4654.0,4991.0,9645.0,57.101414954709604,4654.0,4857.0,9511.0,56.308093067313955,4147.0,4495.0,8642.0,51.16334142442721,4063.0,4348.0,8411.0,49.79574921555858,4147.0,4495.0,8642.0,51.16334142442721,4063.0,4348.0,8411.0,49.79574921555858
SULU,1906600000,BARMM,Sulu,Province,1st,2022,4260.0,4524.0,8784.0,51.17390037867754,5294.0,5374.0,10668.0,62.14972327410428,3808.0,3867.0,7675.0,44.71307893970288,4939.0,4996.0,9935.0,57.87940576755025,4883.0,5043.0,9926.0,57.8269734925721,4628.0,4750.0,9378.0,54.63443052723566,4960.0,5137.0,10097.0,58.82318671715701,4747.0,4985.0,9732.0,56.69676667637634,4424.0,4686.0,9110.0,53.07311389455287,3742.0,3891.0,7633.0,44.468394989804835,151.0,129.0,280.0,1.6312263326536558,4786.0,4922.0,9708.0,56.55694727643461,4571.0,4798.0,9369.0,54.5819982522575,4225.0,4473.0,8698.0,50.672880862219635,4209.0,4358.0,8567.0,49.90969997087096,18995.0,4218.0,8139.0,42.84811792576994,3533.0,3739.0,7272.0,38.28375888391682,928.0,920.0,1848.0,9.2187967674349
SULU,1906600000,BARMM,Sulu,Province,1st,2023,3911.0,4226.0,8137.0,38.06249415286743,6182.0,6258.0,12440.0,58.190663298718306,4192.0,4303.0,8495.0,39.73711291982412,6099.0,6181.0,12280.0,57.44223033024605,5786.0,5738.0,11524.0,53.90588455421461,5293.0,5461.0,10754.0,50.304050893441854,5283.0,5323.0,10606.0,49.611750397605014,4200.0,4566.0,8766.0,41.00477126017401,3081.0,3105.0,6186.0,28.936289643558798,4732.0,4846.0,9578.0,44.803068575170734,2055.0,2132.0,4187.0,19.585555243708484,6019.0,6156.0,12175.0,56.95107119468613,5620.0,5654.0,11274.0,52.73645804097671,5254.0,5399.0,10653.0,49.831602582093744,4760.0,4893.0,9653.0,45.15389652914211,4431.0,4670.0,9101.0,38.60281642348151,3839.0,4005.0,7844.0,33.2711231761113,675.0,665.0,1340.0,5.674840130436624
SULU,1906600000,BARMM,Sulu,Province,1st,2024,4044.0,4343.0,8387.0,39.22641597680183,5272.0,5446.0,10718.0,50.128618867218556,3240.0,3310.0,6550.0,30.634675646602123,6388.0,6516.0,12904.0,60.35264954866471,6135.0,6424.0,12559.0,58.73906739628643,5943.0,6302.0,12245.0,57.27047378513633,6672.0,6898.0,13570.0,63.46756466021234,6969.0,7394.0,14363.0,67.17646508582386,7606.0,7912.0,15518.0,72.57845750900333,6244.0,6341.0,12585.0,58.86067068892943,4504.0,4698.0,9202.0,43.038211496188204,6077.0,6213.0,12290.0,57.480941022403066,5709.0,5971.0,11680.0,54.62794069500959,5527.0,5826.0,11353.0,53.098545437538,5485.0,5505.0,10990.0,51.400776390253036,23547.0,5509.0,10894.0,46.264916974561515,5150.0,5274.0,10424.0,44.26890899052958,707.0,616.0,1323.0,5.60284588997586
SULU,1906600000,BARMM,Sulu,Province,1st,2025,4746.0,5053.0,9799.0,45.736289381563594,5667.0,6005.0,11672.0,49.47230110626033,3403.0,3588.0,6991.0,29.631670410715046,6214.0,6422.0,12636.0,53.55825880557793,6175.0,6398.0,12573.0,53.29123044970966,6096.0,6310.0,12406.0,52.5833933793922,6389.0,6544.0,12933.0,54.81710676895689,6248.0,6402.0,12650.0,53.61759844021532,6128.0,6417.0,12545.0,53.17255118043488,5992.0,6110.0,12102.0,51.294875598694524,5423.0,5468.0,10891.0,46.16199720256008,6272.0,6417.0,12689.0,53.78290170813377,6284.0,6581.0,12865.0,54.52888568643242,6266.0,6476.0,12742.0,54.00754461068961,6030.0,6239.0,12269.0,52.002712669012,6116.0,6275.0,12391.0,52.51981519942356,5783.0,5949.0,11732.0,49.82375674183548,389.0,393.0,782.0,5.959003276689781
TAWI-TAWI,1907000000,BARMM,Tawi-Tawi,Province,1st,2018,3241.0,3416.0,6657.0,87.60363205684959,2823.0,3016.0,5839.0,53.4245219196083,2330.0,2486.0,4816.0,44.06447980216366,3162.0,3146.0,6308.0,57.71568492359809,3314.0,3284.0,6598.0,60.36906929706725,3271.0,3136.0,6407.0,58.621495451092734,3223.0,3206.0,6429.0,58.822786679424865,3437.0,3408.0,6845.0,62.62902081515994,3404.0,3530.0,6934.0,63.44333532977633,0.0,0.0,0.0,0.0,0.0,0.0,0.0,0.0,3209.0,3188.0,6397.0,58.529999438214475,3309.0,3321.0,6630.0,60.661856538277625,3285.0,3475.0,6760.0,61.851304705694844,3568.0,3612.0,7180.0,65.6941372465812,3303.0,3370.0,6673.0,61.055289393654085,3550.0,3594.0,7144.0,65.36475160021952,135.0,155.0,290.0,2.6533843734691573
TAWI-TAWI,1907000000,BARMM,Tawi-Tawi,Province,1st,2019,2665.0,2732.0,5397.0,57.59096136399484,2978.0,3089.0,6067.0,64.74047852424619,2214.0,2298.0,4512.0,48.14719615978223,0.0,0.0,0.0,0.0,0.0,0.0,0.0,0.0,0.0,0.0,0.0,0.0,2813.0,2991.0,5804.0,61.93402626581916,2981.0,3040.0,6021.0,64.24961615204982,3054.0,3105.0,6159.0,65.7222032686389,2721.0,2786.0,5507.0,58.76476268881222,0.0,0.0,0.0,0.0,2269.0,2364.0,4633.0,49.43837761708136,2295.0,2317.0,4612.0,49.214288273252585,2249.0,2238.0,4487.0,47.880423131414645,2816.0,2898.0,5714.0,60.97364336369585,2639.0,2699.0,5338.0,56.96137701704733,2808.0,2930.0,5738.0,61.229745470928734,156.0,171.0,327.0,3.489391211048048
TAWI-TAWI,1907000000,BARMM,Tawi-Tawi,Province,1st,2020,2494.0,2853.0,5347.0,57.74921697807539,2992.0,3448.0,6440.0,69.55394751053029,2670.0,2920.0,5590.0,60.37369046333298,0.0,0.0,0.0,0.0,0.0,0.0,0.0,0.0,0.0,0.0,0.0,0.0,3058.0,3372.0,6430.0,69.44594448644563,3122.0,3381.0,6503.0,70.23436656226374,3202.0,3409.0,6611.0,71.40079922237823,3093.0,3295.0,6388.0,68.99233178528999,0.0,0.0,0.0,0.0,3055.0,3329.0,6384.0,68.94913057565611,3086.0,3341.0,6427.0,69.41354357922022,3192.0,3368.0,6560.0,70.8499837995464,3326.0,3322.0,6648.0,71.80041041149153,2852.0,2899.0,5751.0,62.112539151096236,3326.0,3322.0,6648.0,71.80041041149153,2852.0,2899.0,5751.0,62.112539151096236
TAWI-TAWI,1907000000,BARMM,Tawi-Tawi,Province,1st,2021,2738.0,2780.0,5518.0,59.2123618413993,2895.0,2932.0,5827.0,62.52816825839682,2453.0,2478.0,4931.0,52.91340272561433,2933.0,3057.0,5990.0,64.27728297027578,2936.0,3198.0,6134.0,65.82251314518726,2893.0,3129.0,6022.0,64.62066745358945,2994.0,3126.0,6120.0,65.67228243373752,2944.0,3130.0,6074.0,65.17866723897414,2899.0,3129.0,6028.0,64.68505204421075,2880.0,3115.0,5995.0,64.33093679579353,0.0,0.0,0.0,0.0,2947.0,3073.0,6020.0,64.59920592338234,2869.0,3153.0,6022.0,64.62066745358945,2852.0,3063.0,5915.0,63.47247558750939,2831.0,3017.0,5848.0,62.753514325571416,2655.0,2969.0,5624.0,60.34982294237579,2831.0,3017.0,5848.0,62.753514325571416,2655.0,2969.0,5624.0,60.34982294237579
TAWI-TAWI,1907000000,BARMM,Tawi-Tawi,Province,1st,2022,2525.0,2541.0,5066.0,54.07193937453303,2907.0,2910.0,5817.0,62.08773615113673,2162.0,2150.0,4312.0,46.02412210481375,2879.0,2899.0,5778.0,61.67146974063401,2878.0,2877.0,5755.0,61.42597929341446,2856.0,2799.0,5655.0,60.35862952289466,2939.0,2936.0,5875.0,62.706799018038204,2925.0,2924.0,5849.0,62.42928807770306,2889.0,2852.0,5741.0,61.27655032554168,2737.0,2702.0,5439.0,58.05315401857188,0.0,0.0,0.0,0.0,2802.0,2806.0,5608.0,59.85697513075034,2785.0,2747.0,5532.0,59.045789305155296,2729.0,2686.0,5415.0,57.79699007364714,2650.0,2700.0,5350.0,57.10321272280926,10190.0,2530.0,5000.0,49.06771344455348,2578.0,2570.0,5148.0,50.520117762512264,154.0,178.0,332.0,3.6745987825124518
TAWI-TAWI,1907000000,BARMM,Tawi-Tawi,Province,1st,2023,2130.0,2064.0,4194.0,33.26195574589579,3284.0,3123.0,6407.0,50.81291141248314,2414.0,2421.0,4835.0,38.345626140058684,3262.0,3270.0,6532.0,51.80426679356016,3225.0,3178.0,6403.0,50.78118804028868,3093.0,3068.0,6161.0,48.861924022523596,2768.0,2727.0,5495.0,43.57998255214529,2536.0,2496.0,5032.0,39.90800222063605,2094.0,2032.0,4126.0,32.722658418589894,5052.0,4945.0,9997.0,79.28463795701482,3195.0,2805.0,6000.0,47.585058291696406,3253.0,3242.0,6495.0,51.51082560076136,3188.0,3173.0,6361.0,50.44809263224681,3082.0,3035.0,6117.0,48.512966928384486,2867.0,2819.0,5686.0,45.09477357443096,2685.0,2706.0,5391.0,39.06238678356641,2447.0,2473.0,4920.0,35.64959060937613,273.0,238.0,511.0,3.9615474067757193
TAWI-TAWI,1907000000,BARMM,Tawi-Tawi,Province,1st,2024,2209.0,2385.0,4594.0,36.454531026821144,2512.0,2647.0,5159.0,40.937946357720996,2440.0,2554.0,4994.0,39.62863037613077,2919.0,3298.0,6217.0,49.33343913664498,3216.0,3372.0,6588.0,52.27741628312966,3164.0,3307.0,6471.0,51.34899222345659,3884.0,4070.0,7954.0,63.11696556102206,4153.0,4461.0,8614.0,68.35422948738295,4522.0,4828.0,9350.0,74.19457229011269,3890.0,3946.0,7836.0,62.18060625297572,3009.0,3069.0,6078.0,48.23043961275988,3562.0,3733.0,7295.0,57.887636883034446,3425.0,3758.0,7183.0,56.99888906522774,3220.0,3324.0,6544.0,51.9282653547056,3704.0,3663.0,7367.0,58.45897476591018,13789.0,3609.0,7299.0,52.933497715570375,2770.0,2713.0,5483.0,39.76357966495032,243.0,247.0,490.0,3.8067122436295833
TAWI-TAWI,1907000000,BARMM,Tawi-Tawi,Province,1st,2025,2152.0,2072.0,4224.0,33.468029474685046,2579.0,2501.0,5080.0,36.78227499818985,2654.0,2472.0,5126.0,37.11534284266165,2589.0,2427.0,5016.0,36.31887625805517,2588.0,2403.0,4991.0,36.13786112519007,2638.0,2505.0,5143.0,37.23843313300992,1620.0,1541.0,3161.0,22.887553399464196,1601.0,1512.0,3113.0,22.540004344363187,1642.0,1577.0,3219.0,23.307508507711244,2228.0,2092.0,4320.0,31.27941495909058,2346.0,2396.0,4742.0,34.33495040185359,2682.0,2536.0,5218.0,37.781478531605245,2752.0,2602.0,5354.0,38.76620085439143,3010.0,2902.0,5912.0,42.80645861994063,2555.0,2468.0,5023.0,36.3695604952574,2523.0,2520.0,5043.0,36.51437260154949,2495.0,2500.0,4995.0,36.224526796722024,194.0,201.0,395.0,4.755598362629424
MAGUINDANAO,1908700000,BARMM,Maguindanao Del Sur,Province,1st,2018,11989.0,11741.0,23730.0,88.33054159687326,14022.0,13848.0,27870.0,77.9496866238002,5112.0,4985.0,10097.0,28.240329595999665,15987.0,15779.0,31766.0,88.84642071372937,15757.0,15431.0,31188.0,87.22981077944316,15154.0,14938.0,30092.0,84.16440509090046,14231.0,14158.0,28389.0,79.4012792810572,13953.0,13711.0,27664.0,77.37352460569821,13713.0,13647.0,27360.0,76.52326609354768,0.0,0.0,0.0,0.0,0.0,0.0,0.0,0.0,12257.0,12087.0,24344.0,68.08780664405425,11653.0,11546.0,23199.0,64.8853527084873,11159.0,10939.0,22098.0,61.80596250494212,13551.0,13542.0,27093.0,75.77649299241547,10175.0,10152.0,20327.0,56.852647291065196,11930.0,11904.0,23834.0,66.66138611380173,1766.0,1713.0,3479.0,9.730425538722674
MAGUINDANAO,1908700000,BARMM,Maguindanao Del Sur,Province,1st,2019,9462.0,9299.0,18761.0,55.668582588696594,10717.0,10429.0,21146.0,62.74547451738064,6088.0,5983.0,12071.0,35.8176781849665,0.0,0.0,0.0,0.0,0.0,0.0,0.0,0.0,0.0,0.0,0.0,0.0,10731.0,10247.0,20978.0,62.24697646957396,8976.0,8916.0,17892.0,53.09004209141087,8259.0,8074.0,16333.0,48.46409889777632,3784.0,3635.0,7419.0,22.01402986117691,0.0,0.0,0.0,0.0,6424.0,6026.0,12450.0,36.94226604281609,4985.0,4827.0,9812.0,29.114659792137466,4164.0,3893.0,8057.0,23.90713554272845,9136.0,8996.0,18132.0,53.80218215970613,6969.0,6975.0,13944.0,41.37533796795401,7519.0,7314.0,14833.0,44.013223470931,1158.0,1139.0,2297.0,6.815773903642454
MAGUINDANAO,1908700000,BARMM,Maguindanao Del Sur,Province,1st,2020,11007.0,11430.0,22437.0,72.07979953739398,14175.0,13933.0,28108.0,90.29812387561039,7548.0,7754.0,15302.0,49.15831405808275,14074.0,13437.0,27511.0,88.38023644307376,13469.0,13402.0,26871.0,86.3242097147263,12861.0,12767.0,25628.0,82.33102030326394,14645.0,14122.0,28767.0,92.41518889745566,14537.0,14406.0,28943.0,92.98059624775122,13703.0,13706.0,27409.0,88.05255718324338,11489.0,11244.0,22733.0,73.03071189925468,0.0,0.0,0.0,0.0,12329.0,11961.0,24290.0,78.0326394243125,11309.0,12283.0,23592.0,75.79028527370856,9968.0,9979.0,19947.0,64.08057054741711,13343.0,12915.0,26258.0,84.35492161398098,10954.0,11060.0,22014.0,70.72089437162683,13343.0,12915.0,26258.0,84.35492161398098,10954.0,11060.0,22014.0,70.72089437162683
MAGUINDANAO,1908700000,BARMM,Maguindanao Del Sur,Province,1st,2021,9990.0,10426.0,20416.0,64.50552922590838,11441.0,11610.0,23051.0,72.83096366508688,7302.0,7459.0,14761.0,46.63823064770932,12299.0,12245.0,24544.0,77.5481832543444,12242.0,9143.0,21385.0,67.56714060031595,12080.0,11886.0,23966.0,75.7219589257504,12152.0,12158.0,24310.0,76.8088467614534,12165.0,12083.0,24248.0,76.6129541864139,12021.0,11841.0,23862.0,75.39336492890996,11339.0,11264.0,22603.0,71.41548183254345,0.0,0.0,0.0,0.0,9472.0,9409.0,18881.0,59.65560821484992,8694.0,8467.0,17161.0,54.22116903633491,7916.0,7838.0,15754.0,49.775671406003156,11634.0,11663.0,23297.0,73.60821484992101,11204.0,10982.0,22186.0,70.09794628751975,11634.0,11663.0,23297.0,73.60821484992101,11204.0,10982.0,22186.0,70.09794628751975
MAGUINDANAO,1908700000,BARMM,Maguindanao Del Sur,Province,1st,2022,9308.0,9429.0,18737.0,58.193055469283806,12066.0,12396.0,24462.0,75.97366296043232,6451.0,6520.0,12971.0,40.28511087645195,12426.0,12397.0,24823.0,77.09485061183925,12134.0,12171.0,24305.0,75.48605503447419,11782.0,12039.0,23821.0,73.98285607801726,12621.0,12495.0,25116.0,78.0048450214299,12327.0,12364.0,24691.0,76.68488726007826,11969.0,12080.0,24049.0,74.69097459469532,11439.0,11339.0,22778.0,70.74352444251197,7797.0,7644.0,15441.0,47.95639480713088,9856.0,9859.0,19715.0,61.23051121187652,9373.0,9465.0,18838.0,58.50673954904031,8761.0,8922.0,17683.0,54.919560221131746,12009.0,11717.0,23726.0,73.68780669606808,35160.0,11384.0,22724.0,64.63026166097838,10316.0,10196.0,20512.0,58.339021615472134,1822.0,1746.0,3568.0,11.004873234223675
MAGUINDANAO,1908700000,BARMM,Maguindanao Del Sur,Province,1st,2023,6475.0,6840.0,13315.0,31.968787515006003,14256.0,14337.0,28593.0,68.65066026410564,7014.0,7004.0,14018.0,33.65666266506603,14846.0,14543.0,29389.0,70.56182472989195,14435.0,14056.0,28491.0,68.40576230492196,13988.0,13770.0,27758.0,66.64585834333734,12563.0,12420.0,24983.0,59.98319327731092,9836.0,9602.0,19438.0,46.66986794717887,7324.0,7232.0,14556.0,34.94837935174069,19729.0,13337.0,33066.0,79.39015606242496,10658.0,10552.0,21210.0,50.924369747899156,14195.0,14053.0,28248.0,67.82232893157263,13293.0,13144.0,26437.0,63.47418967587035,12267.0,12229.0,24496.0,58.813925570228086,12734.0,12465.0,25199.0,60.50180072028811,11855.0,11541.0,23396.0,51.520556693312194,9931.0,9722.0,19653.0,43.278060381845805,2105.0,2067.0,4172.0,10.190024913291975
MAGUINDANAO,1908700000,BARMM,Maguindanao Del Sur,Province,1st,2024,7181.0,9290.0,16471.0,0.39089161544485845,15171.0,15270.0,30441.0,0.7224292189761967,6722.0,6893.0,13615.0,0.3231127037995111,16438.0,16252.0,32690.0,0.7758027386857156,16529.0,16528.0,33057.0,0.7845124237605905,16754.0,16754.0,33508.0,0.795215606236799,17773.0,17295.0,35068.0,0.8322377008329971,19537.0,19417.0,38954.0,0.9244606877566035,20770.0,20943.0,41713.0,0.9899375845456487,15988.0,15869.0,31857.0,0.7560338894558227,13569.0,13345.0,26914.0,0.6387260602321001,11516.0,11253.0,22769.0,0.540356456321048,8021.0,7971.0,15992.0,0.379523933834872,6269.0,6171.0,12440.0,0.2952274722927593,15726.0,15296.0,31022.0,0.7362175760020885,45936.0,16149.0,32298.0,0.7031086729362591,14693.0,14545.0,29238.0,0.6364942528735632,2474.0,2574.0,5048.0,0.12159460435986992
MAGUINDANAO,1908700000,BARMM,Maguindanao Del Sur,Province,1st,2025,11467.0,11181.0,22648.0,0.9608824777259228,18592.0,18348.0,36940.0,0.7923807889487119,7648.0,7500.0,15148.0,0.3249318947210365,18964.0,18878.0,37842.0,0.8117291233188185,19217.0,18868.0,38085.0,0.8169415903387031,19296.0,18938.0,38234.0,0.8201377120916364,18875.0,18795.0,37670.0,0.808039640489929,19282.0,18854.0,38136.0,0.818035564898432,19316.0,18918.0,38234.0,0.8201377120916364,18057.0,17818.0,35875.0,0.7695360260837856,15371.0,15466.0,30837.0,0.6614684999678243,18481.0,18242.0,36723.0,0.7877260344494734,18233.0,18183.0,36416.0,0.7811407366095369,16457.0,16545.0,33002.0,0.7079087925523928,17656.0,17648.0,35304.0,0.7572878011111349,18088.0,18276.0,36364.0,0.7800253115682447,17611.0,17848.0,35459.0,0.7719218042493905,971.0,1027.0,1998.0,0.11965504850880344
CITY OF COTABATO,1908703000,BARMM,Maguindanao Del Norte,City,1st,2018,2319.0,2264.0,4583.0,63.11802781985952,2551.0,2363.0,4914.0,57.60095199815171,1690.0,1552.0,3242.0,38.002093280017874,2349.0,2127.0,4476.0,52.466801209549665,2196.0,2006.0,4202.0,49.25502651531002,2220.0,2012.0,4232.0,49.6066806789129,2335.0,2123.0,4458.0,52.25580871138793,2208.0,2020.0,4228.0,49.55979345709919,2242.0,2055.0,4297.0,50.368598033385815,0.0,0.0,0.0,0.0,0.0,0.0,0.0,0.0,2086.0,1846.0,3932.0,46.090139042884104,1971.0,1751.0,3722.0,43.62855989766395,1918.0,1709.0,3627.0,42.51498837958817,2567.0,2408.0,4975.0,58.315982130810895,1762.0,1759.0,3521.0,41.272477001524656,2536.0,2361.0,4897.0,57.40168130544341,130.0,106.0,236.0,2.7663460870093206
CITY OF COTABATO,1908703000,BARMM,Maguindanao Del Norte,City,1st,2019,1768.0,1977.0,3745.0,59.620354534929184,2301.0,2277.0,4578.0,72.88170442213773,1190.0,1167.0,2357.0,37.52341138553487,2322.0,2196.0,4518.0,71.92650515055008,2285.0,2199.0,4484.0,71.38522556331708,2213.0,2050.0,4263.0,67.86690824630257,2395.0,2230.0,4625.0,73.62994385154806,2328.0,2223.0,4551.0,72.45186474992329,2239.0,2115.0,4354.0,69.31562714154383,2240.0,2112.0,4352.0,69.28378716582425,0.0,0.0,0.0,0.0,2425.0,2233.0,4658.0,74.15530345092127,2297.0,2242.0,4539.0,72.26082489560575,2147.0,2088.0,4235.0,67.42114858622833,1884.0,1699.0,3583.0,57.04131650164253,2131.0,1928.0,4059.0,64.61923072290455,2131.0,2330.0,4461.0,71.01906584254182,94.0,113.0,207.0,3.295437486977394
CITY OF COTABATO,1908703000,BARMM,Maguindanao Del Norte,City,1st,2020,2060.0,2216.0,4276.0,73.28191945158527,2793.0,2777.0,5570.0,95.45844044558697,1772.0,1863.0,3635.0,62.296486718080544,2067.0,1905.0,3972.0,68.0719794344473,1985.0,1867.0,3852.0,66.01542416452442,1931.0,1776.0,3707.0,63.53041988003427,2016.0,1850.0,3866.0,66.25535561268208,1958.0,1841.0,3799.0,65.10711225364182,1924.0,1816.0,3740.0,64.09597257926308,1923.0,1827.0,3750.0,64.26735218508998,0.0,0.0,0.0,0.0,2008.0,1880.0,3888.0,66.63239074550128,1959.0,1850.0,3809.0,65.27849185946873,1886.0,1736.0,3622.0,62.07369323050557,2173.0,2028.0,4201.0,71.99657240788346,2243.0,2246.0,4489.0,76.93230505569836,2173.0,2028.0,4201.0,71.99657240788346,2243.0,2246.0,4489.0,76.93230505569836
CITY OF COTABATO,1908703000,BARMM,Maguindanao Del Norte,City,1st,2021,1455.0,1548.0,3003.0,51.50060024009604,1695.0,1769.0,3464.0,59.406619790773455,900.0,973.0,1873.0,32.121419996570054,1854.0,1806.0,3660.0,62.767964328588576,1818.0,1781.0,3599.0,61.721831589778766,1766.0,1764.0,3530.0,60.5385011147316,1858.0,1791.0,3649.0,62.57931744126222,1831.0,1770.0,3601.0,61.7561310238381,1800.0,1785.0,3585.0,61.4817355513634,1786.0,1762.0,3548.0,60.847196021265646,0.0,0.0,0.0,0.0,1738.0,1651.0,3389.0,58.12039101354828,1670.0,1670.0,3340.0,57.2800548790945,1620.0,1517.0,3137.0,53.79866232207169,1704.0,1632.0,3336.0,57.211456010975816,1885.0,1785.0,3670.0,62.939461498885265,1704.0,1632.0,3336.0,57.211456010975816,1885.0,1785.0,3670.0,62.939461498885265
CITY OF COTABATO,1908703000,BARMM,Maguindanao Del Norte,City,1st,2022,1392.0,1414.0,2806.0,48.196496049467534,1706.0,1664.0,3370.0,57.88388869804191,1096.0,1071.0,2167.0,37.22088629336998,1958.0,1867.0,3825.0,65.69907248368258,1869.0,1772.0,3641.0,62.53864651322569,1764.0,1729.0,3493.0,59.99656475437993,1962.0,1871.0,3833.0,65.83648230848506,1900.0,1774.0,3674.0,63.1054620405359,1776.0,1736.0,3512.0,60.322913088285816,1772.0,1732.0,3504.0,60.18550326348334,1598.0,1514.0,3112.0,53.452421848162146,1903.0,1859.0,3762.0,64.61697011336311,1910.0,1797.0,3707.0,63.6722775678461,1721.0,1709.0,3430.0,58.914462384060464,1723.0,1657.0,3380.0,58.055650979045005,6336.0,1704.0,3446.0,54.38762626262626,1689.0,1647.0,3336.0,52.65151515151515,64.0,60.0,124.0,2.1939136588818116
CITY OF COTABATO,1908703000,BARMM,Maguindanao Del Norte,City,1st,2023,1363.0,1438.0,2801.0,39.50077563108165,2009.0,1927.0,3936.0,55.50698067973487,984.0,967.0,1951.0,27.513749823720207,2215.0,2064.0,4279.0,60.34409815258779,2045.0,2024.0,4069.0,57.382597659004375,1944.0,1877.0,3821.0,53.88520659991538,2002.0,1869.0,3871.0,54.590325765054295,1640.0,1614.0,3254.0,45.88915526724016,1429.0,1367.0,2796.0,39.43026371456776,1761.0,1671.0,3432.0,48.399379495134674,1698.0,1625.0,3323.0,46.86221971513186,1607.0,2049.0,3656.0,51.55831335495699,2040.0,2091.0,4131.0,58.25694542377662,1984.0,1995.0,3979.0,56.113383161754335,1921.0,1812.0,3733.0,52.64419686927091,1868.0,1843.0,3711.0,48.063722315762206,1788.0,1781.0,3569.0,46.22458230799119,78.0,58.0,136.0,1.9727299100667246
CITY OF COTABATO,1908703000,BARMM,Maguindanao Del Norte,City,1st,2024,1464.0,1421.0,2885.0,40.248325892857146,1826.0,1751.0,3577.0,49.90234375,955.0,882.0,1837.0,25.62779017857143,2224.0,2084.0,4308.0,60.10044642857143,2224.0,2134.0,4358.0,60.79799107142857,2242.0,2222.0,4464.0,62.27678571428571,2286.0,2122.0,4408.0,61.49553571428571,2410.0,2377.0,4787.0,66.78292410714286,2687.0,2605.0,5292.0,73.828125,2454.0,2387.0,4841.0,67.53627232142857,1890.0,1815.0,3705.0,51.68805803571429,2378.0,2069.0,4447.0,62.03962053571429,2156.0,2258.0,4414.0,61.57924107142857,2138.0,2230.0,4368.0,60.9375,2160.0,2111.0,4271.0,59.58426339285714,7804.0,2256.0,4427.0,56.727319323423885,2135.0,2168.0,4303.0,55.13839056893901,89.0,90.0,179.0,2.569623887453345
CITY OF COTABATO,1908703000,BARMM,Maguindanao Del Norte,City,1st,2025,1467.0,1382.0,2849.0,39.32367149758454,1701.0,1738.0,3439.0,43.59787018255578,836.0,830.0,1666.0,21.120689655172413,2139.0,2133.0,4272.0,54.15821501014199,2174.0,2117.0,4291.0,54.399087221095336,2172.0,2152.0,4324.0,54.817444219066935,2186.0,2131.0,4317.0,54.72870182555781,2192.0,2140.0,4332.0,54.918864097363084,2194.0,2158.0,4352.0,55.172413793103445,2211.0,2195.0,4406.0,55.85699797160243,2029.0,2057.0,4086.0,51.800202839756594,2169.0,2125.0,4294.0,54.437119675456394,2213.0,2182.0,4395.0,55.71754563894523,2188.0,2167.0,4355.0,55.2104462474645,2124.0,2153.0,4277.0,54.22160243407708,2301.0,2278.0,4579.0,58.050202839756594,2301.0,2278.0,4579.0,58.675038441824704,82.0,72.0,154.0,4.398743216223936
